<?xml version='1.0' encoding='UTF-8' standalone='no'?>

<TEI xmlns="http://www.tei-c.org/ns/1.0">
       <teiHeader>
          <fileDesc>
             <titleStmt>
                <title>Письмо №* 336. В редакцию газеты «Die Zeit».</title>
             </titleStmt>
             <publicationStmt>
                <publisher>TolstoyLab</publisher>
                <date when="2015-09-14">14 September 2015</date>
             </publicationStmt>
             <sourceDesc>
                <biblStruct>
                   <analytic>
                      <author>Толстой Л.Н.</author>
                   </analytic>
                   <monogr>
                      <title level="m">Полное собрание сочинений. Том 73</title>
                      <imprint>
                         <pubPlace>Москва</pubPlace>
                         <publisher>Государственное издательство "Художественная литература"</publisher>
                         <date when="1954"/>
                      </imprint>
                   </monogr>
                   <series>
                      <title level="s">Л.Н. Толстой. Полное собрание сочинений</title>
                      <biblScope unit="vol">73</biblScope>
                   </series>
                </biblStruct>
				<bibl>Печатается по копии Е. В. Оболенской, находящейся в копировальной книге № 3, л. 205 (эта же копия отпечатана в копировальной книге № 5, л. 63).</bibl>
             </sourceDesc>
          </fileDesc>
          <encodingDesc>
             <tagsDecl> </tagsDecl>
          </encodingDesc>
          <profileDesc>
             <correspDesc>
                <correspAction type="sending">
                   <persName ref="PersonList.xml#L_N_Tolstoy">Л. Н. Толстой</persName>
                   <placeName ref="PlacesListxml#PLACE">Ясная Поляна</placeName>
                   <date when="1902-09-11">1902 г. Сентября 11.</date>            </correspAction>
                <correspAction type="receiving">
                   <persName ref="PersonList.xml#RECEIVER">В редакцию газеты «Die Zeit».</persName>
                </correspAction>
                <correspContext>
                   <ref type="prev">Ответ на письмо редакции венской газеты «Die Zeit» от 14 сентября н. ст. 1902 г. Редакция, прислав заметку «О Ничше и его культе», просила Толстого помочь газете в ее борьбе с ницшеанством.</ref>
                </correspContext>
             </correspDesc>
          </profileDesc>
       </teiHeader>
       <xenoData><number type="in a volume">336</number></xenoData>

              <text xml:id="VredakciyugazetyDieZeit._336">
	<body><div>
		<opener index="false">
* 336. В редакцию газеты «Die Zeit».

1902г. Сентября 11. Я. П.
</opener>
<p rend="left">11 сен. 1902 г.</p>
<p rend="left">В последнее время я всё чаще и чаще с разных сторон вижу не только признаки озверения людей, но слышу и читаю не только оправдания, но и восхваления такому озверению.</p>
<p rend="left">Главным толкователем и восхвалителем этого озверения является полусумашедший, до безумия самоуверенный, неосновательный, ограниченный, но бойкий на язык Ничше. Так что я, восходя от следствий к причинам, невольно был приведен к Ничше и вновь перечел, хотя и с великим отвращением, этого странного писателя. Мне очень бы хотелось выразить хотя в небольшой статье то, что я вывел из этого чтения. Если мне удастся сделать это — позволит здоровье и другие, более, по-моему, важные занятия, я очень рад буду прислать вам эту статью. Желаю успеха вашему журналу.</p>
<p rend="right">Лев Толстой.</p>
<comments><p rend="Textpetit_otstup left">Печатается по копии Е. В. Оболенской, находящейся в копировальной книге № 3, л. 205 (эта же копия отпечатана в копировальной книге № 5, л. 63).</p>
<p rend="petit left">Ответ на письмо редакции венской газеты «Die Zeit» от 14 сентября н. ст. 1902 г. Редакция, прислав заметку «О Ничше и его культе», просила Толстого помочь газете в ее борьбе с ницшеанством.</p>
<p rend="emptyline left"><hi style="opnumber">291</hi> <hi style="npnumber">292</hi></p>
</comments></div></body>
        </text>
        </TEI>