<?xml version='1.0' encoding='UTF-8' standalone='no'?>

<TEI xmlns="http://www.tei-c.org/ns/1.0">
       <teiHeader>
          <fileDesc>
             <titleStmt>
                <title>Письмо №* 34. Сектантам с. Павловки.</title>
             </titleStmt>
             <publicationStmt>
                <publisher>TolstoyLab</publisher>
                <date when="2015-09-14">14 September 2015</date>
             </publicationStmt>
             <sourceDesc>
                <biblStruct>
                   <analytic>
                      <author>Толстой Л.Н.</author>
                   </analytic>
                   <monogr>
                      <title level="m">Полное собрание сочинений. Том 72</title>
                      <imprint>
                         <pubPlace>Москва</pubPlace>
                         <publisher>Государственное издательство "Художественная литература"</publisher>
                         <date when="1933"/>
                      </imprint>
                   </monogr>
                   <series>
                      <title level="s">Л.Н. Толстой. Полное собрание сочинений</title>
                      <biblScope unit="vol">72</biblScope>
                   </series>
                </biblStruct>
				<bibl>Печатается по листу копировальной книги, хранящемуся в AЧ. Местонахождение автографа неизвестно. Публикуется <hi style="opdelimiter">впервые.</hi><hi style="opnumber">55</hi></bibl>
             </sourceDesc>
          </fileDesc>
          <encodingDesc>
             <tagsDecl> </tagsDecl>
          </encodingDesc>
          <profileDesc>
             <correspDesc>
                <correspAction type="sending">
                   <persName ref="PersonList.xml#L_N_Tolstoy">Л. Н. Толстой</persName>
                   <placeName ref="PlacesListxml#PLACE">Москва</placeName>
                   <date when="1899-02-13">1899 г. Февраля 13.</date>            </correspAction>
                <correspAction type="receiving">
                   <persName ref="PersonList.xml#RECEIVER">Сектантам с. Павловки.</persName>
                </correspAction>
                <correspContext>
                   <ref type="prev"/>
                </correspContext>
             </correspDesc>
          </profileDesc>
       </teiHeader>
       <xenoData><number type="in a volume">34</number></xenoData>

              <text xml:id="Sektantams.Pavlovki_34">
	<body><div>
		<opener index="false">
* 34. Сектантам с. Павловки.
1899 г. Февраля 13. Москва.
</opener>
<p rend="Obrashenie left"><choice><reg>Дорогие</reg><orig>Дорогiе</orig></choice> братья,</p>
<p rend="left"><choice><reg>Получил</reg><orig>Получилъ</orig></choice> ваше письмо. <choice><reg>Сделаю</reg><orig>Сдѣлаю</orig></choice>, чтò могу.</p>
<p rend="left">Посылаю <choice><reg>вам</reg><orig>вамъ</orig></choice> о <choice><reg>вашем</reg><orig>вашемъ</orig></choice> <choice><reg>деле</reg><orig>дѣлѣ</orig></choice> письмо Черткова. Помогай <choice><reg>вам</reg><orig>вамъ</orig></choice> <choice><reg>Бог</reg><orig>Богъ</orig></choice> пуще всего <choice><reg>в</reg><orig>въ</orig></choice> <choice><reg>исполнении</reg><orig>исполненiи</orig></choice> Его воли и <choice><reg>в</reg><orig>въ</orig></choice> любви <choice><reg>к</reg><orig>къ</orig></choice> <choice><reg>братьям</reg><orig>братьямъ</orig></choice>.</p>
<p rend="right"><choice><reg>Брат</reg><orig>Братъ</orig></choice> <choice><reg>ваш</reg><orig>вашъ</orig></choice> <choice><reg>Лев</reg><orig>Левъ</orig></choice> Толстой.</p>
<p rend="left">13 Февр. 1899.</p>
<lb/>
<p rend="left">Когда узнаю <choice><reg>из</reg><orig>изъ</orig></choice> Петербурга, тогда напишу.</p>
<comments><p rend="Textpetit_otstup left">Печатается по листу копировальной книги, хранящемуся в AЧ. Местонахождение автографа неизвестно. Публикуется <hi style="opdelimiter">впервые.</hi><hi style="opnumber">55</hi></p>
<p rend="petit left"><hi style="npnumber">56</hi><hi style="npdelimiter">Письмо</hi> адресовано сектантам с. Павловки Сумского у. Харьковской губ. В этом селе проживал до своей ссылки кн. Д. А. Хилков, и под его влиянием местные крестьяне восприняли религиозно-анархические идеи. Будучи причислены к категории «штундистов», отнесенных к разряду «особо вредных» сект, они терпели большие притеснения со стороны местных властей. «Павловским штундистам воспрещена всякая отлучка из места жительства, воспрещено принимать к себе кого бы то ни было и посещать других, не штундистов. Воспрещено учить детей в школах. Воспрещены всякие собрания. За каждое собрание полиция взыскивает штраф в двадцать рублей». Были случаи избиения крестьян. Эмиграция духоборов воодушевила павловцев, и тридцать восемь семейств, двести шестнадцать человек, решили покинуть Россию, переехав к духоборам в Канаду, о чем известили кн. Д. А. Хилкова (<ref target="file:///Volume_72_Kn.D.A.Xilkovu_40.xml">см. письмо № 40</ref>) и 16 января 1899 г. подали на имя харьковского губернатора прошение следующего содержания: «Исповедуя религию, которая по законам Российской империи признается вредной, и терпя гонения и притеснения в служении богу по нашему разумению, просим ваше превосходительство ходатайствовать за нас перед министром внутренних дел о разрешении выехать за границу» (обе цитаты из журнала «Свободная мысль» 1899, 2, стр. 15). По совету кн. Хилкова представители села В. Ф. Павленко и В. Я. Прядко были у Толстого и просили его оказать им содействие. Толстой обратился по этому делу к В. Г. Черткову и ответ Черткова переслал павловцам. (О переписке с Чертковым <ref target="file:///Volume_72_Kn.D.A.Xilkovu_40.xml">см. письмо № 40</ref>. Письма павловских крестьян к Толстому в архиве не обнаружены.) Разрешение вопроса затянулось, возникли новые соображения, и из России уехало лишь несколько семейств. По этому вопросу Толстой писал им 7 января 1900 г. (<ref target="file:///Volume_72_Sektantams.Pavlovki_232.xml">см. письмо № 232</ref>). Ему пришлось вторично принять участие в судьбе другой группы павловцев в 1901—1902 гг. в связи с так называемым «Павловским бунтом». См. письма того периода, т. 73. О «Павловцах» см. в «Материалах к истории и изучению русского сектантства и раскола, под редакцией Владимира Бонч-Бруевича», I. Спб. 1908, стр. 186—205 и в книге С. П. Мельгунова «Из истории религиозно-общественных движений в России XIX в.», М. 1919, стр. 110 и сл.</p>
</comments></div></body>
        </text>
        </TEI>