<?xml version='1.0' encoding='UTF-8' standalone='no'?>

<TEI xmlns="http://www.tei-c.org/ns/1.0">
       <teiHeader>
          <fileDesc>
             <titleStmt>
                <title>Письмо №* 218. Редакции газеты «Час».</title>
             </titleStmt>
             <publicationStmt>
                <publisher>TolstoyLab</publisher>
                <date when="2015-09-14">14 September 2015</date>
             </publicationStmt>
             <sourceDesc>
                <biblStruct>
                   <analytic>
                      <author>Толстой Л.Н.</author>
                   </analytic>
                   <monogr>
                      <title level="m">Полное собрание сочинений. Том 77</title>
                      <imprint>
                         <pubPlace>Москва</pubPlace>
                         <publisher>Государственное издательство "Художественная литература"</publisher>
                         <date when="1956"/>
                      </imprint>
                   </monogr>
                   <series>
                      <title level="s">Л.Н. Толстой. Полное собрание сочинений</title>
                      <biblScope unit="vol">77</biblScope>
                   </series>
                </biblStruct>
             </sourceDesc>
          </fileDesc>
          <encodingDesc>
             <tagsDecl> </tagsDecl>
          </encodingDesc>
          <profileDesc>
             <correspDesc>
                <correspAction type="sending">
                   <persName ref="PersonList.xml#L_N_Tolstoy">Л. Н. Толстой</persName>
                   <placeName ref="PlacesListxml#PLACE">Ясная Поляна</placeName>
                   <date from="1907-09-05" to="1907-09-06">1907 г. Сентября 5 — 6?</date>            </correspAction>
                <correspAction type="receiving">
                   <persName ref="PersonList.xml#RECEIVER">Редакции газеты «Час».</persName>
                </correspAction>
                <correspContext>
                   <ref type="prev"/>
                </correspContext>
             </correspDesc>
          </profileDesc>
       </teiHeader>
       <xenoData><number type="in a volume">218</number></xenoData>

              <text xml:id="RedakciigazetyCHas_218">
	<body><div>
		<opener index="false">
* 218. Редакции газеты «Час».
1907 г. Сентября 5—6? Я. П.
</opener><p rend="left">В таком случае нельзя печатать.</p>
<p rend="right rightindent">Толстой.</p>
<comments><p rend="Textpetit_otstup left">Телеграмма. Печатается по черновику, написанному рукой Н. Н. Гусева на бланке телеграммы, полученной от редакции газеты «Час». Основание датировки: дата телеграммы редакции.</p>
<p rend="petit left">«Час» — ежедневная политическая, общественная и литературная газета, начавшая выходить в Москве с 12 августа 1907 г.</p>
<p rend="petit left">По поводу ареста H. Е. Фельтена (см. прим. к письму № 182) Толстой написал статью «Не убий никого». Когда статья не была еще окончена, были опрошены московские газеты, желают ли они напечатать ее. Редакция газеты «Час» письмом от 18 августа сообщила о своем согласии, предупредив, что она «оставляет за собой право сопроводить ее теми замечаниями, которыми найдет нужным». Статья была послана во все газеты, выразившие согласие, в том числе и в газету «Час». Редакция последней телеграфировала Толстому, 5 сентября, что по цензурным соображениям она не может опубликовать статью без пропусков. Статья была напечатана в столичных газетах 8 сентября с большими пропусками.</p>
</comments></div></body>
        </text>
        </TEI>