<?xml version='1.0' encoding='UTF-8' standalone='no'?>

<TEI xmlns="http://www.tei-c.org/ns/1.0">
       <teiHeader>
          <fileDesc>
             <titleStmt>
                <title>Письмо №19. Нижегородским учащимся.</title>
             </titleStmt>
             <publicationStmt>
                <publisher>TolstoyLab</publisher>
                <date when="2015-09-14">14 September 2015</date>
             </publicationStmt>
             <sourceDesc>
                <biblStruct>
                   <analytic>
                      <author>Толстой Л.Н.</author>
                   </analytic>
                   <monogr>
                      <title level="m">Полное собрание сочинений. Том 69</title>
                      <imprint>
                         <pubPlace>Москва</pubPlace>
                         <publisher>Государственное издательство "Художественная литература"</publisher>
                         <date when="1954"/>
                      </imprint>
                   </monogr>
                   <series>
                      <title level="s">Л.Н. Толстой. Полное собрание сочинений</title>
                      <biblScope unit="vol">69</biblScope>
                   </series>
                </biblStruct>
             </sourceDesc>
          </fileDesc>
          <encodingDesc>
             <tagsDecl> </tagsDecl>
          </encodingDesc>
          <profileDesc>
             <correspDesc>
                <correspAction type="sending">
                   <persName ref="PersonList.xml#L_N_Tolstoy">Л. Н. Толстой</persName>
                   <placeName ref="PlacesListxml#PLACE"/>
                   <date from="1896-02-01" to="1896-02-10">1896 г. Начало февраля.</date>            </correspAction>
                <correspAction type="receiving">
                   <persName ref="PersonList.xml#RECEIVER">Нижегородским учащимся.</persName>
                </correspAction>
                <correspContext>
                   <ref type="prev"/>
                </correspContext>
             </correspDesc>
          </profileDesc>
       </teiHeader>
       <xenoData><number type="in a volume">19</number></xenoData>

              <text xml:id="Nizhegorodskimuchashhimsya_19">
	<body><div>
		<opener index="false">
19. Нижегородским учащимся.
1896 г. Начало февраля. Москва.
</opener>
<p rend="left">Нравственный закон и счастие не имеют ничего общего, если под словом счастие разуметь благо животной личности. Благо же духовного «я» возможно только при соблюдении, и по мере соблюдения, нравственного закона. Христианское учение в том и состоит, чтобы перенести сознание своего «я» из животной личности в свою духовную: разумную и любовную сущность.</p>
<p rend="right">Лев Толстой.</p>
<comments><p rend="Textpetit_otstup left">Печатается по листу 50 копировальной книги. Впервые опубликовано в «Листках Свободного слова», Крайстчерч, Англия, 1898, № 1, стр. 32. Дата определяется почтовым штемпелем получения на конверте письма адресатов: «Москва, 3/ІІ 1896» и местом листа в копировальной книге.</p>
<p rend="petit left">Ответ на письмо учащихся из Нижнего-Новгорода от 31 марта 1896 г. с просьбой ответить им на вопрос «о зависимости между нравственным законом и счастьем человека».</p>
</comments></div></body>
        </text>
        </TEI>