<?xml version='1.0' encoding='UTF-8' standalone='no'?>

<TEI xmlns="http://www.tei-c.org/ns/1.0">
       <teiHeader>
          <fileDesc>
             <titleStmt>
                <title>Письмо №* 28. В Московскую контору императорских театров.</title>
             </titleStmt>
             <publicationStmt>
                <publisher>TolstoyLab</publisher>
                <date when="2015-09-14">14 September 2015</date>
             </publicationStmt>
             <sourceDesc>
                <biblStruct>
                   <analytic>
                      <author>Толстой Л.Н.</author>
                   </analytic>
                   <monogr>
                      <title level="m">Полное собрание сочинений. Том 74</title>
                      <imprint>
                         <pubPlace>Москва</pubPlace>
                         <publisher>Государственное издательство "Художественная литература"</publisher>
                         <date when="1954"/>
                      </imprint>
                   </monogr>
                   <series>
                      <title level="s">Л.Н. Толстой. Полное собрание сочинений</title>
                      <biblScope unit="vol">74</biblScope>
                   </series>
                </biblStruct>
             </sourceDesc>
          </fileDesc>
          <encodingDesc>
             <tagsDecl> </tagsDecl>
          </encodingDesc>
          <profileDesc>
             <correspDesc>
                <correspAction type="sending">
                   <persName ref="PersonList.xml#L_N_Tolstoy">Л. Н. Толстой</persName>
                   <placeName ref="PlacesListxml#PLACE">Ясная Поляна</placeName>
                   <date when="1903-01-28">1903 г. Января 28.</date>            </correspAction>
                <correspAction type="receiving">
                   <persName ref="PersonList.xml#RECEIVER">В Московскую контору императорских театров.</persName>
                </correspAction>
                <correspContext>
                   <ref type="prev"/>
                </correspContext>
             </correspDesc>
          </profileDesc>
       </teiHeader>
       <xenoData><number type="in a volume">28</number></xenoData>

              <text xml:id="VMoskovskuyukontoruimperatorskixteatrov_28">
	<body><div>
		<opener index="false">
* 28. В Московскую контору императорских театров.
1903 г. Января 28. Я. П.
</opener>
<p rend="Obrashenie left">В Московскую контору</p>
<p rend="Obrashenie1_ left">императорских театров.</p>
<p rend="left">Сим прошу Московскую контору императорских театров выдать причитающийся мне гонорар за представление на сцене императорских театров как в Москве, так и в С. Петербурге моих драматических произведений. Получить следуемые мне деньги доверяю сыну моему графу Сергею Львовичу Толстому.</p>
<p rend="left">С-цо Ясная Поляна, Крапивенского уезда.</p>
<p rend="left">28-го января 1903 года.</p>
<p rend="right">Лев Толстой.</p>
<comments><p rend="Textpetit_otstup left">Написано и датировано рукой C. Л. Толстого, подпись собственноручная. На подлиннике гербовая марка и штампы Московской конторы императорских театров.</p>
<p rend="petit left">Толстой, отказавшись в 1891 г. от авторского права на сочинения, написанные после 1881 г., не брал гонорара за постановки на сцене своих пьес. Узнав, что в императорских театрах, по существующему порядку, невостребованные деньги употребляются на улучшение балета, Толстой стал брать гонорар за представления «Власти тьмы» и «Плодов просвещения» на императорской сцепе. Он употреблял эти деньги на помощь бедным крестьянам, погорельцам, просителям и т. п. Средства эти Толстой в шутку называл своей «пенсией». См. Н. Н. Гусев, «Два года с Л. Н. Толстым», М. 1928, стр. 124—125.</p>
</comments></div></body>
        </text>
        </TEI>