<?xml version='1.0' encoding='UTF-8' standalone='no'?>

<TEI xmlns="http://www.tei-c.org/ns/1.0">
       <teiHeader>
          <fileDesc>
             <titleStmt>
                <title>Письмо №* 203. Ответ на просительные письма.</title>
             </titleStmt>
             <publicationStmt>
                <publisher>TolstoyLab</publisher>
                <date when="2015-09-14">14 September 2015</date>
             </publicationStmt>
             <sourceDesc>
                <biblStruct>
                   <analytic>
                      <author>Толстой Л.Н.</author>
                   </analytic>
                   <monogr>
                      <title level="m">Полное собрание сочинений. Том 77</title>
                      <imprint>
                         <pubPlace>Москва</pubPlace>
                         <publisher>Государственное издательство "Художественная литература"</publisher>
                         <date when="1956"/>
                      </imprint>
                   </monogr>
                   <series>
                      <title level="s">Л.Н. Толстой. Полное собрание сочинений</title>
                      <biblScope unit="vol">77</biblScope>
                   </series>
                </biblStruct>
				<bibl>Печатается по подлиннику, написанному рукой В. Г. Черткова под диктовку. Датируется по помете на подлиннике.</bibl>
             </sourceDesc>
          </fileDesc>
          <encodingDesc>
             <tagsDecl> </tagsDecl>
          </encodingDesc>
          <profileDesc>
             <correspDesc>
                <correspAction type="sending">
                   <persName ref="PersonList.xml#L_N_Tolstoy">Л. Н. Толстой</persName>
                   <placeName ref="PlacesListxml#PLACE">Ясная Поляна</placeName>
                   <date when="1907-08-15">1907 г. Августа 15.</date>            </correspAction>
                <correspAction type="receiving">
                   <persName ref="PersonList.xml#RECEIVER">Ответ на просительные письма.</persName>
                </correspAction>
                <correspContext>
                   <ref type="prev"/>
                </correspContext>
             </correspDesc>
          </profileDesc>
       </teiHeader>
       <xenoData><number type="in a volume">203</number></xenoData>

              <text xml:id="Otvetnaprositelnyepisma_203">
	<body><div>
		<opener index="false">
* 203. Ответ на просительные письма.
1907 г. Августа 15. Я. П.</opener>
<p rend="left">Письмо ваше получил и прошу вас войти в мое положение. Я получаю, без преувеличения, несколько тысяч писем в год с выражением таких же желаний, как ваше. А между тем, я не имею уже давно никакой ЛИЧНОЙ собственности. Небольшие деньги, переданные мне некоторыми друзьями с благотворительной целью, употребляются мною на помощь бедным крестьянским семьям — лишь в нашей местности. Что касается до приобретения мест, то я по своей сидячей жизни и отсутствию сношений с служащими и деловыми людьми менее всякого другого могу доставать такого рода места. Поверьте, что, несмотря на искреннее мое желание быть вам полезным и, главное, не вызывать в вас к себе недоброго чувства, я не могу поступить иначе, как отказать вам.</p>
<comments><p rend="Textpetit_otstup left">Печатается по подлиннику, написанному рукой В. Г. Черткова под диктовку. Датируется по помете на подлиннике.</p>
<p rend="petit left">Комментируемое письмо, предназначенное для лиц, обращавшихся к Толстому за помощью, никому, повидимому, не было послано, так как в архиве нет никаких материалов об этом, Аналогичное письмо Толстой месяц спустя опубликовал в газетах. <ref target="file:///Volume_77_RedakciyamgazetRusskievedomostiiNovoevremya_231.xml">См. письмо № 231</ref>.</p>
</comments></div></body>
        </text>
        </TEI>