<?xml version='1.0' encoding='UTF-8' standalone='no'?>

<TEI xmlns="http://www.tei-c.org/ns/1.0">
       <teiHeader>
          <fileDesc>
             <titleStmt>
                <title>Письмо №* 81. Редактору журнала «Revue des revues».</title>
             </titleStmt>
             <publicationStmt>
                <publisher>TolstoyLab</publisher>
                <date when="2015-09-14">14 September 2015</date>
             </publicationStmt>
             <sourceDesc>
                <biblStruct>
                   <analytic>
                      <author>Толстой Л.Н.</author>
                   </analytic>
                   <monogr>
                      <title level="m">Полное собрание сочинений. Том 67</title>
                      <imprint>
                         <pubPlace>Москва</pubPlace>
                         <publisher>Государственное издательство "Художественная литература"</publisher>
                         <date when="1955"/>
                      </imprint>
                   </monogr>
                   <series>
                      <title level="s">Л.Н. Толстой. Полное собрание сочинений</title>
                      <biblScope unit="vol">67</biblScope>
                   </series>
                </biblStruct>
				<bibl>Печатается по фотокопии с автографа.</bibl>
             </sourceDesc>
          </fileDesc>
          <encodingDesc>
             <tagsDecl> </tagsDecl>
          </encodingDesc>
          <profileDesc>
             <correspDesc>
                <correspAction type="sending">
                   <persName ref="PersonList.xml#L_N_Tolstoy">Л. Н. Толстой</persName>
                   <placeName ref="PlacesListxml#PLACE">Москва</placeName>
                   <date when="1894-03-14">1894 г. Марта 14.</date>            </correspAction>
                <correspAction type="receiving">
                   <persName ref="PersonList.xml#RECEIVER">Редактору журнала «Revue des revues».</persName>
                </correspAction>
                <correspContext>
                   <ref type="prev"/>
                </correspContext>
             </correspDesc>
          </profileDesc>
       </teiHeader>
       <xenoData><number type="in a volume">81</number></xenoData>

              <text xml:id="RedaktoruzhurnalaRevuedesrevues_81">
	<body><div>
		<opener index="false">
* 81. Редактору журнала «Revue des revues».
1894 г. Марта 14. Москва.
</opener>
<p rend="Obrashenie left">Monsieur le directeur,</p>
<p rend="left">Vous m’obligerez infiniment en remettant à Mr. Halpérine-Kaminsky le manuscrit de mon article «Le non-agir»,<note xml:id="note1" resp="volume_editor" index="false"> «Неделание», статья Толстого, написанная в ответ на присланные ему редактором «Revue des revues» Смитом две статьи Эмиля Золя и Александра Дюма-сына о современном состоянии умов. См. т. 31.</note> qui vous a été envoyé par poste au courant du mois d’octobre dernier.</p>
<p rend="left">Recevez, Monsieur, l’assurance de toute ma considération.</p>
<p rend="right">Léon Tolstoy.</p>
<p rend="left">14 Mars <hi style="opdelimiter">1894.</hi><hi style="opnumber">82</hi></p>
<lb/>
<p rend="Obrashenie petit left"><hi style="npnumber">83</hi><hi style="npdelimiter">Господин</hi> редактор,</p>
<p rend="petit left">Вы очень обяжете меня, если передадите г. Гальперину-Каминскому рукопись моей статьи «Неделание»,<note xml:id="note2" resp="volume_editor" index="false"> «Неделание», статья Толстого, написанная в ответ на присланные ему редактором «Revue des revues» Смитом две статьи Эмиля Золя и Александра Дюма-сына о современном состоянии умов. См. т. 31.</note> которая была вам послана почтой в октябре прошлого года.</p>
<p rend="petit left">Примите уверение в совершенном моем уважении.</p>
<p rend="petit right">Лев Толстой.</p>
<p rend="petit left">14 марта 1894.</p>
<comments><p rend="Textpetit_otstup left">Печатается по фотокопии с автографа.</p>
<p rend="petit left">Перевод «Неделания», под заглавием «Le non-agir», был напечатан в «Revue des revues» 1893, № 4 (октябрь), стр. 728—732.</p>
<p rend="Textpetit_otstup left"><hi>1</hi> «Неделание», статья Толстого, написанная в ответ на присланные ему редактором «Revue des revues» Смитом две статьи Эмиля Золя и Александра Дюма-сына о современном состоянии умов. См. т. 31.</p>
</comments></div></body>
        </text>
        </TEI>