<?xml version='1.0' encoding='UTF-8' standalone='no'?>

<TEI xmlns="http://www.tei-c.org/ns/1.0">
       <teiHeader>
          <fileDesc>
             <titleStmt>
                <title>Письмо №чешской Прогрессивной партии в Праге.</title>
             </titleStmt>
             <publicationStmt>
                <publisher>TolstoyLab</publisher>
                <date when="2015-09-14">14 September 2015</date>
             </publicationStmt>
             <sourceDesc>
                <biblStruct>
                   <analytic>
                      <author>Толстой Л.Н.</author>
                   </analytic>
                   <monogr>
                      <title level="m">Полное собрание сочинений. Том 81</title>
                      <imprint>
                         <pubPlace>Москва</pubPlace>
                         <publisher>Государственное издательство "Художественная литература"</publisher>
                         <date when="1956"/>
                      </imprint>
                   </monogr>
                   <series>
                      <title level="s">Л.Н. Толстой. Полное собрание сочинений</title>
                      <biblScope unit="vol">81</biblScope>
                   </series>
                </biblStruct>
				<bibl>Печатается по копии, сверенной с черновиком-автографом, написанным на обороте письма исполнительного комитета чешской Прогрессивной партии. Дата определяется записью Толстого в Дневнике 23 февраля 1910 г. (см. т. 58, стр. 20) и копией, где напечатана дата 25 февраля 1910 г. На письме помета рукой Д. П. Маковицкого: «Отв. Л. H. 24/II».</bibl>
             </sourceDesc>
          </fileDesc>
          <encodingDesc>
             <tagsDecl> </tagsDecl>
          </encodingDesc>
          <profileDesc>
             <correspDesc>
                <correspAction type="sending">
                   <persName ref="PersonList.xml#L_N_Tolstoy">Л. Н. Толстой</persName>
                   <placeName ref="PlacesListxml#PLACE">Ясная Поляна</placeName>
                   <date from="1910-02-23" to="1910-02-25">1910 г. Февраля 23 — 25</date>            </correspAction>
                <correspAction type="receiving">
                   <persName ref="PersonList.xml#RECEIVER">Исполнительному комитету чешской Прогрессивной партии в Праге</persName>
                </correspAction>
                <correspContext>
                   <ref type="prev"/>
                </correspContext>
             </correspDesc>
          </profileDesc>
       </teiHeader>
       <xenoData><number type="in a volume">144</number></xenoData>

       <text xml:id="IspolnitelnomukomitetucheshskojProgressivnojpartiivPrage_144">
	<body><div>
		<opener index="false">
* 144. Исполнительному комитету <lb/>чешской Прогрессивной партии в Праге.
1910 г. Февраля 23—25. Я. П.
</opener><p rend="right">25 февраля 1910 г. Ясная Поляна.</p>
<p rend="left">Благодарю Исполнительный Комитет Чешской Прогрессивной партии за его обращение ко мне. Обращение это дает мне случай выразить, кроме общего всем людям, <hi style="opdelimiter">знающим</hi><hi style="opnumber">113</hi> <hi style="npnumber">114</hi><hi style="npdelimiter">Масарика,</hi><hi>1 </hi>чувства уважения к его искренней, твердой, горячей и самой разнообразной, общественной и ученой деятельности, еще и чувства моей благодарности ему за его доброе отношение ко мне, а также и за многие сообщенные им мне в свое время важные для меня сведения, главное же дает мне случай выразить ему через вас мои чувства искренней любви к нему как к человеку.</p>
<p rend="right">Любящий вас Лев Толстой.</p>
<comments><p rend="Textpetit_otstup left">Печатается по копии, сверенной с черновиком-автографом, написанным на обороте письма исполнительного комитета чешской Прогрессивной партии. Дата определяется записью Толстого в Дневнике 23 февраля 1910 г. (см. т. 58, стр. 20) и копией, где напечатана дата 25 февраля 1910 г. На письме помета рукой Д. П. Маковицкого: «Отв. Л. H. 24/II».</p>
<p rend="petit left">Исполнительный комитет чешской Прогрессивной партии в Праге (Výkonný výbor Česka Strany Pokrokove Praze) письмом от 3 марта нов. ст. 1910 г. сообщил Толстому, что 7 марта 1910 г. исполняется 60 лет Т. Г. Масарику, и приглашал Толстого отозваться на его юбилей.</p>
<p rend="Textpetit_otstup left"><hi>1</hi> Томаш Гарриг Масарик (1850—1937), чешский реакционный политический деятель. Основатель чешской либерально-буржуазной Прогрессивной партии. В 1887, 1888 и в 1910 гг. навещал Толстого.</p>
</comments></div></body>
        </text>
        </TEI>