<?xml version='1.0' encoding='UTF-8' standalone='no'?>

<TEI xmlns="http://www.tei-c.org/ns/1.0">
       <teiHeader>
          <fileDesc>
             <titleStmt>
                <title>Письмо №* 391. В редакцию «Neue Freie Presse».</title>
             </titleStmt>
             <publicationStmt>
                <publisher>TolstoyLab</publisher>
                <date when="2015-09-14">14 September 2015</date>
             </publicationStmt>
             <sourceDesc>
                <biblStruct>
                   <analytic>
                      <author>Толстой Л.Н.</author>
                   </analytic>
                   <monogr>
                      <title level="m">Полное собрание сочинений. Том 73</title>
                      <imprint>
                         <pubPlace>Москва</pubPlace>
                         <publisher>Государственное издательство "Художественная литература"</publisher>
                         <date when="1954"/>
                      </imprint>
                   </monogr>
                   <series>
                      <title level="s">Л.Н. Толстой. Полное собрание сочинений</title>
                      <biblScope unit="vol">73</biblScope>
                   </series>
                </biblStruct>
				<bibl>Печатается по тексту, написанному собственноручно на телеграмме редакции (получена в Туле 21 ноября 1902 г.).</bibl>
             </sourceDesc>
          </fileDesc>
          <encodingDesc>
             <tagsDecl> </tagsDecl>
          </encodingDesc>
          <profileDesc>
             <correspDesc>
                <correspAction type="sending">
                   <persName ref="PersonList.xml#L_N_Tolstoy">Л. Н. Толстой</persName>
                   <placeName ref="PlacesListxml#PLACE">Ясная Поляна</placeName>
                   <date when="1902-11-22">1902 г. Ноября 22.</date>            </correspAction>
                <correspAction type="receiving">
                   <persName ref="PersonList.xml#RECEIVER">В редакцию «Neue Freie Presse».</persName>
                </correspAction>
                <correspContext>
                   <ref type="prev">Ответ на телеграмму редакции «Neue Freie Presse» (Вена) с просьбой предоставить короткий рассказ для рождественского номера.</ref>
                </correspContext>
             </correspDesc>
          </profileDesc>
       </teiHeader>
       <xenoData><number type="in a volume">391</number></xenoData>

              <text xml:id="VredakciyuNeueFreiePresse._391">
	<body><div>
		<opener index="false">
* 391. В редакцию «Neue Freie Presse».

1902г. Ноября 22. Я. П.</opener>
<p rend="left">Thut mir Leid dass ich Ihren Wunsch nicht erfüllen kann.</p>
<p rend="right">Tolstoi.</p>
<p rend="petit left">Мне очень жаль, что я не могу исполнить вашу просьбу.</p>
<p rend="petit right">Толстой.</p>
<comments><p rend="Textpetit_otstup left">Печатается по тексту, написанному собственноручно на телеграмме редакции (получена в Туле 21 ноября 1902 г.).</p>
<p rend="petit left">Ответ на телеграмму редакции «Neue Freie Presse» (Вена) с просьбой предоставить короткий рассказ для рождественского номера.</p>
</comments></div></body>
        </text>
        </TEI>