<?xml version='1.0' encoding='UTF-8' standalone='no'?>

<TEI xmlns="http://www.tei-c.org/ns/1.0">
       <teiHeader>
          <fileDesc>
             <titleStmt>
                <title>Письмо №* 27. Неизвестному.</title>
             </titleStmt>
             <publicationStmt>
                <publisher>TolstoyLab</publisher>
                <date when="2015-09-14">14 September 2015</date>
             </publicationStmt>
             <sourceDesc>
                <biblStruct>
                   <analytic>
                      <author>Толстой Л.Н.</author>
                   </analytic>
                   <monogr>
                      <title level="m">Полное собрание сочинений. Том 72</title>
                      <imprint>
                         <pubPlace>Москва</pubPlace>
                         <publisher>Государственное издательство "Художественная литература"</publisher>
                         <date when="1933"/>
                      </imprint>
                   </monogr>
                   <series>
                      <title level="s">Л.Н. Толстой. Полное собрание сочинений</title>
                      <biblScope unit="vol">72</biblScope>
                   </series>
                </biblStruct>
             </sourceDesc>
          </fileDesc>
          <encodingDesc>
             <tagsDecl> </tagsDecl>
          </encodingDesc>
          <profileDesc>
             <correspDesc>
                <correspAction type="sending">
                   <persName ref="PersonList.xml#L_N_Tolstoy">Л. Н. Толстой</persName>
                   <placeName ref="PlacesListxml#PLACE">Москва</placeName>
                   <date when="1899-01">1899 г. Января</date>            </correspAction>
                <correspAction type="receiving">
                   <persName ref="PersonList.xml#RECEIVER">Неизвестному.</persName>
                </correspAction>
                <correspContext>
                   <ref type="prev"/>
                </correspContext>
             </correspDesc>
          </profileDesc>
       </teiHeader>
       <xenoData><number type="in a volume">27</number></xenoData>

              <text xml:id="Neizvestnomu_27">
	<body><div>
		<opener index="false">
* 27. Неизвестному.
1899 г. Января конец. Москва.</opener>
<p rend="left">Рукопись я вашу <choice><reg>получил</reg><orig>получилъ</orig></choice> и очень обрадовался, <choice><reg>начав</reg><orig>начавъ</orig></choice> читать ее. Начало очень хорошо, но <choice><reg>потом</reg><orig>потомъ</orig></choice> не <choice><reg>отделано</reg><orig>отдѣлано</orig></choice> и потому ненатурально. Я всетаки попытаюсь <choice><reg>поместить</reg><orig>помѣстить</orig></choice> ее. Во <choice><reg>всяком</reg><orig>всякомъ</orig></choice> <choice><reg>случае</reg><orig>случаѣ</orig></choice> попытаюсь, если вы позволите, выручить и вернуть в <choice><reg>Россию</reg><orig>Россiю</orig></choice>. Спасибо <choice><reg>вам</reg><orig>вамъ</orig></choice>, что написали <choice><reg>мне</reg><orig>мнѣ</orig></choice> про себя. Простите меня, но не могу не сказать: <choice><reg>в</reg><orig>въ</orig></choice> <choice><reg>вас</reg><orig>васъ</orig></choice> есть <choice><reg>раздражение</reg><orig>раздраженiе</orig></choice> на людей, <choice><reg>с</reg><orig>съ</orig></choice> <choice original_editorial_correction='к[оторым]'><sic>к</sic><corr><choice><reg>которым</reg><orig>которымъ</orig></choice></corr></choice> надо <choice><reg>вам</reg><orig>вамъ</orig></choice> бороться. <choice><reg>Ведь</reg><orig>Вѣдь</orig></choice> <choice><reg>совсем</reg><orig>совсѣмъ</orig></choice> не <choice><reg>так</reg><orig>такъ</orig></choice> трудно <choice><reg>всем</reg><orig>всѣмъ</orig></choice> прощать и <choice><reg>всех</reg><orig>всѣхъ</orig></choice> любить, а <choice><reg>как</reg><orig>какъ</orig></choice> это <choice><reg>облегчает</reg><orig>облегчаетъ</orig></choice> жизнь и <choice><reg>себе</reg><orig>себѣ</orig></choice> и <choice><reg>другим</reg><orig>другимъ</orig></choice>, и <choice><reg>как</reg><orig>какъ</orig></choice> угодно Богу. <choice><reg>Целую</reg><orig>Цѣлую</orig></choice> <choice><reg>вас</reg><orig>васъ</orig></choice> и вашу жену и <choice><reg>детей</reg><orig>дѣтей</orig></choice>.</p>
<p rend="right">Л. <hi style="opdelimiter">Т.</hi><hi style="opnumber">51</hi></p>
<comments><p rend="Textpetit_otstup left"><hi style="npnumber">52</hi><hi style="npdelimiter">Печатается</hi> по листу копировальной книги, хранящемуся в AЧ. Местонахождение автографа неизвестно. Основание датировки: скопировано на одном листе с письмом к Чепелкину. Публикуется впервые.</p>
<p rend="petit left">Кому адресовано письмо, редакцией не установлено. По содержанию можно допустить, что адресовано оно Д. А. Литошенко. <ref target="file:///Volume_72_D.A.Litoshenko_36.xml">См. письмо № 36</ref>.</p>
</comments></div></body>
        </text>
        </TEI>