<?xml version='1.0' encoding='UTF-8' standalone='no'?>

<TEI xmlns="http://www.tei-c.org/ns/1.0">
       <teiHeader>
          <fileDesc>
             <titleStmt>
                <title>Письмо №281. В редакцию газеты «Голос студенчества».</title>
             </titleStmt>
             <publicationStmt>
                <publisher>TolstoyLab</publisher>
                <date when="2015-09-14">14 September 2015</date>
             </publicationStmt>
             <sourceDesc>
                <biblStruct>
                   <analytic>
                      <author>Толстой Л.Н.</author>
                   </analytic>
                   <monogr>
                      <title level="m">Полное собрание сочинений. Том 82</title>
                      <imprint>
                         <pubPlace>Москва</pubPlace>
                         <publisher>Государственное издательство "Художественная литература"</publisher>
                         <date when="1956"/>
                      </imprint>
                   </monogr>
                   <series>
                      <title level="s">Л.Н. Толстой. Полное собрание сочинений</title>
                      <biblScope unit="vol">82</biblScope>
                   </series>
                </biblStruct>
				<bibl>Печатается по первой публикации в газете «Голос студенчества» 1910, № 8 от 4 ноября.</bibl>
             </sourceDesc>
          </fileDesc>
          <encodingDesc>
             <tagsDecl> </tagsDecl>
          </encodingDesc>
          <profileDesc>
             <correspDesc>
                <correspAction type="sending">
                   <persName ref="PersonList.xml#L_N_Tolstoy">Л. Н. Толстой</persName>
                   <placeName ref="PlacesListxml#PLACE">Ясная Поляна</placeName>
                   <date when="1910-10-25">1910 г. Октября 25.</date>            </correspAction>
                <correspAction type="receiving">
                   <persName ref="PersonList.xml#RECEIVER">В редакцию газеты «Голос студенчества».</persName>
                </correspAction>
                <correspContext>
                   <ref type="prev"/>
                </correspContext>
             </correspDesc>
          </profileDesc>
       </teiHeader>
       <xenoData><number type="in a volume">281</number></xenoData>

       <text xml:id="VredakciyugazetyGolosstudenchestva_281">
	<body><div>
		<opener index="false">
281. В редакцию газеты «Голос студенчества».
1910 г. Октября 25. Я. П.</opener>
<p rend="left">Очень желал исполнить ваше желание, но боялся, что желание мое, вследствие и большого количества занятий и слабости здоровья, так и останется желанием. Но мой молодой друг В. Булгаков придумал послать вам мою переписку со студентами двух разных университетов.<note xml:id="note1" resp="volume_editor" index="false"> См. письма №№ 276 и 277.</note> Он думает, что это пригодится для вашего издания. А пригодится ли это для вашего издания, решите вы сами.</p>
<p rend="left">Желаю успеха вашему делу и вам самим.</p>
<p rend="right">Лев Толстой.</p>
<p rend="left">Ясная Поляна, 25 октября 1910 года.</p>
<comments><p rend="Textpetit_otstup left">Печатается по первой публикации в газете «Голос студенчества» 1910, № 8 от 4 ноября.</p>
<p rend="petit left">Редакция газеты «Голос студенчества» в письме к Толстому просила сообщить его мнение «о задачах студенчества в школе». Подлинника письма редакции, вызвавшего ответ Толстого, не сохранилось. Текст его опубликован в том же номере «Голоса студенчества», что и ответ Толстого.</p>
<p rend="Textpetit_otstup left"><hi>1</hi> См. письма №№ 276 и 277.</p>
<p rend="emptyline left"><hi style="opnumber">212</hi> <hi style="npnumber">213</hi></p>
</comments></div></body>
        </text>
        </TEI>