<?xml version='1.0' encoding='UTF-8' standalone='no'?>

<TEI xmlns="http://www.tei-c.org/ns/1.0">
       <teiHeader>
          <fileDesc>
             <titleStmt>
                <title>Письмо №310. О. А. Варшевой и М. А. Шмидт.</title>
             </titleStmt>
             <publicationStmt>
                <publisher>TolstoyLab</publisher>
                <date when="2015-09-14">14 September 2015</date>
             </publicationStmt>
             <sourceDesc>
                <biblStruct>
                   <analytic>
                      <author>Толстой Л.Н.</author>
                   </analytic>
                   <monogr>
                      <title level="m">Полное собрание сочинений. Том 65</title>
                      <imprint>
                         <pubPlace>Москва</pubPlace>
                         <publisher>Государственное издательство "Художественная литература"</publisher>
                         <date when="1953"/>
                      </imprint>
                   </monogr>
                   <series>
                      <title level="s">Л.Н. Толстой. Полное собрание сочинений</title>
                      <biblScope unit="vol">65</biblScope>
                   </series>
                </biblStruct>
             </sourceDesc>
          </fileDesc>
          <encodingDesc>
             <tagsDecl> </tagsDecl>
          </encodingDesc>
          <profileDesc>
             <correspDesc>
                <correspAction type="sending">
                   <persName ref="PersonList.xml#L_N_Tolstoy">Л. Н. Толстой</persName>
                   <placeName ref="PlacesListxml#PLACE">Ясная Поляна</placeName>
                   <date when="1891-05-22">1891 г. Мая 22.</date>            </correspAction>
                <correspAction type="receiving">
                   <persName ref="PersonList.xml#RECEIVER">О. А. Варшевой и М. А. Шмидт.</persName>
                </correspAction>
                <correspContext>
                   <ref type="prev"/>
                </correspContext>
             </correspDesc>
          </profileDesc>
       </teiHeader>
       <xenoData><number type="in a volume">310</number></xenoData>

              <text xml:id="O.A.BarshevojiM.A.SHmidt_310">
	<body><div>
		<opener index="false">
310. О. А. Варшевой и М. А. Шмидт.
1891 г. Мая 22. Я. П.</opener>
<p rend="left">Как рад был получить ваше письмо, дорогие друзья Ольга <choice original_editorial_correction='Ал[ексеевна]'><sic>Ал</sic><corr>Алексеевна</corr></choice> и <choice original_editorial_correction='Мар[ья]'><sic>Мар</sic><corr>Марья</corr></choice> <choice original_editorial_correction='Алекс[андровна]'><sic>Алекс</sic><corr>Александровна</corr></choice>. Давно не было известий, и мы нет-нет с Машей поминали о вас.</p>
<p rend="left">Письмо ваше я получил один, Маша в этот же день уехала с Философовыми<note xml:id="note1" resp="volume_editor" index="false"> <hi>После слова</hi>: Философовыми <hi>в другой (неполной) рукописной копии этого письма в тетради № 15 AЧ имеется слово</hi>: девочками.</note> в деревню. Они очень звали ее, и как ей ни совестно было тратить на это деньги и оставлять свои дела здесь — и мою переписку, и главное больных, которых к ней. ходит много, нельзя было отказать.</p>
<p rend="left">Маша (так как ее нет теперь и она не прочтет этого письма) большая для меня радость. Я вижу, что она твердо стала на тот путь, на котором не может быть ничего дурного, а есть только одна радость всё большего и большего приближения к богу. Что бы с ней ни случилось, как бы и чем бы она ни увлеклась, (я нарочно допускаю эту возможность, в которой нет никакого вероятия), она не сойдет с того пути, который ведет к свету через все возможные испытания и искушения этой жизни. Она всегда недовольна собой, никогда не придумывает оправданий себе и своей жизни, а постоянно всё выше и выше ставит себе требования и, не замечая того, всё делается лучше и <hi style="opdelimiter">лучше.</hi><hi style="opnumber">303</hi></p>
<p rend="left"><hi style="npnumber">304</hi><hi style="npdelimiter">В</hi> семье нашей идет всё по-старому. Ваш фаворит, <choice original_editorial_correction='М[арья]'><sic>М</sic><corr>Марья</corr></choice> <choice original_editorial_correction='А[лександровна]'><sic>А</sic><corr>Александровна</corr></choice>, — Илья, очень жалок, увлекается роскошной и праздной помещичьей жизнью и чует в глубине души, что это не благо, старается забыться, не думать. Я говорю с ним, когда могу, но «никто не придет ко мне, если не Отец привлечет к себе». Пути, которые идут все к одному и тому же, бесконечно разнообразны, и я верю, что он придет. Ближе всех ко мне после Маши Лева. Он в университете, перешел было с медицинского на филологический, а теперь хочет опять на медицинский. Опасно то, что он написал 2 повести, одну детскую в Роднике «Монте-кристо» — хорошую, другую, тоже недурную по мысли, в книжке Недели под заглавием «Любовь», подписано Львов.<note xml:id="note2" resp="volume_editor" index="false"> Об этих двух рассказах Л. Л. Толстого см. в письме № 180.</note> Он идет вперед, живет. Что будет, не знаю, но с ним мне радостно общаться. <choice original_editorial_correction='Соф[ья]'><sic>Соф</sic><corr>Софья</corr></choice> <choice original_editorial_correction='Ан[дреевна]'><sic>Ан</sic><corr>Андреевна</corr></choice> на-днях была в <choice original_editorial_correction='Петерб[урге]'><sic>Петерб</sic><corr>Петербурге</corr></choice>, и была у государя, и он разрешил напечатать «<choice original_editorial_correction='Крейц[ерову]'><sic>Крейц</sic><corr>Крейцерову</corr></choice> Сонату». Она очень этому рада. Она не совсем здорова и кланяется вам. Письмо ваше я отослал Маше, но, кажется, там неясно описано, где вы теперь, как далеко от прежнего места. Опишите поподробнее. Кажется, что эта ваша аренда хорошо будет вам. Да вам всё хорошо, потому что вы сами хороши. Мы часто думаем о вас, <choice original_editorial_correction='О[льга]'><sic>О</sic><corr>Ольга</corr></choice> <choice original_editorial_correction='А[лексеевна]'><sic>А</sic><corr>Алексеевна</corr></choice>, по случаю смерти Наденьки,<note xml:id="note3" resp="volume_editor" index="false"> Двоюродная сестра О. А. Баршевой. О ее смерти О. А. Баршева сообщила в приписке к письму М. А. Шмидт от 5 мая.</note> и я так понимаю ваше доброе и грустное чувство теперь. Я когда-то хотел написать такую басню, миф, что люди на салазках скатываются в пропасть, где они должны разбиться вдребезги, так что ничего от них не останется, и они дорогой, сидя на этих самых салазках, спорят и ссорятся о том, что один другому не дает усесться попокойнее или пачкает его одежду. Единственное дело, которое стоит делать нам всем на этих салазках, это то, чтобы вызвать радостную любовную улыбку друг у друга — вызвать любовь, то одно, что не разобьется в пропасти, а останется.</p>
<p rend="left">Я много занимаюсь писаньем. Пишу очень медленно, переделываю бесчисленное число раз и не знаю, происходит ли это оттого, что ослабели умственные силы, в чем дурного ничего нет, только бы способность любви росла, или оттого, что предмет, о котором пишу, очень важен. Предмет всё тот же — необходимость для людей нашего времени принять на деле учение Христа и что из этого будет.</p>
<p rend="left">Прощайте пока, целую вас.</p>
<p rend="right">Л. <hi style="opdelimiter">Толстой.</hi><hi style="opnumber">304</hi></p>
<comments><p rend="Textpetit_otstup left"><hi style="npnumber">305</hi><hi style="npdelimiter">Печатается</hi> по рукописной копии из AЧ. Автограф сгорел. Отрывки впервые опубликованы в Б, III, стр. 188, и в журнале «Голос минувшего» 1919, № 5—12, стр. 177—178. Полностью опубликовано в книге Е. Е. Горбуновой-Посадовой «Друг Толстого Мария Александровна Шмидт», М. 1929, стр. 37—38. Датируется на основании записи в Дневнике Толстого 22 мая (см. т. 52, стр. 32).</p>
<p rend="petit left">Письмо Шмидт и Баршевой, на которое отвечает Толстой, неизвестно.</p>
<p rend="Textpetit_otstup left"><hi>1</hi> <hi>После слова</hi>: Философовыми <hi>в другой (неполной) рукописной копии этого письма в тетради № 15 AЧ имеется слово</hi>: девочками.</p>
<p rend="petit left"><hi>2</hi> Об этих двух рассказах Л. Л. Толстого см. в письме № 180.</p>
<p rend="petit left"><hi>3</hi> Двоюродная сестра О. А. Баршевой. О ее смерти О. А. Баршева сообщила в приписке к письму М. А. Шмидт от 5 мая.</p>
</comments></div></body>
        </text>
        </TEI>