<?xml version='1.0' encoding='UTF-8' standalone='no'?>

<TEI xmlns="http://www.tei-c.org/ns/1.0">
       <teiHeader>
          <fileDesc>
             <titleStmt>
                <title>Письмо №305. N.N. (Л-ву).</title>
             </titleStmt>
             <publicationStmt>
                <publisher>TolstoyLab</publisher>
                <date when="2015-09-14">14 September 2015</date>
             </publicationStmt>
             <sourceDesc>
                <biblStruct>
                   <analytic>
                      <author>Толстой Л.Н.</author>
                   </analytic>
                   <monogr>
                      <title level="m">Полное собрание сочинений. Том 78</title>
                      <imprint>
                         <pubPlace>Москва</pubPlace>
                         <publisher>Государственное издательство "Художественная литература"</publisher>
                         <date when="1956"/>
                      </imprint>
                   </monogr>
                   <series>
                      <title level="s">Л.Н. Толстой. Полное собрание сочинений</title>
                      <biblScope unit="vol">78</biblScope>
                   </series>
                </biblStruct>
				<bibl>Печатается по копировальной книге № 8, л. 366, куда вклеен дубликат подлинника, написанного и датированного на машинке. Впервые опубликовано в TT, 1, стр. 23. В ГМТ хранятся два черновика: собственноручно написанный на конверте письма адресата и вновь переработанный текст, переписанный на машинке: в него внесены собственноручные исправления; с этими исправлениями текст второго черновика совпадает с подлинником. В публикуемом тексте подпись восстановлена нами по черновику.</bibl>
             </sourceDesc>
          </fileDesc>
          <encodingDesc>
             <tagsDecl> </tagsDecl>
          </encodingDesc>
          <profileDesc>
             <correspDesc>
                <correspAction type="sending">
                   <persName ref="PersonList.xml#L_N_Tolstoy">Л. Н. Толстой</persName>
                   <placeName ref="PlacesListxml#PLACE">Ясная Поляна</placeName>
                   <date when="1908-12-02">1908 г. Декабря 2.</date>            </correspAction>
                <correspAction type="receiving">
                   <persName ref="PersonList.xml#RECEIVER">N.N. (Л-ву).</persName>
                </correspAction>
                <correspContext>
                   <ref type="prev">Ответ на письмо Л-ва от 22 ноября 1908 г. (почт. шт.). Л-в просил дать совет, как поступить при создавшихся условиях. Воспитанный в купеческой семье, он по возвращении с военной службы, после настойчивых просьб отца, женился почти на незнакомой девушке. Вскоре понял, что жена — чуждый ему душою человек. Уехал было от нее в другой город, однако угнетенный одиночеством, выписал жену, но вернулось прежнее отчуждение. Хотел вновь уйти, но родился ребенок. Рождение дочери не изменило его отношения к жене. Спрашивал Толстого, если уйдет, то поступит ли честно.</ref>
                </correspContext>
             </correspDesc>
          </profileDesc>
       </teiHeader>
       <xenoData><number type="in a volume">305</number></xenoData>

              <text xml:id="NNL-vu_305">
	<body><div>
		<opener index="false">
305. N.N. (Л-ву).
1908 г. Декабря 2. Я. П.</opener>
<p rend="left">Думаю, что оставление мужем жены, у которой есть от него ребенок, есть дурной поступок, который не может не отозваться рядом тяжелых последствий и самых тяжелых не столько для оставленной жены, сколько для оставляющего ее мужа. Мне кажется, что вы подпали общему заблуждению о том, что цель супружества есть увеличение приятностей жизни. Это далеко не так. Супружество всегда уменьшение приятностей жизни, потому что налагает на человека новые трудные <hi style="opdelimiter">обязанности.</hi><hi style="opnumber">273</hi> <hi style="npnumber">274</hi><hi style="npdelimiter">Цель</hi> супружества, к которому влечет людей такое сильное чувство, что человек большей частью не может устоять против него, есть никак не увеличение приятностей жизни, а исполнение человеком одного из своих призваний — продолжения рода.</p>
<p rend="left">Вот мое мнение. Пожалуйста, не сетуйте на меня, если оно не отвечает вашим желаниям и мнениям.</p>
<p rend="right">Лев Толстой.</p>
<p rend="left">Ясная Поляна.</p>
<p rend="left">2 дек. 1908.</p>
<comments><p rend="Textpetit_otstup left">Печатается по копировальной книге № 8, л. 366, куда вклеен дубликат подлинника, написанного и датированного на машинке. Впервые опубликовано в TT, 1, стр. 23. В ГМТ хранятся два черновика: собственноручно написанный на конверте письма адресата и вновь переработанный текст, переписанный на машинке: в него внесены собственноручные исправления; с этими исправлениями текст второго черновика совпадает с подлинником. В публикуемом тексте подпись восстановлена нами по черновику.</p>
<p rend="petit left">Ответ на письмо Л-ва от 22 ноября 1908 г. (почт. шт.). Л-в просил дать совет, как поступить при создавшихся условиях. Воспитанный в купеческой семье, он по возвращении с военной службы, после настойчивых просьб отца, женился почти на незнакомой девушке. Вскоре понял, что жена — чуждый ему душою человек. Уехал было от нее в другой город, однако угнетенный одиночеством, выписал жену, но вернулось прежнее отчуждение. Хотел вновь уйти, но родился ребенок. Рождение дочери не изменило его отношения к жене. Спрашивал Толстого, если уйдет, то поступит ли честно.</p>
</comments></div></body>
        </text>
        </TEI>