<?xml version='1.0' encoding='UTF-8' standalone='no'?>

<TEI xmlns="http://www.tei-c.org/ns/1.0">
       <teiHeader>
          <fileDesc>
             <titleStmt>
                <title>Письмо №* 37. Редакции газеты «The New York World».</title>
             </titleStmt>
             <publicationStmt>
                <publisher>TolstoyLab</publisher>
                <date when="2015-09-14">14 September 2015</date>
             </publicationStmt>
             <sourceDesc>
                <biblStruct>
                   <analytic>
                      <author>Толстой Л.Н.</author>
                   </analytic>
                   <monogr>
                      <title level="m">Полное собрание сочинений. Том 76</title>
                      <imprint>
                         <pubPlace>Москва</pubPlace>
                         <publisher>Государственное издательство "Художественная литература"</publisher>
                         <date when="1956"/>
                      </imprint>
                   </monogr>
                   <series>
                      <title level="s">Л.Н. Толстой. Полное собрание сочинений</title>
                      <biblScope unit="vol">76</biblScope>
                   </series>
                </biblStruct>
				<bibl>Печатается по рукописной копии Д. П. Маковицкого на обороте телеграммы адресата. Местонахождение автографа — телеграфного бланка — неизвестно. Дата и подпись — рукою Маковицкого.</bibl>
             </sourceDesc>
          </fileDesc>
          <encodingDesc>
             <tagsDecl> </tagsDecl>
          </encodingDesc>
          <profileDesc>
             <correspDesc>
                <correspAction type="sending">
                   <persName ref="PersonList.xml#L_N_Tolstoy">Л. Н. Толстой</persName>
                   <placeName ref="PlacesListxml#PLACE">Ясная Поляна</placeName>
                   <date when="1905-09-04">1905 г. Сентября 4.</date>            </correspAction>
                <correspAction type="receiving">
                   <persName ref="PersonList.xml#RECEIVER">Редакции газеты «The New York World».</persName>
                </correspAction>
                <correspContext>
                   <ref type="prev"/>
                </correspContext>
             </correspDesc>
          </profileDesc>
       </teiHeader>
       <xenoData><number type="in a volume">37</number></xenoData>

              <text xml:id="RedakciigazetyTheNewYorkWorld_37">
	<body><div>
		<opener index="false">
* 37. Редакции газеты «The New York World». Телеграмма.
1905 г. Сентября 4. Я. П.</opener>
<p rend="left">J have no opinion whatever on your question.</p>
<p rend="right">Tolstoy.</p>
<p rend="left">4 Sept. 05.</p><lb/>
<p rend="petit left">Я не имею никакого мнения по вашему вопросу.</p>
<p rend="petit right">Толстой.</p>
<p rend="petit left">4 сент. 05.</p>
<comments><p rend="Textpetit_otstup left">Печатается по рукописной копии Д. П. Маковицкого на обороте телеграммы адресата. Местонахождение автографа — телеграфного бланка — неизвестно. Дата и подпись — рукою Маковицкого.</p>
<p rend="petit left">Телеграмма Толстого является ответом на телеграмму редакции газеты «The New York World» от 26? августа 1905 г., которую приводим полностью в переводе на русский язык: «Редакция «The New York World» очень просит в нескольких словах высказать ваше мнение о предполагаемом присуждении премии мира имени А. Нобеля президенту Рузвельту»</p>
</comments></div></body>
        </text>
        </TEI>