<?xml version='1.0' encoding='UTF-8' standalone='no'?>

<TEI xmlns="http://www.tei-c.org/ns/1.0">
       <teiHeader>
          <fileDesc>
             <titleStmt>
                <title>Письмо №* 193. В газету.</title>
             </titleStmt>
             <publicationStmt>
                <publisher>TolstoyLab</publisher>
                <date when="2015-09-14">14 September 2015</date>
             </publicationStmt>
             <sourceDesc>
                <biblStruct>
                   <analytic>
                      <author>Толстой Л.Н.</author>
                   </analytic>
                   <monogr>
                      <title level="m">Полное собрание сочинений. Том 81</title>
                      <imprint>
                         <pubPlace>Москва</pubPlace>
                         <publisher>Государственное издательство "Художественная литература"</publisher>
                         <date when="1956"/>
                      </imprint>
                   </monogr>
                   <series>
                      <title level="s">Л.Н. Толстой. Полное собрание сочинений</title>
                      <biblScope unit="vol">81</biblScope>
                   </series>
                </biblStruct>
             </sourceDesc>
          </fileDesc>
          <encodingDesc>
             <tagsDecl> </tagsDecl>
          </encodingDesc>
          <profileDesc>
             <correspDesc>
                <correspAction type="sending">
                   <persName ref="PersonList.xml#L_N_Tolstoy">Л. Н. Толстой</persName>
                   <placeName ref="PlacesListxml#PLACE">Ясная Поляна</placeName>
                   <date when="1910-03-15">1910 г. Марта 15.</date>            </correspAction>
                <correspAction type="receiving">
                   <persName ref="PersonList.xml#RECEIVER">В газету.</persName>
                </correspAction>
                <correspContext>
                   <ref type="prev"/>
                </correspContext>
             </correspDesc>
          </profileDesc>
       </teiHeader>
       <xenoData><number type="in a volume">193</number></xenoData>

       <text xml:id="Vgazetu_193">
	<body><div>
		<opener index="false">
* 193. В газету.<note xml:id="note1" resp="volume_editor" index="false"> Слова: В газету воспроизводятся по черновику-автографу.</note> Неотправленное.
1910 г. Марта 15. Я. П.</opener>
<p rend="right">15 марта 10 года. Ясная Поляна.</p>
<p rend="left">Предлагаю вам для напечатания полученное мною нынче письмо крестьянина, бывшего мясника.<note xml:id="note2" resp="volume_editor" index="false"> См. прим. к письму № 194.</note></p>
<p rend="left">Если бы письмо это по своему почерку, орфографии и оборотом речи не носило бы явных признаков того, что оно точно писано крестьянином, я бы подумал, что это подделка горячего сторонника вегетарианства.</p>
<p rend="left">Письмо во всяком случае заслуживает и напечатания и внимания.</p>
<p rend="right">Лев Толстой.</p>
<p rend="Textpetit_otstup left">Кроме машинописного подлинника, сохранился черновик-автограф.</p>
<p rend="petit left">Письмо было написано как сопроводительное к письму к М. В. Мищенко (см. № 194), но отправлено не было, так как письмо Мищенко было передано лично Толстым корреспонденту «Русского слова» Куприянову.</p>
<comments><p rend="Textpetit_otstup left"><hi>1</hi> <hi>Слова:</hi> В газету <hi>воспроизводятся по черновику-автографу.</hi></p>
<p rend="petit left"><hi>2</hi> См. прим. к письму № 194.</p>
</comments></div></body>
        </text>
        </TEI>