<?xml version='1.0' encoding='UTF-8' standalone='no'?>

<TEI xmlns="http://www.tei-c.org/ns/1.0">
       <teiHeader>
          <fileDesc>
             <titleStmt>
                <title>Письмо №* 3. Группе шведской интеллигенции.</title>
             </titleStmt>
             <publicationStmt>
                <publisher>TolstoyLab</publisher>
                <date when="2015-09-14">14 September 2015</date>
             </publicationStmt>
             <sourceDesc>
                <biblStruct>
                   <analytic>
                      <author>Толстой Л.Н.</author>
                   </analytic>
                   <monogr>
                      <title level="m">Полное собрание сочинений. Том 72</title>
                      <imprint>
                         <pubPlace>Москва</pubPlace>
                         <publisher>Государственное издательство "Художественная литература"</publisher>
                         <date when="1933"/>
                      </imprint>
                   </monogr>
                   <series>
                      <title level="s">Л.Н. Толстой. Полное собрание сочинений</title>
                      <biblScope unit="vol">72</biblScope>
                   </series>
                </biblStruct>
				<bibl>Печатается по подлиннику, хранящемуся в ГТМ. Написано рукой переписчика с собственноручными исправлениями, сделанными дважды: карандашом и чернилами. При исправлении карандашом Толстой подписал письмо и проставил дату: «9 <choice original_editorial_correction='Я[нваря]'><sic>Я</sic><corr>Января</corr></choice> 99. Л. Т.». Эта редакция является одной из самых первых редакций (в Государственном толстовском музее их имеется четыре). Исправления Толстого, внесенные в эту рукопись, не воспроизводятся, и письмо печатается в первоначальном виде, в той редакции, которую можно рассматривать как первоначальный набросок ответа на письмо группы представителей шведской <hi style="opdelimiter">интеллигенции.</hi><hi style="opnumber">13</hi> <hi style="npnumber">14</hi><hi style="npdelimiter">Дальнейшая</hi> обработка является уже обработкой письма-статьи. Одна из следующих редакций, напечатанная в иностранных газетах, и редакция последняя, опубликованная в «Листках свободного слова», Purleigh, 1899, 6, стр. 1—6, в этом томе не печатаются. Они помещены в серии «Произведения», т. 31. Основание датировки: в письме говорится об эпизоде Ило-Ило, известие о котором было «на-днях». В газетах сообщение было напечатано 3 января 1899 г. Исправленная редакция письма датирована Толстым 9 января. Поэтому датируется предположительно 7—9 января 1899 г. В этой редакции письмо публикуется впервые.</bibl>
             </sourceDesc>
          </fileDesc>
          <encodingDesc>
             <tagsDecl> </tagsDecl>
          </encodingDesc>
          <profileDesc>
             <correspDesc>
                <correspAction type="sending">
                   <persName ref="PersonList.xml#L_N_Tolstoy">Л. Н. Толстой</persName>
                   <placeName ref="PlacesListxml#PLACE">Ясная Поляна</placeName>
                   <date from="1899-01-07" to="1899-01-09">1899 г. Января 7 — 9?</date>            </correspAction>
                <correspAction type="receiving">
                   <persName ref="PersonList.xml#RECEIVER">Группе шведской интеллигенции.</persName>
                </correspAction>
                <correspContext>
                   <ref type="prev"/>
                </correspContext>
             </correspDesc>
          </profileDesc>
       </teiHeader>
       <xenoData><number type="in a volume">3</number></xenoData>

              <text xml:id="Gruppeshvedskojintelligencii_3">
	<body><div>
		<opener index="false">
* 3. Группе шведской интеллигенции.
1899 г. Января 7—9? Я. П.
</opener>
<p rend="Obrashenie left">Милостивые Государи,</p>
<p rend="left">Мысль, высказанная <choice><reg>в</reg><orig>въ</orig></choice> <choice><reg>письме</reg><orig>письмѣ</orig></choice> <choice><reg>вашем</reg><orig>вашемъ</orig></choice>, <choice><reg>может</reg><orig>можетъ</orig></choice> <choice><reg>иметь</reg><orig>имѣть</orig></choice> очень <choice><reg>важные</reg><orig>важныя</orig></choice> <choice><reg>последствия</reg><orig>послѣдствiя</orig></choice>, и я постараюсь по вашему <choice><reg>желанию</reg><orig>желанiю</orig></choice> обратить на нее <choice><reg>внимание</reg><orig>вниманiе</orig></choice> царя и общества. Боюсь, однако, того, чтобы капризная и робкая русская цензура не запретила <choice><reg>печатания</reg><orig>печатанiя</orig></choice> <choice><reg>как</reg><orig>какъ</orig></choice> вашего <choice><reg>прекрасного</reg><orig>прекраснаго</orig></choice> письма, <choice><reg>так</reg><orig>такъ</orig></choice> и самый <choice><reg>ответ</reg><orig>отвѣтъ</orig></choice> на него. Всетаки напишу, чтò думаю, и пришлю написанное <choice><reg>вместе</reg><orig>вмѣстѣ</orig></choice> <choice><reg>с</reg><orig>съ</orig></choice> <choice><reg>вашим</reg><orig>вашимъ</orig></choice> <choice><reg>письмом</reg><orig>письмомъ</orig></choice> сначала <choice><reg>в</reg><orig>въ</orig></choice> <choice><reg>русския</reg><orig>русскiя</orig></choice>, а <choice><reg>потом</reg><orig>потомъ</orig></choice> <choice><reg>в</reg><orig>въ</orig></choice> <choice><reg>иностранные</reg><orig>иностранныя</orig></choice> газеты. Мысль ваша о <choice><reg>том</reg><orig>томъ</orig></choice>, что всеобщее <choice><reg>разоружение</reg><orig>разоруженiе</orig></choice> <choice><reg>может</reg><orig>можетъ</orig></choice> быть достигнуто <choice><reg>самым</reg><orig>самымъ</orig></choice> <choice><reg>легким</reg><orig>легкимъ</orig></choice> и <choice><reg>верным</reg><orig>вѣрнымъ</orig></choice> <choice><reg>путем</reg><orig>путемъ</orig></choice> <choice><reg>посредством</reg><orig>посредствомъ</orig></choice> отказа <choice><reg>отдельных</reg><orig>отдѣльныхъ</orig></choice> <choice><reg>лиц</reg><orig>лицъ</orig></choice> <choice><reg>от</reg><orig>отъ</orig></choice> <choice><reg>участия</reg><orig>участiя</orig></choice> <choice><reg>в</reg><orig>въ</orig></choice> военной <choice><reg>службе</reg><orig>службѣ</orig></choice>, совершенно справедлива. Я даже думаю, что это единственный путь <choice><reg>избавления</reg><orig>избавленiя</orig></choice> людей <choice><reg>от</reg><orig>отъ</orig></choice> все усиливающихся и усиливающихся <choice><reg>ужаснейших</reg><orig>ужаснѣйшихъ</orig></choice> <choice><reg>бедствий</reg><orig>бѣдствiй</orig></choice> военщины (милитаризма). Мысль же ваша о <choice><reg>том</reg><orig>томъ</orig></choice>, что <choice><reg>вопрос</reg><orig>вопросъ</orig></choice> о <choice><reg>том</reg><orig>томъ</orig></choice>, <choice><reg>каким</reg><orig>какимъ</orig></choice> <choice><reg>образом</reg><orig>образомъ</orig></choice> и <choice><reg>чем</reg><orig>чѣмъ</orig></choice> должна быть <choice><reg>заменена</reg><orig>замѣнена</orig></choice> воинская повинность для <choice><reg>лиц</reg><orig>лицъ</orig></choice>, не <choice><reg>согласных</reg><orig>согласныхъ</orig></choice> убивать своего <choice><reg>ближнего</reg><orig>ближняго</orig></choice>, <choice><reg>должен</reg><orig>долженъ</orig></choice> быть <choice><reg>предложен</reg><orig>предложенъ</orig></choice> и <choice><reg>может</reg><orig>можетъ</orig></choice> быть <choice><reg>рассматриваем</reg><orig>разсматриваемъ</orig></choice> на <choice><reg>имеющей</reg><orig>имѣющей</orig></choice> собраться <choice><reg>в</reg><orig>въ</orig></choice> <choice><reg>Петербурге</reg><orig>Петербургѣ</orig></choice><note xml:id="note1" resp="volume_editor" index="false"> Ошибка. Заседания Конференции происходили в Гааге.</note> <choice><reg>конференции</reg><orig>конференцiи</orig></choice>, <choice><reg>мне</reg><orig>мнѣ</orig></choice> кажется совершенно <choice><reg>ошибочным</reg><orig>ошибочнымъ</orig></choice>. <choice><reg>Конференция</reg><orig>Конференцiя</orig></choice>, <choice><reg>нам</reg><orig>намъ</orig></choice> <choice><reg>говорят</reg><orig>говорятъ</orig></choice>, <choice><reg>будет</reg><orig>будетъ</orig></choice> <choice><reg>иметь</reg><orig>имѣть</orig></choice> <choice><reg>целью</reg><orig>цѣлью</orig></choice> если не <choice><reg>разоружение</reg><orig>разоруженiе</orig></choice>, то <choice><reg>прекращение</reg><orig>прекращенiе</orig></choice> <choice><reg>увеличения</reg><orig>увеличенiя</orig></choice> <choice><reg>вооружений</reg><orig>вооруженiй</orig></choice>. Предполагается, что на этой <choice><reg>конференции</reg><orig>конференцiи</orig></choice> сами правительства или <choice><reg>их</reg><orig>ихъ</orig></choice> представители условятся о <choice><reg>том</reg><orig>томъ</orig></choice>, чтобы не увеличивать больше <choice><reg>вооружений</reg><orig>вооруженiй</orig></choice> <choice><reg>своих</reg><orig>своихъ</orig></choice>, но для того, чтобы не увеличивать <choice><reg>более</reg><orig>болѣе</orig></choice> <choice><reg>вооружений</reg><orig>вооруженiй</orig></choice>, необходимо прежде уравнять <choice><reg>вооружения</reg><orig>вооруженiя</orig></choice> <choice><reg>респективных</reg><orig>респективныхъ</orig></choice><note xml:id="note2" resp="volume_editor" index="false"> соответственных</note> <choice><reg>государств</reg><orig>государствъ</orig></choice>, потому что <choice><reg>те</reg><orig>тѣ</orig></choice> правительства, <choice><reg>которые</reg><orig>которыя</orig></choice> во время сбора <choice><reg>конференции</reg><orig>конференцiи</orig></choice> случайно <choice><reg>будут</reg><orig>будутъ</orig></choice> <choice><reg>слабее</reg><orig>слабѣе</orig></choice>, <choice><reg>чем</reg><orig>чѣмъ</orig></choice> <choice><reg>их</reg><orig>ихъ</orig></choice> <choice><reg>соседи</reg><orig>сосѣди</orig></choice>, не <choice><reg>могут</reg><orig>могутъ</orig></choice> согласиться на то, чтобы и <choice><reg>в</reg><orig>въ</orig></choice> <choice><reg>будущем</reg><orig>будущемъ</orig></choice> оставаться <choice><reg>в</reg><orig>въ</orig></choice> <choice><reg>таком</reg><orig>такомъ</orig></choice> <choice><reg>положении</reg><orig>положенiи</orig></choice>, не увеличивая <choice><reg>своих</reg><orig>своихъ</orig></choice> <choice><reg>военных</reg><orig>военныхъ</orig></choice> <choice><reg>сил</reg><orig>силъ</orig></choice>. Если же дело <choice><reg>конференции</reg><orig>конференцiи</orig></choice> <choice><reg>будет</reg><orig>будетъ</orig></choice> состоять <hi style="opdelimiter"><choice><reg>в</reg><orig>въ</orig></choice></hi><hi style="opnumber">9</hi> <hi style="npnumber">10</hi><hi style="npdelimiter"><choice><reg>том</reg><orig>томъ</orig></choice>,</hi> чтобы уравнять <choice><reg>военные</reg><orig>военныя</orig></choice> силы <choice><reg>государств</reg><orig>государствъ</orig></choice> и на <choice><reg>этом</reg><orig>этомъ</orig></choice> остановиться, то невольно <choice><reg>возникает</reg><orig>возникаетъ</orig></choice> <choice><reg>вопрос</reg><orig>вопросъ</orig></choice>, почему правительства должны остановиться на <choice><reg>таком</reg><orig>такомъ</orig></choice> <choice><reg>вооружении</reg><orig>вооруженiи</orig></choice>, которое <choice><reg>существует</reg><orig>существуетъ</orig></choice> теперь, а не на <choice><reg>более</reg><orig>болѣе</orig></choice> <choice><reg>низком</reg><orig>низкомъ</orig></choice>, почему, если выражать силу <choice><reg>вооружения</reg><orig>вооруженiя</orig></choice> <choice><reg>количеством</reg><orig>количествомъ</orig></choice> <choice><reg>полков</reg><orig>полковъ</orig></choice>, нужно, чтобы у <choice><reg>Германии</reg><orig>Германiи</orig></choice> и <choice><reg>России</reg><orig>Россiи</orig></choice> было то большое количество <choice><reg>полков</reg><orig>полковъ</orig></choice>, которое теперь <choice><reg>существует</reg><orig>существуетъ</orig></choice>, а не меньшее количество. Почему нужно и <choice><reg>русским</reg><orig>русскимъ</orig></choice> и <choice><reg>немцам</reg><orig>нѣмцамъ</orig></choice> <choice><reg>иметь</reg><orig>имѣть</orig></choice> 810, 800 <choice><reg>полков</reg><orig>полковъ</orig></choice>, а не по 499, не по 400, не по 300, не по одному, и, <choice><reg>наконец</reg><orig>наконецъ</orig></choice>, почему бы не выставлять <choice><reg>вместо</reg><orig>вмѣсто</orig></choice> <choice><reg>всех</reg><orig>всѣхъ</orig></choice> <choice><reg>этих</reg><orig>этихъ</orig></choice> <choice><reg>войск</reg><orig>войскъ</orig></choice> — <choice><reg>борцов</reg><orig>борцовъ</orig></choice>, Давида и <choice><reg>Голиафа</reg><orig>Голiафа</orig></choice>, и <choice><reg>решать</reg><orig>рѣшать</orig></choice> <choice><reg>международные</reg><orig>международныя</orig></choice> <choice><reg>дела</reg><orig>дѣла</orig></choice>, смотря по тому, кто <choice><reg>поборет</reg><orig>поборетъ</orig></choice>.</p>
<p rend="left">Я помню, <choice><reg>в</reg><orig>въ</orig></choice> <choice><reg>Севастополе</reg><orig>Севастополѣ</orig></choice> я <choice><reg>пришел</reg><orig>пришелъ</orig></choice> <choice><reg>к</reg><orig>къ</orig></choice> <choice><reg>приятелям</reg><orig>прiятелямъ</orig></choice> <choice><reg>адъютантам</reg><orig>адъютантамъ</orig></choice> Сакена,<note xml:id="note3" resp="volume_editor" index="false"> Гр. Дмитрий Ерофеевич Остен-Сакен (1790—1881) — участник походов против Наполеона и других войн. Во время Крымской кампании был начальником Севастопольского гарнизона и временно командовал войсками. Автор ряда статей, в том числе «Военный совет при обороне Севастополя» — «Русская старина», 1874. Толстой, будучи в Севастополе, был лично с ним знаком.</note> начальника гарнизона, и <choice><reg>в</reg><orig>въ</orig></choice> это время <choice><reg>пришел</reg><orig>пришелъ</orig></choice> князь С. С. <choice><reg>Урусов</reg><orig>Урусовъ</orig></choice>,<note xml:id="note4" resp="volume_editor" index="false"> Кн. Сергей Семенович Урусов (1827—1897) — участник Крымской кампании, математик и выдающийся шахматист, автор статей: «Об интегрирующем множителе разностных дифференциальных уравнений», доклад, прочитанный 16 марта 1865 г. — «Сборник математических наук», I. М. 1865; «Дифференциальные и разностные уравнения», М. 1864; «О решении проблемы коня (Problème du cavalier. Rösselsprung»), доклад, прочитанный 16 октября 1865 г. — «Сборник математических наук», II. М. 1867. Кн. Урусов был близко знаком с Толстым. См. письма 1870 г., т. 62.</note> <choice><reg>офицер</reg><orig>офицеръ</orig></choice>, <choice><reg>известный</reg><orig>извѣстный</orig></choice> своей храбростью и <choice><reg>один</reg><orig>одинъ</orig></choice> <choice><reg>из</reg><orig>изъ</orig></choice> <choice><reg>лучших</reg><orig>лучшихъ</orig></choice> <choice><reg>шахматных</reg><orig>шахматныхъ</orig></choice> <choice><reg>игроков</reg><orig>игроковъ</orig></choice> того времени и <choice><reg>вместе</reg><orig>вмѣстѣ</orig></choice> <choice><reg>с</reg><orig>съ</orig></choice> <choice><reg>тем</reg><orig>тѣмъ</orig></choice> очень наивный <choice><reg>человек</reg><orig>человѣкъ</orig></choice>. <choice><reg>Он</reg><orig>Онъ</orig></choice> <choice><reg>сказал</reg><orig>сказалъ</orig></choice>, что у него есть важное <choice><reg>дело</reg><orig>дѣло</orig></choice> до Генерала, и его провели <choice><reg>в</reg><orig>въ</orig></choice> дверь комнаты. <choice><reg>Через</reg><orig>Черезъ</orig></choice> 1/4 часа <choice><reg>он</reg><orig>онъ</orig></choice> <choice><reg>вышел</reg><orig>вышелъ</orig></choice>, а <choice><reg>присутствовавшие</reg><orig>присутствовавшiе</orig></choice> при <choice><reg>аудиенции</reg><orig>аудiенцiи</orig></choice> адъютанты, <choice><reg>смеясь</reg><orig>смѣясь</orig></choice>, <choice><reg>рассказали</reg><orig>разсказали</orig></choice> <choice><reg>нам</reg><orig>намъ</orig></choice>, <choice><reg>в</reg><orig>въ</orig></choice> <choice><reg>чем</reg><orig>чемъ</orig></choice> было <choice><reg>дело</reg><orig>дѣло</orig></choice> Урусова до Сакена. <choice><reg>Урусов</reg><orig>Урусовъ</orig></choice> <choice><reg>предлагал</reg><orig>предлагалъ</orig></choice> Сакену для того, чтобы <choice><reg>решить</reg><orig>рѣшить</orig></choice>, за <choice><reg>кем</reg><orig>кѣмъ</orig></choice> останется передовая траншея <choice><reg>перед</reg><orig>передъ</orig></choice> 5 <choice><reg>бастионом</reg><orig>бастiономъ</orig></choice>, <choice><reg>несколько</reg><orig>нѣсколько</orig></choice> <choice><reg>раз</reg><orig>разъ</orig></choice> переходившая <choice><reg>из</reg><orig>изъ</orig></choice> <choice><reg>рук</reg><orig>рукъ</orig></choice> <choice><reg>в</reg><orig>въ</orig></choice> руки и стоившая <choice><reg>несколько</reg><orig>нѣсколько</orig></choice> <choice><reg>сот</reg><orig>сотъ</orig></choice> жизней, вызвать <choice><reg>от</reg><orig>отъ</orig></choice> <choice><reg>неприятеля</reg><orig>непрiятеля</orig></choice> <choice><reg>лучшего</reg><orig>лучшаго</orig></choice> <choice><reg>шахматного</reg><orig>шахматнаго</orig></choice> игрока и сыграть <choice><reg>партию</reg><orig>партiю</orig></choice> на эту траншею: кто <choice><reg>выиграет</reg><orig>выиграетъ</orig></choice>, за <choice><reg>тем</reg><orig>тѣмъ</orig></choice> она и останется.</p>
<p rend="left"><choice><reg>Предложение</reg><orig>Предложенiе</orig></choice> было очень логично, но <choice><reg>Сакен</reg><orig>Сакенъ</orig></choice> не согласился, <choice original_editorial_correction='п[отому]'><sic>п</sic><corr>потому</corr></choice> <choice original_editorial_correction='ч[то]'><sic>ч</sic><corr>что</corr></choice> не <choice><reg>мог</reg><orig>могъ</orig></choice> ручаться за то, что бы <choice><reg>Мак-Магон</reg><orig>Макъ-Магонъ</orig></choice>,<note xml:id="note5" resp="volume_editor" index="false"> Гр. Мари-Эдм-Патрис-Морис Мак-Магон (Mac-Mahon) (1808—1893) — французский маршал и политический деятель. В 1855 г., командуя дивизией в Крыму, взял Малахов курган.</note> несмотря на проигрышъ своего чампіона, не прислалъ бы баталіонъ со штыками занять траншею. Точно также не могутъ согласиться и державы на то, чтобы уменьшить войска, потому что онѣ никогда не могутъ быть увѣрены въ томъ, что не явится вновь Наполеонъ<note xml:id="note6" resp="volume_editor" index="false"> Наполеон I (1769—1821) — император Франции.</note> или новый <choice><reg>Бисмарк</reg><orig>Бисмаркъ</orig></choice>,<note xml:id="note7" resp="volume_editor" index="false"> Кн. Отто-Эдуард-Леопольд Бисмарк (1815—1898) — канцлер, государственный деятель и дипломат <hi style="opdelimiter">Германии.</hi><hi style="opnumber">16</hi></note> который, <choice><reg>наплевав</reg><orig>наплевавъ</orig></choice> на <choice><reg>все</reg><orig>всѣ</orig></choice> <choice><reg>условия</reg><orig>условiя</orig></choice>, <choice><reg>увеличит</reg><orig>увеличитъ</orig></choice> свои войска и <choice><reg>побьет</reg><orig>побьетъ</orig></choice> <choice><reg>тех</reg><orig>тѣхъ</orig></choice>, которые <choice><reg>будут</reg><orig>будутъ</orig></choice> <choice><reg>так</reg><orig>такъ</orig></choice> глупы, что <choice><reg>будут</reg><orig>будутъ</orig></choice> держаться <choice><reg>условия</reg><orig>условiя</orig></choice> уменьшать <choice><reg>их</reg><orig>ихъ</orig></choice>. Пока есть войска, то они нужны для того, чтобы <choice><reg>побеждать</reg><orig>побѣждать</orig></choice>. A <choice><reg>побеждают</reg><orig>побѣждаютъ</orig></choice> les gros bataillons,<note xml:id="note8" resp="volume_editor" index="false"> большие войска,</note> и поэтому если правительство <choice><reg>имеет</reg><orig>имѣетъ</orig></choice> войско, то оно должно стараться, чтобы его было <choice><reg>как</reg><orig>какъ</orig></choice> можно больше. <choice><reg>В</reg><orig>Въ</orig></choice> <choice><reg>этом</reg><orig>этомъ</orig></choice> <choice><reg>состоит</reg><orig>состоитъ</orig></choice> обязанность <choice><reg>всякого</reg><orig>всякаго</orig></choice> правительства. Оно поставлено <choice><reg>затем</reg><orig>затѣмъ</orig></choice>, чтобы соблюдать могущество своей страны. <choice><reg>В</reg><orig>Въ</orig></choice> <choice><reg>этом</reg><orig>этомъ</orig></choice> главное <choice><reg>оправдание</reg><orig>оправданiе</orig></choice> <choice><reg>существования</reg><orig>существованiя</orig></choice> <hi style="opdelimiter">правительства.</hi><hi style="opnumber">10</hi> <hi style="npnumber">11</hi><hi style="npdelimiter">И</hi> потому, если правительство не <choice><reg>делает</reg><orig>дѣлаетъ</orig></choice> того, <choice><reg>к</reg><orig>къ</orig></choice> чему оно приставлено, его и не нужно. Оно не <choice><reg>исполняет</reg><orig>исполняетъ</orig></choice> своей обязанности и не нужно. Правительство <choice><reg>может</reg><orig>можетъ</orig></choice> <choice><reg>делать</reg><orig>дѣлать</orig></choice> очень многое во <choice><reg>внутреннем</reg><orig>внутреннемъ</orig></choice> <choice><reg>управлении</reg><orig>управленiи</orig></choice>, <choice><reg>может</reg><orig>можетъ</orig></choice> освобождать, <choice><reg>просвещать</reg><orig>просвѣщать</orig></choice>, обогащать <choice><reg>народ</reg><orig>народъ</orig></choice>, строить дороги, каналы, колонизировать пустыни, устраивать <choice><reg>общественные</reg><orig>общественныя</orig></choice> работы, но одного не <choice><reg>может</reg><orig>можетъ</orig></choice> <choice><reg>делать</reg><orig>дѣлать</orig></choice>, именно того, для чего собирается <choice><reg>конференция</reg><orig>конференцiя</orig></choice>, т. е. уменьшать свои <choice><reg>военные</reg><orig>военныя</orig></choice> силы.</p>
<p rend="left">Поэтому-то мнѣ кажется, что предложеніе на разсмотрѣніе конференціи, какъ вы это предлагаете, вопроса о замѣнѣ воинской повинности полезнымъ трудомъ для людей, не согласныхъ убивать своего ближняго, совершенно неумѣстно. Такое предложенiе можетъ имѣть только одно благое послѣдствіе, именно то, что оно явно обличитъ пустоту, праздностъ и лицемѣріе конференціи. Конференція не можетъ иначе отнестись какъ отрицательно къ такимъ предложеніямъ и никогда не допуститъ того, чтобы люди могли безнаказанно отказываться отъ исполненія воинской повинности, п[отому] ч[то] такой отказъ подрываетъ въ ея основаніи власть правительства и даже смыслъ его существованія.</p>
<p rend="left"><choice><reg>Запутавшиеся</reg><orig>Запутавшiеся</orig></choice> <choice><reg>в</reg><orig>въ</orig></choice> <choice><reg>своем</reg><orig>своемъ</orig></choice> <choice><reg>многословии</reg><orig>многословiи</orig></choice> либералы, <choice><reg>социалисты</reg><orig>соцiалисты</orig></choice> и <choice><reg>другие</reg><orig>другiе</orig></choice>, <choice><reg>так</reg><orig>такъ</orig></choice> называемые, передовые <choice><reg>деятели</reg><orig>дѣятели</orig></choice> <choice><reg>могут</reg><orig>могутъ</orig></choice>, <choice><reg>как</reg><orig>какъ</orig></choice> они и <choice><reg>делают</reg><orig>дѣлаютъ</orig></choice> это, воображать, что <choice><reg>их</reg><orig>ихъ</orig></choice> <choice><reg>речи</reg><orig>рѣчи</orig></choice> <choice><reg>в</reg><orig>въ</orig></choice> <choice><reg>палате</reg><orig>палатѣ</orig></choice>, <choice><reg>в</reg><orig>въ</orig></choice> <choice><reg>собраниях</reg><orig>собранiяхъ</orig></choice>, <choice><reg>их</reg><orig>ихъ</orig></choice> брошюры и книги <choice><reg>имеют</reg><orig>имѣютъ</orig></choice> очень важное для прогресса <choice><reg>человечества</reg><orig>человѣчества</orig></choice> <choice><reg>значение</reg><orig>значенiе</orig></choice>, но что отказы <choice><reg>отдельных</reg><orig>отдѣльныхъ</orig></choice> <choice><reg>лиц</reg><orig>лицъ</orig></choice> по <choice><reg>своим</reg><orig>своимъ</orig></choice> <choice><reg>религиозным</reg><orig>религiознымъ</orig></choice> <choice><reg>убеждениям</reg><orig>убѣжденiямъ</orig></choice> <choice><reg>от</reg><orig>отъ</orig></choice> воинской службы суть <choice><reg>неважные</reg><orig>неважныя</orig></choice> и даже <choice><reg>ничтожные</reg><orig>ничтожныя</orig></choice> <choice><reg>явления</reg><orig>явленiя</orig></choice>; но правительства <choice><reg>знают</reg><orig>знаютъ</orig></choice> очень хорошо, что <choice><reg>все</reg><orig>всѣ</orig></choice> <choice><reg>трескучия</reg><orig>трескучiя</orig></choice> <choice><reg>речи</reg><orig>рѣчи</orig></choice> <choice><reg>в</reg><orig>въ</orig></choice> <choice><reg>рейхстагах</reg><orig>рейхстагахъ</orig></choice> и <choice><reg>все</reg><orig>всѣ</orig></choice> стачки <choice><reg>рабочих</reg><orig>рабочихъ</orig></choice> и <choice><reg>революционные</reg><orig>революцiонныя</orig></choice> <choice><reg>речи</reg><orig>рѣчи</orig></choice>, <choice><reg>демонстрации</reg><orig>демонстрацiи</orig></choice> нетолько не страшны, но суть очень <choice><reg>полезные</reg><orig>полезныя</orig></choice> <choice><reg>отвлекающия</reg><orig>отвлекающiя</orig></choice> средства <choice><reg>от</reg><orig>отъ</orig></choice> <choice><reg>настоящего</reg><orig>настоящаго</orig></choice> <choice><reg>опасного</reg><orig>опаснаго</orig></choice> для правительства <choice><reg>дела</reg><orig>дѣла</orig></choice>, <choice><reg>состоящего</reg><orig>состоящаго</orig></choice> <choice><reg>в</reg><orig>въ</orig></choice> <choice><reg>пробуждении</reg><orig>пробужденiи</orig></choice> <choice><reg>человеческого</reg><orig>человѣческаго</orig></choice> достоинства и <choice><reg>вытекающего</reg><orig>вытекающаго</orig></choice> <choice><reg>из</reg><orig>изъ</orig></choice> этого <choice><reg>сознания</reg><orig>сознанiя</orig></choice> отказа <choice><reg>от</reg><orig>отъ</orig></choice> военной службы и податей, <choice><reg>назначаемых</reg><orig>назначаемыхъ</orig></choice> на военное <choice><reg>дело</reg><orig>дѣло</orig></choice>, и потому никакое правительство никогда нетолько не <choice><reg>примет</reg><orig>приметъ</orig></choice> <choice><reg>рассмотрения</reg><orig>разсмотрѣнiя</orig></choice> вопроса <choice><reg>об</reg><orig>объ</orig></choice> <choice><reg>этих</reg><orig>этихъ</orig></choice> отказывающихся, а всегда <choice><reg>более</reg><orig>болѣе</orig></choice> или <choice><reg>менее</reg><orig>менѣе</orig></choice> грубо <choice><reg>поступит</reg><orig>поступитъ</orig></choice>, <choice><reg>так</reg><orig>такъ</orig></choice>, <choice><reg>как</reg><orig>какъ</orig></choice> поступило русское правительство, которое <choice><reg>в</reg><orig>въ</orig></choice> то самое время, когда <choice><reg>с</reg><orig>съ</orig></choice> <choice><reg>треском</reg><orig>трескомъ</orig></choice> публиковало на весь <choice><reg>мир</reg><orig>мiръ</orig></choice> свои будто бы <choice><reg>миролюбивые</reg><orig>миролюбивыя</orig></choice> <choice><reg>намерения</reg><orig>намѣренiя</orig></choice>, <choice><reg>самым</reg><orig>самымъ</orig></choice> <choice><reg>жестоким</reg><orig>жестокимъ</orig></choice> <choice><reg>образом</reg><orig>образомъ</orig></choice> <choice><reg>преследовало</reg><orig>преслѣдовало</orig></choice> и <choice><reg>продолжает</reg><orig>продолжаетъ</orig></choice> <choice><reg>преследовать</reg><orig>преслѣдовать</orig></choice> <hi style="opdelimiter">и</hi><hi style="opnumber">11</hi> <hi style="npnumber">12</hi><hi style="npdelimiter">мучать</hi> <choice><reg>самых</reg><orig>самыхъ</orig></choice> <choice><reg>лучших</reg><orig>лучшихъ</orig></choice> и <choice><reg>миролюбивых</reg><orig>миролюбивыхъ</orig></choice> людей <choice><reg>России</reg><orig>Россiи</orig></choice> — <choice><reg>Духоборов</reg><orig>Духоборовъ</orig></choice>,<note xml:id="note9" resp="volume_editor" index="false"> О духоборах см. письма 1898 г., т. 71 и письма №№ 8 и 42.</note> выгоняя <choice><reg>их</reg><orig>ихъ</orig></choice> за границу или мучая <choice><reg>в</reg><orig>въ</orig></choice> <choice><reg>пустынях</reg><orig>пустыняхъ</orig></choice> Сибири. И всякое правительство <choice><reg>более</reg><orig>болѣе</orig></choice> или <choice><reg>менее</reg><orig>менѣе</orig></choice> грубо вынуждено поступать и <choice><reg>будет</reg><orig>будетъ</orig></choice> поступать <choice><reg>так</reg><orig>такъ</orig></choice>. До <choice><reg>тех</reg><orig>тѣхъ</orig></choice> <choice><reg>пор</reg><orig>поръ</orig></choice>, пока правительства <choice><reg>будут</reg><orig>будутъ</orig></choice> управлять своими подданными силою, они <choice><reg>будут</reg><orig>будутъ</orig></choice> <choice><reg>разрешать</reg><orig>разрѣшать</orig></choice> свои <choice><reg>международные</reg><orig>международныя</orig></choice> <choice><reg>недоразумения</reg><orig>недоразумѣнiя</orig></choice> тоже силою, и для этого войска <choice><reg>правительств</reg><orig>правительствъ</orig></choice> <choice><reg>будут</reg><orig>будутъ</orig></choice> постоянно увеличиваться. Покуда <choice><reg>будут</reg><orig>будутъ</orig></choice> правительства, <choice><reg>будут</reg><orig>будутъ</orig></choice> и все <choice><reg>увеличивающияся</reg><orig>увеличивающiяся</orig></choice> войска, а покуда <choice><reg>будут</reg><orig>будутъ</orig></choice> войска, <choice><reg>будут</reg><orig>будутъ</orig></choice> и правительства. А потому уменьшиться войска не <choice><reg>могут</reg><orig>могутъ</orig></choice> по <choice><reg>воле</reg><orig>волѣ</orig></choice>, а <choice><reg>могут</reg><orig>могутъ</orig></choice> уменьшиться и уничтожиться только <choice><reg>против</reg><orig>противъ</orig></choice> воли <choice><reg>правительств</reg><orig>правительствъ</orig></choice>. Уничтожиться же они <choice><reg>могут</reg><orig>могутъ</orig></choice> <choice><reg>против</reg><orig>противъ</orig></choice> воли <choice><reg>правительств</reg><orig>правительствъ</orig></choice> только <choice><reg>одним</reg><orig>однимъ</orig></choice> <choice><reg>способом</reg><orig>способомъ</orig></choice> — <choice><reg>сознанием</reg><orig>сознанiемъ</orig></choice> людей своего <choice><reg>человеческого</reg><orig>человѣческаго</orig></choice> достоинства, не <choice><reg>позволяющего</reg><orig>позволяющаго</orig></choice> <choice><reg>им</reg><orig>имъ</orig></choice> быть добровольными <choice><reg>рабами-убийцами</reg><orig>рабами-убiйцами</orig></choice>. Уничтожатся войска только тогда, когда между народами <choice><reg>будет</reg><orig>будетъ</orig></choice> распространено истинное <choice><reg>просвещение</reg><orig>просвѣщенiе</orig></choice>, не позволяющее <choice><reg>делаться</reg><orig>дѣлаться</orig></choice> <choice><reg>бесправным</reg><orig>безправнымъ</orig></choice> <choice><reg>рабом</reg><orig>рабомъ</orig></choice> <choice><reg>других</reg><orig>другихъ</orig></choice> людей, подчиняясь той животной <choice><reg>дрессировке</reg><orig>дрессировкѣ</orig></choice>, которая называется дисциплиной.</p>
<p rend="left">Не то <choice><reg>просвещение</reg><orig>просвѣщенiе</orig></choice>, при <choice><reg>котором</reg><orig>которомъ</orig></choice> <choice><reg>человек</reg><orig>человѣкъ</orig></choice>, <choice><reg>знающий</reg><orig>знающiй</orig></choice> <choice><reg>все</reg><orig>всѣ</orig></choice> науки и <choice><reg>пользующийся</reg><orig>пользующiйся</orig></choice> <choice><reg>всеми</reg><orig>всѣми</orig></choice> <choice><reg>последними</reg><orig>послѣдними</orig></choice> <choice><reg>изобретениями</reg><orig>изобрѣтенiями</orig></choice>, <choice><reg>считает</reg><orig>считаетъ</orig></choice> для себя <choice><reg>возможным</reg><orig>возможнымъ</orig></choice> отдаваться на время <choice><reg>в</reg><orig>въ</orig></choice> рабство <choice><reg>других</reg><orig>другихъ</orig></choice> людей, <choice><reg>допускает</reg><orig>допускаетъ</orig></choice> возможность и необходимость <choice><reg>убийства</reg><orig>убiйства</orig></choice> и <choice><reg>признает</reg><orig>признаетъ</orig></choice> <choice><reg>одних</reg><orig>однихъ</orig></choice> людей <choice><reg>стоящих</reg><orig>стоящихъ</orig></choice> <choice><reg>неизмеримо</reg><orig>неизмѣримо</orig></choice> высоко <choice><reg>над</reg><orig>надъ</orig></choice> другими и <choice><reg>имеющих</reg><orig>имѣющихъ</orig></choice> право на безграничное <choice><reg>уважение</reg><orig>уваженiе</orig></choice>, а то <choice><reg>просвещение</reg><orig>просвѣщенiе</orig></choice>, при <choice><reg>котором</reg><orig>которомъ</orig></choice> <choice><reg>человек</reg><orig>человѣкъ</orig></choice> <choice><reg>признает</reg><orig>признаетъ</orig></choice> <choice><reg>священным</reg><orig>священнымъ</orig></choice> только <choice><reg>один</reg><orig>одинъ</orig></choice> <choice><reg>закон</reg><orig>законъ</orig></choice> <choice><reg>делания</reg><orig>дѣланiя</orig></choice> <choice><reg>другим</reg><orig>другимъ</orig></choice> того, чтò <choice><reg>себе</reg><orig>себѣ</orig></choice> хочешь,<note xml:id="note10" resp="volume_editor" index="false"> «Евангелие» Матфея, VII, 12: «Итак во всем, как хотите, чтобы с вами поступали люди, так поступайте и вы с ними».</note> не <choice><reg>считает</reg><orig>считаетъ</orig></choice> никого <choice><reg>из</reg><orig>изъ</orig></choice> людей ни выше, ни ниже себя, a <choice><reg>всех</reg><orig>всѣхъ</orig></choice> безразлично <choice><reg>считает</reg><orig>считаетъ</orig></choice> своими братьями и ни при <choice><reg>каких</reg><orig>какихъ</orig></choice> <choice><reg>условиях</reg><orig>условiяхъ</orig></choice>, ни ради чего не <choice><reg>отдаст</reg><orig>отдастъ</orig></choice> <choice><reg>в</reg><orig>въ</orig></choice> руки <choice><reg>других</reg><orig>другихъ</orig></choice> людей свою свободу, составляющую основу его <choice><reg>человеческого</reg><orig>человѣческаго</orig></choice> достоинства. Только тогда, когда <choice><reg>будет</reg><orig>будетъ</orig></choice> распространено это истинное <choice><reg>просвещение</reg><orig>просвѣщенiе</orig></choice>, уменьшатся, уничтожатся войска.</p>
<p rend="left"><choice><reg>На-днях</reg><orig>На-дняхъ</orig></choice> было <choice><reg>известие</reg><orig>извѣстiе</orig></choice>, что <choice><reg>американский</reg><orig>американскiй</orig></choice> <choice><reg>полк</reg><orig>полкъ</orig></choice> отказался итти <choice><reg>в</reg><orig>въ</orig></choice> Ило-Ило.<note xml:id="note11" resp="volume_editor" index="false"> Во время восстания на Филиппинских островах, согласно официальному телеграфному извещению, «американские войска, назначенные в Ило-Ило, подняли бунт и отказались отправиться туда. Генералу Миллеру предписано уйти из Ило-Ило и возвратиться в Манилью. Все американские войска получили приказание сосредоточиться в Манилье. Положение весьма серьезное» («Новое время» 1899, № 8208 от 3 января). Вскоре наступление возобновилось, и месяц спустя, «после бомбардировки с моря, американцы взяли Ило-Ило» («Новое время» 1899, № 8239 от 3 февраля).</note> <choice><reg>Известие</reg><orig>Извѣстiе</orig></choice> это передается <choice><reg>как</reg><orig>какъ</orig></choice> <choice><reg>нечто</reg><orig>нѣчто</orig></choice> необыкновенное. А между <choice><reg>тем</reg><orig>тѣмъ</orig></choice> удивляться можно только тому, что люди-солдаты <choice><reg>в</reg><orig>въ</orig></choice> наше время <choice><reg>могут</reg><orig>могутъ</orig></choice> подчиняться начальству и итти Американцы на Кубу,<note xml:id="note12" resp="volume_editor" index="false"> Остров Куба (Антильские острова) с 1881 г. — испанская провинция. На почве освободительного движения на Кубе часто повторялись восстания. Северо-американские промышленники, вложившие крупные капиталы в предприятия на о Кубе, не могли спокойно смотреть на разорение острова, и назревший конфликт между САСШ и Испанией привел к войне. Остров был занят американцами. По Парижскому договору (декабрь 1898 г.) остров остался в военном управлении САСШ до 1901 г., когда был созван всеобщий учредительный конгресс.</note> Испанцы на <choice><reg>Американцев</reg><orig>Американцевъ</orig></choice>,<note xml:id="note13" resp="volume_editor" index="false"> Война между САСШ и Испанией началась 25 апреля 1898 г. Мир в Париже был заключен 10 декабря того же года. В результате войны Испания потеряла свои колонии (Антильские и Филиппинские острова). По поводу Испано-американской войны Толстой написал статью «Две войны». Датирована 15 августа 1898 г. Опубликована в «Листках свободного слова», Purleigh, 1898, I, стр. 2—6. См. т. 31.</note> <choice><reg>Немцы</reg><orig>Нѣмцы</orig></choice> на <choice><reg>Французов</reg><orig>Французовъ</orig></choice><note xml:id="note14" resp="volume_editor" index="false"> После Франко-прусской войны 1870—1871 гг., закончившейся присоединением к Германии Эльзас-Лотарингии, отношения между этими государствами остались напряженными. Франция готовилась к реваншу, что вызвало увеличение вооружений.</note> и тому подобное. <choice><reg>Ведь</reg><orig>Вѣдь</orig></choice> <choice><reg>все</reg><orig>всѣ</orig></choice> эти люди <choice><reg>читают</reg><orig>читаютъ</orig></choice> книги, теперь <choice><reg>читают</reg><orig>читаютъ</orig></choice> газеты, <choice><reg>имеют</reg><orig>имѣютъ</orig></choice> <hi style="opdelimiter"><choice><reg>знакомых</reg><orig>знакомыхъ</orig></choice>.</hi><hi style="opnumber">12</hi> <hi style="npnumber">13</hi><hi style="npdelimiter"><choice><reg>Все</reg><orig>Всѣ</orig></choice></hi> американцы, <choice><reg>идущие</reg><orig>идущiе</orig></choice> на <choice><reg>Манилию</reg><orig>Манилiю</orig></choice>,<note xml:id="note15" resp="volume_editor" index="false"> Главные военные действия во время Испано-американской войны происходили близ о. Манильи (Филиппинские острова), где 1 мая 1898 г. была уничтожена испанская эскадра. Манилья до конца войны противустояла всем натискам американцев. По Парижскому договору за Манилью Америка уплатила Испании двадцать миллионов долларов.</note> <choice><reg>знают</reg><orig>знаютъ</orig></choice>, чтò <choice><reg>говорил</reg><orig>говорилъ</orig></choice> <choice><reg>Браиан</reg><orig>Браiанъ</orig></choice><note xml:id="note16" resp="volume_editor" index="false"> Вильям-Дженнингс Брайан (Bryan) (1860—1925) — северо-американский политический деятель, глава демократической партии. По окончании Испано-американской войны в своем выступлении за ратификацию мирного договора решительно высказался против присоединения Филиппинских островов. См. о нем письма 1904 г., т. 75.</note> о завоевательной <choice><reg>мании</reg><orig>манiи</orig></choice> <choice><reg>американского</reg><orig>американскаго</orig></choice> правительства. Они слышали, что <choice><reg>он</reg><orig>онъ</orig></choice> <choice><reg>сказал</reg><orig>сказалъ</orig></choice>, что это скверный, безнравственный <choice><reg>поступок</reg><orig>поступокъ</orig></choice>. Да и каждый разумный <choice><reg>человек</reg><orig>человѣкъ</orig></choice> не <choice><reg>может</reg><orig>можетъ</orig></choice> не знать, что дурно нравственно подавлять свободу <choice><reg>народов</reg><orig>народовъ</orig></choice>. Мало того, <choice><reg>всякий</reg><orig>всякiй</orig></choice> <choice><reg>знает</reg><orig>знаетъ</orig></choice>, что дурно разорять, убивать, <choice><reg>так</reg><orig>такъ</orig></choice> что удивляться надо, <choice><reg>как</reg><orig>какъ</orig></choice> <choice><reg>идут</reg><orig>идутъ</orig></choice> люди воевать, а не тому, <choice><reg>как</reg><orig>какъ</orig></choice> отказываются. <choice><reg>Идут</reg><orig>Идутъ</orig></choice> воевать и <choice><reg>поступают</reg><orig>поступаютъ</orig></choice> на службу только потому, что не распространено и скрывается <choice><reg>теми</reg><orig>тѣми</orig></choice>, кому это выгодно — <choice><reg>правительством</reg><orig>правительствомъ</orig></choice>, истинное <choice><reg>просвещение</reg><orig>просвѣщенiе</orig></choice>. И потому для того, чтобы уничтожить войска и зло, происходящее <choice><reg>от</reg><orig>отъ</orig></choice> <choice><reg>них</reg><orig>нихъ</orig></choice>, нужны не <choice><reg>конференции</reg><orig>конференцiи</orig></choice> <choice><reg>правительств</reg><orig>правительствъ</orig></choice>, a <choice><reg>конференции</reg><orig>конференцiи</orig></choice> <choice><reg>граждан</reg><orig>гражданъ</orig></choice>, <choice><reg>обманутых</reg><orig>обманутыхъ</orig></choice> и <choice><reg>обманываемых</reg><orig>обманываемыхъ</orig></choice> правительствами, <choice><reg>обманываемых</reg><orig>обманываемыхъ</orig></choice> <choice><reg>самым</reg><orig>самымъ</orig></choice> <choice><reg>коварным</reg><orig>коварнымъ</orig></choice> <choice><reg>образом</reg><orig>образомъ</orig></choice> именно такими <choice><reg>конференциями</reg><orig>конференцiями</orig></choice>. Для того, чтобы уничтожить войска, нужно, чтобы общественное <choice><reg>мнение</reg><orig>мнѣнiе</orig></choice> приписывало важность не <choice><reg>собранию</reg><orig>собранiю</orig></choice> <choice><reg>наряженных</reg><orig>наряженныхъ</orig></choice> <choice><reg>в</reg><orig>въ</orig></choice> <choice><reg>смешные</reg><orig>смѣшные</orig></choice> костюмы представителей <choice><reg>держав</reg><orig>державъ</orig></choice>, которые <choice><reg>после</reg><orig>послѣ</orig></choice> <choice><reg>балов</reg><orig>баловъ</orig></choice> и <choice><reg>обедов</reg><orig>обѣдовъ</orig></choice> <choice><reg>будут</reg><orig>будутъ</orig></choice> <choice><reg>заседать</reg><orig>засѣдать</orig></choice> <choice><reg>в</reg><orig>въ</orig></choice> <choice><reg>роскошных</reg><orig>роскошныхъ</orig></choice> <choice><reg>залах</reg><orig>залахъ</orig></choice> и <choice><reg>с</reg><orig>съ</orig></choice> важностью говорить <choice><reg>бессодержательные</reg><orig>безсодержательныя</orig></choice> <choice><reg>французския</reg><orig>французскiя</orig></choice> фразы, а <choice><reg>напротив</reg><orig>напротивъ</orig></choice> клеймило бы <choice><reg>презрением</reg><orig>презрѣнiемъ</orig></choice> и <choice><reg>насмешкой</reg><orig>насмѣшкой</orig></choice> такого рода <choice><reg>собрания</reg><orig>собранiя</orig></choice>, <choice><reg>имеющия</reg><orig>имѣющiя</orig></choice> <choice><reg>целью</reg><orig>цѣлью</orig></choice> только <choice><reg>закрепить</reg><orig>закрѣпить</orig></choice> рабство людей, и приписывало бы важность и <choice><reg>значение</reg><orig>значенiе</orig></choice> только <choice><reg>поступкам</reg><orig>поступкамъ</orig></choice> <choice><reg>тех</reg><orig>тѣхъ</orig></choice> людей, которые и <choice><reg>словом</reg><orig>словомъ</orig></choice> и <choice><reg>делом</reg><orig>дѣломъ</orig></choice>, не боясь <choice><reg>страданий</reg><orig>страданiй</orig></choice> и смерти, <choice><reg>заявляют</reg><orig>заявляютъ</orig></choice> <choice><reg>сознание</reg><orig>сознанiе</orig></choice> своего <choice><reg>человеческого</reg><orig>человѣческаго</orig></choice> достоинства, отказываются <choice><reg>от</reg><orig>отъ</orig></choice> <choice><reg>участия</reg><orig>участiя</orig></choice> <choice><reg>в</reg><orig>въ</orig></choice> <choice><reg>бесчеловечной</reg><orig>безчеловѣчной</orig></choice> <choice><reg>организации</reg><orig>организацiи</orig></choice> <choice><reg>убийств</reg><orig>убiйствъ</orig></choice>. Уничтожатся войска тогда, когда <choice><reg>такие</reg><orig>такiе</orig></choice> люди <choice><reg>будут</reg><orig>будутъ</orig></choice> признаны <choice><reg>тем</reg><orig>тѣмъ</orig></choice>, чтò они есть — первыми, передовыми борцами за свободу и <choice><reg>прогресс</reg><orig>прогрессъ</orig></choice> <choice><reg>человечества</reg><orig>человѣчества</orig></choice>, и когда <choice><reg>таких</reg><orig>такихъ</orig></choice> людей <choice><reg>будут</reg><orig>будутъ</orig></choice> тысячи и <choice><reg>миллионы</reg><orig>миллiоны</orig></choice>, только тогда уничтожатся войска, а не тогда, когда <choice><reg>будут</reg><orig>будутъ</orig></choice> собираться <choice><reg>конференции</reg><orig>конференцiи</orig></choice>.</p>
<p rend="left">И <choice><reg>вот</reg><orig>вотъ</orig></choice> почему я думаю, что <choice><reg>отказ</reg><orig>отказъ</orig></choice> <choice><reg>от</reg><orig>отъ</orig></choice> воинской повинности и <choice><reg>конференция</reg><orig>конференцiя</orig></choice> <choice><reg>правительств</reg><orig>правительствъ</orig></choice> — два <choice><reg>явления</reg><orig>явленiя</orig></choice> <choice><reg>несовместимые</reg><orig>несовмѣстимыя</orig></choice>.</p>
<comments><p rend="Textpetit_otstup left">Печатается по подлиннику, хранящемуся в ГТМ. Написано рукой переписчика с собственноручными исправлениями, сделанными дважды: карандашом и чернилами. При исправлении карандашом Толстой подписал письмо и проставил дату: «9 <choice original_editorial_correction='Я[нваря]'><sic>Я</sic><corr>Января</corr></choice> 99. Л. Т.». Эта редакция является одной из самых первых редакций (в Государственном толстовском музее их имеется четыре). Исправления Толстого, внесенные в эту рукопись, не воспроизводятся, и письмо печатается в первоначальном виде, в той редакции, которую можно рассматривать как первоначальный набросок ответа на письмо группы представителей шведской <hi style="opdelimiter">интеллигенции.</hi><hi style="opnumber">13</hi> <hi style="npnumber">14</hi><hi style="npdelimiter">Дальнейшая</hi> обработка является уже обработкой письма-статьи. Одна из следующих редакций, напечатанная в иностранных газетах, и редакция последняя, опубликованная в «Листках свободного слова», Purleigh, 1899, 6, стр. 1—6, в этом томе не печатаются. Они помещены в серии «Произведения», т. 31. Основание датировки: в письме говорится об эпизоде Ило-Ило, известие о котором было «на-днях». В газетах сообщение было напечатано 3 января 1899 г. Исправленная редакция письма датирована Толстым 9 января. Поэтому датируется предположительно 7—9 января 1899 г. В этой редакции письмо публикуется впервые.</p>
<p rend="petit left">Письмо адресовано группе представителей шведской интеллигенции в ответ на обращение к Толстому по поводу Гаагской мирной конференции. Конференция была созвана по инициативе русского императора Николая II. 12 августа 1898 г. министр иностранных дел обратился к представителям держав с предложением собраться для обсуждения вопросов о прекращении непрерывных вооружений и предупреждении будущих войн. «Духовные и физические силы народов, труд, капитал отвлечены в большей своей части от естественного своего назначения и расточаются непроизводительно. Сотни миллионов расходуются (непроизводительно) на приобретение страшных средств истребления [...] Просвещение народа и развитие его благосостояния и богатства пресекаются или направляются на ложные пути», — говорилось в циркуляре министра. Державы ответили принципиальным согласием, но, разумеется, никакого практического значения конференция не имела. Идея разоружения вызвала повсеместно усиление вооружения с тем, чтобы возможное постановление комиссии о сокращении вооружения привело бы к прежнему состоянию. Новый циркуляр русского правительства от 30 декабря 1898 г. наметил восемь пунктов программы будущей конференции, из которых четыре касались ограничения вооружения, три следующих — права войны и последний пункт ставил вопрос о мирных средствах разрешения международных конфликтов. Конференция состоялась в мае 1899 г. с представителями двадцати шести государств. Когда стало ясным, что основные вопросы — ограничение вооружения и международный третейский суд — не будут разрешены, конференция занялась второстепенными пунктами программы. Предложение о созыве Гаагской конференции вызвало волнение во всем мире. Многих удивляла и оптимистически настраивала мотивировка этого предложения. Но беспочвенность затеи, ее лицемерность постепенно становились очевидными для тех, кто возлагал на нее надежды, О Гаагской конференции см. официальное издание: «Conférence internationale de la paix», второе издание, Гаага, 1907; Ф. Мартенс, «Гаагская конференция» — «Вестник Европы» 1900, III; Гр. Комаровский, «Вопрос о посредничестве и международном третейском суде на Гаагской конференции» — «Русская мысль» 1900, I; его же, «Предложение России об ограничении вооружений» — «Русская мысль» 1900, V.</p>
<p rend="petit left">Подлинник письма шведов в архиве не обнаружен. Печатается в русском переводе, опубликованном в журнале «Свободная мысль» 1899, I, стр. 2—4: «Многоуважаемый Лев Николаевич! Зная ваше сочувствие к тем, которые, превосходя окружающих людей нравственным своим уровнем, терпят по недоразумению от них гонения, мы, <hi style="opdelimiter">нижеподписавшиеся</hi><hi style="opnumber">14</hi> <hi style="npnumber">15</hi><hi style="npdelimiter">рассчитываем</hi> на вашу доброжелательную помощь. За последнее десятилетие более тридцати беспорочных молодых людей осуждены в тюрьму и на штрафные работы, иные до трех лет и четырех месяцев за отказ от исполнения воинской повинности по своим убеждениям. В последнее время много голосов стало раздаваться против таких мер, и после того, как запрос об этом был сделан в рейхстаге в 1898 г., и Нижняя палата решилась с своей стороны обратиться с письменной просьбой к его королевскому величеству, правительство на этих днях передало на обсуждение особого комитета вопрос о том, в какой степени подлежащий воинской повинности, совести которого противно употребление оружия, может быть освобожден от нее в мирное время, и насколько можно заменить ее другой подходящей работой. В таком положении находится вопрос этот у нас. Но вопрос этот имеет значение не для одной нашей страны и потому должен, как вопрос общечеловеческий, быть рассмотрен и в других странах. Существующая система воинской повинности создала мучеников в Норвегии, Дании, Германии, Австрии, России, — вообще во всем христианском мире. Везде подвергались той же участи юноши, желавшие лишь поступать по совести, везде они были причислены к преступникам и с ними вместе осуждены. Никто лучше вас этого не знает, граф, и никто лучше вас не умел бороться со злом. Но нам неизвестно, думали ли вы об этом, и в какой степени возможно предложить этот вопрос на рассмотрение правительства именно теперь, когда приготовляются к великой конференции общего разоружения, и потому мы просим вас обдумать его. Нам кажется, что возбуждение этого вопроса не может быть более своевременным, чем теперь, когда правительственные представители великих культурных стран должны собраться, чтобы изыскивать средства для уменьшения бедствий войны. Имея в виду не только сокращение сумм, тратимых на воинское вооружение, но, как мы надеемся, желая противодействовать войнам или по крайней мере уменьшить возможность их возникновения или даже хоть их ужасы, — собравшиеся правительственные уполномоченные должны будут выслушать наше заявление, так как самая цель конгресса не позволит отнестись без внимания к такому важному, в интересах гуманности, заявлению. Отнесясь невнимательно к нашему заявлению, члены конгресса показали бы перед целым светом, что они лишены и тех искренних человеколюбивых намерений, которые необходимы людям, желающим осуществить благородные и гуманные идеи миролюбивого царя. В какой мере осуществятся эти идеи, предвидеть невозможно. Судя по запутанному положению, грозившему в последнее время зажечь весь мир, нельзя ждать серьезных результатов конференции. Но если бы могли согласиться, по примеру Швеции, предложить на обсуждение правительств, до которых это касается, вопрос об отказе от воинской повинности по религиозным убеждениям, то конференция наверно не осталась бы без значения. Конечно этим путем не будет достигнуто полное разоружение, но только уменьшится число войск на несколько сот человек, которые будут освобождены от участия в вооружении, но этим зато был бы сделан первый шаг по истинному направлению, связав органически осуществление стремлений к разоружению с живыми людьми, могущими их выполнить в жизни. Но скажут: если будет всякому дана свобода не пойти в военную службу по <hi style="opdelimiter">требованию</hi><hi style="opnumber">15</hi> <hi style="npnumber">16</hi><hi style="npdelimiter">совести,</hi> то из этого произойдет общая военная стачка. На это достаточно возразить то, что речь идет не об освобождении от гражданских обязанностей, а о превращении воинской повинности в такую повинность, которая не противоречила бы требованиям совести, как например, служба лесничих, работы по осушению болот, сооружение путей железных дорог и т. п. Если же таких людей окажется слишком много, ну что же, мы будем иметь культурное войско, могущее делать производительные и полезные работы. Так постепенно превратились бы войска в общественную армию спасения, осушающую болота, устраивающую жилища, обращающую пустыни в плодородные нивы, где бедные находили бы свое пропитание. Этим вопрос о разоружении получил бы свое естественное разрешение, которого никакими законодательными мерами, как бы они благонамеренны ни были, достигнуть невозможно. Могут сказать еще, что неразумно обременять царскую программу мирной конференции побочными вопросами, но мы того мнения, что данный вопрос не побочный, а самый центральный, и потому имеет право на первое место в ряду вопросов, имеющих быть возбужденными в программе. Впрочем, никто, многоуважаемый граф, не может понимать этого глубже вас, судя по вашим сочинениям, а потому мы почтительнейше просим вас обратить на это внимание царя или его министров, а также и публики. Выражая вам глубочайшее уважение, мы имеем честь почтительнейше подписаться. [Четыре члена рейхстага, один журналист, один секретарь редакции, два профессора, пять пасторов, один военный врач, один директор миссии, один учитель и другие.]»</p>
<p rend="Textpetit_otstup left"><hi>1</hi> Ошибка. Заседания Конференции происходили в Гааге.</p>
<p rend="petit left"><hi>2</hi> соответственных</p>
<p rend="petit left"><hi>3</hi> Гр. Дмитрий Ерофеевич Остен-Сакен (1790—1881) — участник походов против Наполеона и других войн. Во время Крымской кампании был начальником Севастопольского гарнизона и временно командовал войсками. Автор ряда статей, в том числе «Военный совет при обороне Севастополя» — «Русская старина», 1874. Толстой, будучи в Севастополе, был лично с ним знаком.</p>
<p rend="petit left"><hi>4</hi> Кн. Сергей Семенович Урусов (1827—1897) — участник Крымской кампании, математик и выдающийся шахматист, автор статей: «Об интегрирующем множителе разностных дифференциальных уравнений», доклад, прочитанный 16 марта 1865 г. — «Сборник математических наук», I. М. 1865; «Дифференциальные и разностные уравнения», М. 1864; «О решении проблемы коня (Problème du cavalier. Rösselsprung»), доклад, прочитанный 16 октября 1865 г. — «Сборник математических наук», II. М. 1867. Кн. Урусов был близко знаком с Толстым. См. письма 1870 г., т. 62.</p>
<p rend="petit left"><hi>5</hi> Гр. Мари-Эдм-Патрис-Морис Мак-Магон (Mac-Mahon) (1808—1893) — французский маршал и политический деятель. В 1855 г., командуя дивизией в Крыму, взял Малахов курган.</p>
<p rend="petit left"><hi>6</hi> Наполеон I (1769—1821) — император Франции.</p>
<p rend="petit left"><hi>7</hi> Кн. Отто-Эдуард-Леопольд Бисмарк (1815—1898) — канцлер, государственный деятель и дипломат <hi style="opdelimiter">Германии.</hi><hi style="opnumber">16</hi></p>
<p rend="petit left"><hi>8</hi> большие войска,</p>
<p rend="petit left"><hi>9</hi> О духоборах см. письма 1898 г., т. 71 и письма №№ 8 и 42.</p>
<p rend="petit left"><hi>10</hi> «Евангелие» Матфея, VII, 12: «Итак во всем, как хотите, чтобы с вами поступали люди, так поступайте и вы с ними».</p>
<p rend="petit left"><hi>11</hi> Во время восстания на Филиппинских островах, согласно официальному телеграфному извещению, «американские войска, назначенные в Ило-Ило, подняли бунт и отказались отправиться туда. Генералу Миллеру предписано уйти из Ило-Ило и возвратиться в Манилью. Все американские войска получили приказание сосредоточиться в Манилье. Положение весьма серьезное» («Новое время» 1899, № 8208 от 3 января). Вскоре наступление возобновилось, и месяц спустя, «после бомбардировки с моря, американцы взяли Ило-Ило» («Новое время» 1899, № 8239 от 3 февраля).</p>
<p rend="petit left"><hi>12</hi> Остров Куба (Антильские острова) с 1881 г. — испанская провинция. На почве освободительного движения на Кубе часто повторялись восстания. Северо-американские промышленники, вложившие крупные капиталы в предприятия на о Кубе, не могли спокойно смотреть на разорение острова, и назревший конфликт между САСШ и Испанией привел к войне. Остров был занят американцами. По Парижскому договору (декабрь 1898 г.) остров остался в военном управлении САСШ до 1901 г., когда был созван всеобщий учредительный конгресс.</p>
<p rend="petit left"><hi>13</hi> Война между САСШ и Испанией началась 25 апреля 1898 г. Мир в Париже был заключен 10 декабря того же года. В результате войны Испания потеряла свои колонии (Антильские и Филиппинские острова). По поводу Испано-американской войны Толстой написал статью «Две войны». Датирована 15 августа 1898 г. Опубликована в «Листках свободного слова», Purleigh, 1898, I, стр. 2—6. См. т. 31.</p>
<p rend="petit left"><hi>14</hi> После Франко-прусской войны 1870—1871 гг., закончившейся присоединением к Германии Эльзас-Лотарингии, отношения между этими государствами остались напряженными. Франция готовилась к реваншу, что вызвало увеличение вооружений.</p>
<p rend="petit left"><hi>15</hi> Главные военные действия во время Испано-американской войны происходили близ о. Манильи (Филиппинские острова), где 1 мая 1898 г. была уничтожена испанская эскадра. Манилья до конца войны противустояла всем натискам американцев. По Парижскому договору за Манилью Америка уплатила Испании двадцать миллионов долларов.</p>
<p rend="petit left"><hi>16</hi> Вильям-Дженнингс Брайан (Bryan) (1860—1925) — северо-американский политический деятель, глава демократической партии. По окончании Испано-американской войны в своем выступлении за ратификацию мирного договора решительно высказался против присоединения Филиппинских островов. См. о нем письма 1904 г., т. 75.</p>
</comments></div></body>
        </text>
        </TEI>