<?xml version='1.0' encoding='UTF-8' standalone='no'?>

<TEI xmlns="http://www.tei-c.org/ns/1.0">
       <teiHeader>
          <fileDesc>
             <titleStmt>
                <title>Письмо №* 74. Неизвестной (С. Ф.).</title>
             </titleStmt>
             <publicationStmt>
                <publisher>TolstoyLab</publisher>
                <date when="2015-09-14">14 September 2015</date>
             </publicationStmt>
             <sourceDesc>
                <biblStruct>
                   <analytic>
                      <author>Толстой Л.Н.</author>
                   </analytic>
                   <monogr>
                      <title level="m">Полное собрание сочинений. Том 81</title>
                      <imprint>
                         <pubPlace>Москва</pubPlace>
                         <publisher>Государственное издательство "Художественная литература"</publisher>
                         <date when="1956"/>
                      </imprint>
                   </monogr>
                   <series>
                      <title level="s">Л.Н. Толстой. Полное собрание сочинений</title>
                      <biblScope unit="vol">81</biblScope>
                   </series>
                </biblStruct>
				<bibl>Печатается по копии, сверенной с черновиком-автографом, написанным на конверте письма С. Ф.</bibl>
             </sourceDesc>
          </fileDesc>
          <encodingDesc>
             <tagsDecl> </tagsDecl>
          </encodingDesc>
          <profileDesc>
             <correspDesc>
                <correspAction type="sending">
                   <persName ref="PersonList.xml#L_N_Tolstoy">Л. Н. Толстой</persName>
                   <placeName ref="PlacesListxml#PLACE">Ясная Поляна</placeName>
                   <date when="1910-01-22">1910 г. Января 22.</date>            </correspAction>
                <correspAction type="receiving">
                   <persName ref="PersonList.xml#RECEIVER">Неизвестной (С. Ф.).</persName>
                </correspAction>
                <correspContext>
                   <ref type="prev"/>
                </correspContext>
             </correspDesc>
          </profileDesc>
       </teiHeader>
       <xenoData><number type="in a volume">74</number></xenoData>

       <text xml:id="NeizvestnojS.F._74">
	<body><div>
		<opener index="false">
* 74. Неизвестной (С. Ф.).
1910 г. Января 22. Я. П.</opener>
<p rend="right">22 янв. 10 года. Ясная Поляна.</p>
<p rend="left">Как ни тяжело ваше положение, вам надо остаться дома с мужем и детьми, о которых вы мало говорите в своем письме. Думаю, что вы найдете спокойствие и утешение, посвятив все свои силы на воспитание их. Для меня нет никакого сомнения, что если вы не останетесь дома, вы сделаете свою жизнь еще несравненно более тяжелою.</p>
<comments><p rend="Textpetit_otstup left">Печатается по копии, сверенной с черновиком-автографом, написанным на конверте письма С. Ф.</p>
<p rend="petit left">С. Ф. в письме из Харькова от 19 января 1910 г. описывала свою тяжелую семейную жизнь с разбитым параличом стариком-мужем. Просила Толстого помочь ей найти выход из создавшегося для нее затруднительного положения, усугубленного еще тем, что она любит другого.</p>
</comments></div></body>
        </text>
        </TEI>