<?xml version='1.0' encoding='UTF-8' standalone='no'?>

<TEI xmlns="http://www.tei-c.org/ns/1.0">
       <teiHeader>
          <fileDesc>
             <titleStmt>
                <title>Письмо №* 236. Неизвестной (В. Д.).</title>
             </titleStmt>
             <publicationStmt>
                <publisher>TolstoyLab</publisher>
                <date when="2015-09-14">14 September 2015</date>
             </publicationStmt>
             <sourceDesc>
                <biblStruct>
                   <analytic>
                      <author>Толстой Л.Н.</author>
                   </analytic>
                   <monogr>
                      <title level="m">Полное собрание сочинений. Том 77</title>
                      <imprint>
                         <pubPlace>Москва</pubPlace>
                         <publisher>Государственное издательство "Художественная литература"</publisher>
                         <date when="1956"/>
                      </imprint>
                   </monogr>
                   <series>
                      <title level="s">Л.Н. Толстой. Полное собрание сочинений</title>
                      <biblScope unit="vol">77</biblScope>
                   </series>
                </biblStruct>
             </sourceDesc>
          </fileDesc>
          <encodingDesc>
             <tagsDecl> </tagsDecl>
          </encodingDesc>
          <profileDesc>
             <correspDesc>
                <correspAction type="sending">
                   <persName ref="PersonList.xml#L_N_Tolstoy">Л. Н. Толстой</persName>
                   <placeName ref="PlacesListxml#PLACE">Ясная Поляна</placeName>
                   <date when="1907-09-21">1907 г. Сентября 21.</date>            </correspAction>
                <correspAction type="receiving">
                   <persName ref="PersonList.xml#RECEIVER">Неизвестной (В. Д.).</persName>
                </correspAction>
                <correspContext>
                   <ref type="prev">Ответ на письмо шестнадцатилетней девушки В. Д. из Казани от 17 сентября 1907 г. (почт. шт.). Она писала о своем душевном состоянии. Хорошие книги производили на нее «чарующее впечатление... Под их впечатлением верится и в лучшее будущее и свое и всего человечества, но это недолго… я, наконец, забываю все свои благие намерения и думаю только о себе, и я озлобляюсь против всех, тогда как мне хочется любить их всех, этих людей», — писала она и спрашивала, как освободиться от этого чувства, что читать. Сообщила адрес до востребования.</ref>
                </correspContext>
             </correspDesc>
          </profileDesc>
       </teiHeader>
       <xenoData><number type="in a volume">236</number></xenoData>

              <text xml:id="NeizvestnojV.D._236">
	<body><div>
		<opener index="false">
* 236. Неизвестной (В. Д.).
1907 г. Сентября 21. Я. П.</opener>
<p rend="left">Вполне понимаю ваше положение и от всей души сочувствую ему и очень рад бы был, если бы мог помочь вам выйти из этого положения не в разочарование, а на твердый путь духовного совершенствования.</p>
<p rend="left">Смысл и цель нашей жизни это бесконечное совершенствование, состоящее в увеличении любви, в всё большем и большем приближении к богу. «Будьте совершенны, как отец ваш небесный».</p>
<p rend="left">Читайте Евангелие. Главное же, работайте над собой. Строго смотрите за собой. Ищите свои недостатки — всё противное любви, и исправляйте, не унывая и не уставая.</p>
<p rend="right">Лев Толстой.</p>
<p rend="left">21 сент. <hi style="opdelimiter">1907.</hi><hi style="opnumber">203</hi></p>
<comments><p rend="Textpetit_otstup left"><hi style="npnumber">204</hi><hi style="npdelimiter">Печатается</hi> по копировальной книге № 7, л. 428.</p>
<p rend="petit left">Ответ на письмо шестнадцатилетней девушки В. Д. из Казани от 17 сентября 1907 г. (почт. шт.). Она писала о своем душевном состоянии. Хорошие книги производили на нее «чарующее впечатление... Под их впечатлением верится и в лучшее будущее и свое и всего человечества, но это недолго… я, наконец, забываю все свои благие намерения и думаю только о себе, и я озлобляюсь против всех, тогда как мне хочется любить их всех, этих людей», — писала она и спрашивала, как освободиться от этого чувства, что читать. Сообщила адрес до востребования.</p>
</comments></div></body>
        </text>
        </TEI>