<?xml version='1.0' encoding='UTF-8' standalone='no'?>

<TEI xmlns="http://www.tei-c.org/ns/1.0">
       <teiHeader>
          <fileDesc>
             <titleStmt>
                <title>Письмо №* 235. Начальнику варшавского исправительного арестантского отделения.</title>
             </titleStmt>
             <publicationStmt>
                <publisher>TolstoyLab</publisher>
                <date when="2015-09-14">14 September 2015</date>
             </publicationStmt>
             <sourceDesc>
                <biblStruct>
                   <analytic>
                      <author>Толстой Л.Н.</author>
                   </analytic>
                   <monogr>
                      <title level="m">Полное собрание сочинений. Том 78</title>
                      <imprint>
                         <pubPlace>Москва</pubPlace>
                         <publisher>Государственное издательство "Художественная литература"</publisher>
                         <date when="1956"/>
                      </imprint>
                   </monogr>
                   <series>
                      <title level="s">Л.Н. Толстой. Полное собрание сочинений</title>
                      <biblScope unit="vol">78</biblScope>
                   </series>
                </biblStruct>
				<bibl>Печатается по копировальной книге № 8, л. 297, куда вклеен дубликат подлинника, написанного и датированного на машинке.</bibl>
             </sourceDesc>
          </fileDesc>
          <encodingDesc>
             <tagsDecl> </tagsDecl>
          </encodingDesc>
          <profileDesc>
             <correspDesc>
                <correspAction type="sending">
                   <persName ref="PersonList.xml#L_N_Tolstoy">Л. Н. Толстой</persName>
                   <placeName ref="PlacesListxml#PLACE">Ясная Поляна</placeName>
                   <date when="1908-08-26">1908 г. Августа 26.</date>            </correspAction>
                <correspAction type="receiving">
                   <persName ref="PersonList.xml#RECEIVER">Начальнику варшавского исправительного арестантского отделения.</persName>
                </correspAction>
                <correspContext>
                   <ref type="prev"/>
                </correspContext>
             </correspDesc>
          </profileDesc>
       </teiHeader>
       <xenoData><number type="in a volume">235</number></xenoData>

              <text xml:id="Nachalnikuvarshavskogoispravitelnogoarestantskogootdeleniya_235">
	<body><div>
		<opener index="false">
*235. Начальнику варшавского исправительного арестантского отделения.
1908 г. Августа 26. Я. П.
</opener><p rend="right">Ясная Поляна. 26 августа 1908 года.</p>

<p rend="Obrashenie left">Милостивый государь,</p>
<p rend="left">В том исправительном арестантском отделении, которым вы заведуете, содержится мне известный Антон Иконников, человек высокой нравственности, за свой отказ от военной службы на основании своих религиозных убеждений сидящий уже четвертый год и покорно, кротко и смиренно переносящий свое заключение. Я писал ему несколько писем и посылал для развлечения в его уединении некоторые книги, которые не могут <hi style="opdelimiter">ни</hi><hi style="opnumber">212</hi> <hi style="npnumber">213</hi><hi style="npdelimiter">в</hi> каком случае считаться зловредными и не считаются таковыми в столицах и других городах. Будьте так добры, если это возможно, передать ему как мои письма, так и присланные мною прежде книги. В надежде на то, что ваше доброе сердце побудит вас облегчить хоть чем-нибудь участь этого человека, я очень прошу вас исполнить эту мою просьбу, т. е. передать ему мои письма и книги. В случае же невозможности этого, очень обяжете меня, известив о том, почему именно это невозможно.</p>
<p rend="right">С совершенным уважением</p>
<comments><p rend="Textpetit_otstup left">Печатается по копировальной книге № 8, л. 297, куда вклеен дубликат подлинника, написанного и датированного на машинке.</p>
<p rend="petit left">В письме от 17 августа 1908 г. А. И. Иконников сообщил, что в канцелярии тюрьмы получены на его имя книги, посланные Толстым, и что администрация отказалась выдать ему эти книги и отправила их в цейхгауз. В письмах от 7 сентября и 19 октября Иконников сообщал, что администрация и прокурор окончательно отказали ему в выдаче присланных книг, предложив пользоваться тюремной библиотекой. Адресат Толстому не ответил.</p>
</comments></div></body>
        </text>
        </TEI>