<?xml version='1.0' encoding='UTF-8' standalone='no'?>

<TEI xmlns="http://www.tei-c.org/ns/1.0">
       <teiHeader>
          <fileDesc>
             <titleStmt>
                <title>Письмо №* 427. Неизвестному.</title>
             </titleStmt>
             <publicationStmt>
                <publisher>TolstoyLab</publisher>
                <date when="2015-09-14">14 September 2015</date>
             </publicationStmt>
             <sourceDesc>
                <biblStruct>
                   <analytic>
                      <author>Толстой Л.Н.</author>
                   </analytic>
                   <monogr>
                      <title level="m">Полное собрание сочинений. Том 66</title>
                      <imprint>
                         <pubPlace>Москва</pubPlace>
                         <publisher>Государственное издательство "Художественная литература"</publisher>
                         <date when="1953"/>
                      </imprint>
                   </monogr>
                   <series>
                      <title level="s">Л.Н. Толстой. Полное собрание сочинений</title>
                      <biblScope unit="vol">66</biblScope>
                   </series>
                </biblStruct>
				<bibl>Печатается по черновику-автографу, набросанному на обороте листка из черновиков последней главы (заключения) рукописи статьи «Царство божие внутри вас», над которой Толстой работал в середине сентября 1892 г. Датируется приблизительно, временем написания заключения к книге «Царство божие внутри вас» и письмами на немецком языке, имеющимися в АТ за это время. Последнее из них датировано 28 января 1893 г.</bibl>
             </sourceDesc>
          </fileDesc>
          <encodingDesc>
             <tagsDecl> </tagsDecl>
          </encodingDesc>
          <profileDesc>
             <correspDesc>
                <correspAction type="draft">
                   <persName ref="PersonList.xml#L_N_Tolstoy">Л. Н. Толстой</persName>
                   <placeName ref="PlacesListxml#PLACE"/>
                   <date when="1892-09">1892 г. Сентября</date>            </correspAction>
                <correspAction type="receiving">
                   <persName ref="PersonList.xml#RECEIVER">Неизвестному.</persName>
                </correspAction>
                <correspContext>
                   <ref type="prev"/>
                </correspContext>
             </correspDesc>
          </profileDesc>
       </teiHeader>
       <xenoData><number type="in a volume">427</number></xenoData>

              <text xml:id="Neizvestnomu_427">
	<body><div>
		<opener index="false">
* 427. Неизвестному. Черновое.
1892 г. Сентября середина. 1893 г. Февраль?</opener>
<p rend="left">Ich habe ihren höchst interessanten und lehrreichen Brief erhalten und danke sie herzlich für ihn.</p>
<p rend="right">Mit Hochachtung.</p>
<p rend="petit left">Я получил ваше высокоинтересное и поучительное письмо и сердечно благодарю вас за него.</p>
<p rend="petit right">С глубоким уважением.</p>
<comments><p rend="Textpetit_otstup left">Печатается по черновику-автографу, набросанному на обороте листка из черновиков последней главы (заключения) рукописи статьи «Царство божие внутри вас», над которой Толстой работал в середине сентября 1892 г. Датируется приблизительно, временем написания заключения к книге «Царство божие внутри вас» и письмами на немецком языке, имеющимися в АТ за это время. Последнее из них датировано 28 января 1893 г.</p>
</comments></div></body>
        </text>
        </TEI>