<?xml version='1.0' encoding='UTF-8' standalone='no'?>

<TEI xmlns="http://www.tei-c.org/ns/1.0">
       <teiHeader>
          <fileDesc>
             <titleStmt>
                <title>Письмо №* 41. В редакцию газеты «The North American»</title>
             </titleStmt>
             <publicationStmt>
                <publisher>TolstoyLab</publisher>
                <date when="2015-09-14">14 September 2015</date>
             </publicationStmt>
             <sourceDesc>
                <biblStruct>
                   <analytic>
                      <author>Толстой Л.Н.</author>
                   </analytic>
                   <monogr>
                      <title level="m">Полное собрание сочинений. Том 75</title>
                      <imprint>
                         <pubPlace>Москва</pubPlace>
                         <publisher>Государственное издательство "Художественная литература"</publisher>
                         <date when="1956"/>
                      </imprint>
                   </monogr>
                   <series>
                      <title level="s">Л.Н. Толстой. Полное собрание сочинений</title>
                      <biblScope unit="vol">75</biblScope>
                   </series>
                </biblStruct>
             </sourceDesc>
          </fileDesc>
          <encodingDesc>
             <tagsDecl> </tagsDecl>
          </encodingDesc>
          <profileDesc>
             <correspDesc>
                <correspAction type="sending">
                   <persName ref="PersonList.xml#L_N_Tolstoy">Л. Н. Толстой</persName>
                   <placeName ref="PlacesListxml#PLACE">Ясная Поляна</placeName>
                   <date when="1904-02-09">1904 г. Февраля 9</date>            </correspAction>
                <correspAction type="receiving">
                   <persName ref="PersonList.xml#RECEIVER">В редакцию газеты «The North American»</persName>
                </correspAction>
                <correspContext>
                   <ref type="prev"/>
                </correspContext>
             </correspDesc>
          </profileDesc>
       </teiHeader>
       <xenoData><number type="in a volume">41</number></xenoData>

              <text xml:id="VredakciyugazetyTheNorthAmerican_41">
	<body><div>
		<opener index="false">
* 41. В редакцию газеты «The North American»

1904г. Февраля 9/22. Я. П.
</opener>
<p rend="left">Philadelphia.</p>
<p rend="left">Northamerican Newspaper.</p>
<p rend="left">I am neither for Russia nor Japan, but for labouring people of both, deceived by governments and obliged to fight against their welfare, conscience and religion.</p>
<p rend="right">Tolstoy.</p>
<lb/>
<p rend="left">Филадельфия.</p>
<p rend="left">Североамериканской газете.</p>
<p rend="left">Я ни за Россию, ни за Японию, а за рабочий народ обеих стран, обманутый правительствами и вынужденный воевать против своего благополучия, совести и религии.</p>
<p rend="right">Толстой.</p>
<comments><p rend="Textpetit_otstup left">Печатается по копировальной книге № 6, л. 63. Текст телеграммы и подпись написаны рукою Беркенгейма. Опубликовано в «The North American» от 24 февраля н. с. 1904 г., № 158, с датой: «Moscow, February 22».</p>
<p rend="petit left">«The North American» — ежедневная газета, выходившая в Филадельфии (США) с 1771 г.</p>
<p rend="petit left">Телеграмма Толстого является ответом на телеграмму редакции «The North American» от 1/14 февраля 1904 г.: «Сочувствуете ли вы России, Японии или никому».</p>
</comments></div></body>
        </text>
        </TEI>