<?xml version='1.0' encoding='UTF-8' standalone='no'?>

<TEI xmlns="http://www.tei-c.org/ns/1.0">
       <teiHeader>
          <fileDesc>
             <titleStmt>
                <title>Письмо №* 187. N. N.</title>
             </titleStmt>
             <publicationStmt>
                <publisher>TolstoyLab</publisher>
                <date when="2015-09-14">14 September 2015</date>
             </publicationStmt>
             <sourceDesc>
                <biblStruct>
                   <analytic>
                      <author>Толстой Л.Н.</author>
                   </analytic>
                   <monogr>
                      <title level="m">Полное собрание сочинений. Том 79</title>
                      <imprint>
                         <pubPlace>Москва</pubPlace>
                         <publisher>Государственное издательство "Художественная литература"</publisher>
                         <date when="1955"/>
                      </imprint>
                   </monogr>
                   <series>
                      <title level="s">Л.Н. Толстой. Полное собрание сочинений</title>
                      <biblScope unit="vol">79</biblScope>
                   </series>
                </biblStruct>
				<bibl>Печатается по дубликату подлинника.</bibl>
             </sourceDesc>
          </fileDesc>
          <encodingDesc>
             <tagsDecl> </tagsDecl>
          </encodingDesc>
          <profileDesc>
             <correspDesc>
                <correspAction type="sending">
                   <persName ref="PersonList.xml#L_N_Tolstoy">Л. Н. Толстой</persName>
                   <placeName ref="PlacesListxml#PLACE">Ясная Поляна</placeName>
                   <date when="1909-04-19">1909 г. Апреля 19.</date>            </correspAction>
                <correspAction type="receiving">
                   <persName ref="PersonList.xml#RECEIVER">N. N.</persName>
                </correspAction>
                <correspContext>
                   <ref type="prev">Ответ на письмо учителя народного дома Паниной в Петербурге от 6 марта (почт. шт.), который просил дать совет о том, как ему относиться к изменившей ему жене.</ref>
                </correspContext>
             </correspDesc>
          </profileDesc>
       </teiHeader>
       <xenoData><number type="in a volume">187</number></xenoData>

              <text xml:id="N.N._187">
	<body><div>
		<opener index="false">
* 187. N. N.
1909 г. Апреля 19. Я. П.</opener>
<p rend="right">Ясная Поляна 19 апреля, 09 года.</p>
<p rend="left">В вашем тяжелом положении могу советовать одно: простить жену, в том смысле, чтобы не упрекать ее, но прекратить с ней супружеские отношения. Всей душой соболезную вашему <hi style="opdelimiter">тяжелому</hi><hi style="opnumber">164</hi> <hi style="npnumber">165</hi><hi style="npdelimiter">положению</hi> и не думаю, чтобы можно было найти другой, лучший из него выход, чем тот, который я позволяю себе вам советовать.</p>
<comments><p rend="Textpetit_otstup left">Печатается по дубликату подлинника.</p>
<p rend="petit left">Ответ на письмо учителя народного дома Паниной в Петербурге от 6 марта (почт. шт.), который просил дать совет о том, как ему относиться к изменившей ему жене.</p>
<p rend="petit left">На конверте письма адресата Толстой набросал конспект ответа.</p>
</comments></div></body>
        </text>
        </TEI>