<?xml version='1.0' encoding='UTF-8' standalone='no'?>

<TEI xmlns="http://www.tei-c.org/ns/1.0">
       <teiHeader>
          <fileDesc>
             <titleStmt>
                <title>Письмо №22. Тверским гимназисткам.</title>
             </titleStmt>
             <publicationStmt>
                <publisher>TolstoyLab</publisher>
                <date when="2015-09-14">14 September 2015</date>
             </publicationStmt>
             <sourceDesc>
                <biblStruct>
                   <analytic>
                      <author>Толстой Л.Н.</author>
                   </analytic>
                   <monogr>
                      <title level="m">Полное собрание сочинений. Том 69</title>
                      <imprint>
                         <pubPlace>Москва</pubPlace>
                         <publisher>Государственное издательство "Художественная литература"</publisher>
                         <date when="1954"/>
                      </imprint>
                   </monogr>
                   <series>
                      <title level="s">Л.Н. Толстой. Полное собрание сочинений</title>
                      <biblScope unit="vol">69</biblScope>
                   </series>
                </biblStruct>
				<bibl>Печатается по листам 51 и 52 копировальной книги. Впервые опубликовано (почти полностью) в «Листках Свободного слова», Крайстчерч, Англия, 1898, № 1, стр. 32. Дата определяется почтовым штемпелем получения письма адресатов: «Москва, 1/II 1896» и местом письма в копировальной книге.</bibl>
             </sourceDesc>
          </fileDesc>
          <encodingDesc>
             <tagsDecl> </tagsDecl>
          </encodingDesc>
          <profileDesc>
             <correspDesc>
                <correspAction type="sending">
                   <persName ref="PersonList.xml#L_N_Tolstoy">Л. Н. Толстой</persName>
                   <placeName ref="PlacesListxml#PLACE">Москва</placeName>
                   <date from="1896-02-01" to="1896-02-10">1896 г. Начало февраля</date>            </correspAction>
                <correspAction type="receiving">
                   <persName ref="PersonList.xml#RECEIVER">Тверским гимназисткам.</persName>
                </correspAction>
                <correspContext>
                   <ref type="prev">Ответ на письмо от 31 января 1896 г. от семи гимназисток выпускного класса Тверской гимназии.</ref>
                </correspContext>
             </correspDesc>
          </profileDesc>
       </teiHeader>
       <xenoData><number type="in a volume">22</number></xenoData>

              <text xml:id="Tverskimgimnazistkam_22">
	<body><div>
		<opener index="false">
22. Тверским гимназисткам.
1896 г. Начало февраля. Москва.</opener>
<p rend="left">Очень желал бы ответить на ваш вопрос, но он так неопределенен, что я не знаю, что сказать. Одно есть в вашем письме: вы говорите, что потеряли веру, — и это очень важно.</p>
<p rend="left">Без веры нельзя жить. Вера состоит в том, чтобы знать, зачем мы живем. Вот это постарайтесь узнать. Это важнее всего на свете. Но постарайтесь найти это сами, а не поверить кому-нибудь на слово. Для того же, чтобы узнать самому, надо испытывать веру, как говорил Христос: испытайте учение, и тогда увидите, правда ли оно.</p>
<p rend="left">Мою веру я высказываю во всех моих писаниях последних лет, сущность ее упишется здесь. Вера моя в том, что жизнь наша принадлежит не нам, а богу, <choice original_editorial_correction='к[оторый]'><sic>к</sic><corr>который</corr></choice> нас послал в жизнь, и потому цель нашей жизни должна состоять в том, чтобы делать его волю. Воля же его в том, чтобы любовно поступать с другими, так же, как хочешь, чтобы поступали с тобою, для того чтобы в мире борьба и ненависть заменялись согласием и любовью. Вот и всё. Испытайте жить по этой вере, и вы увидите, справедлива ли она.</p>
<p rend="left">Дай вам бог истинного блага, а другого нет,<note xml:id="note1" resp="volume_editor" index="false"> Слова: «а другого нет» почти не отпечатались в копировке и восстановлены по догадке.</note> как жить по его воле. И благо это большое, — больше всех других благ.</p>
<p rend="right">Л. Толстой.</p>
<comments><p rend="Textpetit_otstup left">Печатается по листам 51 и 52 копировальной книги. Впервые опубликовано (почти полностью) в «Листках Свободного слова», Крайстчерч, Англия, 1898, № 1, стр. 32. Дата определяется почтовым штемпелем получения письма адресатов: «Москва, 1/II 1896» и местом письма в копировальной книге.</p>
<p rend="petit left">Ответ на письмо от 31 января 1896 г. от семи гимназисток выпускного класса Тверской гимназии.</p>
<p rend="Textpetit_otstup left"><hi>1</hi> Слова: «а другого нет» почти не отпечатались в копировке и восстановлены по догадке.</p>
</comments></div></body>
        </text>
        </TEI>