<?xml version='1.0' encoding='UTF-8' standalone='no'?>

<TEI xmlns="http://www.tei-c.org/ns/1.0">
       <teiHeader>
          <fileDesc>
             <titleStmt>
                <title>Письмо №100. Президенту Общества итальянских артистов (Al Presidente del Associazione degli Artisti Italiani).</title>
             </titleStmt>
             <publicationStmt>
                <publisher>TolstoyLab</publisher>
                <date when="2015-09-14">14 September 2015</date>
             </publicationStmt>
             <sourceDesc>
                <biblStruct>
                   <analytic>
                      <author>Толстой Л.Н.</author>
                   </analytic>
                   <monogr>
                      <title level="m">Полное собрание сочинений. Том 79</title>
                      <imprint>
                         <pubPlace>Москва</pubPlace>
                         <publisher>Государственное издательство "Художественная литература"</publisher>
                         <date when="1955"/>
                      </imprint>
                   </monogr>
                   <series>
                      <title level="s">Л.Н. Толстой. Полное собрание сочинений</title>
                      <biblScope unit="vol">79</biblScope>
                   </series>
                </biblStruct>
				<bibl>Печатается по коппи рукой H. H. Гусева, вклеенной в копировальную книгу № 8, л. 520.</bibl>
             </sourceDesc>
          </fileDesc>
          <encodingDesc>
             <tagsDecl> </tagsDecl>
          </encodingDesc>
          <profileDesc>
             <correspDesc>
                <correspAction type="sending">
                   <persName ref="PersonList.xml#L_N_Tolstoy">Л. Н. Толстой</persName>
                   <placeName ref="PlacesListxml#PLACE">Ясная Поляна</placeName>
                   <date when="1909-02-27">1909 г. Февраля 27.</date>            </correspAction>
                <correspAction type="receiving">
                   <persName ref="PersonList.xml#RECEIVER">Президенту Общества итальянских артистов (Al Presidente del Associazione degli Artisti Italiani).</persName>
                </correspAction>
                <correspContext>
                   <ref type="prev"/>
                </correspContext>
             </correspDesc>
          </profileDesc>
       </teiHeader>
       <xenoData><number type="in a volume">100</number></xenoData>

              <text xml:id="PrezidentuObshhestvaitalyanskixartistovAlPresidentedelAssociazionedegliArtistiItaliani_100">
	<body><div>
		<opener index="false">
100. Президенту Общества итальянских артистов<lb/>(Al Presidente del Associazione degli<lb/>Artisti Italiani).

1909г. Февраля 27. Я. П.
</opener>
<p rend="Obrashenie left">Cher Monsieur,</p>
<p rend="left">J’envoie pour votre numéro Unico un article que je viens d’écrire.<note xml:id="note1" resp="volume_editor" index="false"> «Разговор отца с сыном». См. т. 37.</note> Je désire fort qu’il vous convienne et reçoive votre approbation. Je me sens obligé cependant de vous signaler une certaine condition qui se rapporte à tout ce que j’ai écrit et publié depuis 1881.</p>
<p rend="left">En 1891 j’ai renoncé à mes droits de propriété à tout ce que j’ai écrit et écrirai depuis 1881 de sorte que chacun à présent a le droit de republier tous mes écrits postérieurs à 1881 ce qui se rapporte naturellement aussi à l’écrit que je vous envoie.</p>
<p rend="left">Recevez, je vous prie, cher Monsieur, l’assurance de ma parfaite considération.</p>
<p rend="right">Léon Tolstoy.</p>
<p rend="left">1909, 12 Mars.</p>
<lb/>
<p rend="Obrashenie petit">Милостивый государь,</p>
<p rend="petit left">Посылаю для вашего сборника Unico только что написанную статью.<note xml:id="note2" resp="volume_editor" index="false"> «Разговор отца с сыном». См. т. 37.</note> Очень желал бы, чтобы она пригодилась вам и получила ваше одобрение. Вместе с тем считаю своим долгом отметить одно условие, которое относится ко всему, что я написал и издал после 1881 г.</p>
<p rend="petit left">В 1891 г. я отказался от своих прав собственности в отношении всего, что написал и напишу с 1881 г. Так что в настоящее время каждый имеет право переиздавать мои сочинения, вышедшие после 1881 г., что, само собой разумеется, относится и к тому, что я, вам <hi style="opdelimiter">посылаю.</hi><hi style="opnumber">96</hi></p>
<p rend="petit left"><hi style="npnumber">97</hi><hi style="npdelimiter">Примите,</hi> милостивый государь, уверение в совершенном уважении.</p>
<p rend="petit right">Лев Толстой.</p>
<p rend="petit left">1909, 12 марта.</p>
<comments><p rend="Textpetit_otstup left">Печатается по коппи рукой H. H. Гусева, вклеенной в копировальную книгу № 8, л. 520.</p>
<p rend="petit left"><ref target="file:///Volume_79_PrezidentuObshhestvaitalyanskixartistovAlPresidentedelAssociazionedegliArtistiItaliani_33.xml">См. письмо № 33</ref></p>
<p rend="Textpetit_otstup left"><hi>1</hi> «Разговор отца с сыном». См. т. 37.</p>
<p rend="petit left">На письмо Толстого президент общества Д. Гаутман отвечал письмом от 23 марта нов. ст.: «От лица «Associazione degli Artisti Italiani» приношу вам глубокую благодарность за присылку рассказа в пользу пострадавших от землетрясения».</p>
</comments></div></body>
        </text>
        </TEI>