<?xml version='1.0' encoding='UTF-8' standalone='no'?>

<TEI xmlns="http://www.tei-c.org/ns/1.0">
       <teiHeader>
          <fileDesc>
             <titleStmt>
                <title>Письмо №* 40. NN («тифлисским барышням»).</title>
             </titleStmt>
             <publicationStmt>
                <publisher>TolstoyLab</publisher>
                <date when="2015-09-14">14 September 2015</date>
             </publicationStmt>
             <sourceDesc>
                <biblStruct>
                   <analytic>
                      <author>Толстой Л.Н.</author>
                   </analytic>
                   <monogr>
                      <title level="m">Полное собрание сочинений. Том 64</title>
                      <imprint>
                         <pubPlace>Москва</pubPlace>
                         <publisher>Государственное издательство "Художественная литература"</publisher>
                         <date when="1954"/>
                      </imprint>
                   </monogr>
                   <series>
                      <title level="s">Л.Н. Толстой. Полное собрание сочинений</title>
                      <biblScope unit="vol">64</biblScope>
                   </series>
                </biblStruct>
             </sourceDesc>
          </fileDesc>
          <encodingDesc>
             <tagsDecl> </tagsDecl>
          </encodingDesc>
          <profileDesc>
             <correspDesc>
                <correspAction type="sending">
                   <persName ref="PersonList.xml#L_N_Tolstoy">Л. Н. Толстой</persName>
                   <placeName ref="PlacesListxml#PLACE">Москва</placeName>
                   <date from="1887-03-23" to="1887-03-25">1887 г. Марта 23 — 25?</date>            </correspAction>
                <correspAction type="receiving">
                   <persName ref="PersonList.xml#RECEIVER">NN («тифлисским барышням»).</persName>
                </correspAction>
                <correspContext>
                   <ref type="prev"/>
                </correspContext>
             </correspDesc>
          </profileDesc>
       </teiHeader>
       <xenoData><number type="in a volume">40</number></xenoData>

              <text xml:id="NN_tiflisskim_baryshnyam_40">
	<body><div>
		<opener index="false">
* 40. NN («тифлисским барышням»).
1887 г. Марта 23—25? Москва.
</opener><p rend="left">Книжки Сытинских изданий большие — так <choice original_editorial_correction='наз[ываемые]'><sic>наз</sic><corr>называемые</corr></choice> романы все разосланы желавшим заняться их переделкой, кроме одной, <choice original_editorial_correction='кот[орую]'><sic>кот</sic><corr>которую</corr></choice> и посылаю; остаются мелкие — листовки; переделка или замена их хорошим содержанием еще более нужна; посылаю таких 4. Если же бы вам вздумалось, независимо от посылаемых книг, составить из известных <hi style="opdelimiter">хороших</hi><hi style="opnumber">28</hi> <hi style="npnumber">29</hi><hi style="npdelimiter">романов</hi> Диккенса, Эллиота<hi>1 </hi>и др., сокращая и опрощая их, книжки в размере той, <choice original_editorial_correction='кот[орую]'><sic>кот</sic><corr>которую</corr></choice> посылаю, то это было бы очень хорошо. Размером, впрочем, стесняться не нужно: можно и в двух таких частях. За подробностями, <choice original_editorial_correction='кот[орые]'><sic>кот</sic><corr>которые</corr></choice> могут вам еще понадобиться, прошу обращаться к Ив. Ив. Петрову<note xml:id="note1" resp="volume_editor" index="false"> О Иване Ивановиче Петрове см. прим. к письму № 62.</note> в Москву, Страстной бульвар, <choice original_editorial_correction='меблиров[анные]'><sic>меблиров</sic><corr>меблированные</corr></choice> комнаты Каретниковой. </p>
<p rend="left">Как будет хорошо, когда дело это пойдет!</p>
<p rend="right">Л. Толстой.</p>
<comments><p rend="Textpetit_otstup left">Датируется на основании письма «тифлисских барышень» от 20 марта 1887 г., на которое отвечает Толстой.</p>
<p rend="petit left">«Тифлисские барышни» — группа женской учащейся молодежи Тифлиса, обратившаяся в конце 1886 г. к Толстому с просьбой указать им, куда бы они могли «приложить свои знания». Толстой посоветовал им заняться переделкой книг для народного чтения. См. т. 63, № 587.</p>
<p rend="Textpetit_otstup left"><hi>1</hi> Джордж Эллиот — псевдоним английской писательницы Марии-Анны Эванс (1820—1880).</p>
<p rend="petit left"><hi>2</hi> О Иване Ивановиче Петрове см. прим. к письму № 62.</p>
</comments></div></body>
        </text>
        </TEI>