<?xml version='1.0' encoding='UTF-8' standalone='no'?>

<TEI xmlns="http://www.tei-c.org/ns/1.0">
       <teiHeader>
          <fileDesc>
             <titleStmt>
                <title>Письмо №* 89. Неизвестной (Эсфири).</title>
             </titleStmt>
             <publicationStmt>
                <publisher>TolstoyLab</publisher>
                <date when="2015-09-14">14 September 2015</date>
             </publicationStmt>
             <sourceDesc>
                <biblStruct>
                   <analytic>
                      <author>Толстой Л.Н.</author>
                   </analytic>
                   <monogr>
                      <title level="m">Полное собрание сочинений. Том 79</title>
                      <imprint>
                         <pubPlace>Москва</pubPlace>
                         <publisher>Государственное издательство "Художественная литература"</publisher>
                         <date when="1955"/>
                      </imprint>
                   </monogr>
                   <series>
                      <title level="s">Л.Н. Толстой. Полное собрание сочинений</title>
                      <biblScope unit="vol">79</biblScope>
                   </series>
                </biblStruct>
				<bibl>Печатается по машинописной коппи, вклеенной в копировальную книгу № 8, л. 513.</bibl>
             </sourceDesc>
          </fileDesc>
          <encodingDesc>
             <tagsDecl> </tagsDecl>
          </encodingDesc>
          <profileDesc>
             <correspDesc>
                <correspAction type="sending">
                   <persName ref="PersonList.xml#L_N_Tolstoy">Л. Н. Толстой</persName>
                   <placeName ref="PlacesListxml#PLACE">Ясная Поляна</placeName>
                   <date when="1909-02-25">1909 г. Февраля 25.</date>            </correspAction>
                <correspAction type="receiving">
                   <persName ref="PersonList.xml#RECEIVER">Неизвестной (Эсфири).</persName>
                </correspAction>
                <correspContext>
                   <ref type="prev"/>
                </correspContext>
             </correspDesc>
          </profileDesc>
       </teiHeader>
       <xenoData><number type="in a volume">89</number></xenoData>

              <text xml:id="NeizvestnojEsfiri_89">
	<body><div>
		<opener index="false">
* 89. Неизвестной (Эсфири).
1909 г. Февраля 25. Я. П.</opener>
<p rend="left">Не советую изменять своей жизни, а постараться видеть как можно больше хорошего в других, особенно в близких людях, и как можно больше дурного в самом близком человеке — в самом себе.</p>
<p rend="right">Д. Толстой.</p>
<p rend="left">25 февраля 1909 г.</p>
<comments><p rend="Textpetit_otstup left">Печатается по машинописной коппи, вклеенной в копировальную книгу № 8, л. 513.</p>
<p rend="petit left">Об адресате сведений не имеется. Письмо, на которое отвечает Толстой, неизвестно.</p>
</comments></div></body>
        </text>
        </TEI>