<?xml version='1.0' encoding='UTF-8' standalone='no'?>

<TEI xmlns="http://www.tei-c.org/ns/1.0">
       <teiHeader>
          <fileDesc>
             <titleStmt>
                <title>Письмо №* 182. Неизвестным (адвокатам).</title>
             </titleStmt>
             <publicationStmt>
                <publisher>TolstoyLab</publisher>
                <date when="2015-09-14">14 September 2015</date>
             </publicationStmt>
             <sourceDesc>
                <biblStruct>
                   <analytic>
                      <author>Толстой Л.Н.</author>
                   </analytic>
                   <monogr>
                      <title level="m">Полное собрание сочинений. Том 82</title>
                      <imprint>
                         <pubPlace>Москва</pubPlace>
                         <publisher>Государственное издательство "Художественная литература"</publisher>
                         <date when="1956"/>
                      </imprint>
                   </monogr>
                   <series>
                      <title level="s">Л.Н. Толстой. Полное собрание сочинений</title>
                      <biblScope unit="vol">82</biblScope>
                   </series>
                </biblStruct>
				<bibl>Печатается по машинописным подлинникам в двух экземплярах. На подлинниках письмо датировано 20 августа 1910 г. Дату эту следует считать ошибочной, так как письмо Тужикова-Кольцова было получено, как видно по почтовому штемпелю, 9 сентября, следовательно обращение Толстого, вызванное им, не могло быть раньше этого дня. Подлинники были напечатаны в двух или более экземплярах без обращения и, повидимому, должны были быть переданы адвокатам, к которым предполагалось обратиться с просьбой защищать Тужикова-Кольцова. Но неизвестно, были ли они переданы кому-либо из московских адвокатов и защищал ли на суде кто-нибудь из них Тужикова-Кольцова.</bibl>
             </sourceDesc>
          </fileDesc>
          <encodingDesc>
             <tagsDecl> </tagsDecl>
          </encodingDesc>
          <profileDesc>
             <correspDesc>
                <correspAction type="sending">
                   <persName ref="PersonList.xml#L_N_Tolstoy">Л. Н. Толстой</persName>
                   <placeName ref="PlacesListxml#PLACE">Кочеты</placeName>
                   <date when="1910-09-09">1910 г. Сентября 9?</date>            </correspAction>
                <correspAction type="receiving">
                   <persName ref="PersonList.xml#RECEIVER">Неизвестным (адвокатам).</persName>
                </correspAction>
                <correspContext>
                   <ref type="prev"/>
                </correspContext>
             </correspDesc>
          </profileDesc>
       </teiHeader>
       <xenoData><number type="in a volume">182</number></xenoData>

       <text xml:id="Neizvestnymadvokatam_182">
	<body><div>
		<opener index="false">
* 182. Неизвестным (адвокатам).
1910 г. Сентября 9? Кочеты.</opener>
<p rend="right">20 августа 10 г. С. Кочеты.</p>
<p rend="left">Меня просил незнакомый мне, содержащийся в Москве в Таганской тюрьме, некто Николай Ильин Тужаков-Кольцов,<note xml:id="note1" resp="volume_editor" index="false"> Фамилия корреспондента Толстого не Тужаков-Кольцов, а, как видно по его подписи на письме, Тужиков-Кольцов.</note> о том, чтобы я просил вас взять на себя его защиту. Исполняю его просьбу и прошу вас извинить меня, если эта моя передача вам его просьбы затруднит вас.</p>
<p rend="right">С совершенным уважением Лев Толстой.</p>
<p rend="left">Адрес мой в настоящее время: Тульская губ., п. о. Благодатное.</p>
<comments><p rend="Textpetit_otstup left">Печатается по машинописным подлинникам в двух экземплярах. На подлинниках письмо датировано 20 августа 1910 г. Дату эту следует считать ошибочной, так как письмо Тужикова-Кольцова было получено, как видно по почтовому штемпелю, 9 сентября, следовательно обращение Толстого, вызванное им, не могло быть раньше этого дня. Подлинники были напечатаны в двух или более экземплярах без обращения и, повидимому, должны были быть переданы адвокатам, к которым предполагалось обратиться с просьбой защищать Тужикова-Кольцова. Но неизвестно, были ли они переданы кому-либо из московских адвокатов и защищал ли на суде кто-нибудь из них Тужикова-Кольцова.</p>
<p rend="petit left">Николай Ильич Тужиков-Кольцов (см. «Список писем по поручению», № 22) — отказавшийся от участия в войне с Японией в 1904 г. и за это приговоренный к четырем годам каторжных работ. По отбытии срока, как видно из его писем, он вновь отказался от военной службы, и дело его было передано в Московский окружной суд по 12 уголовному отделению. Дальнейших сведений о судьбе Тужикова-Кольцова не имеется. Письмо Толстого к адвокатам вызвано письмом Н. И. Тужикова-Кольцова от 28 августа 1910 г., в котором он просил Толстого рекомендовать защитника по его делу.</p>
<p rend="Textpetit_otstup left"><hi>1</hi> Фамилия корреспондента Толстого не Тужаков-Кольцов, а, как видно по его подписи на письме, Тужиков-Кольцов.</p>
<p rend="emptyline left"><hi style="opnumber">143</hi> <hi style="npnumber">144</hi></p>
</comments></div></body>
        </text>
        </TEI>