<?xml version='1.0' encoding='UTF-8' standalone='no'?>

<TEI xmlns="http://www.tei-c.org/ns/1.0">
       <teiHeader>
          <fileDesc>
             <titleStmt>
                <title>Письмо №* 195. Редакции «Neuen Gesellschaftlichen Correspondent».</title>
             </titleStmt>
             <publicationStmt>
                <publisher>TolstoyLab</publisher>
                <date when="2015-09-14">14 September 2015</date>
             </publicationStmt>
             <sourceDesc>
                <biblStruct>
                   <analytic>
                      <author>Толстой Л.Н.</author>
                   </analytic>
                   <monogr>
                      <title level="m">Полное собрание сочинений. Том 80</title>
                      <imprint>
                         <pubPlace>Москва</pubPlace>
                         <publisher>Государственное издательство "Художественная литература"</publisher>
                         <date when="1955"/>
                      </imprint>
                   </monogr>
                   <series>
                      <title level="s">Л.Н. Толстой. Полное собрание сочинений</title>
                      <biblScope unit="vol">80</biblScope>
                   </series>
                </biblStruct>
				<bibl>Печатается по машинописной копии. Первый вариант печатается по черновику-автографу, написанному на конверте письма адресата. Второй — по копии, записанной в дневнике Д. П. Маковицкого 12 октября 1909 <hi style="opdelimiter">г.</hi><hi style="opnumber">142</hi> <hi style="npnumber">143</hi><hi style="npdelimiter">Согласно</hi> этой рукописи, вторая редакция была подписана Толстым (в копии подпись не воспроизведена).</bibl>
             </sourceDesc>
          </fileDesc>
          <encodingDesc>
             <tagsDecl> </tagsDecl>
          </encodingDesc>
          <profileDesc>
             <correspDesc>
                <correspAction type="sending">
                   <persName ref="PersonList.xml#L_N_Tolstoy">Л. Н. Толстой</persName>
                   <placeName ref="PlacesListxml#PLACE">Ясная Поляна</placeName>
                   <date when="1909-10-12">Октября 12</date>/<date when="1909-10-25">25.</date>            </correspAction>
                <correspAction type="receiving">
                   <persName ref="PersonList.xml#RECEIVER">Редакции «Neuen Gesellschaftlichen Correspondent».</persName>
                </correspAction>
                <correspContext>
                   <ref type="prev"/>
                </correspContext>
             </correspDesc>
          </profileDesc>
       </teiHeader>
       <xenoData><number type="in a volume">195</number></xenoData>

       <text xml:id="RedakciiNeuenGesellschaftlichenCorrespondenz_195">
	<body><div>
		<opener index="false">
* 195. Редакции «Neuen Gesellschaftlichen Correspondent».

Октября12/25. Я. П.
</opener><p rend="right">12/25 Oct. 1909.</p>

<p rend="Obrashenie left">Geerhter Herr.</p>
<p rend="left">Es wundert mich sehr, dass Sie an mich so eine Frage richten die schon lange her keine Frage nicht nur für einen Christen, sondern auch für einem jeden wirklich aufgeklärten Menschen sein kan.</p>
<p rend="right">Leo Tolstoy.</p>
<lb/>
<p rend="petit right">15/25 окт. 1909.</p>
<p rend="Obrashenie petit">Милостивый государь.</p>
<p rend="petit left">Меня очень удивляет, что вы обращаетесь ко мне с таким вопросом, который давно уже не является вопросом не только для христианина, но также для всякого истинно просвещенного человека.</p>
<p rend="petit right">Лев Толстой.</p>
<lb/>
<p rend="subtitle centerline center">
<hi>Первый вариант.</hi>
</p>
<p rend="left">Es thut mir Leid, dass so eine [Frage] wie die die Sie an mich richten nicht nur von Christen, aber von vernunftigen Menschen gestellt werden kann.</p>
<comments><p rend="Textpetit_otstup left">Мне жаль, что этот [вопрос], который вы мне ставите, [еще] может быть поставлен не только христианином, но [просто] разумным человеком.</p>
<lb/>
<p rend="subtitle centerline center">
<hi>Второй вариант.</hi>
</p>
<p rend="left">Es thut mir herzlich leid, dass Sie eine Frage, die für wirklich aufgeklärte Leute schon lange her keine Frage (mehr) ist, stellen, mir, der durch nichts, wie mir scheint, bewiesen hat, dass er ein Schelm oder ein Dummkopf wäre.</p>
<p rend="Textpetit_otstup left">Мне искренно жаль, что вы задали мне вопрос, который для истинно просвещенных людей давно уже не является вопросом, который, как мне кажется, показывает не что иное, как то, что он плут или глупец.</p>
<p rend="Textpetit_otstup left">Печатается по машинописной копии. Первый вариант печатается по черновику-автографу, написанному на конверте письма адресата. Второй — по копии, записанной в дневнике Д. П. Маковицкого 12 октября 1909 <hi style="opdelimiter">г.</hi><hi style="opnumber">142</hi> <hi style="npnumber">143</hi><hi style="npdelimiter">Согласно</hi> этой рукописи, вторая редакция была подписана Толстым (в копии подпись не воспроизведена).</p>
<p rend="petit left">В анкете, датированной 20 октября н. ст. и присланной из Берлина, редакция «Neuen Gesellschaftlichen Correspondenz» спрашивала (перевод с немецкого): «Как вы лично смотрите на смертную казнь? Стоите ли вы за ее отмену или за оставление? Или вы считаете, что вопрос должен быть разрешен в каждом случае самостоятельно?» Результаты анкеты редакция предполагала опубликовать.</p>
<p rend="petit left">Толстой хотел послать второй вариант, но, решив, что такой ответ может обидеть, отправил письмо в более смягченной редакции, которая публикуется здесь по порядку первой.</p>
</comments></div></body>
        </text>
        </TEI>