<?xml version='1.0' encoding='UTF-8' standalone='no'?>

<TEI xmlns="http://www.tei-c.org/ns/1.0">
       <teiHeader>
          <fileDesc>
             <titleStmt>
                <title>Письмо №98. NN (П-н).</title>
             </titleStmt>
             <publicationStmt>
                <publisher>TolstoyLab</publisher>
                <date when="2015-09-14">14 September 2015</date>
             </publicationStmt>
             <sourceDesc>
                <biblStruct>
                   <analytic>
                      <author>Толстой Л.Н.</author>
                   </analytic>
                   <monogr>
                      <title level="m">Полное собрание сочинений. Том 78</title>
                      <imprint>
                         <pubPlace>Москва</pubPlace>
                         <publisher>Государственное издательство "Художественная литература"</publisher>
                         <date when="1956"/>
                      </imprint>
                   </monogr>
                   <series>
                      <title level="s">Л.Н. Толстой. Полное собрание сочинений</title>
                      <biblScope unit="vol">78</biblScope>
                   </series>
                </biblStruct>
				<bibl>Печатается по копировальной книге № 8, л. 164, куда вклеен дубликат подлинника, написанного на машинке (в дубликате подпись и собственноручная дата воспроизведены рукой H. Н. Гусева). Продиктовано в фонограф. Впервые опубликовано в TT, 1, стр. 18—19.</bibl>
             </sourceDesc>
          </fileDesc>
          <encodingDesc>
             <tagsDecl> </tagsDecl>
          </encodingDesc>
          <profileDesc>
             <correspDesc>
                <correspAction type="sending">
                   <persName ref="PersonList.xml#L_N_Tolstoy">Л. Н. Толстой</persName>
                   <placeName ref="PlacesListxml#PLACE">Ясная Поляна</placeName>
                   <date when="1908-03-25">1908 г. Марта 25.</date>            </correspAction>
                <correspAction type="receiving">
                   <persName ref="PersonList.xml#RECEIVER">NN (П-н).</persName>
                </correspAction>
                <correspContext>
                   <ref type="prev"/>
                </correspContext>
             </correspDesc>
          </profileDesc>
       </teiHeader>
       <xenoData><number type="in a volume">98</number></xenoData>

              <text xml:id="N.N.P-n_98">
	<body><div>
		<opener index="false">
98. NN (П-н).
1908 г. Марта 25. Я. П.</opener>
<p rend="right">Ясная Поляна.</p>
<p rend="left">В ответ на ваше письмо советовал бы вам прочесть Мф. г. V, ст. 31 и 32. Не потому советую это вам, что это евангелие, которое считается священной книгой, а потому, что тут выражено самое практическое, мудрое правило, относящееся к вашему положению. В половом вопросе как было, так всегда и останется идеалом полное целомудрие: человек естественно стремится к нем<hi>у,</hi> так как противное целомудрию состояние есть состояние животного. Но так как достижение полного целомудрия трудно молодым людям, то ближайшее приближение к нему есть супружество, при котором муж не покидает жены, и жена не покидает мужа для того, чтобы они оба имели возможность исполнять то, что одно оправдывает супружество: родить и воспитать детей. Когда же мужчина оставляет жену и берет другую, то, очевидно, у него идеал не целомудрие, а <hi style="opdelimiter">личное</hi><hi style="opnumber">103</hi> <hi style="npnumber">104</hi><hi style="npdelimiter">счастье.</hi> И потому в вашем вопросе советовал бы вам употребить всю силу воли над собою для того, чтобы расстаться с тем человеком, который вовлекает вас в грех и в тяжелое во всех отношениях положение. Как вам лучшим образом сделать это, не огорчив и не оскорбив того человека, это вы знаете. Мой совет очень определенный, и я ничего другого сказать вам не могу.</p>
<p rend="left">Желаю истинно вам настоящего блага. Прощайте, желаю вам всего хорошего, и самое хорошее для вас есть освобождение от того соблазна, в котором вы находитесь.</p>
<p rend="right">Лев Толстой.</p>
<p rend="left">25 марта 1908.</p>
<comments><p rend="Textpetit_otstup left">Печатается по копировальной книге № 8, л. 164, куда вклеен дубликат подлинника, написанного на машинке (в дубликате подпись и собственноручная дата воспроизведены рукой H. Н. Гусева). Продиктовано в фонограф. Впервые опубликовано в TT, 1, стр. 18—19.</p>
<p rend="petit left">В письме от 8 марта 1908 г. П-н, учительница двухклассного училища, просила совета в вопросе своей личной жизни. Она полюбила женатого человека, чем вызвала протест со стороны своей матери. Его жена не соглашалась на развод, и, кроме того, они не могли жениться потому, что он еврей, а она христианка. Сойтись с ним без брака значит убить свою мать. Он предлагал уехать зa границу, но она не решалась покинуть мать, которую содержала. Пробовала забыть его, не удавалось, потому что это не увлечение, а прочная любовь. Жизнь сделалась для нее мукой.</p>
</comments></div></body>
        </text>
        </TEI>