<?xml version='1.0' encoding='UTF-8' standalone='no'?>

<TEI xmlns="http://www.tei-c.org/ns/1.0">
       <teiHeader>
          <fileDesc>
             <titleStmt>
                <title>Письмо №* 119. В. М. Шминке.</title>
             </titleStmt>
             <publicationStmt>
                <publisher>TolstoyLab</publisher>
                <date when="2015-09-14">14 September 2015</date>
             </publicationStmt>
             <sourceDesc>
                <biblStruct>
                   <analytic>
                      <author>Толстой Л.Н.</author>
                   </analytic>
                   <monogr>
                      <title level="m">Полное собрание сочинений. Том 79</title>
                      <imprint>
                         <pubPlace>Москва</pubPlace>
                         <publisher>Государственное издательство "Художественная литература"</publisher>
                         <date when="1955"/>
                      </imprint>
                   </monogr>
                   <series>
                      <title level="s">Л.Н. Толстой. Полное собрание сочинений</title>
                      <biblScope unit="vol">79</biblScope>
                   </series>
                </biblStruct>
				<bibl>Печатается по копировальной книге № 8, л. 527.</bibl>
             </sourceDesc>
          </fileDesc>
          <encodingDesc>
             <tagsDecl> </tagsDecl>
          </encodingDesc>
          <profileDesc>
             <correspDesc>
                <correspAction type="sending">
                   <persName ref="PersonList.xml#L_N_Tolstoy">Л. Н. Толстой</persName>
                   <placeName ref="PlacesListxml#PLACE">Ясная Поляна</placeName>
                   <date when="1909-03-10">1909 г. Марта 10.</date>            </correspAction>
                <correspAction type="receiving">
                   <persName ref="PersonList.xml#RECEIVER">В. М. Шминке.</persName>
                </correspAction>
                <correspContext>
                   <ref type="prev">Ответ на письмо В. М. Шминке (сведений о нем не имеется) от 26 февраля из Нижнего Тагила, в котором Шминке писал, что благодаря сочинениям Толстого он «понял смысл жизни», и просил написать на память «хоть две строчки поучения».</ref>
                </correspContext>
             </correspDesc>
          </profileDesc>
       </teiHeader>
       <xenoData><number type="in a volume">119</number></xenoData>

              <text xml:id="V.M.SHminke_119">
	<body><div>
		<opener index="false">
* 119. В. М. Шминке.
1909 г. Марта 10. Я. П.</opener>
<p rend="right">Вал. Мих. Шминке.</p>
<p rend="left">Рад был получить ваше письмо.</p>
<p rend="left">Жизнь наша всегда благо, если мы только исполняем свое человеческое назначение, а назначение это — стремление к всё большему и большему единению, достигаемому любовью.</p>
<p rend="right">Лев Толстой.</p>
<p rend="left">10 марта 1909.</p>
<comments><p rend="Textpetit_otstup left">Печатается по копировальной книге № 8, л. 527.</p>
<p rend="petit left">Ответ на письмо В. М. Шминке (сведений о нем не имеется) от 26 февраля из Нижнего Тагила, в котором Шминке писал, что благодаря сочинениям Толстого он «понял смысл жизни», и просил написать на память «хоть две строчки поучения».</p>
</comments></div></body>
        </text>
        </TEI>