<?xml version='1.0' encoding='UTF-8' standalone='no'?>

<TEI xmlns="http://www.tei-c.org/ns/1.0">
       <teiHeader>
          <fileDesc>
             <titleStmt>
                <title>Письмо №78. Редакция газеты «Morgen Post».</title>
             </titleStmt>
             <publicationStmt>
                <publisher>TolstoyLab</publisher>
                <date when="2015-09-14">14 September 2015</date>
             </publicationStmt>
             <sourceDesc>
                <biblStruct>
                   <analytic>
                      <author>Толстой Л.Н.</author>
                   </analytic>
                   <monogr>
                      <title level="m">Полное собрание сочинений. Том 80</title>
                      <imprint>
                         <pubPlace>Москва</pubPlace>
                         <publisher>Государственное издательство "Художественная литература"</publisher>
                         <date when="1955"/>
                      </imprint>
                   </monogr>
                   <series>
                      <title level="s">Л.Н. Толстой. Полное собрание сочинений</title>
                      <biblScope unit="vol">80</biblScope>
                   </series>
                </biblStruct>
				<bibl>Печатается по машинописной копии. Впервые опубликовано в газете «Morgen Post» (точных сведений не имеется); перепечатано в неточном переводе в газете «Русское слово» 1909, № 193 от 23 августа. Дата и наименование адресата установлены по этой публикации.</bibl>
             </sourceDesc>
          </fileDesc>
          <encodingDesc>
             <tagsDecl> </tagsDecl>
          </encodingDesc>
          <profileDesc>
             <correspDesc>
                <correspAction type="sending">
                   <persName ref="PersonList.xml#L_N_Tolstoy">Л. Н. Толстой</persName>
                   <placeName ref="PlacesListxml#PLACE">Ясная Поляна</placeName>
                   <date when="1909-08">1909 г. Августа</date>            </correspAction>
                <correspAction type="receiving">
                   <persName ref="PersonList.xml#RECEIVER">Редакция газеты «Morgen Post».</persName>
                </correspAction>
                <correspContext>
                   <ref type="prev"/>
                </correspContext>
             </correspDesc>
          </profileDesc>
       </teiHeader>
       <xenoData><number type="in a volume">78</number></xenoData>

       <text xml:id="RedakciigazetyMorgenPost_78">
	<body><div>
		<opener index="false">
78. Редакция газеты «Morgen Post».
1909 г. Августа середина. Я. П.</opener>
<p rend="left">Ne puis venir personnellement Berlin. Charge un ami de lire dans la salle de conférence Sachs mon discours préparé pour Congrès Stokgolm.</p>
<lb/>
<p rend="petit left">Не могу приехать лично в Берлин. Поручаю одному другу прочесть в зале собрания Закс мою речь, приготовленную для конгресса в Стокгольме.</p>
<comments><p rend="Textpetit_otstup left">Печатается по машинописной копии. Впервые опубликовано в газете «Morgen Post» (точных сведений не имеется); перепечатано в неточном переводе в газете «Русское слово» 1909, № 193 от 23 августа. Дата и наименование адресата установлены по этой публикации.</p>
<p rend="petit left">Редакция берлинской газеты «Morgen Post» телеграфно запросила Толстого, соответствует ли действительности сообщение концертной дирекции Жюль-Закс о готовившемся приезде Толстого в Берлин.</p>
</comments></div></body>
        </text>
        </TEI>