<?xml version='1.0' encoding='UTF-8' standalone='no'?>

<TEI xmlns="http://www.tei-c.org/ns/1.0">
       <teiHeader>
          <fileDesc>
             <titleStmt>
                <title>Письмо №* 10. Харьковскому губернатору.</title>
             </titleStmt>
             <publicationStmt>
                <publisher>TolstoyLab</publisher>
                <date when="2015-09-14">14 September 2015</date>
             </publicationStmt>
             <sourceDesc>
                <biblStruct>
                   <analytic>
                      <author>Толстой Л.Н.</author>
                   </analytic>
                   <monogr>
                      <title level="m">Полное собрание сочинений. Том 79</title>
                      <imprint>
                         <pubPlace>Москва</pubPlace>
                         <publisher>Государственное издательство "Художественная литература"</publisher>
                         <date when="1955"/>
                      </imprint>
                   </monogr>
                   <series>
                      <title level="s">Л.Н. Толстой. Полное собрание сочинений</title>
                      <biblScope unit="vol">79</biblScope>
                   </series>
                </biblStruct>
				<bibl>Печатается по дубликату подлинника.</bibl>
             </sourceDesc>
          </fileDesc>
          <encodingDesc>
             <tagsDecl> </tagsDecl>
          </encodingDesc>
          <profileDesc>
             <correspDesc>
                <correspAction type="sending">
                   <persName ref="PersonList.xml#L_N_Tolstoy">Л. Н. Толстой</persName>
                   <placeName ref="PlacesListxml#PLACE">Ясная Поляна</placeName>
                   <date when="1909-01-07">1909 г. Января 7.</date>            </correspAction>
                <correspAction type="receiving">
                   <persName ref="PersonList.xml#RECEIVER">Харьковскому губернатору.</persName>
                </correspAction>
                <correspContext>
                   <ref type="prev"/>
                </correspContext>
             </correspDesc>
          </profileDesc>
       </teiHeader>
       <xenoData><number type="in a volume">10</number></xenoData>

              <text xml:id="Xarkovskomugubernatoru_10">
	<body><div>
		<opener index="false">
* 10. Харьковскому губернатору.
1909 г. Января 7. Я. П.
</opener><p rend="right">Ясная Поляна.</p>

<p rend="Obrashenie left">Милостивый Государь,</p>
<p rend="left">В Харьковской губернской тюрьме содержится присужденный к 6 месяцам заключения за распространение моих книг Александр Михайлович Бодянский.<note xml:id="note2" resp="volume_editor" index="false"> См. прим. к письму № 15.</note> Тюрьма вследствие тех особенно невыгодных условий, в которых она находится теперь вследствие переполнения, для него, по его преклонному возрасту и недугам, представляет не только ряд тяжелых лишений и страданий, но и угрожает его жизни. И потому, надеюсь, что Вы не посетуете на меня за то, что я обращаю Ваше внимание на положение этого почтенного человека, и прошу Вас, насколько это от Вас зависит, облегчить его заключение.</p>
<p rend="right">С совершенным уважением</p>
<comments><p rend="Textpetit_otstup left">Печатается по дубликату подлинника.</p>
<p rend="Textpetit_otstup left"><hi>1</hi> В 1909 г. губернатором в Харькове был Митрофан Кириллович Катиринич (р. 1860, ум. ?).</p>
<p rend="petit left"><hi>2</hi> См. прим. к письму № 15.</p>
<p rend="emptyline left"><hi style="opnumber">18</hi> <hi style="npnumber">19</hi></p>
</comments></div></body>
        </text>
        </TEI>