<?xml version='1.0' encoding='UTF-8' standalone='no'?>

<TEI xmlns="http://www.tei-c.org/ns/1.0">
       <teiHeader>
          <fileDesc>
             <titleStmt>
                <title>Письмо №302. Толстым.</title>
             </titleStmt>
             <publicationStmt>
                <publisher>TolstoyLab</publisher>
                <date when="2015-09-14">14 September 2015</date>
             </publicationStmt>
             <sourceDesc>
                <biblStruct>
                   <analytic>
                      <author>Толстой Л.Н.</author>
                   </analytic>
                   <monogr>
                      <title level="m">Полное собрание сочинений. Том 82</title>
                      <imprint>
                         <pubPlace>Москва</pubPlace>
                         <publisher>Государственное издательство "Художественная литература"</publisher>
                         <date when="1956"/>
                      </imprint>
                   </monogr>
                   <series>
                      <title level="s">Л.Н. Толстой. Полное собрание сочинений</title>
                      <biblScope unit="vol">82</biblScope>
                   </series>
                </biblStruct>
             </sourceDesc>
          </fileDesc>
          <encodingDesc>
             <tagsDecl> </tagsDecl>
          </encodingDesc>
          <profileDesc>
             <correspDesc>
                <correspAction type="sending">
                   <persName ref="PersonList.xml#L_N_Tolstoy">Л. Н. Толстой</persName>
                   <placeName ref="PlacesListxml#PLACE">Астапово</placeName>
                   <date when="1910-11-03">1910 г. Ноября 3.</date>            </correspAction>
                <correspAction type="receiving">
                   <persName ref="PersonList.xml#RECEIVER">Толстым.</persName>
                </correspAction>
                <correspContext>
                   <ref type="prev"/>
                </correspContext>
             </correspDesc>
          </profileDesc>
       </teiHeader>
       <xenoData><number type="in a volume">302</number></xenoData>

       <text xml:id="Tolstym_302">
	<body><div>
		<opener index="false">
302. Толстым.
1910 г. Ноября 3. 5 ч. дня. Астапово.</opener>
<p rend="left">Состояние лучше, но<note xml:id="note1" resp="volume_editor" index="false"> По тексту, опубликованному А. Б. Гольденвейером в его книге «Вблизи Толстого» на стр. 343, вместо: «сердце так слабо» — «чрезвычайная слабость».</note> сердце так слабо, что свидание с мама было бы для меня губительно.</p>
<comments><p rend="Textpetit_otstup left">Телеграмма. Печатается по тексту, опубликованному A. Л. Толстой в ее воспоминаниях «Об уходе и смерти Л. Н. Толстого» — сборник ТПТ, стр. 169. Текст этот, как пишет A. Л. Толстая, приблизительный. Он был продиктован В. Г. Черткову и доктору Д. В. Никитину (р. 1874; в 1902—1904 гг. был домашним врачом Толстого в Ясной Поляне, позднее — у А. М. Горького с 1902 по 1904 г.).</p>
<p rend="petit left">В. Г. Чертков в своих воспоминаниях «О последних днях Л. Н. Толстого», изд. Сытина, М. 1911, стр. 12, сообщает: «Вечером в 5 часов он послал за мной. Я подошел к его кровати. Он спросил: «Где же Никитин? Я его тоже просил прийти». Позвали Никитина. Когда мы оба стояли, нагнувшись над ним, он сказал, что его беспокоит; что Софья Андреевна узнает про его болезнь и приедет в Астапово. И потому просил нас послать телеграмму его детям в Ясную. «Скажите, что я очень слаб и свидание с ней было бы для меня губительно». Никитин ушел передать поручение». Дата определяется этой записью. Телеграмма послана не <hi style="opdelimiter">была.</hi><hi style="opnumber">224</hi></p>
<p rend="Textpetit_otstup left"><hi>1</hi> По тексту, опубликованному А. Б. Гольденвейером в его книге «Вблизи Толстого» на стр. 343, вместо: «сердце так слабо» — «чрезвычайная слабость».</p>
<p rend="petit left">Д. В. Никитин в письме к Н. С. Родионову от 13 июля 1930 г. сообщил, что дальнейшие слова были: «но слабость так велика».</p>
<p> </p>
</comments></div></body>
        </text>
        </TEI>