<?xml version='1.0' encoding='UTF-8' standalone='no'?>

<TEI xmlns="http://www.tei-c.org/ns/1.0">
       <teiHeader>
          <fileDesc>
             <titleStmt>
                <title>Письмо №* 71. Издательству «Библиографическое бюро».</title>
             </titleStmt>
             <publicationStmt>
                <publisher>TolstoyLab</publisher>
                <date when="2015-09-14">14 September 2015</date>
             </publicationStmt>
             <sourceDesc>
                <biblStruct>
                   <analytic>
                      <author>Толстой Л.Н.</author>
                   </analytic>
                   <monogr>
                      <title level="m">Полное собрание сочинений. Том 68</title>
                      <imprint>
                         <pubPlace>Москва</pubPlace>
                         <publisher>Государственное издательство "Художественная литература"</publisher>
                         <date when="1954"/>
                      </imprint>
                   </monogr>
                   <series>
                      <title level="s">Л.Н. Толстой. Полное собрание сочинений</title>
                      <biblScope unit="vol">68</biblScope>
                   </series>
                </biblStruct>
				<bibl>Печатается по листам 224 и 225 копировальной книги.</bibl>
             </sourceDesc>
          </fileDesc>
          <encodingDesc>
             <tagsDecl> </tagsDecl>
          </encodingDesc>
          <profileDesc>
             <correspDesc>
                <correspAction type="sending">
                   <persName ref="PersonList.xml#L_N_Tolstoy">Л. Н. Толстой</persName>
                   <placeName ref="PlacesListxml#PLACE">Москва</placeName>
                   <date when="1895-04-19">1895 г. Апреля 19.</date>            </correspAction>
                <correspAction type="receiving">
                   <persName ref="PersonList.xml#RECEIVER">Издательству «Библиографическое бюро».</persName>
                </correspAction>
                <correspContext>
                   <ref type="prev"/>
                </correspContext>
             </correspDesc>
          </profileDesc>
       </teiHeader>
       <xenoData><number type="in a volume">71</number></xenoData>

              <text xml:id="IzdatelstvuBibliograficheskoebyuro_71">
	<body><div>
		<opener index="false">
* 71. Издательству «Библиографическое бюро».
1895 г. Апреля 19. Москва.</opener>
<p rend="left">В Берлин. В Библиографическое бюро.</p>
<p rend="left">Г-н Е. Попов сообщил мне ваше письмо от 27 апреля,<note xml:id="note1" resp="volume_editor" index="false"> В письме к Е. И. Попову от 27/15 апреля руководители «Библиографического бюро» сообщали ему, что принуждены отклонить помещение в книге его большой статьи об отказах от воинской повинности.</note> в котором вы пишете, что напечатание статьи Е. Попова в заключении биографии Дрожжина и моего послесловия <hi style="opdelimiter">очень</hi><hi style="opnumber">77</hi> <hi style="npnumber">78</hi><hi style="npdelimiter">увеличит</hi> книгу и сделает сбыт ей затруднительным, и что поэтому вы полагаете не печатать эту статью в издаваемой книге. Я очень сожалею об этом и просил бы вас изменить ваше решение, так как, по моему мнению, книга очень много выиграет от приложения прекрасной и объясняющей весь смысл книги статьи Попова. — Думаю, напротив, что приложение этой статьи будет сильнее всего другого содействовать распространению книги. Надеясь на то, что вы, если только это возможно, исполните мою просьбу, остаюсь с совершенным уважением готовый к услугам</p>
<p rend="right">Лев Толстой.</p>
<p rend="left">Апреля 19 ст. ст. 1895.</p>
<comments><p rend="Textpetit_otstup left">Печатается по листам 224 и 225 копировальной книги.</p>
<p rend="petit left">«Библиографическое бюро» — объединение нескольких немецких издательств в Берлине, напечатавшее некоторые переводы сочинений Толстого, а также ряд произведений родственных ему по духу немецких писателей.</p>
<p rend="Textpetit_otstup left"><hi>1</hi> В письме к Е. И. Попову от 27/15 апреля руководители «Библиографического бюро» сообщали ему, что принуждены отклонить помещение в книге его большой статьи об отказах от воинской повинности.</p>
<p rend="petit left">Ответ издательства неизвестен. Книга «Жизнь и смерть Евдокима Никитича Дрожжина, 1866—1894» вышла в Берлине в 1895 г. без статьи Попова, но с его небольшой вступительной заметкой и с предисловием Л. Н. Толстого.</p>
</comments></div></body>
        </text>
        </TEI>