<?xml version='1.0' encoding='UTF-8' standalone='no'?>

<TEI xmlns="http://www.tei-c.org/ns/1.0">
       <teiHeader>
          <fileDesc>
             <titleStmt>
                <title>Письмо №* 110. Русской колонии в Коломбо.</title>
             </titleStmt>
             <publicationStmt>
                <publisher>TolstoyLab</publisher>
                <date when="2015-09-14">14 September 2015</date>
             </publicationStmt>
             <sourceDesc>
                <biblStruct>
                   <analytic>
                      <author>Толстой Л.Н.</author>
                   </analytic>
                   <monogr>
                      <title level="m">Полное собрание сочинений. Том 79</title>
                      <imprint>
                         <pubPlace>Москва</pubPlace>
                         <publisher>Государственное издательство "Художественная литература"</publisher>
                         <date when="1955"/>
                      </imprint>
                   </monogr>
                   <series>
                      <title level="s">Л.Н. Толстой. Полное собрание сочинений</title>
                      <biblScope unit="vol">79</biblScope>
                   </series>
                </biblStruct>
				<bibl>Печатается по подлиннику. Впервые опубликовано в Америке (к подлиннику письма приложена вырезка из американской газеты, без даты и указания названия газеты, с заметкой «The Russian Community in Colombo», в которой и помещено письмо Толстого).</bibl>
             </sourceDesc>
          </fileDesc>
          <encodingDesc>
             <tagsDecl> </tagsDecl>
          </encodingDesc>
          <profileDesc>
             <correspDesc>
                <correspAction type="sending">
                   <persName ref="PersonList.xml#L_N_Tolstoy">Л. Н. Толстой</persName>
                   <placeName ref="PlacesListxml#PLACE">Ясная Поляна</placeName>
                   <date when="1909-03-05">1909 г. Марта 5.</date>            </correspAction>
                <correspAction type="receiving">
                   <persName ref="PersonList.xml#RECEIVER">Русской колонии в Коломбо.</persName>
                </correspAction>
                <correspContext>
                   <ref type="prev"/>
                </correspContext>
             </correspDesc>
          </profileDesc>
       </teiHeader>
       <xenoData><number type="in a volume">110</number></xenoData>

              <text xml:id="RusskojkoloniivKolombo_110">
	<body><div>
		<opener index="false">
* 110. Русской колонии в Коломбо.
1909 г. Марта 5. Я. П.</opener>
<p rend="left">Вчера получил вашу великолепную книгу о Цейлоне и благодарю вас за нее, за благотворительные деньги 176 рублей, которые думаю, что распределил сообразно вашему желанию между бедными вдовами нашего околотка. Благодарю еще за добрые слова, сказанные в день моего рождения, и, главное, за те добрые чувства, которые выражены мне так далеко живущими соотечественниками.</p>
<p rend="right">Лев Толстой.</p>
<p rend="left">Тульской губ.</p>
<p rend="left">Ясная Поляна</p>
<p rend="left">5 марта 1909.</p>
<comments><p rend="Textpetit_otstup left">Печатается по подлиннику. Впервые опубликовано в Америке (к подлиннику письма приложена вырезка из американской газеты, без даты и указания названия газеты, с заметкой «The Russian Community in Colombo», в которой и помещено письмо Толстого).</p>
<p rend="petit left">В августе 1908 г. на собрании членов русской колонии в Коломбо по вопросу о чествовании Толстого в день его восьмидесятилетия было постановлено послать Толстому поздравительную телеграмму и иллюстрированную книгу о Цейлоне: «Picturesque Ceylon» («Живописный Цейлон»). В ответ на поздравление и было написано публикуемое письмо Толстого. Телеграмма из Коломбо не сохранилась.</p>
<p rend="emptyline left"><hi style="opnumber">102</hi> <hi style="npnumber">103</hi></p>
</comments></div></body>
        </text>
        </TEI>