<?xml version='1.0' encoding='UTF-8' standalone='no'?>

<TEI xmlns="http://www.tei-c.org/ns/1.0">
       <teiHeader>
          <fileDesc>
             <titleStmt>
                <title>Письмо №* 161. Редакции журнала «Исторический вестник».</title>
             </titleStmt>
             <publicationStmt>
                <publisher>TolstoyLab</publisher>
                <date when="2015-09-14">14 September 2015</date>
             </publicationStmt>
             <sourceDesc>
                <biblStruct>
                   <analytic>
                      <author>Толстой Л.Н.</author>
                   </analytic>
                   <monogr>
                      <title level="m">Полное собрание сочинений. Том 77</title>
                      <imprint>
                         <pubPlace>Москва</pubPlace>
                         <publisher>Государственное издательство "Художественная литература"</publisher>
                         <date when="1956"/>
                      </imprint>
                   </monogr>
                   <series>
                      <title level="s">Л.Н. Толстой. Полное собрание сочинений</title>
                      <biblScope unit="vol">77</biblScope>
                   </series>
                </biblStruct>
				<bibl>Печатается по копировальной книге № 7, л. 375.</bibl>
             </sourceDesc>
          </fileDesc>
          <encodingDesc>
             <tagsDecl> </tagsDecl>
          </encodingDesc>
          <profileDesc>
             <correspDesc>
                <correspAction type="sending">
                   <persName ref="PersonList.xml#L_N_Tolstoy">Л. Н. Толстой</persName>
                   <placeName ref="PlacesListxml#PLACE">Ясная Поляна</placeName>
                   <date when="1907-06-20">1907 г. Июня 20.</date>            </correspAction>
                <correspAction type="receiving">
                   <persName ref="PersonList.xml#RECEIVER">Редакции журнала «Исторический вестник».</persName>
                </correspAction>
                <correspContext>
                   <ref type="prev"/>
                </correspContext>
             </correspDesc>
          </profileDesc>
       </teiHeader>
       <xenoData><number type="in a volume">161</number></xenoData>

              <text xml:id="RedakciizhurnalaIstoricheskijvestnik_161">
	<body><div>
		<opener index="false">
* 161. Редакции журнала «Исторический вестник».
1907 г. Июня 20. Я. П.
</opener>
<p rend="Obrashenie left">Милостивый государь,</p>
<p rend="left">С месяц тому назад я получил из Петровского Порта статью о жизни в дисциплинарном батальоне.<note xml:id="note1" resp="volume_editor" index="false"> <ref target="file:///Volume_77_G.CHerenkovu_145.xml">См. письмо № 145</ref>.</note> Статья очень интересная и написана хорошо. Я отвечал автору, что постараюсь поместить статью, выговорив за нее гонорар, в <choice original_editorial_correction='к[отор]ом'><sic>ком</sic><corr>котором</corr></choice>, как кажется, автор, находящийся сейчас в тюрьме, очень нуждается.</p>
<p rend="left">Я написал автору, Г. Черенкову, что статья хороша и выиграет еще от некоторых сокращений и изменений. Из письма Г. Черенкова вы увидите, чего он желает. Желаете ли вы просмотреть статью? Если да, то я вам вышлю ее, и вы сами войдете в переговоры с Г. Черенковым, если статья понравится вам. Если же нет, то вы возвратите мне ее.</p>
<p rend="left">С совершенным почтением готовый к услугам</p>
<p rend="right">Лев Толстой.</p>
<p rend="left">20 июня</p>
<p rend="left">1907.</p>
<comments><p rend="Textpetit_otstup left">Печатается по копировальной книге № 7, л. 375.</p>
<p rend="Textpetit_otstup left"><hi>1</hi> <ref target="file:///Volume_77_G.CHerenkovu_145.xml">См. письмо № 145</ref>.</p>
<p rend="petit left">В «Историческом вестнике» статья Г. Черенкова напечатана не была.</p>
<p rend="left emptyline"><hi style="opnumber">141</hi> <hi style="npnumber">142</hi></p>
</comments></div></body>
        </text>
        </TEI>