<?xml version='1.0' encoding='UTF-8' standalone='no'?>

<TEI xmlns="http://www.tei-c.org/ns/1.0">
       <teiHeader>
          <fileDesc>
             <titleStmt>
                <title>Письмо №438. Издательству «The Free Age Press».</title>
             </titleStmt>
             <publicationStmt>
                <publisher>TolstoyLab</publisher>
                <date when="2015-09-14">14 September 2015</date>
             </publicationStmt>
             <sourceDesc>
                <biblStruct>
                   <analytic>
                      <author>Толстой Л.Н.</author>
                   </analytic>
                   <monogr>
                      <title level="m">Полное собрание сочинений. Том 72</title>
                      <imprint>
                         <pubPlace>Москва</pubPlace>
                         <publisher>Государственное издательство "Художественная литература"</publisher>
                         <date when="1933"/>
                      </imprint>
                   </monogr>
                   <series>
                      <title level="s">Л.Н. Толстой. Полное собрание сочинений</title>
                      <biblScope unit="vol">72</biblScope>
                   </series>
                </biblStruct>
             </sourceDesc>
          </fileDesc>
          <encodingDesc>
             <tagsDecl> </tagsDecl>
          </encodingDesc>
          <profileDesc>
             <correspDesc>
                <correspAction type="sending">
                   <persName ref="PersonList.xml#L_N_Tolstoy">Л. Н. Толстой</persName>
                   <placeName ref="PlacesListxml#PLACE">Москва</placeName>
                   <date when="1900-12-24">1900 г. Декабря 24.</date>            </correspAction>
                <correspAction type="receiving">
                   <persName ref="PersonList.xml#RECEIVER">Издательству «The Free Age Press».</persName>
                </correspAction>
                <correspContext>
                   <ref type="prev"/>
                </correspContext>
             </correspDesc>
          </profileDesc>
       </teiHeader>
       <xenoData><number type="in a volume">438</number></xenoData>

              <text xml:id="IzdatelstvuTheFreeAgePress_438">
	<body><div>
		<opener index="false">
438. Издательству «The Free Age Press».
1900 г. Декабря 24. Москва.
</opener>
<p rend="Obrashenie left">Dear Friends,</p>
<p rend="left">I have received the first issues of your books, booklets and leaflets containing my writings, as well as the statements concerning the objects and plan of «The Free Age Press».</p>
<p rend="left">The publications are extremely neat and attractive, and — what to me appears most important — very cheap, and therefore quite accessible to the great public, consisting of the working classes.</p>
<p rend="left">I also warmly sympathise with the announcement on your translations that no rights are reserved. Being well aware of all the extra sacrifices and practical difficulties that this involves for a publishing concern at the present day, I particularly desire to express my heartfelt gratitude to the translators and participators in your work, who in generous compliance with my objection to copyright of any kind, thus help to render your English version of my writings absolutely free to all who may wish to make use of it.</p>
<p rend="left">Should I write anything more which I may think worthy of publication, I will with great pleasure forward it to you without delay.</p>
<p rend="left">With heartiest wishes for the further success of your efforts,</p>
<p rend="right">Leo Tolstoy.</p>
<p rend="left">Moscow,</p>
<p rend="left">24th December 1900.</p>
<lb/>
<p rend="Obrashenie petit">Дорогие друзья,</p>
<p rend="petit left">Я получил первые выпуски ваших книг, брошюр и листовок, содержащих мои писания, а также проспекты с изложением цели и плана издательства «The Free Age <hi style="opdelimiter">Press».</hi><hi style="opnumber">540</hi></p>
<p rend="petit left"><hi style="npnumber">541</hi><hi style="npdelimiter">Издания</hi> чрезвычайно аккуратны и привлекательны и, чтò мне представляется величайшей важностью, весьма дешевы, а потому вполне доступны широкой публике, состоящей из рабочего класса.</p>
<p rend="petit left">Я также горячо сочувствую объявлению на ваших переводах о том, что они не подлежат правам литературной собственности. Будучи хорошо осведомлен о всех жертвах и практических затруднениях, в которые это вовлекает издательское предприятие в наше время, я особенно желаю выразить мою сердечную благодарность переводчикам и участникам вашего дела за их великодушное присоединение к моему отказу от всякой литературной собственности, чтò помогает делать мои писания совершенно свободными для всякого, кто захочет переиздавать их.</p>
<p rend="petit left">Если я напишу еще что-нибудь, чтò сочту заслуживающим напечатания, то с большим удовольствием доставлю это вам немедленно.</p>
<p rend="petit left">С самым сердечным пожеланием дальнейшего успеха вашим усилиям</p>
<p rend="petit right">Лев Толстой.</p>
<p rend="petit left">Москва,</p>
<p rend="petit left">24 Декабря 1900.</p>
<comments><p rend="Textpetit_otstup left">Перепечатывается со второй страницы обложки книги Leo Tolstoy. «The Slavery of our Times», изд. «The Free Age Press», Maldon, Essex, 1900. где подпись факсимильно воспроизведена. Местонахождение подлинника неизвестно.</p>
<p rend="petit left">Третья, окончательная редакция обращения Толстого к английскому издательству «The Free Age Press» (см. письма №№ 389 и 412). Письмо было составлено В. Г. Чертковым и прислано Толстому для подписи при письме от 29 декабря н. ст. 1900 года. Чертков писал: «Спасибо вам большое за разрешение воспользоваться вашим письмом для «Free Age Press». Согласившись на это, вы сняли большое усложнение с моих плеч. А ваше замечание о том, что ваше прежнее нежелание уничтожается отсутствием «copyright», очищает дорогу для полного соглашения моего с теми сотрудниками, которые вдруг соблазнились было поползновением внести «copyright» в наше дело, начатое на началах «не-copyright». Только для того, чтобы воспользоваться как следует этим вашим отношением к вопросу и не предъявлять этого нашего с вами отрицания «copyright» в виде спора, обличения или насилия над теми, кто по временам подпадает соблазну утверждения «copyright», очень важно в вашем письме к «F. А. Р.» сделать ту вставку, которую вы найдете в прилагаемой черновой новой его версии. Это раз навсегда разрешило бы и установило этот опасный по своему соблазну вопрос и притом сделало бы это не в форме противоречия Мооду, Fifield’y и им подобным, а в форме благодарности тем и другим лицам, уже работавшим для нас без «copyright». Я взвесил каждое слово, и хорошо, если бы [вы] нашли возможным оставить редакцию этого места <hi>точь в точь,</hi> как в моем черновом. Остальное есть, как вы просили, повторение в несколько исправленном виде вашей первой версии [...] «Yours truly» лучше избежать: оно холодит и пишется только при очень далеких официальных отношениях». «<hi>Copyright» — п</hi>раво литературной <hi style="opdelimiter">собственности.</hi><hi style="opnumber">541</hi></p>
<p rend="petit left"><hi style="npnumber">542</hi><hi style="npdelimiter">Отправляя</hi> Черткову подписанный текст, Толстой писал ему 24 декабря: «Посылаю письмо F. А. Р. Боюсь, как бы кто-нибудь (Моод) не огорчился. Тогда вы будете виноваты». Моод решительно был против уничтожения «copyright». Этого вопроса он касается в составленной им биографии Толстого «The Life of Tolstoy. Later years», London. 1911, гл. XV.</p>
<p rend="petit left">Письмо Толстого на имя «The Free Age Press» перепечатывалось на книгах этого издательства.</p>
</comments></div></body>
        </text>
        </TEI>