<?xml version='1.0' encoding='UTF-8' standalone='no'?>

<TEI xmlns="http://www.tei-c.org/ns/1.0">
       <teiHeader>
          <fileDesc>
             <titleStmt>
                <title>Письмо №* 260. Неизвестной.</title>
             </titleStmt>
             <publicationStmt>
                <publisher>TolstoyLab</publisher>
                <date when="2015-09-14">14 September 2015</date>
             </publicationStmt>
             <sourceDesc>
                <biblStruct>
                   <analytic>
                      <author>Толстой Л.Н.</author>
                   </analytic>
                   <monogr>
                      <title level="m">Полное собрание сочинений. Том 71</title>
                      <imprint>
                         <pubPlace>Москва</pubPlace>
                         <publisher>Государственное издательство "Художественная литература"</publisher>
                         <date when="1954"/>
                      </imprint>
                   </monogr>
                   <series>
                      <title level="s">Л.Н. Толстой. Полное собрание сочинений</title>
                      <biblScope unit="vol">71</biblScope>
                   </series>
                </biblStruct>
				<bibl>Печатается по листам копировальной книги из AЧ.</bibl>
             </sourceDesc>
          </fileDesc>
          <encodingDesc>
             <tagsDecl> </tagsDecl>
          </encodingDesc>
          <profileDesc>
             <correspDesc>
                <correspAction type="sending">
                   <persName ref="PersonList.xml#L_N_Tolstoy">Л. Н. Толстой</persName>
                   <placeName ref="PlacesListxml#PLACE">Ясная Поляна</placeName>
                   <date when="1898-09-24">1898 г. Сентября 24.</date>            </correspAction>
                <correspAction type="receiving">
                   <persName ref="PersonList.xml#RECEIVER">Неизвестной.</persName>
                </correspAction>
                <correspContext>
                   <ref type="prev"/>
                </correspContext>
             </correspDesc>
          </profileDesc>
       </teiHeader>
       <xenoData><number type="in a volume">260</number></xenoData>

              <text xml:id="Neizvestnoj_260">
	<body><div>
		<opener index="false">
* 260. Неизвестной.
1898 г. Сентября 24. Я. П.
</opener>
<p rend="Obrashenie left">Милостивая государыня</p>
<p rend="Obrashenie2 left">Надежда Петровна.</p>
<p rend="left">Я обращаюсь к вам за денежною помощью для целого населения прекрасных людей, находящихся в очень тяжелом положении. Я говорю о кавказских духоборах. Люди эти, осуществляя в своей жизни учение Христа, будучи воздержными, трудолюбивыми, смиренными, миролюбивыми (что подтверждают все те, кто знает их), не могли не отказаться от исполнения воинской повинности, несовместимой с истинным христианством. И правительство начало гнать и наказывать их. Сотни их сосланы, семьи их разорены, изгнаны из своих жилищ и подвергаются всякого рода напастям. Прошлого года они подали прошение императрице о том, чтобы их выпустили за границу. Им разрешили. Но за все последние года гонений они потеряли большую долю своего имущества, и они не могут на свои средства переехать в Канаду, где им предлагают землю. Из прилагаемой выписки письма моего друга Черткова вы увидите положение дела. Часть их тронулась с мест и, не имея заработков, проедают последний достаток, а средств, чтобы подняться, нет. И вот я обращаюсь к добрым, богатым, русским людям, прося их помощи. Я отдал для этого дела выручку <hi style="opdelimiter">за</hi><hi style="opnumber">452</hi> <hi style="npnumber">453</hi><hi style="npdelimiter">две</hi> мои повести, которая может дать несколько десятков тысяч, но сейчас этих денег нет, да и их недостанет.</p>
<p rend="left">Помогите, сколько можете, этому хорошему и важному делу.</p>
<p rend="left">Если вы захотите ответить мне, то адресуйте: Тула, заказным с обратной распиской, а то письма ко мне пропадают.</p>
<p rend="left">В ожидании ответа остаюсь уважающий вас Лев Толстой.</p>
<p rend="left">24 сент. 98.</p>
<comments><p rend="Textpetit_otstup left">Печатается по листам копировальной книги из AЧ.</p>
<p rend="petit left">В копии фамилия адресата не указана. Существует предположение, что оно было написано Надежде Петровне Остроуховой, рожд. Боткиной (р. 1855), жене известного собирателя картин И. С. Остроухова (1858—1929). Но, как сообщала Н. П. Остроухова, это письмо Толстого ею получено не было.</p>
</comments></div></body>
        </text>
        </TEI>