<?xml version='1.0' encoding='UTF-8' standalone='no'?>

<TEI xmlns="http://www.tei-c.org/ns/1.0">
       <teiHeader>
          <fileDesc>
             <titleStmt>
                <title>Письмо №149. Неизвестному.</title>
             </titleStmt>
             <publicationStmt>
                <publisher>TolstoyLab</publisher>
                <date when="2015-09-14">14 September 2015</date>
             </publicationStmt>
             <sourceDesc>
                <biblStruct>
                   <analytic>
                      <author>Толстой Л.Н.</author>
                   </analytic>
                   <monogr>
                      <title level="m">Полное собрание сочинений. Том 64</title>
                      <imprint>
                         <pubPlace>Москва</pubPlace>
                         <publisher>Государственное издательство "Художественная литература"</publisher>
                         <date when="1954"/>
                      </imprint>
                   </monogr>
                   <series>
                      <title level="s">Л.Н. Толстой. Полное собрание сочинений</title>
                      <biblScope unit="vol">64</biblScope>
                   </series>
                </biblStruct>
				<bibl>Печатается по копии. Впервые опубликовано в «Биржевых ведомостях» 1907, № 10085 (утр. вып.) от 6 сентября. Датируется на основании слов: «Ответы на эти вопросы есть в моих писаниях «В чем моя вера?», «Что ж нам делать?» и в том, что я пишу и печатаю теперь» (заключительные слова фразы относятся к книге Толстого «О жизни»).</bibl>
             </sourceDesc>
          </fileDesc>
          <encodingDesc>
             <tagsDecl> </tagsDecl>
          </encodingDesc>
          <profileDesc>
             <correspDesc>
                <correspAction type="sending">
                   <persName ref="PersonList.xml#L_N_Tolstoy">Л. Н. Толстой</persName>
                   <placeName ref="PlacesListxml#PLACE">Ясная Поляна</placeName>
                   <date from="1887-09" to="1887-09">1887 г. Сентябрь —</date>            </correspAction>
                <correspAction type="receiving">
                   <persName ref="PersonList.xml#RECEIVER">Неизвестному.</persName>
                </correspAction>
                <correspContext>
                   <ref type="prev"/>
                </correspContext>
             </correspDesc>
          </profileDesc>
       </teiHeader>
       <xenoData><number type="in a volume">149</number></xenoData>

              <text xml:id="Neizvestnomu_149">
	<body><div>
		<opener index="false">
149. Неизвестному.
1887 г. Сентябрь — октябрь. Я. П.</opener>
<p rend="left">Мне так бывает трудно отвечать на такие письма, как ваше, что большей частью я вовсе не отвечаю на них, но ваше письмо так искренно, так верно вы ставите вопросы, так близко сами находитесь от решения их, что попытаюсь ответить. Под словами: «такие письма, как ваше» я разумею письма лиц, знающих обо мне по искаженным отрывкам моих писаний, выписанных или переданных в статьях богословско-консервативных и революционно-либеральных моих критиков. Ведь я скоро 10 лет только тем и занят, чтобы отвечать себе и другим на те самые вопросы, которые вы ставите, и отвечаю я вовсе не тем, что надо быть здоровым и трудиться на земле.</p>
<p rend="left">Ответы на эти вопросы есть в моих писаниях «В чем моя вера?», «Что ж нам делать?» и в том, что я пишу и печатаю теперь. Я стараюсь ответить на эти вопросы соответственно ложному складу мысли, царствующему теперь, тому самому, который привел вас в этот тупик, из которого вы ищете выхода.</p>
<p rend="left">Но ответы на эти вопросы давно есть и давно известны человечеству. Позвольте вас побранить, или скорее посмеяться над вами. Вы нашли, что жизнь личная, для себя, не есть жизнь, а что должна быть другая, настоящая. Это очень хорошо, — но не хорошо то, что вам представляется, что это именно вы открыли такую необыкновенную вещь и только в себе. Это вроде того, что если бы человек увидал у себя в зеркале язычок в гортани, считал бы, что он сделал великое открытие и нечто свойственное ему одному. У всех людей есть этот язычок, потому что все люди одинаково устроены, и наблюдательные люди всегда <hi style="opdelimiter">это</hi><hi style="opnumber">113</hi> <hi style="npnumber">114</hi><hi style="npdelimiter">знали.</hi> То же и с нравственным вопросом о жизни. То противоречие жизни, на которое вы указываете, есть свойство жизни всех людей, как разумных существ, и не только известно людям за тысячи лет тому назад, но за тысячи лет тому назад указано великими учителями человечества разрешение этого противоречия — указано, в чем состоит истинная жизнь человека.</p>
<p rend="left">Знаю я, что есть смягчающие вашу вину обстоятельства — именно то, что все эти решения с одной стороны затемнены, скрыты ложными позднейшими толкованиями и приращениями; с другой — прямо отрицаются царствующим в нашем обществе так называемым научным (в сущности же самым невежественным) взглядом, но все-таки решения эти есть и вы найдете их и в учении браминов, и в учении Будды, и в учении Конфуция и Менция, и в учении Лаотзы, и у Эпиктета, и у Платона,<note xml:id="note1" resp="volume_editor" index="false"> Платон (428—347 до н. э.), древнегреческий философ-идеалист.</note> и в Евангельях, и в христианских свободных мыслителях и писателях, и у Спинозы,<note xml:id="note2" resp="volume_editor" index="false"> Барух Спиноза (1632—1677), голландский философ-материалист и атеист.</note> и у американца Паркера,<note xml:id="note3" resp="volume_editor" index="false"> Теодор Паркер (1810—1860), американский богослов.</note> и у англичанина — Робертсона,<note xml:id="note4" resp="volume_editor" index="false"> Фридрих-Вильям Робертсон (1816—1853), английский богослов и проповедник.</note> Матью Арнольда и многих, многих других. Знаю я, что вы не виноваты за то, что из того тупика, в который вас завели люди, вы не видите света, но свет есть, и тоже не виноваты в том, что вы его не видите.</p>
<p rend="left">Вы говорите, что жизнь ваша, как я понимаю, жизнь личная, не имеющая, кроме своей приятности, никаких других целей — не жизнь, а что должна быть настоящая, такая, которою не скучно жить, и цель, которая всегда достигается и всегда стоит перед нами. Жизнь такая только и есть. Жизнь, в которой нет сознания бесцельности личной жизни (та, которою вы жили прежде), не есть жизнь, а животное существование. Жизнь, в которой вы теперь находитесь, в которой является разлад и отрицание личной жизни, — есть начало жизни — рождение ее. Жизнь же настоящая есть та, в которой вся прежняя энергия, вся страстность существования переносится вне себя, на служение тому процессу единения, согласия, большей и большей разумности отношений существ, в котором и состоит жизнь мира. Жизнь истинная есть жизнь разума и любви. И стоит человеку понять так жизнь, родиться к этой жизни, чтобы для него уничтожилось и главное, прежде представлявшееся препятствие к этой жизни — страх смерти.</p>
<p rend="left">Жизнь настоящая не знает смерти. И стоит родиться к этой жизни, чтобы уничтожились и все вопросы о том, как, где <hi style="opdelimiter">жить?</hi><hi style="opnumber">114</hi> <hi style="npnumber">115</hi><hi style="npdelimiter">что</hi> делать? Для истинной жизни все условия хороши, потому что при всех возможна разумная любовь и служение богу, т. е. закону мира. Но это вам не понятно. Оно так и должно быть. Только так и говорите, что это <hi>еще</hi> не понятно вам, но не говорите, что это неправда, пока не испытаете. Идите только без спеха и без отдыха по тому пути, на котором вы стоите, и вы придете.</p>
<comments><p rend="Textpetit_otstup left">Печатается по копии. Впервые опубликовано в «Биржевых ведомостях» 1907, № 10085 (утр. вып.) от 6 сентября. Датируется на основании слов: «Ответы на эти вопросы есть в моих писаниях «В чем моя вера?», «Что ж нам делать?» и в том, что я пишу и печатаю теперь» (заключительные слова фразы относятся к книге Толстого «О жизни»).</p>
<p rend="Textpetit_otstup left"><hi>1</hi> Платон (428—347 до н. э.), древнегреческий философ-идеалист.</p>
<p rend="petit left"><hi>2</hi> Барух Спиноза (1632—1677), голландский философ-материалист и атеист.</p>
<p rend="petit left"><hi>3</hi> Теодор Паркер (1810—1860), американский богослов.</p>
<p rend="petit left"><hi>4</hi> Фридрих-Вильям Робертсон (1816—1853), английский богослов и проповедник.</p>
</comments></div></body>
        </text>
        </TEI>