<?xml version='1.0' encoding='UTF-8' standalone='no'?>

<TEI xmlns="http://www.tei-c.org/ns/1.0">
       <teiHeader>
          <fileDesc>
             <titleStmt>
                <title>Письмо №*228. Крапивенскому уездному воинскому начальнику.</title>
             </titleStmt>
             <publicationStmt>
                <publisher>TolstoyLab</publisher>
                <date when="2015-09-14">14 September 2015</date>
             </publicationStmt>
             <sourceDesc>
                <biblStruct>
                   <analytic>
                      <author>Толстой Л.Н.</author>
                   </analytic>
                   <monogr>
                      <title level="m">Полное собрание сочинений. Том 75</title>
                      <imprint>
                         <pubPlace>Москва</pubPlace>
                         <publisher>Государственное издательство "Художественная литература"</publisher>
                         <date when="1956"/>
                      </imprint>
                   </monogr>
                   <series>
                      <title level="s">Л.Н. Толстой. Полное собрание сочинений</title>
                      <biblScope unit="vol">75</biblScope>
                   </series>
                </biblStruct>
				<bibl>Печатается по черновому автографу.</bibl>
             </sourceDesc>
          </fileDesc>
          <encodingDesc>
             <tagsDecl> </tagsDecl>
          </encodingDesc>
          <profileDesc>
             <correspDesc>
                <correspAction type="draft">
                   <persName ref="PersonList.xml#L_N_Tolstoy">Л. Н. Толстой</persName>
                   <placeName ref="PlacesListxml#PLACE">Ясная Поляна</placeName>
                   <date when="1904-08-26">1904 г. Августа 26.</date>            </correspAction>
                <correspAction type="receiving">
                   <persName ref="PersonList.xml#RECEIVER">Крапивенскому уездному воинскому начальнику.</persName>
                </correspAction>
                <correspContext>
                   <ref type="prev"/>
                </correspContext>
             </correspDesc>
          </profileDesc>
       </teiHeader>
       <xenoData><number type="in a volume">228</number></xenoData>

              <text xml:id="Krapivenskomuuezdnomuvoinskomunachalniku_228">
	<body><div>
		<opener index="false">
*228. Крапивенскому уездному воинскому начальнику. Черновое.
1904 г. Августа 26. Я. П.</opener>
<p rend="left">Воинскому <choice original_editorial_correction='Начальн[ику]'><sic>Начальн</sic><corr>Начальнику</corr></choice> <choice original_editorial_correction='Крапив[енского]'><sic>Крапив</sic><corr>Крапивенского</corr></choice> уезда</p>
<p rend="right rightindent">Солдатки</p>
<p rend="right">Авдотьи <choice original_editorial_correction='Данилов[ны]'><sic>Данилов</sic><corr>Даниловны</corr></choice> Калининой<note xml:id="note1" resp="volume_editor" index="false"> Авдотья Даниловна Калинина, рожд. Козлова (р. 1870) — дочь крестьянина д. Ясная Поляна Данилы Давыдовича Козлова, ученика Толстого по Яснополянской школе 1859—1863 гг.</note></p><lb/>
<p rend="subtitle centerline"><hi style="Razradka">Прошение</hi>.</p>
<p rend="left">Муж мой Степан <choice original_editorial_correction='Карнее[вич]'><sic>Карнее</sic><corr>Карнеевич</corr></choice> Калинин<note xml:id="note2" resp="volume_editor" index="false"> Степан Корнеевич Калинин (1871—1929) — крестьянин д. Воробьевка Крапивенского уезда Тульской губ.</note> призван к отбытию военной службы и сего 4-го июня отправлен в Москву. Семейное же положение мое такое: муж мой отделен от братьев 8 лет тому назад, и в доме нашем он один работник. Так <hi style="opdelimiter">что</hi><hi style="opnumber">160</hi> <hi style="npnumber">161</hi><hi style="npdelimiter">по</hi> отбытии его на службу остаюсь я с 4-мя малолетними детьми, старшей из <choice original_editorial_correction='к[оторых]'><sic>к</sic><corr>которых</corr></choice> 6 лет, и с преклонных лет свекровью без всяких средств прокормления.</p>
<p rend="left">А потому покорно прошу ходатайствовать Ваше <choice original_editorial_correction='Высок[облагородие]'><sic>Высок</sic><corr>Высокоблагородие</corr></choice> о возвращении моего мужа из военной службы.<note xml:id="note3" resp="volume_editor" index="false"> По прошению жены Калинин с военной службы возвращен не был. По словам Авдотьи Даниловны, ее прошение не было удовлетворено вследствие того, что мать Калинина могла жить у других сыновей, а семья получала пособие в размере 8 рублей в месяц.</note></p>
<comments><p rend="Textpetit_otstup left">Печатается по черновому автографу.</p>
<p rend="Textpetit_otstup left"><hi>1</hi> Авдотья Даниловна Калинина, рожд. Козлова (р. 1870) — дочь крестьянина д. Ясная Поляна Данилы Давыдовича Козлова, ученика Толстого по Яснополянской школе 1859—1863 гг.</p>
<p rend="petit left"><hi>2</hi> Степан Корнеевич Калинин (1871—1929) — крестьянин д. Воробьевка Крапивенского уезда Тульской губ.</p>
<p rend="petit left"><hi>3</hi> По прошению жены Калинин с военной службы возвращен не был. По словам Авдотьи Даниловны, ее прошение не было удовлетворено вследствие того, что мать Калинина могла жить у других сыновей, а семья получала пособие в размере 8 рублей в месяц.</p>
</comments></div></body>
        </text>
        </TEI>