<?xml version='1.0' encoding='UTF-8' standalone='no'?>

<TEI xmlns="http://www.tei-c.org/ns/1.0">
       <teiHeader>
          <fileDesc>
             <titleStmt>
                <title>Письмо №* 251. А. Афанасьеву.</title>
             </titleStmt>
             <publicationStmt>
                <publisher>TolstoyLab</publisher>
                <date when="2015-09-14">14 September 2015</date>
             </publicationStmt>
             <sourceDesc>
                <biblStruct>
                   <analytic>
                      <author>Толстой Л.Н.</author>
                   </analytic>
                   <monogr>
                      <title level="m">Полное собрание сочинений. Том 78</title>
                      <imprint>
                         <pubPlace>Москва</pubPlace>
                         <publisher>Государственное издательство "Художественная литература"</publisher>
                         <date when="1956"/>
                      </imprint>
                   </monogr>
                   <series>
                      <title level="s">Л.Н. Толстой. Полное собрание сочинений</title>
                      <biblScope unit="vol">78</biblScope>
                   </series>
                </biblStruct>
				<bibl>Печатается по копировальной книге № 8, лл. 318—319, куда вклеен дубликат подлинника, написанного и датированного на машинке.</bibl>
             </sourceDesc>
          </fileDesc>
          <encodingDesc>
             <tagsDecl> </tagsDecl>
          </encodingDesc>
          <profileDesc>
             <correspDesc>
                <correspAction type="sending">
                   <persName ref="PersonList.xml#L_N_Tolstoy">Л. Н. Толстой</persName>
                   <placeName ref="PlacesListxml#PLACE">Ясная Поляна</placeName>
                   <date when="1908-09-12">1908 г. Сентября 12.</date>            </correspAction>
                <correspAction type="receiving">
                   <persName ref="PersonList.xml#RECEIVER">А. Афанасьеву.</persName>
                </correspAction>
                <correspContext>
                   <ref type="prev">Ответ на письмо Александра Афанасьева, штабс-капитана, командира 20-й роты Ковенской крепостной артиллерии, от 7 сентября 1908 г. (почт. шт.). Афанасьев писал о глубоком разладе между его убеждениями и службой, которую вынужден нести. Видя тяжелую жизнь солдат, он не только не имеет возможности помочь им, но должен сажать их под арест, учить тому, чего сам стыдится. Понял, что жить так нельзя, и просил совета. По поводу этого письма есть запись в ЯЗ 10 сентября. Писал ли еще Афанасьев Толстому, редакции неизвестно.</ref>
                </correspContext>
             </correspDesc>
          </profileDesc>
       </teiHeader>
       <xenoData><number type="in a volume">251</number></xenoData>

              <text xml:id="A.Afanasevu_251">
	<body><div>
		<opener index="false">
* 251. А. Афанасьеву.
1908 г. Сентября 12. Я. П.</opener>
<p rend="right">12 сентября 1908 года. Ясная Поляна.</p>
<p rend="left">Получил ваше письмо и с большим интересом и сочувствием прочел его. На ваше желание того, чтобы я помог вам в разрешении ваших вопросов и вашего положения, я решаюсь прямо высказать вам свою мысль. Ваше письмо настолько серьезно и искренно, что я не боюсь, чтобы искренно выраженное мое мнение было бы неприятно или бы имело для того <hi style="opdelimiter">душевного</hi><hi style="opnumber">226</hi> <hi style="npnumber">227</hi><hi style="npdelimiter">переворота,</hi> который вы переживаете, вредное влияние. Мысль моя следующая. Христианское жизнепонимание выводит нас из условий мирской жизни; взамен всего того, чего оно лишает нас, должно давать нам полную свободу и независимость, такую свободу, при которой человеку не могут быть нужны другие люди, а нужно только свое более и более близкое отношение к богу посредством большего и большего исполнения его закона. Не думайте, что то, что я сказал сейчас, были бы только отвлеченные мысли, не имеющие приложения к жизни. В вашем положении приложение их к жизни, как мне думается, следующее. Так как для человека, живущего христианской жизнью, жизнь сосредоточивается в исполнении воли бога, исполнение же это совершается не в каком-нибудь известном положении и ни в какое-нибудь известное время, а всегда в момент настоящего и в том самом положении, в котором находится человек, — думаю, что вам в вашем положении надо стараться исполнять, насколько они для вас сильны и обязательны, требования христианства или, скажу общее, божеского закона, не рассчитывая на то, что выйдет из этого положения, и в таком смысле отвечать на требования начальников, товарищей и подчиненных. А что выйдет из такого отношения, предоставить богу, зная, что из этого ничего кроме хорошего для вашего истинного существа, для вашей души выйти не может, и то, что выйдет из этого, то положение, в которое вас поставит такая деятельность, будет наверное тем лучше, чем больше у вас будет силы исполнять более точно те требования божеского закона или вашей души, которые вы чувствуете для себя обязательными.</p>
<p rend="left">Пожалуйста, пишите мне о том, как сложится ваша жизнь. Очень рад буду общению с вами.</p>
<comments><p rend="Textpetit_otstup left">Печатается по копировальной книге № 8, лл. 318—319, куда вклеен дубликат подлинника, написанного и датированного на машинке.</p>
<p rend="petit left">Ответ на письмо Александра Афанасьева, штабс-капитана, командира 20-й роты Ковенской крепостной артиллерии, от 7 сентября 1908 г. (почт. шт.). Афанасьев писал о глубоком разладе между его убеждениями и службой, которую вынужден нести. Видя тяжелую жизнь солдат, он не только не имеет возможности помочь им, но должен сажать их под арест, учить тому, чего сам стыдится. Понял, что жить так нельзя, и просил совета. По поводу этого письма есть запись в ЯЗ 10 сентября. Писал ли еще Афанасьев Толстому, редакции неизвестно.</p>
<p rend="left"><hi style="opnumber">227</hi> <hi style="npnumber">228</hi></p>
</comments></div></body>
        </text>
        </TEI>