<?xml version='1.0' encoding='UTF-8' standalone='no'?>

<TEI xmlns="http://www.tei-c.org/ns/1.0">
       <teiHeader>
          <fileDesc>
             <titleStmt>
                <title>Письмо №* 35. Сектантам с. Павловки [?]</title>
             </titleStmt>
             <publicationStmt>
                <publisher>TolstoyLab</publisher>
                <date when="2015-09-14">14 September 2015</date>
             </publicationStmt>
             <sourceDesc>
                <biblStruct>
                   <analytic>
                      <author>Толстой Л.Н.</author>
                   </analytic>
                   <monogr>
                      <title level="m">Полное собрание сочинений. Том 72</title>
                      <imprint>
                         <pubPlace>Москва</pubPlace>
                         <publisher>Государственное издательство "Художественная литература"</publisher>
                         <date when="1933"/>
                      </imprint>
                   </monogr>
                   <series>
                      <title level="s">Л.Н. Толстой. Полное собрание сочинений</title>
                      <biblScope unit="vol">72</biblScope>
                   </series>
                </biblStruct>
				<bibl>Печатается по листу копировальной книги, хранящемуся в AЧ. Местонахождение автографа неизвестно. Датируется по письму к сектантам с. Павловки от 13 февраля 1899 г. Публикуется впервые.</bibl>
             </sourceDesc>
          </fileDesc>
          <encodingDesc>
             <tagsDecl> </tagsDecl>
          </encodingDesc>
          <profileDesc>
             <correspDesc>
                <correspAction type="sending">
                   <persName ref="PersonList.xml#L_N_Tolstoy">Л. Н. Толстой</persName>
                   <placeName ref="PlacesListxml#PLACE">Москва</placeName>
                   <date when="1899-02-13">1899 г. февраля 13?</date>            </correspAction>
                <correspAction type="receiving">
                   <persName ref="PersonList.xml#RECEIVER">Сектантам с. Павловки</persName>
                </correspAction>
                <correspContext>
                   <ref type="prev"/>
                </correspContext>
             </correspDesc>
          </profileDesc>
       </teiHeader>
       <xenoData><number type="in a volume">35</number></xenoData>

              <text xml:id="Sektantams.Pavlovki_35">
	<body><div>
		<opener index="false">
* 35. Сектантам с. Павловки [?]

1899г. февраля 13? Москва.</opener>
<p rend="left"><choice><reg>Получил</reg><orig>Получилъ</orig></choice> ваше письмо. Буду <choice><reg>делать</reg><orig>дѣлать</orig></choice>, что могу. Когда чтò узнаю, сообщу <choice><reg>вам</reg><orig>вамъ</orig></choice>.</p>
<p rend="right"><choice><reg>Брат</reg><orig>Братъ</orig></choice> <choice><reg>ваш</reg><orig>вашъ</orig></choice> Л. Толстой.</p>
<comments><p rend="Textpetit_otstup left">Печатается по листу копировальной книги, хранящемуся в AЧ. Местонахождение автографа неизвестно. Датируется по письму к сектантам с. Павловки от 13 февраля 1899 г. Публикуется впервые.</p>
<p rend="petit left">Лист копировальной книги с этим письмом приклеен к копировальному листу с письмом к сектантам с. Павловки от 13 февраля 1899 г. Кому адресовано письмо, не указано. Возможно допустить, что оно <hi style="opdelimiter">адресовано</hi><hi style="opnumber">56</hi> <hi style="npnumber">57</hi><hi style="npdelimiter">тем</hi> же сектантам и отправлено одновременно с первым письмом на другое имя. Вероятно, были опасения, что одно из них могло по назначению не дойти. Подробности о переписке с крестьянами с. Павловки см. в предыдущем письме к ним, № 34.</p>
</comments></div></body>
        </text>
        </TEI>