<?xml version='1.0' encoding='UTF-8' standalone='no'?>

<TEI xmlns="http://www.tei-c.org/ns/1.0">
       <teiHeader>
          <fileDesc>
             <titleStmt>
                <title>Письмо №210. В редакцию газеты «Русская жизнь»</title>
             </titleStmt>
             <publicationStmt>
                <publisher>TolstoyLab</publisher>
                <date when="2015-09-14">14 September 2015</date>
             </publicationStmt>
             <sourceDesc>
                <biblStruct>
                   <analytic>
                      <author>Толстой Л.Н.</author>
                   </analytic>
                   <monogr>
                      <title level="m">Полное собрание сочинений. Том 66</title>
                      <imprint>
                         <pubPlace>Москва</pubPlace>
                         <publisher>Государственное издательство "Художественная литература"</publisher>
                         <date when="1953"/>
                      </imprint>
                   </monogr>
                   <series>
                      <title level="s">Л.Н. Толстой. Полное собрание сочинений</title>
                      <biblScope unit="vol">66</biblScope>
                   </series>
                </biblStruct>
             </sourceDesc>
          </fileDesc>
          <encodingDesc>
             <tagsDecl> </tagsDecl>
          </encodingDesc>
          <profileDesc>
             <correspDesc>
                <correspAction type="sending">
                   <persName ref="PersonList.xml#L_N_Tolstoy">Л. Н. Толстой</persName>
                   <placeName ref="PlacesListxml#PLACE">Москва, Бегичевка</placeName>
                   <date when="1892-01">1892 г. Январь</date>            </correspAction>
                <correspAction type="receiving">
                   <persName ref="PersonList.xml#RECEIVER">В редакцию газеты «Русская жизнь»</persName>
                </correspAction>
                <correspContext>
                   <ref type="prev">Ответ на несохранившееся приглашение редакции петербургской газеты «Русская жизнь», выходившей в 1890—1895 гг. в изд. и под ред. А. А. Проховщикова, принять участие в издаваемом сборнике: «Голодному на хлеб. Альбом автографов писателей, художников, артистов и общественных деятелей». СПб. 1892.</ref>
                </correspContext>
             </correspDesc>
          </profileDesc>
       </teiHeader>
       <xenoData><number type="in a volume">210</number></xenoData>

              <text xml:id="Vreda_210">
	<body><div>
		<opener index="false">
210. В редакцию газеты «Русская жизнь»
1892 г. Январь...марта начало. Москва или Бегичевка.</opener>
<p rend="left"><note xml:id="note1" resp="volume_editor" index="false"> Начало неизвестно.</note>я не знаю, как исполнить ваше желание.</p>
<p rend="left">Французы имеют перед нами в этом отношении то преимущество, что они знают, как это делать, и им не совестно. Мне же, признаюсь, так совестно, что я не могу преодолеть себя. Кому может быть какая нужда в моем писании. Ради бога не думайте, что я говорю, что не думаю и не чувствую.</p>
<p rend="left">Не могу и не мог никогда ни публично читать, ни писать в альбомы.</p>
<p rend="left">Пожалуйста, простите меня и не сердитесь, и верьте искреннему уважению</p>
<p rend="right">Льва Толстого.</p>
<comments><p rend="Textpetit_otstup left">Отрывок письма, печатается по первой публикации-факсимиле в альбоме «Голодному на хлеб», СПб. 1892, стр. 30. Дата определяется днем цензурного разрешения указанного альбома.</p>
<p rend="petit left">Ответ на несохранившееся приглашение редакции петербургской газеты «Русская жизнь», выходившей в 1890—1895 гг. в изд. и под ред. А. А. Проховщикова, принять участие в издаваемом сборнике: «Голодному на хлеб. Альбом автографов писателей, художников, артистов и общественных деятелей». СПб. 1892.</p>
<p rend="Textpetit_otstup left"><hi>1</hi> Начало неизвестно.</p>
<p rend="left secend"><hi style="opnumber">175</hi> <hi style="npnumber">176</hi></p>
</comments></div></body>
        </text>
        </TEI>