<?xml version='1.0' encoding='UTF-8' standalone='no'?>

<TEI xmlns="http://www.tei-c.org/ns/1.0">
       <teiHeader>
          <fileDesc>
             <titleStmt>
                <title>Письмо №16. Редакции газеты «Свободный труд».</title>
             </titleStmt>
             <publicationStmt>
                <publisher>TolstoyLab</publisher>
                <date when="2015-09-14">14 September 2015</date>
             </publicationStmt>
             <sourceDesc>
                <biblStruct>
                   <analytic>
                      <author>Толстой Л.Н.</author>
                   </analytic>
                   <monogr>
                      <title level="m">Полное собрание сочинений. Том 77</title>
                      <imprint>
                         <pubPlace>Москва</pubPlace>
                         <publisher>Государственное издательство "Художественная литература"</publisher>
                         <date when="1956"/>
                      </imprint>
                   </monogr>
                   <series>
                      <title level="s">Л.Н. Толстой. Полное собрание сочинений</title>
                      <biblScope unit="vol">77</biblScope>
                   </series>
                </biblStruct>
				<bibl>Печатается по копировальной книге № 7, л. 236. В копировальную книгу вписана копия рукой Ю. И. Игумновой. Телеграмма. Впервые опубликована в газете «Свободный труд» 1907, № 1 от 28 января.</bibl>
             </sourceDesc>
          </fileDesc>
          <encodingDesc>
             <tagsDecl> </tagsDecl>
          </encodingDesc>
          <profileDesc>
             <correspDesc>
                <correspAction type="sending">
                   <persName ref="PersonList.xml#L_N_Tolstoy">Л. Н. Толстой</persName>
                   <placeName ref="PlacesListxml#PLACE">Ясная Поляна</placeName>
                   <date when="1907-01-26">1907 г. Января 26.</date>            </correspAction>
                <correspAction type="receiving">
                   <persName ref="PersonList.xml#RECEIVER">Редакции газеты «Свободный труд».</persName>
                </correspAction>
                <correspContext>
                   <ref type="prev">Ответ на телеграмму (с оплаченным ответом) редакции петербургской артельной газеты «Свободный труд» с вопросом, даст ли <hi style="opdelimiter">открывающаяся</hi><hi style="opnumber">17</hi> <hi style="npnumber">18</hi><hi style="npdelimiter">20</hi> февраля вторая Государственная дума «хоть каплю счастья народу» и сумеет ли она мирным путем передать землю крестьянам.</ref>
                </correspContext>
             </correspDesc>
          </profileDesc>
       </teiHeader>
       <xenoData><number type="in a volume">16</number></xenoData>

              <text xml:id="RedakciigazetySvobodnyjtrud_16">
	<body><div>
		<opener index="false">
16. Редакции газеты «Свободный труд».
1907 г. Января 26. Я. П.
</opener>
<p rend="Obrashenie left">Редакция газеты «Свободный Труд».</p>
<p rend="left">Никакая Дума не может дать блага народу. О том, какая деятельность мне кажется наилучшей, равно об уничтожении земельной собственности, высказался в прилагаемых задержанных статьях.<note xml:id="note1" resp="volume_editor" index="false">Вероятно, были посланы статьи Толстого о земельном вопросе, изданные в 1905 и 1906 гг.</note></p>
<p rend="right">Толстой.</p>
<p rend="left">26 янв. 1907 г.</p>
<comments><p rend="Textpetit_otstup left">Печатается по копировальной книге № 7, л. 236. В копировальную книгу вписана копия рукой Ю. И. Игумновой. Телеграмма. Впервые опубликована в газете «Свободный труд» 1907, № 1 от 28 января.</p>
<p rend="petit left">Ответ на телеграмму (с оплаченным ответом) редакции петербургской артельной газеты «Свободный труд» с вопросом, даст ли <hi style="opdelimiter">открывающаяся</hi><hi style="opnumber">17</hi> <hi style="npnumber">18</hi><hi style="npdelimiter">20</hi> февраля вторая Государственная дума «хоть каплю счастья народу» и сумеет ли она мирным путем передать землю крестьянам.</p>
<p rend="Textpetit_otstup left"><hi>1 </hi>Вероятно, были посланы статьи Толстого о земельном вопросе, изданные в 1905 и 1906 гг.</p>
<p rend="petit left">Телеграмма Толстого напечатана в первом номере газеты «Свободный труд» (см. первый абзац комментария) с заметкой от редакции, что мнение Толстого о Государственной думе ошибочно. «Это единственное серьезное оружие».</p>
</comments></div></body>
        </text>
        </TEI>