<?xml version='1.0' encoding='UTF-8' standalone='no'?>

<TEI xmlns="http://www.tei-c.org/ns/1.0">
       <teiHeader>
          <fileDesc>
             <titleStmt>
                <title>Письмо №293. Тульскому губернатору.</title>
             </titleStmt>
             <publicationStmt>
                <publisher>TolstoyLab</publisher>
                <date when="2015-09-14">14 September 2015</date>
             </publicationStmt>
             <sourceDesc>
                <biblStruct>
                   <analytic>
                      <author>Толстой Л.Н.</author>
                   </analytic>
                   <monogr>
                      <title level="m">Полное собрание сочинений. Том 60</title>
                      <imprint>
                         <pubPlace>Москва</pubPlace>
                         <publisher>Государственное издательство "Художественная литература"</publisher>
                         <date when="1949"/>
                      </imprint>
                   </monogr>
                   <series>
                      <title level="s">Л.Н. Толстой. Полное собрание сочинений</title>
                      <biblScope unit="vol">60</biblScope>
                   </series>
                </biblStruct>
				<bibl>Печатается по тексту, опубликованному в «Русской мысли», 1903, IX, стр. 98—99.</bibl>
             </sourceDesc>
          </fileDesc>
          <encodingDesc>
             <tagsDecl> </tagsDecl>
          </encodingDesc>
          <profileDesc>
             <correspDesc>
                <correspAction type="sending">
                   <persName ref="PersonList.xml#L_N_Tolstoy">Л. Н. Толстой</persName>
                   <placeName ref="PlacesListxml#PLACE">Ясная Поляна</placeName>
                   <date when="1861-10-28">1861 г. Октября 28.</date>            </correspAction>
                <correspAction type="receiving">
                   <persName ref="PersonList.xml#RECEIVER">Тульскому губернатору</persName>
                </correspAction>
                <correspContext>
                   <ref type="prev"/>
                </correspContext>
             </correspDesc>
          </profileDesc>
       </teiHeader>
       <xenoData><number type="in a volume">293</number></xenoData>

              <text xml:id="Tulskomugubernatoru_293">
	<body><div>
		<opener index="false">
293. Тульскому губернатору.<note xml:id="note1" resp="volume_editor" index="false"> Губернатором был П. М. Дараган.</note>
1861 г. Октября 28. Я. П.</opener>
<p rend="left">№ 343.</p>
<p rend="left">По жалобе дворовых людей г. Костомарова Филиппа Алексеева и Никиты Моисеева на требование помещика обязательной от них службы — мною письмом сообщено г. Костомарову<note xml:id="note2" resp="volume_editor" index="false"> О Н. А. Костомарове см. п. № 213.</note> 18 прошлого июня,<note xml:id="note3" resp="volume_editor" index="false"> Толстой ошибся: письмо к Костомарову было не от 18 июня, а от 30 июня 1861 г. (см. № 213).</note> что, на основании ст. <choice original_editorial_correction='Полож[ения]'><sic>Полож</sic><corr>Положения</corr></choice> о дворовых людях, Алексеев и Моисеев не обязаны служить во дворе помещику и должны получить надел. Письмо и решение мое г. Костомаровым представлено было с жалобою в мировой съезд, а оным постановлено поручить г. Фере<note xml:id="note4" resp="volume_editor" index="false"> Юлий Егорович Фере — мировой посредник 2-го участка Крапивенского уезда Тульской губернии.</note> переследовать это дело и донести мировому съезду. Так как мировой съезд, несмотря на постановление тульского губернского по крестьянским делам присутствия от 3 октября, за № 1728, коим постановлено просить крапивенский мировой съезд уведомлять мировых посредников о своих постановлениях, которые будут исполнены помимо посредника, — не считает нужным извещать о своих решениях, то мне только частным образом известно, что г. Фере мое решение нашел справедливым и вновь приказал этим дворовым людям оставаться в крестьянстве. 14 числа сего октября сельский Харинский староста донес мне, что люди эти становым приставом взяты в Крапивну, но для чего или за что — на требование сельского старосты ему, а равно и тем дворовым людям не объяснено никем. Тогда же о причинах арестования сказанных людей мною посланы два отношения приставу 2 стана Крапивенского уезда, за № 303, и в крапивенский земский суд, за № 308; но на оба отношения ответа не получено.<hi>6</hi></p>
<p rend="left">28 числа сельский староста, явившись ко мне с одним из дворовых людей, показали следующее: «спустя месяца три после приезда в село Харинское посредника 2 мирового участка г. Фере, которым после исследования этого дела в то же время нам приказано оставаться в крестьянах, — прибыл г. пристав 2 стана Крапивенского уезда и приказывал нам опять идти к помещику в дворовые, но они отвечали, что «пойдем в <hi style="opdelimiter">дворовые</hi><hi style="opnumber">493</hi> <hi style="npnumber">494</hi><hi style="npdelimiter">тогда</hi> только, когда нам прикажет это наш мировой посредник». После этого становой пристав передал нас ближайшему сотскому, а сей препроводил в крапивенский земский суд, где мы содержались три недели, не получая ни куска хлеба, и для прокормления себя должны были продать имевшееся на нас платье; по прошествии трех недель нас привели в суд и по снятии с нас допроса, отпустили к тестям нашим, которые состоят крестьянами; но помещик по возвращении опять нас требует к себе в услужение, потому мы находимся вынужденными искать защиты прав наших у начальства».</p>
<p rend="left">Находясь в недоумении, что всё это значит: законное ли преследование виновных, или произвольное насилие подкупленной полиции, представляю при сем самых людей и всё дело это на рассмотрение Вашего превосходительства и покорно прошу в обоих случаях меня уведомить.</p>
<comments><p rend="Textpetit_otstup left">Печатается по тексту, опубликованному в «Русской мысли», 1903, IX, стр. 98—99.</p>
<p rend="Textpetit_otstup left"><hi>1</hi> Губернатором был П. М. Дараган.</p>
<p rend="petit left"><hi>2</hi> О Н. А. Костомарове см. п. № 213.</p>
<p rend="petit left"><hi>3</hi> Толстой ошибся: письмо к Костомарову было не от 18 июня, а от 30 июня 1861 г. (см. № 213).</p>
<p rend="petit left"><hi>4</hi> Юлий Егорович Фере — мировой посредник 2-го участка Крапивенского уезда Тульской губернии.</p>
<p rend="petit left"><hi>5</hi> Оба эти отношения Толстого (приставу 2-го стана Крапивенского уезда и в Крапивенский земский суд) не сохранились.</p>
<p rend="petit left">Кроме этого отношения Толстого в губернское присутствие были направлены мировым съездом: записка по делу сына Костомарова — полковника А. Н. Костомарова, и приказ Толстого харинскому старосте. Костомаров сообщал, что член полиции, прибыв на место для приведения крестьян Моисеева и Алексеева в повиновение, встретил с их стороны явное сопротивление, за что они и были «препровождены в земский суд и отданы уголовному суду», просит «положить конец произволу мирового посредника 4 участка, который, как видно из настоящего дела, не признает никакой законности, не обращает никакого внимания на решения мирового съезда и приказами своими только поощряет людей, отданных уже под суд уголовный за ослушание земской полиции, к новым, большим еще, противлениям, и ведет себя до того произвольно, что помещикам невозможно иметь никаких сношений по мировым учреждениям». Приказ Толстого харинскому старосте см. № 224.</p>
<p rend="petit left">На деле этом сделана помета карандашом: «Оставить без последствий по приказанию губернатора».</p>
<p rend="emptyline left"><hi style="opnumber">494</hi> <hi style="npnumber">495</hi></p>
</comments></div></body>
        </text>
        </TEI>