<?xml version='1.0' encoding='UTF-8' standalone='no'?>

<TEI xmlns="http://www.tei-c.org/ns/1.0">
       <teiHeader>
          <fileDesc>
             <titleStmt>
                <title>Письмо №* 287. В редакции газет.</title>
             </titleStmt>
             <publicationStmt>
                <publisher>TolstoyLab</publisher>
                <date when="2015-09-14">14 September 2015</date>
             </publicationStmt>
             <sourceDesc>
                <biblStruct>
                   <analytic>
                      <author>Толстой Л.Н.</author>
                   </analytic>
                   <monogr>
                      <title level="m">Полное собрание сочинений. Том 77</title>
                      <imprint>
                         <pubPlace>Москва</pubPlace>
                         <publisher>Государственное издательство "Художественная литература"</publisher>
                         <date when="1956"/>
                      </imprint>
                   </monogr>
                   <series>
                      <title level="s">Л.Н. Толстой. Полное собрание сочинений</title>
                      <biblScope unit="vol">77</biblScope>
                   </series>
                </biblStruct>
				<bibl>Печатается по фотокопии с подлинника, хранящегося в библиотеке Национального музея в Праге. Подлинник написан и датирован рукой Д. П. Маковицкого, подпись собственноручная.</bibl>
             </sourceDesc>
          </fileDesc>
          <encodingDesc>
             <tagsDecl> </tagsDecl>
          </encodingDesc>
          <profileDesc>
             <correspDesc>
                <correspAction type="sending">
                   <persName ref="PersonList.xml#L_N_Tolstoy">Л. Н. Толстой</persName>
                   <placeName ref="PlacesListxml#PLACE">Ясная Поляна</placeName>
                   <date when="1907-11-13">1907 г. Ноября 13.</date>            </correspAction>
                <correspAction type="receiving">
                   <persName ref="PersonList.xml#RECEIVER">В редакции газет.</persName>
                </correspAction>
                <correspContext>
                   <ref type="prev"/>
                </correspContext>
             </correspDesc>
          </profileDesc>
       </teiHeader>
       <xenoData><number type="in a volume">287</number></xenoData>

              <text xml:id="Vredakciigazet_287">
	<body><div>
		<opener index="false">
* 287. В редакции газет. Неотправленное.
1907 г. Ноября 13. Я. П.</opener>
<p rend="left">Получая много писем по случаю приписываемого мне письма к г. Рокфеллеру, считаю нужным заявить, что я никакого письма от г. Рокфеллера не получал и ему не писал.</p>
<p rend="right">Лев Толстой.</p>
<p rend="left">13 ноября 1907.</p>
<p rend="left">Ясная Поляна.</p>
<comments><p rend="Textpetit_otstup left">Печатается по фотокопии с подлинника, хранящегося в библиотеке Национального музея в Праге. Подлинник написан и датирован рукой Д. П. Маковицкого, подпись собственноручная.</p>
<p rend="petit left">В октябре 1907 г. в иностранных и русских газетах появилось сообщение о том, что Джон Рокфеллер (1839—1937), крупнейший американский миллиардер, нефтяной король, обратился к Толстому с письмом, в котором просил указать ему наилучший способ употребления богатства. В некоторых газетах приводился и ответ Толстого. Сообщение не соответствовало действительности. Никакого письма Рокфеллер не писал, «ответ» же Толстого является в действительности опубликованным отрывком из письма Толстого к П. А. Буланже от 13 января 1903 г., написанного по поводу Рокфеллера. (См. т. 74, стр. 13—14.)</p>
<p rend="petit left">По поводу этого «письма» Толстой получал запросы и в конце 1907 г. и в 1908 г.</p>
</comments></div></body>
        </text>
        </TEI>