<?xml version='1.0' encoding='UTF-8' standalone='no'?>

<TEI xmlns="http://www.tei-c.org/ns/1.0">
       <teiHeader>
          <fileDesc>
             <titleStmt>
                <title>Письмо №* 115. Неизвестной.</title>
             </titleStmt>
             <publicationStmt>
                <publisher>TolstoyLab</publisher>
                <date when="2015-09-14">14 September 2015</date>
             </publicationStmt>
             <sourceDesc>
                <biblStruct>
                   <analytic>
                      <author>Толстой Л.Н.</author>
                   </analytic>
                   <monogr>
                      <title level="m">Полное собрание сочинений. Том 81</title>
                      <imprint>
                         <pubPlace>Москва</pubPlace>
                         <publisher>Государственное издательство "Художественная литература"</publisher>
                         <date when="1956"/>
                      </imprint>
                   </monogr>
                   <series>
                      <title level="s">Л.Н. Толстой. Полное собрание сочинений</title>
                      <biblScope unit="vol">81</biblScope>
                   </series>
                </biblStruct>
				<bibl>Печатается по черновику-автографу, написанному на конверте письма «Неизвестной». На конверте помета рукой A. Л. Толстой: «Анонимное. Москва. О статье «Последний этап моей жизни». Л. H.».</bibl>
             </sourceDesc>
          </fileDesc>
          <encodingDesc>
             <tagsDecl> </tagsDecl>
          </encodingDesc>
          <profileDesc>
             <correspDesc>
                <correspAction type="draft">
                   <persName ref="PersonList.xml#L_N_Tolstoy">Л. Н. Толстой</persName>
                   <placeName ref="PlacesListxml#PLACE">Ясная Поляна</placeName>
                   <date when="1910-02-08">1910 г. Февраля 8.</date>            </correspAction>
                <correspAction type="receiving">
                   <persName ref="PersonList.xml#RECEIVER">Неизвестной</persName>
                </correspAction>
                <correspContext>
                   <ref type="prev"/>
                </correspContext>
             </correspDesc>
          </profileDesc>
       </teiHeader>
       <xenoData><number type="in a volume">115</number></xenoData>

       <text xml:id="Neizvestnoj_115">
	<body><div>
		<opener index="false">
* 115. Неизвестной. Черновое.
1910 г. Февраля 8. Я. П.</opener>
<p rend="left">Не знаю никакой моей статьи: Последний этап моей жизни.<note xml:id="note1" resp="volume_editor" index="false"> Статья под заглавием «Последний этап моей жизни» графа Л. Н. Толстого (перевод из журнала «Je sais tout») была напечатана в газете «Новое время» 1910, № 12179 от 6 февраля. Многие газеты перепечатали ее, а Толстой телеграфировал В. Г. Черткову: «В газетах появилась моя статья «Последний этап». Сообщите, откуда она и какая» (см. письмо к В. Г. Черткову от 9 февраля 1910 г., т. 89). Чертков ответил Толстому письмом от 11 февраля 1910 г. и поместил в газетах открытое письмо, которое приводим полностью (см. «Русское слово» 1910, № 44 от 24 февраля, «Утро России» 1910, № 114—81 от 24 февраля и др.). В открытом письме Чертков писал:</note> Мысли, выраженные вами в письме, я вполне разделяю.</p>
<comments><p rend="Textpetit_otstup left">Печатается по черновику-автографу, написанному на конверте письма «Неизвестной». На конверте помета рукой A. Л. Толстой: «Анонимное. Москва. О статье «Последний этап моей жизни». Л. H.».</p>
<p rend="petit left">Так как в письме «Неизвестной» отсутствовал обратный адрес, то можно предположить, что ответ Толстого не был отправлен. Дата определяется почтовым штемпелем дня получения: «Засека, 8 февраля 1910 г.».</p>
<p rend="petit left">Неизвестная, пославшая свое письмо из Москвы 7 февраля 1910 г., писала, что после прочтения статьи Толстого «Последний этап моей жизни» она нашла дополнение и развитие его мысли о значении бога в жизни человека в книге епископа Феофана «Путь к истине».</p>
<p rend="Textpetit_otstup left"><hi>1</hi> Статья под заглавием «Последний этап моей жизни» графа Л. Н. Толстого (перевод из журнала «Je sais tout») была напечатана в газете «Новое время» 1910, № 12179 от 6 февраля. Многие газеты перепечатали ее, а Толстой телеграфировал В. Г. Черткову: «В газетах появилась моя статья «Последний этап». Сообщите, откуда она и какая» (см. письмо к В. Г. Черткову от 9 февраля 1910 г., т. 89). Чертков ответил Толстому письмом от 11 февраля 1910 г. и поместил в газетах открытое письмо, которое приводим полностью (см. «Русское слово» 1910, № 44 от 24 февраля, «Утро России» 1910, № 114—81 от 24 февраля и др.). В открытом письме Чертков писал:</p>
<p rend="petit left">«На днях появилась в разных газетах статья под странным названием: «Последний этап моей жизни», приписываемая Л. Н. Толстому, и притом — как одно из его новейших произведений.</p>
<p rend="petit left">На самом деле статья эта представляет искаженный до неузнаваемости обратный перевод на русский язык с перевода на французский написанного 20 лет тому назад отрывка из дневника Льва Николаевича. Получившееся таким путем уродливое русское изложение изобилует притом совершенно произвольными переделками и обессмысливающими прибавлениями со стороны переводчиков, очевидно не понимавших мысли <hi style="opdelimiter">автора.</hi><hi style="opnumber">93</hi> <hi style="npnumber">94</hi><hi style="npdelimiter">Л.</hi> Н. Толстой, которому было очень неприятно появление под его именем такой нелепицы, просит меня заявить, что он не может признать себя автором этой статьи.</p>
<p rend="petit left">Спеша исполнить его желание, прибавлю с своей стороны, что другой, также обратный с иностранного языка, перевод этого же самого отрывка появился в русских газетах около года тому назад и также вызвал протест со стороны Толстого...» (См. «Ход моего духовного развития» — «Русское слово» 1909, № 2 от 3 января, и другие газеты.)</p>
</comments></div></body>
        </text>
        </TEI>