<?xml version='1.0' encoding='UTF-8' standalone='no'?>

<TEI xmlns="http://www.tei-c.org/ns/1.0">
       <teiHeader>
          <fileDesc>
             <titleStmt>
                <title>Письмо №* 197. Неизвестному (Владимиру H.).</title>
             </titleStmt>
             <publicationStmt>
                <publisher>TolstoyLab</publisher>
                <date when="2015-09-14">14 September 2015</date>
             </publicationStmt>
             <sourceDesc>
                <biblStruct>
                   <analytic>
                      <author>Толстой Л.Н.</author>
                   </analytic>
                   <monogr>
                      <title level="m">Полное собрание сочинений. Том 78</title>
                      <imprint>
                         <pubPlace>Москва</pubPlace>
                         <publisher>Государственное издательство "Художественная литература"</publisher>
                         <date when="1956"/>
                      </imprint>
                   </monogr>
                   <series>
                      <title level="s">Л.Н. Толстой. Полное собрание сочинений</title>
                      <biblScope unit="vol">78</biblScope>
                   </series>
                </biblStruct>
				<bibl>Печатается по копировальной книге № 8, лл. 257—258, куда вклеен дубликат подлинника, написанного а датированного на машинке (в дубликате подпись воспроизведена рукой Н. Н, Гусева).</bibl>
             </sourceDesc>
          </fileDesc>
          <encodingDesc>
             <tagsDecl> </tagsDecl>
          </encodingDesc>
          <profileDesc>
             <correspDesc>
                <correspAction type="sending">
                   <persName ref="PersonList.xml#L_N_Tolstoy">Л. Н. Толстой</persName>
                   <placeName ref="PlacesListxml#PLACE">Ясная Поляна</placeName>
                   <date when="1908-07-12">1908 г. Июля 12.</date>            </correspAction>
                <correspAction type="receiving">
                   <persName ref="PersonList.xml#RECEIVER">Неизвестному (Владимиру H.).</persName>
                </correspAction>
                <correspContext>
                   <ref type="prev"/>
                </correspContext>
             </correspDesc>
          </profileDesc>
       </teiHeader>
       <xenoData><number type="in a volume">197</number></xenoData>

              <text xml:id="NeizvestnomuVladimiruN._197">
	<body><div>
		<opener index="false">
* 197. Неизвестному (Владимиру H.).
1908 г. Июля 12. Я. П.</opener>
<p rend="right">Ясная Поляна. 12 июля 08 г.</p>
<p rend="left">На вопрос ваш могу ответить выписками из моего дневника последнего времени,<note xml:id="note1" resp="volume_editor" index="false"> См. Дневник 1908 г., записи 13, 20 и 31 января, 9 февраля, 12 мая, 12, 21—22 июня, 11 июля (т. 56).</note> в которых я пишу с разных сторон одно и то же, именно то, что вся моя молитва, если бы молился к богу, не может быть ничем иным, как благодарностью за то огромное счастье, какое я не предполагал, что возможно иметь человеку. Вы спросите, какое же это счастье и в чем оно <hi style="opdelimiter">состоит?</hi><hi style="opnumber">179</hi> <hi style="npnumber">180</hi><hi style="npdelimiter">Состоит</hi> оно в том, что то, чего одного я желаю более всего на свете, постоянно и неуклонно совершается, а именно то, чтобы всё больше и больше освобождаться от телесных желаний и чувствовать в себе ту основу жизни, которая вложена во всех людей и которая есть не что иное, как любовь, любовь ко Всему. Думаю, что это приближение к совершенству любви есть неизбежное свойство жизни каждого человека, хочет ли он того или не хочет, и потому понятно, что если человек поставит себе целью то, что в нем совершается, то он и будет постоянно получать удовлетворение, всё большее и большое счастье. Правда, состояние это не постоянное. Бывают, хотя и изредка, минуты, когда я перестаю чувствовать это благо, бывают даже и тяжелые минуты, но все они приходят только тогда, когда я отдаляюсь от той цели, которую я поставил себе и которая свойственна человеку. Стоит мне только в эти тяжелые минуты опомниться, сознать то, во имя чего я живу, и тотчас же уничтожается всё то, что огорчало или расстраивало меня. Вам может показаться странным, что человек полагает свою жизнь в вечном совершенствовании, в увеличении в себе любви. Таким же странным это кажется большинству людей, так казалось и мне. Но, несмотря на то, что большинству людей это кажется странным, я, по крайней мере, считаю странным обратное; странно то, что люди не понимают той простой самой истины, что, положи они свое благо и желание осуществления его в чем хотите, в богатстве ли, в гаремах, в устройстве общества, во власти, в славе, всегда не только могут быть, но всегда наверное будут препятствия, и человек не получит своего блага. Одно, только одно есть дело, в котором человек всегда может удовлетворить своему желанию, и это дело свойственно человеку, это — совершенствование, увеличение в себе любви. И стоит человеку положить себе эту свойственную ему цель, и все вопросы разрешаются, и жизнь ничего, кроме блага, дать не может.</p>
<p rend="right">Лев Толстой.</p>
<comments><p rend="Textpetit_otstup left">Печатается по копировальной книге № 8, лл. 257—258, куда вклеен дубликат подлинника, написанного а датированного на машинке (в дубликате подпись воспроизведена рукой Н. Н, Гусева).</p>
<p rend="petit left">В письме от 8 июля 1908 г. Владимир Н. (Москва) спрашивал Толстого: «Счастливы ли вы, или нет, можете ли назвать вы весь пройденный вами тернистый жизненный путь счастливою жизнью? И если нет, <hi style="opdelimiter">то</hi><hi style="opnumber">180</hi> <hi style="npnumber">181</hi><hi style="npdelimiter">объясните,</hi> в чем заключается счастье человеческой жизни, конечно в связи с вашим мировоззрением».</p>
<p rend="Textpetit_otstup left"><hi>1</hi> См. Дневник 1908 г., записи 13, 20 и 31 января, 9 февраля, 12 мая, 12, 21—22 июня, 11 июля (т. 56).</p>
</comments></div></body>
        </text>
        </TEI>