<?xml version='1.0' encoding='UTF-8' standalone='no'?>

<TEI xmlns="http://www.tei-c.org/ns/1.0">
       <teiHeader>
          <fileDesc>
             <titleStmt>
                <title>Письмо №160. Редактору английской газеты.</title>
             </titleStmt>
             <publicationStmt>
                <publisher>TolstoyLab</publisher>
                <date when="2015-09-14">14 September 2015</date>
             </publicationStmt>
             <sourceDesc>
                <biblStruct>
                   <analytic>
                      <author>Толстой Л.Н.</author>
                   </analytic>
                   <monogr>
                      <title level="m">Полное собрание сочинений. Том 68</title>
                      <imprint>
                         <pubPlace>Москва</pubPlace>
                         <publisher>Государственное издательство "Художественная литература"</publisher>
                         <date when="1954"/>
                      </imprint>
                   </monogr>
                   <series>
                      <title level="s">Л.Н. Толстой. Полное собрание сочинений</title>
                      <biblScope unit="vol">68</biblScope>
                   </series>
                </biblStruct>
             </sourceDesc>
          </fileDesc>
          <encodingDesc>
             <tagsDecl> </tagsDecl>
          </encodingDesc>
          <profileDesc>
             <correspDesc>
                <correspAction type="sending">
                   <persName ref="PersonList.xml#L_N_Tolstoy">Л. Н. Толстой</persName>
                   <placeName ref="PlacesListxml#PLACE">Ясная Поляна</placeName>
                   <date when="1895-09-10">1895 г. Сентября 10.</date>            </correspAction>
                <correspAction type="receiving">
                   <persName ref="PersonList.xml#RECEIVER">Редактору английской газеты.</persName>
                </correspAction>
                <correspContext>
                   <ref type="prev"/>
                </correspContext>
             </correspDesc>
          </profileDesc>
       </teiHeader>
       <xenoData><number type="in a volume">160</number></xenoData>

              <text xml:id="Redaktoruanglijskojgazety_160">
	<body><div>
		<opener index="false">
160. Редактору английской газеты.
1895 г. Сентября 10. Я. П.
</opener>
<p rend="Obrashenie left">Милостивый государь,</p>
<p rend="left">Посылаю вам для напечатания в вашей газете записку о гонениях, которым нынешним летом подверглись кавказские сектанты духоборцы.<note xml:id="note1" resp="volume_editor" index="false"> <hi>Зачеркнуто во второй редакции:</hi> Зная о тех ужасах, которые совершались и совершаются над этими людьми, нельзя оставаться равнодушным.</note> Средство помочь как гонимым, так в особенности гонителям, не знающим, что творят, есть только одно: гласность, представление дела на суд общественного мнения,<note xml:id="note2" resp="volume_editor" index="false"> <hi>Зачеркнуто во второй редакции:</hi> с тем, чтобы поддержать бодрость в гонимых и вызвать в гонителях сознание своего заблуждения.</note> которое, выразив свое неодобрение гонителям и сочувствие гонимым, удержит первых от их часто только по темноте и невежеству совершаемых жестокостей и поддержит бодрость во вторых и даст им утешение в их страданиях.</p>
<p rend="left">В России статью не пропустит цензура, потому обращаюсь к вам, прося напечатать ее в вашем издании. Записка эта составлена моим другом, ездившим на место для собрания точных сведений о происшедших событиях, и потому сообщаемым им сведениям можно верить.<note xml:id="note3" resp="volume_editor" index="false"> <hi>Зачеркнуто во второй редакции:</hi> Факты, описываемые им, так возмутительны, что распространяться об их значении излишне. Они говорят сами за себя.</note></p>
<p rend="left">То, что передаваемые в этой записке сведения получены только от одной стороны — гонимых, а не спрошена другая сторона — гонителей, не уменьшает достоверности сообщаемого. Гонимым незачем было скрывать то, что они делали: они провозглашают это на весь мир; гонителям же. не может не быть стыдно за те меры, которые они употребляли против гонимых, и потому они всеми средствами будут стараться скрыть свои дела. Если же в рассказах духоборов и могли быть преувеличения, то мы старательно исключили всё то, что нам казалось таковым. Достоверно и несомненно самое существенное, рассказанное в этой записке, а именно то, что духоборы были в разных местах неоднократно жестоко истязуемы, что большое число их засажено в тюрьмы и что более 450 семей совершенно разорены и выгнаны из своих жилищ только за то, что они не хотели поступать противно своим религиозным верованиям. Всё это несомненно достоверно, потому что было напечатано во многих русских газетах и не вызвало никакого опровержения со стороны правительства.</p>
<p rend="left">Мысли, вызванные во мне этими событиями, я выразил отдельно, и если вы хотите этого, то могу прислать их вам для напечатания уже после появления настоящей записки.<note xml:id="note4" resp="volume_editor" index="false"> Этот абзац опущен в печатном английском тексте в газете «Times».</note></p>
<p rend="right">Л. <hi style="opdelimiter">Толстой.</hi><hi style="opnumber">173</hi></p>
<comments><p rend="Textpetit_otstup left"><hi style="npnumber">174</hi><hi style="npdelimiter">Письмо</hi> сохранилось в двух редакциях: 1) в черновике, написанном рукою Толстого, и 2) в копии с этого черновика, неизвестной рукою, с многочисленными поправками и вставками рукою Толстого. Печатаем по этой копии. Опубликовано впервые в английском переводе, сделанном Кенворти и Рапопортом, в газете «Times», № 34715 от 23 октября 1895 г., а по-русски — в издании М. К. Элпидина под заглавием: «Письмо Л. Н. Толстого к редактору английской газеты», в качестве предисловия к статье П. И. Бирюкова «Гонение на христиан в России в 1895 году», Женева, 1896, стр. 3—5, с датой: «10 сентября 1895 г.».</p>
<p rend="Textpetit_otstup left"><hi>1</hi> <hi>Зачеркнуто во второй редакции:</hi> Зная о тех ужасах, которые совершались и совершаются над этими людьми, нельзя оставаться равнодушным.</p>
<p rend="petit left"><hi>2</hi> <hi>Зачеркнуто во второй редакции:</hi> с тем, чтобы поддержать бодрость в гонимых и вызвать в гонителях сознание своего заблуждения.</p>
<p rend="petit left"><hi>3</hi> <hi>Зачеркнуто во второй редакции:</hi> Факты, описываемые им, так возмутительны, что распространяться об их значении излишне. Они говорят сами за себя.</p>
<p rend="petit left"><hi>4</hi> Этот абзац опущен в печатном английском тексте в газете «Times».</p>
</comments></div></body>
        </text>
        </TEI>