<?xml version='1.0' encoding='UTF-8' standalone='no'?>

<TEI xmlns="http://www.tei-c.org/ns/1.0">
       <teiHeader>
          <fileDesc>
             <titleStmt>
                <title>Письмо №* 286. Неизвестной (В. О. И.).</title>
             </titleStmt>
             <publicationStmt>
                <publisher>TolstoyLab</publisher>
                <date when="2015-09-14">14 September 2015</date>
             </publicationStmt>
             <sourceDesc>
                <biblStruct>
                   <analytic>
                      <author>Толстой Л.Н.</author>
                   </analytic>
                   <monogr>
                      <title level="m">Полное собрание сочинений. Том 77</title>
                      <imprint>
                         <pubPlace>Москва</pubPlace>
                         <publisher>Государственное издательство "Художественная литература"</publisher>
                         <date when="1956"/>
                      </imprint>
                   </monogr>
                   <series>
                      <title level="s">Л.Н. Толстой. Полное собрание сочинений</title>
                      <biblScope unit="vol">77</biblScope>
                   </series>
                </biblStruct>
             </sourceDesc>
          </fileDesc>
          <encodingDesc>
             <tagsDecl> </tagsDecl>
          </encodingDesc>
          <profileDesc>
             <correspDesc>
                <correspAction type="sending">
                   <persName ref="PersonList.xml#L_N_Tolstoy">Л. Н. Толстой</persName>
                   <placeName ref="PlacesListxml#PLACE">Ясная Поляна</placeName>
                   <date when="1907-11-11">1907 г. Ноября 11.</date>            </correspAction>
                <correspAction type="receiving">
                   <persName ref="PersonList.xml#RECEIVER">Неизвестной (В. О. И.).</persName>
                </correspAction>
                <correspContext>
                   <ref type="prev"/>
                </correspContext>
             </correspDesc>
          </profileDesc>
       </teiHeader>
       <xenoData><number type="in a volume">286</number></xenoData>

              <text xml:id="NeizvestnojV.O.I._286">
	<body><div>
		<opener index="false">
* 286. Неизвестной (В. О. И.).
1907 г. Ноября 11. Я.П.</opener>
<p rend="right rightindent">11 ноября 1907.</p>
<p rend="left">Посылаю вам: Мысли о боге и <choice original_editorial_correction='Христ[ианское]'><sic>Христ</sic><corr>Христианское</corr></choice> Учение. В этих книгах вы найдете ответы на ваши вопросы. Еще советую вам приобрести книжечку Мысли <choice original_editorial_correction='Мудр[ых]'><sic>Мудр</sic><corr>Мудрых</corr></choice> людей на каждый день или Круг Чтения, составленный мною, и читать каждый день. Дело жизни всякого человека все в том, чтобы становиться нравственно лучше, добрее, любовнее, всё больше и больше приближаться к богу. Поставьте это главным делом своей жизни, и у вас не будет сомнений ни в боге, ни в будущей жизни.</p>
<p rend="right">Лев <hi style="opdelimiter">Толстой.</hi><hi style="opnumber">242</hi></p>
<comments><p rend="Textpetit_otstup left"><hi style="npnumber">243</hi><hi style="npdelimiter">Печатается</hi> по копировальной книге № .7, л. 494.</p>
<p rend="petit left">В письме от 8 ноября 1907 г. (почт. шт.) В. О. И., ученица казанской гимназии, писала о том, что она «положительно затрудняется в вере в бога», спрашивала, есть ли загробная жизнь, и просила совета, как ей разобраться в том, какая она: «злая ли, эгоистка, грешница ли».</p>
</comments></div></body>
        </text>
        </TEI>