<?xml version='1.0' encoding='UTF-8' standalone='no'?>

<TEI xmlns="http://www.tei-c.org/ns/1.0">
       <teiHeader>
          <fileDesc>
             <titleStmt>
                <title>Письмо №218. N. N.</title>
             </titleStmt>
             <publicationStmt>
                <publisher>TolstoyLab</publisher>
                <date when="2015-09-14">14 September 2015</date>
             </publicationStmt>
             <sourceDesc>
                <biblStruct>
                   <analytic>
                      <author>Толстой Л.Н.</author>
                   </analytic>
                   <monogr>
                      <title level="m">Полное собрание сочинений. Том 80</title>
                      <imprint>
                         <pubPlace>Москва</pubPlace>
                         <publisher>Государственное издательство "Художественная литература"</publisher>
                         <date when="1955"/>
                      </imprint>
                   </monogr>
                   <series>
                      <title level="s">Л.Н. Толстой. Полное собрание сочинений</title>
                      <biblScope unit="vol">80</biblScope>
                   </series>
                </biblStruct>
				<bibl>Печатается по дубликату подлинника. Впервые опубликовано в «Литературном наследстве», № 37-38, стр. 380.</bibl>
             </sourceDesc>
          </fileDesc>
          <encodingDesc>
             <tagsDecl> </tagsDecl>
          </encodingDesc>
          <profileDesc>
             <correspDesc>
                <correspAction type="sending">
                   <persName ref="PersonList.xml#L_N_Tolstoy">Л. Н. Толстой</persName>
                   <placeName ref="PlacesListxml#PLACE">Ясная Поляна</placeName>
                   <date when="1909-10-21">1909 г. Октября 21.</date>            </correspAction>
                <correspAction type="receiving">
                   <persName ref="PersonList.xml#RECEIVER">N. N.</persName>
                </correspAction>
                <correspContext>
                   <ref type="prev"/>
                </correspContext>
             </correspDesc>
          </profileDesc>
       </teiHeader>
       <xenoData><number type="in a volume">218</number></xenoData>

       <text xml:id="N.N._218">
	<body><div>
		<opener index="false">
218. N. N.
1909 г. Октября 21. Я. П.</opener>
<p rend="right">21 октября 09 года. Ясная Поляна.</p>
<p rend="left">Ничего не могу советовать. Не то, что не хочу, но не могу. Начал было писать, но бросил.<note xml:id="note1" resp="volume_editor" index="false"><hi>На конверте письма адресата Толстой написал и потом зачеркнул:</hi> ˂То, что нравственно, лучше терпеть не&gt; Одно могу советовать: решайте не во имя своего счастья, но во имя добра — бога. <hi>(Опубликовано там же.)</hi></note> Всё зависит от вас, от степени вашей любви к добру, к богу, а не к себе.</p>
<comments><p rend="Textpetit_otstup left">Печатается по дубликату подлинника. Впервые опубликовано в «Литературном наследстве», № 37-38, стр. 380.</p>
<p rend="petit left">В письме от 15 октября 1909 г. N. N. (студент) просил совета, как ему поступить при создавшихся условиях. Летом 1909 г. он решил жениться. За три дня до свадьбы узнал, что его невеста в течение года была в близких отношениях с его учеником. После свадьбы он уехал от нее. Вот уже пять месяцев он терзается «муками ада». Просил Толстого дать совет. Это письмо опубликовано вместе с письмом Толстого.</p>
<p rend="Textpetit_otstup left"><hi>1 </hi><hi>На конверте письма адресата Толстой написал и потом зачеркнул:</hi> ˂То, что нравственно, лучше терпеть не&gt; Одно могу советовать: решайте не во имя своего счастья, но во имя добра — бога. <hi>(Опубликовано там же.)</hi></p>
<p rend="emptyline left"><hi style="opnumber">154</hi> <hi style="npnumber">155</hi></p>
</comments></div></body>
        </text>
        </TEI>