<?xml version='1.0' encoding='UTF-8' standalone='no'?>

<TEI xmlns="http://www.tei-c.org/ns/1.0">
       <teiHeader>
          <fileDesc>
             <titleStmt>
                <title>Письмо №* 247. Францу Брикселю (Franz <choice><reg>Вгихеl</reg><orig>Вгiхеl</orig></choice>).</title>
             </titleStmt>
             <publicationStmt>
                <publisher>TolstoyLab</publisher>
                <date when="2015-09-14">14 September 2015</date>
             </publicationStmt>
             <sourceDesc>
                <biblStruct>
                   <analytic>
                      <author>Толстой Л.Н.</author>
                   </analytic>
                   <monogr>
                      <title level="m">Полное собрание сочинений. Том 67</title>
                      <imprint>
                         <pubPlace>Москва</pubPlace>
                         <publisher>Государственное издательство "Художественная литература"</publisher>
                         <date when="1955"/>
                      </imprint>
                   </monogr>
                   <series>
                      <title level="s">Л.Н. Толстой. Полное собрание сочинений</title>
                      <biblScope unit="vol">67</biblScope>
                   </series>
                </biblStruct>
				<bibl>Печатается по листу 83 копировальной книги.</bibl>
             </sourceDesc>
          </fileDesc>
          <encodingDesc>
             <tagsDecl> </tagsDecl>
          </encodingDesc>
          <profileDesc>
             <correspDesc>
                <correspAction type="sending">
                   <persName ref="PersonList.xml#L_N_Tolstoy">Л. Н. Толстой</persName>
                   <placeName ref="PlacesListxml#PLACE">Ясная Поляна</placeName>
                   <date when="1894-10-17">1894 г. Октября 17.</date>            </correspAction>
                <correspAction type="receiving">
                   <persName ref="PersonList.xml#RECEIVER">Францу Брикселю (Franz <choice><reg>Вгихеl</reg><orig>Вгiхеl</orig></choice>).</persName>
                </correspAction>
                <correspContext>
                   <ref type="prev">Ответ на письмо Брикселя от 9 октября н. ст. 1894 г., в котором он просил разрешения прислать Толстому свою книгу о вегетарианстве и сообщал о своем намерении организовать у себя в городе общину последователей Толстого.</ref>
                </correspContext>
             </correspDesc>
          </profileDesc>
       </teiHeader>
       <xenoData><number type="in a volume">247</number></xenoData>

              <text xml:id="FrancuBrikselyuFranzBrixel_247">
	<body><div>
		<opener index="false">
* 247. Францу Брикселю (Franz <choice><reg>Вгихеl</reg><orig>Вгiхеl</orig></choice>).

1894г. Октября 17. Я. П.
</opener>
<p rend="Obrashenie left">Geehrter Herr,</p>
<p rend="left">Ihr Buch können Sie mir direct senden. Es wird ohne Hinderniss <hi style="opdelimiter">ankommen.</hi><hi style="opnumber">240</hi></p>
<p rend="left"><hi style="npnumber">241</hi><hi style="npdelimiter">Wenn</hi> Sie über ihre Thätigkeit mir mehr ausführlich schreiben wollten, werde ich Ihnen sehr dankbar sein. Es freut mich sehr neue Freunde im Auslande zu finden.</p>
<p rend="right">Ihr Freund Leo Tolstoy.</p>
<p rend="left">17/29 October 1894.</p>
<lb/>
<p rend="Obrashenie petit left">Милостивый государь,</p>
<p rend="petit left">Вашу книгу вы можете послать мне лично. Она дойдет беспрепятственно.</p>
<p rend="petit left">Если напишете мне поподробнее о вашей деятельности, буду вам очень за это признателен. Я очень рад найти новых друзей за границей.</p>
<p rend="petit right">Ваш друг Лев Толстой.</p>
<p rend="petit left">17/29 октября 1894 г.</p>
<comments><p rend="Textpetit_otstup left">Печатается по листу 83 копировальной книги.</p>
<p rend="petit left">Франц Бриксель из г. Мирцушлага в Штирии, бухгалтер местного пивоваренного завода, автор книг, вышедших под псевдонимом: A. Franhe, «Die Sarkophagie, oder das Fleischenessen. Ein Spiegelbild der Menschheit in 2 Abtheilungen» («Саркофагия или мясоедение. Изображение человечества в двух разделах»), Берлин, 1892; «Merksprüche für Jung und Alt» («Изречения для старых и малых»), Берлин, 1892. Книги были присланы Толстому при письме от 8 ноября 1894 г.</p>
<p rend="petit left">Ответ на письмо Брикселя от 9 октября н. ст. 1894 г., в котором он просил разрешения прислать Толстому свою книгу о вегетарианстве и сообщал о своем намерении организовать у себя в городе общину последователей Толстого.</p>
</comments></div></body>
        </text>
        </TEI>