<?xml version='1.0' encoding='UTF-8' standalone='no'?>

<TEI xmlns="http://www.tei-c.org/ns/1.0">
       <teiHeader>
          <fileDesc>
             <titleStmt>
                <title>Письмо №224. Харинскому сельскому старосте.</title>
             </titleStmt>
             <publicationStmt>
                <publisher>TolstoyLab</publisher>
                <date when="2015-09-14">14 September 2015</date>
             </publicationStmt>
             <sourceDesc>
                <biblStruct>
                   <analytic>
                      <author>Толстой Л.Н.</author>
                   </analytic>
                   <monogr>
                      <title level="m">Полное собрание сочинений. Том 60</title>
                      <imprint>
                         <pubPlace>Москва</pubPlace>
                         <publisher>Государственное издательство "Художественная литература"</publisher>
                         <date when="1949"/>
                      </imprint>
                   </monogr>
                   <series>
                      <title level="s">Л.Н. Толстой. Полное собрание сочинений</title>
                      <biblScope unit="vol">60</biblScope>
                   </series>
                </biblStruct>
             </sourceDesc>
          </fileDesc>
          <encodingDesc>
             <tagsDecl> </tagsDecl>
          </encodingDesc>
          <profileDesc>
             <correspDesc>
                <correspAction type="sending">
                   <persName ref="PersonList.xml#L_N_Tolstoy">Л. Н. Толстой</persName>
                   <placeName ref="PlacesListxml#PLACE">Ясная Поляна</placeName>
                   <date when="1861-10-30">1861 г. Октября 30.</date>            </correspAction>
                <correspAction type="receiving">
                   <persName ref="PersonList.xml#RECEIVER">Харинскому сельскому старосте</persName>
                </correspAction>
                <correspContext>
                   <ref type="prev"/>
                </correspContext>
             </correspDesc>
          </profileDesc>
       </teiHeader>
       <xenoData><number type="in a volume">224</number></xenoData>

              <text xml:id="Xarinskomuselsk.staroste_224">
	<body><div>
		<opener index="false">
224. Харинскому сельскому старосте.
1861 г. Октября 30. Я. П.</opener>
<p rend="left">На вопрос твой о дворовых людях г. Костомарова Никите Моисееве и Филиппе Алексееве сим даю тебе знать, что они должны находиться в крестьянстве и жить у своих тестей, так как последнего постановления о них крапивенского мирового съезда мне неизвестно. 30 октября 1861 г. Мировой посредник гр. Л. Толстой.</p>
<comments><p rend="Textpetit_otstup left">Опубликовано в «Русской мысли», 1903, IX, стр. 99, по материалам, хранившимся в Тульском архивном бюро (см. вступительные примечания к письму Толстого к Н. А. Костомарову, № 213).</p>
</comments></div></body>
        </text>
        </TEI>