<?xml version='1.0' encoding='UTF-8' standalone='no'?>

<TEI xmlns="http://www.tei-c.org/ns/1.0">
       <teiHeader>
          <fileDesc>
             <titleStmt>
                <title>Письмо №237. Обществу восстановления земельных прав в Японии (То Land Rehabilitation Society, Japan).</title>
             </titleStmt>
             <publicationStmt>
                <publisher>TolstoyLab</publisher>
                <date when="2015-09-14">14 September 2015</date>
             </publicationStmt>
             <sourceDesc>
                <biblStruct>
                   <analytic>
                      <author>Толстой Л.Н.</author>
                   </analytic>
                   <monogr>
                      <title level="m">Полное собрание сочинений. Том 79</title>
                      <imprint>
                         <pubPlace>Москва</pubPlace>
                         <publisher>Государственное издательство "Художественная литература"</publisher>
                         <date when="1955"/>
                      </imprint>
                   </monogr>
                   <series>
                      <title level="s">Л.Н. Толстой. Полное собрание сочинений</title>
                      <biblScope unit="vol">79</biblScope>
                   </series>
                </biblStruct>
				<bibl>Печатается по копии H.H. Гусева, вклеенной в копировальную книгу № 8, л. 572. Впервые опубликовано в книге: Paul Birukoff, «Tolstoi und Orient», Zürich und Leipzig, 1925, стр. 164.</bibl>
             </sourceDesc>
          </fileDesc>
          <encodingDesc>
             <tagsDecl> </tagsDecl>
          </encodingDesc>
          <profileDesc>
             <correspDesc>
                <correspAction type="sending">
                   <persName ref="PersonList.xml#L_N_Tolstoy">Л. Н. Толстой</persName>
                   <placeName ref="PlacesListxml#PLACE">Ясная Поляна</placeName>
                   <date when="1909-05-17">1909 г. Мая 17.</date>            </correspAction>
                <correspAction type="receiving">
                   <persName ref="PersonList.xml#RECEIVER">Обществу восстановления земельных прав в Японии (То Land Rehabilitation Society, Japan).</persName>
                </correspAction>
                <correspContext>
                   <ref type="prev"/>
                </correspContext>
             </correspDesc>
          </profileDesc>
       </teiHeader>
       <xenoData><number type="in a volume">237</number></xenoData>

              <text xml:id="ObshhestvuvosstanovleniyazemelnyxpravvYAponiiToLandRehabilitationSocietyJapan_237">
	<body><div>
		<opener index="false">
237. Обществу восстановления земельных прав в Японии<lb/>(То Land Rehabilitation Society, Japan).

1909г. Мая 17. Я. П.
</opener>
<p rend="Obrashenie left">Dear Gentlemen,</p>
<p rend="left">Please excuse me for not answering your letter for a so long time. The best help J can give You is to draw Your attention on the great american writer Henry George and his theory on the land question, which is exposed in the book that I send You.</p>
<p rend="right rightindent">Yours truly</p>
<p rend="right">Leo Tolstoy.</p>
<p rend="left">17/30 May. 1909.</p>
<lb/>
<p rend="Obrashenie petit">Милостивые государи,</p>
<p rend="petit left">Пожалуйста, извините меня за то, что я так долго не отвечал на ваше письмо. Лучшая помощь, которую я могу вам оказать, это обратить ваше внимание на великого американского писателя Генри Джорджа и его теорию земельного вопроса, изложенную в книге, которую я посылаю вам.</p>
<p rend="petit right">Уважающий вас Лев Толстой.</p>
<p rend="petit left">17/30 мая 1909.</p>
<comments><p rend="Textpetit_otstup left">Печатается по копии H.H. Гусева, вклеенной в копировальную книгу № 8, л. 572. Впервые опубликовано в книге: Paul Birukoff, «Tolstoi und Orient», Zürich und Leipzig, 1925, стр. 164.</p>
<p rend="petit left">Письмо, на которое отвечает Толстой, неизвестно <hi style="opnumber">199</hi> <hi style="npnumber">200</hi></p>
</comments></div></body>
        </text>
        </TEI>