<?xml version='1.0' encoding='UTF-8' standalone='no'?>

<TEI xmlns="http://www.tei-c.org/ns/1.0">
       <teiHeader>
          <fileDesc>
             <titleStmt>
                <title>Письмо №* 39. А. И. Ягну (?)</title>
             </titleStmt>
             <publicationStmt>
                <publisher>TolstoyLab</publisher>
                <date when="2015-09-14">14 September 2015</date>
             </publicationStmt>
             <sourceDesc>
                <biblStruct>
                   <analytic>
                      <author>Толстой Л.Н.</author>
                   </analytic>
                   <monogr>
                      <title level="m">Полное собрание сочинений. Том 71</title>
                      <imprint>
                         <pubPlace>Москва</pubPlace>
                         <publisher>Государственное издательство "Художественная литература"</publisher>
                         <date when="1954"/>
                      </imprint>
                   </monogr>
                   <series>
                      <title level="s">Л.Н. Толстой. Полное собрание сочинений</title>
                      <biblScope unit="vol">71</biblScope>
                   </series>
                </biblStruct>
				<bibl>Печатается по листу из копировальной книги. Отпечаток неясный. Имя адресата устанавливается предположительно. В копировальной книге оно не указано. Среди адресатов Толстого за 1898 г. нет других, кроме Александра Ивановича Ягна (р. 1818), которые обращались бы к Толстому с просьбой просмотреть рукопись.</bibl>
             </sourceDesc>
          </fileDesc>
          <encodingDesc>
             <tagsDecl> </tagsDecl>
          </encodingDesc>
          <profileDesc>
             <correspDesc>
                <correspAction type="sending">
                   <persName ref="PersonList.xml#L_N_Tolstoy">Л. Н. Толстой</persName>
                   <placeName ref="PlacesListxml#PLACE">Москва</placeName>
                   <date when="1898-02-16">1898 г. Февраля 16.</date>            </correspAction>
                <correspAction type="receiving">
                   <persName ref="PersonList.xml#RECEIVER">А. И. Ягну</persName>
                </correspAction>
                <correspContext>
                   <ref type="prev"/>
                </correspContext>
             </correspDesc>
          </profileDesc>
       </teiHeader>
       <xenoData><number type="in a volume">39</number></xenoData>

              <text xml:id="A.I.YAgnu_39">
	<body><div>
		<opener index="false">
* 39. А. И. Ягну (?)
1898 г. Февраля 16. Москва.</opener>
<p rend="left">Извините меня, пожалуйста, за то, что не исполнил ваше желание. Я очень занят и<note xml:id="note1" resp="volume_editor" index="false"> Сверху вписано полстроки, которые разобрать не удалось.</note> потому едва ли могу быть верным судьей о достоинстве вашей рукописи. Советую вам обратиться в другие редакции и желаю успеха.</p>
<p rend="right">Лев Толстой.</p>
<p rend="left">16 февраля 1898.</p>
<comments><p rend="Textpetit_otstup left">Печатается по листу из копировальной книги. Отпечаток неясный. Имя адресата устанавливается предположительно. В копировальной книге оно не указано. Среди адресатов Толстого за 1898 г. нет других, кроме Александра Ивановича Ягна (р. 1818), которые обращались бы к Толстому с просьбой просмотреть рукопись.</p>
<p rend="petit left">В АТ имеются два письма Ягна: от октября 1897 г., в котором он сообщал, что посылает Толстому на просмотр рукопись своей статьи «Напрасные бедствия и страдания людей», и, вероятно, ответное письмо на публикуемое от 18 марта 1898 г., в котором он между прочим писал: «Очень жалею, что у Вас не было времени на прочтение моей рукописи».</p>
<p rend="Textpetit_otstup left"><hi>1</hi> Сверху вписано полстроки, которые разобрать не удалось.</p>
<p rend="left emptyline"><hi style="opnumber">279</hi> <hi style="npnumber">280</hi></p>
</comments></div></body>
        </text>
        </TEI>