<?xml version='1.0' encoding='UTF-8' standalone='no'?>

<TEI xmlns="http://www.tei-c.org/ns/1.0">
       <teiHeader>
          <fileDesc>
             <titleStmt>
                <title>Письмо №* 121. N. N.</title>
             </titleStmt>
             <publicationStmt>
                <publisher>TolstoyLab</publisher>
                <date when="2015-09-14">14 September 2015</date>
             </publicationStmt>
             <sourceDesc>
                <biblStruct>
                   <analytic>
                      <author>Толстой Л.Н.</author>
                   </analytic>
                   <monogr>
                      <title level="m">Полное собрание сочинений. Том 80</title>
                      <imprint>
                         <pubPlace>Москва</pubPlace>
                         <publisher>Государственное издательство "Художественная литература"</publisher>
                         <date when="1955"/>
                      </imprint>
                   </monogr>
                   <series>
                      <title level="s">Л.Н. Толстой. Полное собрание сочинений</title>
                      <biblScope unit="vol">80</biblScope>
                   </series>
                </biblStruct>
				<bibl>Печатается по дубликату подлинника.</bibl>
             </sourceDesc>
          </fileDesc>
          <encodingDesc>
             <tagsDecl> </tagsDecl>
          </encodingDesc>
          <profileDesc>
             <correspDesc>
                <correspAction type="sending">
                   <persName ref="PersonList.xml#L_N_Tolstoy">Л. Н. Толстой</persName>
                   <placeName ref="PlacesListxml#PLACE">Ясная Поляна</placeName>
                   <date when="1909-09-02">1909 г. Сентября 2.</date>            </correspAction>
                <correspAction type="receiving">
                   <persName ref="PersonList.xml#RECEIVER">N. N.</persName>
                </correspAction>
                <correspContext>
                   <ref type="prev">Ответ на письмо N. N. от 29 августа 1909 г. Корреспондент писал о своей тяжелой личной жизни. Тринадцать лет тому назад он вступил в гражданский брак с сельской учительницей (он тоже <hi style="opdelimiter">учитель),</hi><hi style="opnumber">87</hi> <hi style="npnumber">88</hi><hi style="npdelimiter">которая</hi> на двенадцать лет его старше. Желая иметь детей, он теперь женился на другой женщине. Первая (гражданская) жена, узнав об его женитьбе, тяжело переносила разрыв. Все это осложнило его жизнь. Просил совета.</ref>
                </correspContext>
             </correspDesc>
          </profileDesc>
       </teiHeader>
       <xenoData><number type="in a volume">121</number></xenoData>

       <text xml:id="N.N._121">
	<body><div>
		<opener index="false">
* 121. N. N.
1909 г. Сентября 2. Я. П.
</opener><p rend="right">Ясная Поляна, 09 г. 2 сент.</p>

<p rend="Obrashenie left">П. И.,</p>
<p rend="left">Ничего не могу советовать вам, кроме того, чтобы, сознавая свой грех, стараться загладить его самоотверженной, любовной жизнью.</p>
<comments><p rend="Textpetit_otstup left">Печатается по дубликату подлинника.</p>
<p rend="petit left">Ответ на письмо N. N. от 29 августа 1909 г. Корреспондент писал о своей тяжелой личной жизни. Тринадцать лет тому назад он вступил в гражданский брак с сельской учительницей (он тоже <hi style="opdelimiter">учитель),</hi><hi style="opnumber">87</hi> <hi style="npnumber">88</hi><hi style="npdelimiter">которая</hi> на двенадцать лет его старше. Желая иметь детей, он теперь женился на другой женщине. Первая (гражданская) жена, узнав об его женитьбе, тяжело переносила разрыв. Все это осложнило его жизнь. Просил совета.</p>
</comments></div></body>
        </text>
        </TEI>