<?xml version='1.0' encoding='UTF-8' standalone='no'?>

<TEI xmlns="http://www.tei-c.org/ns/1.0">
       <teiHeader>
          <fileDesc>
             <titleStmt>
                <title>Письмо №* 115. Неизвестной (Варваре Николаевне).</title>
             </titleStmt>
             <publicationStmt>
                <publisher>TolstoyLab</publisher>
                <date when="2015-09-14">14 September 2015</date>
             </publicationStmt>
             <sourceDesc>
                <biblStruct>
                   <analytic>
                      <author>Толстой Л.Н.</author>
                   </analytic>
                   <monogr>
                      <title level="m">Полное собрание сочинений. Том 79</title>
                      <imprint>
                         <pubPlace>Москва</pubPlace>
                         <publisher>Государственное издательство "Художественная литература"</publisher>
                         <date when="1955"/>
                      </imprint>
                   </monogr>
                   <series>
                      <title level="s">Л.Н. Толстой. Полное собрание сочинений</title>
                      <biblScope unit="vol">79</biblScope>
                   </series>
                </biblStruct>
				<bibl>Печатается по дубликату подлинника. Сверено с черновиком-автографом, написанным на конверте письма адресата.</bibl>
             </sourceDesc>
          </fileDesc>
          <encodingDesc>
             <tagsDecl> </tagsDecl>
          </encodingDesc>
          <profileDesc>
             <correspDesc>
                <correspAction type="sending">
                   <persName ref="PersonList.xml#L_N_Tolstoy">Л. Н. Толстой</persName>
                   <placeName ref="PlacesListxml#PLACE">Ясная Поляна</placeName>
                   <date when="1909-03-09">1909 г. Марта 9.</date>            </correspAction>
                <correspAction type="receiving">
                   <persName ref="PersonList.xml#RECEIVER">Неизвестной (Варваре Николаевне).</persName>
                </correspAction>
                <correspContext>
                   <ref type="prev">Ответ на письмо Варвары Николаевны (фамилия в письме не указана) от 6 марта 1909 г. (почт, шт.) из Петербурга, которая писала о недовольстве своей жизнью и спрашивала: «Могу я сама кончить эту жизнь? »</ref>
                </correspContext>
             </correspDesc>
          </profileDesc>
       </teiHeader>
       <xenoData><number type="in a volume">115</number></xenoData>

              <text xml:id="NeizvestnojVarvareNikolaevne_115">
	<body><div>
		<opener index="false">
* 115. Неизвестной (Варваре Николаевне).
1909 г. Марта 9. Я. П.
</opener><p rend="right">Ясная Поляна. 9 марта 09 года.</p>

<p rend="Obrashenie left">Варвара Николаевна,</p>
<p rend="left">Уничтожить жизнь нельзя, испортить можно. Главная порча в том, чтобы поступать противно воле бога. Воля бога в том, чтобы мы жили, и жили по его закону; а закон его в том, чтобы мы <hi>во всяком положении</hi> любили всех, с кем входить в общение.</p>
<comments><p rend="Textpetit_otstup left">Печатается по дубликату подлинника. Сверено с черновиком-автографом, написанным на конверте письма адресата.</p>
<p rend="petit left">Об адресате сведений не имеется. На одной из копий этого письма из AЧ рукой неизвестного помечено: «Варваре Николаевне Да-Винчи».</p>
<p rend="petit left">Ответ на письмо Варвары Николаевны (фамилия в письме не указана) от 6 марта 1909 г. (почт, шт.) из Петербурга, которая писала о недовольстве своей жизнью и спрашивала: «Могу я сама кончить эту жизнь? »</p>
</comments></div></body>
        </text>
        </TEI>