<?xml version='1.0' encoding='UTF-8' standalone='no'?>

<TEI xmlns="http://www.tei-c.org/ns/1.0">
       <teiHeader>
          <fileDesc>
             <titleStmt>
                <title>Письмо №211. Группе шведских писателей и ученых.</title>
             </titleStmt>
             <publicationStmt>
                <publisher>TolstoyLab</publisher>
                <date when="2015-09-14">14 September 2015</date>
             </publicationStmt>
             <sourceDesc>
                <biblStruct>
                   <analytic>
                      <author>Толстой Л.Н.</author>
                   </analytic>
                   <monogr>
                      <title level="m">Полное собрание сочинений. Том 73</title>
                      <imprint>
                         <pubPlace>Москва</pubPlace>
                         <publisher>Государственное издательство "Художественная литература"</publisher>
                         <date when="1954"/>
                      </imprint>
                   </monogr>
                   <series>
                      <title level="s">Л.Н. Толстой. Полное собрание сочинений</title>
                      <biblScope unit="vol">73</biblScope>
                   </series>
                </biblStruct>
				<bibl>Печатается по копировальной книге № 5, л. 28, где отпечатана копия, сделанная О. К. Толстой. Впервые опубликовано в шведских газетах в феврале 1902 г. В переводе на русский язык перепечатано в «С.-Петербургских ведомостях» 1902, № 46 от 15 февраля. Сохранился черновик-автограф, окончательный текст которого полностью совпадает с письмом (на нем дата рукой О. К. Толстой: «20 января 1902 г.»).</bibl>
             </sourceDesc>
          </fileDesc>
          <encodingDesc>
             <tagsDecl> </tagsDecl>
          </encodingDesc>
          <profileDesc>
             <correspDesc>
                <correspAction type="sending">
                   <persName ref="PersonList.xml#L_N_Tolstoy">Л. Н. Толстой</persName>
                   <placeName ref="PlacesListxml#PLACE">Гаспра</placeName>
                   <date when="1902-01-22">1902 г. Января 22</date>            </correspAction>
                <correspAction type="receiving">
                   <persName ref="PersonList.xml#RECEIVER">Группе шведских писателей и ученых.</persName>
                </correspAction>
                <correspContext>
                   <ref type="prev"/>
                </correspContext>
             </correspDesc>
          </profileDesc>
       </teiHeader>
       <xenoData><number type="in a volume">211</number></xenoData>

              <text xml:id="Gruppeshvedskixpisatelejiuchenyx._211">
	<body><div>
		<opener index="false">
211. Группе шведских писателей и ученых.
1902 г. Января 22/февраля 4. Гаспра.
</opener><p rend="left"><figure><graphic url="./img/b00002815.png"/></figure></p>

<p rend="Obrashenie left">Chers et honorés confrères,</p>
<p rend="left">J’ai été très content de ce que le prix Nobel ne m’a pas été decerné. Primo, cela m’a délivré d’un grand embarras celui de disposer de cet argent qui, comme l'argent en général d’après ma conviction ne peut produire que du mal et, secondo, cela m’a procuré l’honneur et le grand plaisir de recevoir l’expression de sentiments sympathiques de la part de tant de gens, hautement estimés quoique personnellement inconnus.</p>
<p rend="left">Recevez, chers confrères, l’assurance de ma sincère reconnaissance ainsi que de mes meilleurs sentiments.</p>
<p rend="right">Léon Tolstoy.</p>
<lb/>
<p rend="left"><figure><graphic url="./img/b00002821.png"/></figure></p>
<p rend="Obrashenie petit left">Дорогие и уважаемые собратья,</p>
<p rend="petit left">Я был очень доволен, что Нобелевская премия не была мне присуждена. Во-первых, это избавило меня от большого затруднения — распорядиться этими деньгами, которые, как и всякие деньги, по моему убеждению, могут приносить только зло; а во-вторых, это мне доставило честь и <hi style="opdelimiter">большое</hi><hi style="opnumber">204</hi> <hi style="npnumber">205</hi><hi style="npdelimiter">удовольствие</hi> получить выражение сочувствия со стороны стольких лиц, хотя и незнакомых мне лично, но всё же глубоко мною уважаемых.</p>
<p rend="petit left">Примите, дорогие собратья, выражение моей искренней благодарности и лучших чувств.</p>
<p rend="petit right">Лев Толстой.</p>
<comments><p rend="Textpetit_otstup left">Печатается по копировальной книге № 5, л. 28, где отпечатана копия, сделанная О. К. Толстой. Впервые опубликовано в шведских газетах в феврале 1902 г. В переводе на русский язык перепечатано в «С.-Петербургских ведомостях» 1902, № 46 от 15 февраля. Сохранился черновик-автограф, окончательный текст которого полностью совпадает с письмом (на нем дата рукой О. К. Толстой: «20 января 1902 г.»).</p>
<p rend="petit left">Нобелевские премии впервые распределялись в 1901 г. Литературная премия была присуждена Шведской академией наук французскому поэту, представителю философской лирики, Сюлли Прюдому (1839—1907).</p>
<p rend="petit left">По этому поводу группа шведских литераторов и ученых прислала Толстому адрес-протест следующего содержания (перевод с французского): «Ввиду впервые состоявшегося присуждения Нобелевской премии в литературе мы, нижеподписавшиеся писатели, художники и критики Швеции, хотим выразить Вам наше преклонение. Мы видим в Вас не только глубоко чтимого патриарха современной литературы, но также одного из тех могучих и проникновенных поэтов, о котором в данном случае следовало бы вспомнить прежде всего, хотя Вы, по своему личному побуждению, никогда не стремились к такого рода награде. Мы тем живее чувствуем потребность обратиться к Вам с этим приветствием, что, по нашему мнению, учреждение, на которое было возложено присуждение литературной премии, не представляет в настоящем своем составе ни мнения писателей-художников, ни общественного мнения. Пусть знают за границей, что даже в нашей отдаленной стране основным и наиболее сильным искусством считается то, которое покоится на свободе мысли и творчества».</p>
<p rend="petit left">Ответ Толстого послан на имя проф. Оскара Левертина.</p>
</comments></div></body>
        </text>
        </TEI>