<?xml version='1.0' encoding='UTF-8' standalone='no'?>

<TEI xmlns="http://www.tei-c.org/ns/1.0">
       <teiHeader>
          <fileDesc>
             <titleStmt>
                <title>Письмо №* 9. NN (Г-ту).</title>
             </titleStmt>
             <publicationStmt>
                <publisher>TolstoyLab</publisher>
                <date when="2015-09-14">14 September 2015</date>
             </publicationStmt>
             <sourceDesc>
                <biblStruct>
                   <analytic>
                      <author>Толстой Л.Н.</author>
                   </analytic>
                   <monogr>
                      <title level="m">Полное собрание сочинений. Том 78</title>
                      <imprint>
                         <pubPlace>Москва</pubPlace>
                         <publisher>Государственное издательство "Художественная литература"</publisher>
                         <date when="1956"/>
                      </imprint>
                   </monogr>
                   <series>
                      <title level="s">Л.Н. Толстой. Полное собрание сочинений</title>
                      <biblScope unit="vol">78</biblScope>
                   </series>
                </biblStruct>
				<bibl>Печатается по копировальной книге № 8, л. 58.</bibl>
             </sourceDesc>
          </fileDesc>
          <encodingDesc>
             <tagsDecl> </tagsDecl>
          </encodingDesc>
          <profileDesc>
             <correspDesc>
                <correspAction type="sending">
                   <persName ref="PersonList.xml#L_N_Tolstoy">Л. Н. Толстой</persName>
                   <placeName ref="PlacesListxml#PLACE">Ясная Поляна</placeName>
                   <date when="1908-01-12">1908 г. Января 12.</date>            </correspAction>
                <correspAction type="receiving">
                   <persName ref="PersonList.xml#RECEIVER">NN (Г-ту).</persName>
                </correspAction>
                <correspContext>
                   <ref type="prev">Ответ на письмо Г-та от 15 декабря 1907 г. Корреспондент писал о том, что измена жены возбудила в нем озлобление, жажду мести, убийства. Чтобы избавиться от этого кошмара, он задумал уехать к духоборам, но не знал, примут ли они его. Спрашивал Толстого, имеет ли он право бросить жену и детей. Где выход?</ref>
                </correspContext>
             </correspDesc>
          </profileDesc>
       </teiHeader>
       <xenoData><number type="in a volume">9</number></xenoData>

              <text xml:id="NNG-tu_9">
	<body><div>
		<opener index="false">
* 9. NN (Г-ту).
1908 г. Января 12. Я. П.</opener>
<p rend="left">Предстоящая вам работа внутренняя, духовная, а никак не внешняя, в перемене места. Предстоящее вам дело: простить и потушить в себе зло. Поступайте так, как будто вы уже простили, и это облегчит вам совершение прекрасного предстоящего вам дела.</p>
<p rend="right rightindent">Желаю успеха.</p>
<p rend="right">Лев Толстой.</p>
<p rend="left">12 янв. 1908.</p>
<comments><p rend="Textpetit_otstup left">Печатается по копировальной книге № 8, л. 58.</p>
<p rend="petit left">Ответ на письмо Г-та от 15 декабря 1907 г. Корреспондент писал о том, что измена жены возбудила в нем озлобление, жажду мести, убийства. Чтобы избавиться от этого кошмара, он задумал уехать к духоборам, но не знал, примут ли они его. Спрашивал Толстого, имеет ли он право бросить жену и детей. Где выход?</p>
</comments></div></body>
        </text>
        </TEI>