<?xml version='1.0' encoding='UTF-8' standalone='no'?>

<TEI xmlns="http://www.tei-c.org/ns/1.0">
       <teiHeader>
          <fileDesc>
             <titleStmt>
                <title>Письмо №* 246. Красноярскому городскому голове.</title>
             </titleStmt>
             <publicationStmt>
                <publisher>TolstoyLab</publisher>
                <date when="2015-09-14">14 September 2015</date>
             </publicationStmt>
             <sourceDesc>
                <biblStruct>
                   <analytic>
                      <author>Толстой Л.Н.</author>
                   </analytic>
                   <monogr>
                      <title level="m">Полное собрание сочинений. Том 78</title>
                      <imprint>
                         <pubPlace>Москва</pubPlace>
                         <publisher>Государственное издательство "Художественная литература"</publisher>
                         <date when="1956"/>
                      </imprint>
                   </monogr>
                   <series>
                      <title level="s">Л.Н. Толстой. Полное собрание сочинений</title>
                      <biblScope unit="vol">78</biblScope>
                   </series>
                </biblStruct>
				<bibl>Печатается по копировальной книге № 8, л. 307, куда вписана копия рукой Н. Н. Гусева. Телеграмма. Основания датировки: в копировальной книге копия находится между письмом к NN от 2 сентября и письмом Н. Н. Гусева к Л. Н. Андрееву от 3 сентября.</bibl>
             </sourceDesc>
          </fileDesc>
          <encodingDesc>
             <tagsDecl> </tagsDecl>
          </encodingDesc>
          <profileDesc>
             <correspDesc>
                <correspAction type="sending">
                   <persName ref="PersonList.xml#L_N_Tolstoy">Л. Н. Толстой</persName>
                   <placeName ref="PlacesListxml#PLACE">Ясная Поляна</placeName>
                   <date from="1908-09-02" to="1908-09-03">1908 г. Сентября 2 — 3?</date>            </correspAction>
                <correspAction type="receiving">
                   <persName ref="PersonList.xml#RECEIVER">Красноярскому городскому голове.</persName>
                </correspAction>
                <correspContext>
                   <ref type="prev">Ответ на телеграфное извещение о намерении Красноярской городской думы назвать одну из школ именем Толстого. Телеграмма эта в архиве не найдена.</ref>
                </correspContext>
             </correspDesc>
          </profileDesc>
       </teiHeader>
       <xenoData><number type="in a volume">246</number></xenoData>

              <text xml:id="Krasnoyarskomugorodskomugolove_246">
	<body><div>
		<opener index="false">
* 246. Красноярскому городскому голове.
1908 г. Сентября 2—3? Я. П.
</opener><p rend="left">Благодарю за поздравления и за оказанную честь.</p>
<comments><p rend="Textpetit_otstup left">Печатается по копировальной книге № 8, л. 307, куда вписана копия рукой Н. Н. Гусева. Телеграмма. Основания датировки: в копировальной книге копия находится между письмом к NN от 2 сентября и письмом Н. Н. Гусева к Л. Н. Андрееву от 3 сентября.</p>
<p rend="petit left">Ответ на телеграфное извещение о намерении Красноярской городской думы назвать одну из школ именем Толстого. Телеграмма эта в архиве не найдена.</p>
</comments></div></body>
        </text>
        </TEI>