<?xml version='1.0' encoding='UTF-8' standalone='no'?>

<TEI xmlns="http://www.tei-c.org/ns/1.0">
       <teiHeader>
          <fileDesc>
             <titleStmt>
                <title>Письмо №* 206. В редакцию газеты «Слово».</title>
             </titleStmt>
             <publicationStmt>
                <publisher>TolstoyLab</publisher>
                <date when="2015-09-14">14 September 2015</date>
             </publicationStmt>
             <sourceDesc>
                <biblStruct>
                   <analytic>
                      <author>Толстой Л.Н.</author>
                   </analytic>
                   <monogr>
                      <title level="m">Полное собрание сочинений. Том 76</title>
                      <imprint>
                         <pubPlace>Москва</pubPlace>
                         <publisher>Государственное издательство "Художественная литература"</publisher>
                         <date when="1956"/>
                      </imprint>
                   </monogr>
                   <series>
                      <title level="s">Л.Н. Толстой. Полное собрание сочинений</title>
                      <biblScope unit="vol">76</biblScope>
                   </series>
                </biblStruct>
             </sourceDesc>
          </fileDesc>
          <encodingDesc>
             <tagsDecl> </tagsDecl>
          </encodingDesc>
          <profileDesc>
             <correspDesc>
                <correspAction type="sending">
                   <persName ref="PersonList.xml#L_N_Tolstoy">Л. Н. Толстой</persName>
                   <placeName ref="PlacesListxml#PLACE">Ясная Поляна</placeName>
                   <date when="1906-04-30">1906 г. Апреля 30.</date>            </correspAction>
                <correspAction type="receiving">
                   <persName ref="PersonList.xml#RECEIVER">В редакцию газеты «Слово».</persName>
                </correspAction>
                <correspContext>
                   <ref type="prev"/>
                </correspContext>
             </correspDesc>
          </profileDesc>
       </teiHeader>
       <xenoData><number type="in a volume">206</number></xenoData>

              <text xml:id="VredakciyugazetySlovoneotpravlennoe_206">
	<body><div>
		<opener index="false">
* 206. В редакцию газеты «Слово». Неотправленное.
1906 г. Апреля 30. Я. П.
</opener>
<p rend="Obrashenie left">В Редакцию Газеты Слово</p>
<p rend="Obrashenie2 left">От Л. Н. Толстого.</p>
<p rend="left">Покорно прошу Редакцию в доставленную ей от меня статью с <choice original_editorial_correction='Воззвани[ем]'><sic>Воззвани</sic><corr>Воззванием</corr></choice> о <choice original_editorial_correction='христ[ианских]'><sic>христ</sic><corr>христианских</corr></choice> мучениках<note xml:id="note1" resp="volume_editor" index="false"> См. прим. 1 к письму № 201.</note> включить в перечисление лиц, отказавшихся от военной службы, еще Андрея Кудрина Самарской губернии, Бузулукского уезда.</p>
<p rend="left">С совершенным уважением</p>
<p rend="right">Лев Толстой.</p>
<p rend="left">30 апр. 1906 г.</p>
<comments><p rend="Textpetit_otstup left">Ежедневная газета «Слово» выходила в Петербурге в 1904—1909 гг., была органом правых земцев, а с ноября 1905 г. до июля 1906 г. — органом партии октябристов.</p>
<p rend="Textpetit_otstup left"><hi>1</hi> См. прим. 1 к письму № 201.</p>
</comments></div></body>
        </text>
        </TEI>