<?xml version='1.0' encoding='UTF-8' standalone='no'?>

<TEI xmlns="http://www.tei-c.org/ns/1.0">
       <teiHeader>
          <fileDesc>
             <titleStmt>
                <title>Письмо №270. Письмо в редакцию. Неотправленное.</title>
             </titleStmt>
             <publicationStmt>
                <publisher>TolstoyLab</publisher>
                <date when="2015-09-14">14 September 2015</date>
             </publicationStmt>
             <sourceDesc>
                <biblStruct>
                   <analytic>
                      <author>Толстой Л.Н.</author>
                   </analytic>
                   <monogr>
                      <title level="m">Полное собрание сочинений. Том 82</title>
                      <imprint>
                         <pubPlace>Москва</pubPlace>
                         <publisher>Государственное издательство "Художественная литература"</publisher>
                         <date when="1956"/>
                      </imprint>
                   </monogr>
                   <series>
                      <title level="s">Л.Н. Толстой. Полное собрание сочинений</title>
                      <biblScope unit="vol">82</biblScope>
                   </series>
                </biblStruct>
				<bibl>Печатается по тексту первой публикации в книге А. Б. Гольденвейзера «Вблизи Толстого», 2, стр. 323 и 324. Дата определяется по письму Толстого к В. Г. Черткову от 22 <hi style="opdelimiter">октября.</hi><hi style="opnumber">202</hi></bibl>
             </sourceDesc>
          </fileDesc>
          <encodingDesc>
             <tagsDecl> </tagsDecl>
          </encodingDesc>
          <profileDesc>
             <correspDesc>
                <correspAction type="unsent">
                   <persName ref="PersonList.xml#L_N_Tolstoy">Л. Н. Толстой</persName>
                   <placeName ref="PlacesListxml#PLACE">Ясная Поляна</placeName>
                   <date when="1910-10-22">1910 г. Октября 22.</date>            </correspAction>
                <correspAction type="receiving">
                   <persName ref="PersonList.xml#RECEIVER">редакция</persName>
                </correspAction>
                <correspContext>
                   <ref type="prev"/>
                </correspContext>
             </correspDesc>
          </profileDesc>
       </teiHeader>
       <xenoData><number type="in a volume">270</number></xenoData>

       <text xml:id="Vredakciyu_270">
	<body><div>
		<opener index="false">
270. Письмо в редакцию. Неотправленное.
1910 г. Октября 22. Я. П.</opener>
<p rend="left">М. Г., ввиду возобновляемых от времени до времени проектов и предложений о покупке теми или иными издателями права на издание моих сочинений, считаю необходимым печатно заявить, что никакие права на издание моих сочинений не подлежат продаже.</p>
<p rend="left">Временное распоряжение изданием моих произведений, напечатанных до 1881 года (за исключением тех из них, которые я отдал или могу еще отдать во всеобщее пользование) было мною предоставлено лично моей жене, Софье Андреевне Толстой, — без права передачи этого уполномочия в третьи руки.</p>
<p rend="left">Всё же написанное мною после 1-го января 1881 года (или же написанное и раньше, но неизданное до этого срока), насколько оно подлежит изданию, предоставлено, как я уже неоднократно заявлял в печати, во всеобщее пользование, т. е. после первого появления в печати этого материала у тех или других, по моему усмотрению, издателей, кто угодно в России и за границей имеет право свободно и безвозмездно перепечатывать и переводить эти произведения, не спрашивая ни у кого специального для этого разрешения.</p>
<p rend="left">Таким образом, предложения о покупке исключительного, постоянного ли или временного, права на издание каких бы то ни было моих писаний, всё равно напечатанных уже, или еще ненапечатанных и появились ли они в свет раньше, или позже 1881 года, являются плодом совершенного недоразумения, так как на это не было и нет моего согласия.</p>
<comments><p rend="Textpetit_otstup left">Печатается по тексту первой публикации в книге А. Б. Гольденвейзера «Вблизи Толстого», 2, стр. 323 и 324. Дата определяется по письму Толстого к В. Г. Черткову от 22 <hi style="opdelimiter">октября.</hi><hi style="opnumber">202</hi></p>
<p rend="petit left"><hi style="npnumber">203</hi><hi style="npdelimiter">По</hi> поводу этого заявления А. Б. Гольденвейзер писал: «Лев Николаевич поручил Владимиру Григорьевичу Черткову приготовить такое заявление на всякий случай ввиду слухов о предложениях, делаемых Софье Андреевне относительно продажи прав на издание его сочинений» (стр. 323). Письмо было написано В. Г. Чертковым 19 октября и подписано Толстым 22 октября 1910 г. Как сообщил В. Г. Чертков, письмо в редакцию осталось неотправленным.</p>
</comments></div></body>
        </text>
        </TEI>