<?xml version='1.0' encoding='UTF-8' standalone='no'?>

<TEI xmlns="http://www.tei-c.org/ns/1.0">
       <teiHeader>
          <fileDesc>
             <titleStmt>
                <title>Письмо №* 49. Иностранным издателям и переводчикам.</title>
             </titleStmt>
             <publicationStmt>
                <publisher>TolstoyLab</publisher>
                <date when="2015-09-14">14 September 2015</date>
             </publicationStmt>
             <sourceDesc>
                <biblStruct>
                   <analytic>
                      <author>Толстой Л.Н.</author>
                   </analytic>
                   <monogr>
                      <title level="m">Полное собрание сочинений. Том 71</title>
                      <imprint>
                         <pubPlace>Москва</pubPlace>
                         <publisher>Государственное издательство "Художественная литература"</publisher>
                         <date when="1954"/>
                      </imprint>
                   </monogr>
                   <series>
                      <title level="s">Л.Н. Толстой. Полное собрание сочинений</title>
                      <biblScope unit="vol">71</biblScope>
                   </series>
                </biblStruct>
				<bibl>Печатается по фотокопии. Дата нового стиля (см. письмо Толстого к В. Г. Черткову от 25 февраля, т. 88).</bibl>
             </sourceDesc>
          </fileDesc>
          <encodingDesc>
             <tagsDecl> </tagsDecl>
          </encodingDesc>
          <profileDesc>
             <correspDesc>
                <correspAction type="sending">
                   <persName ref="PersonList.xml#L_N_Tolstoy">Л. Н. Толстой</persName>
                   <placeName ref="PlacesListxml#PLACE">Москва</placeName>
                   <date when="1898-02-25">1898 г. Февраля 25.</date>            </correspAction>
                <correspAction type="receiving">
                   <persName ref="PersonList.xml#RECEIVER">Иностранным издателям и переводчикам.</persName>
                </correspAction>
                <correspContext>
                   <ref type="prev"/>
                </correspContext>
             </correspDesc>
          </profileDesc>
       </teiHeader>
       <xenoData><number type="in a volume">49</number></xenoData>

              <text xml:id="Inostrannymizdatelyamiperevodchikam_49">
	<body><div>
		<opener index="false">
* 49. Иностранным издателям и переводчикам.
1898 г. Февраля 25. Москва.</opener>
<p rend="left">Now that my friend Vladimir Tchertkoff is living in England, it is into his hands that I desire to transmit all arrangements in connection with the first publication of my writings in foreign countries and therefore to him that I would refer all translators and publishers interested in the matter.</p>
<p rend="right">Leo Tolstoy.</p>
<p rend="left">Moscou.</p>
<p rend="left">8 March 1898.</p>
<comments><p rend="Textpetit_otstup left">Теперь, когда мой друг Владимир Чертков живет в Англии, я желаю в его руки передать все соглашения и связи с первым изданием моих писаний за границей; и потому я хотел бы, чтобы все переводчики и издатели, заинтересованные в этом деле, обращались к нему.</p>
<p rend="petit right">Лев Толстой.</p>
<p rend="petit left">Москва.</p>
<p rend="petit left">8 марта 1898.</p>
<p rend="Textpetit_otstup left">Печатается по фотокопии. Дата нового стиля (см. письмо Толстого к В. Г. Черткову от 25 февраля, т. 88).</p>
</comments></div></body>
        </text>
        </TEI>