<?xml version='1.0' encoding='UTF-8' standalone='no'?>

<TEI xmlns="http://www.tei-c.org/ns/1.0">
       <teiHeader>
          <fileDesc>
             <titleStmt>
                <title>Письмо №* 52а. В редакцию «Русских ведомостей».</title>
             </titleStmt>
             <publicationStmt>
                <publisher>TolstoyLab</publisher>
                <date when="2015-09-14">14 September 2015</date>
             </publicationStmt>
             <sourceDesc>
                <biblStruct>
                   <analytic>
                      <author>Толстой Л.Н.</author>
                   </analytic>
                   <monogr>
                      <title level="m">Полное собрание сочинений. Том 77</title>
                      <imprint>
                         <pubPlace>Москва</pubPlace>
                         <publisher>Государственное издательство "Художественная литература"</publisher>
                         <date when="1956"/>
                      </imprint>
                   </monogr>
                   <series>
                      <title level="s">Л.Н. Толстой. Полное собрание сочинений</title>
                      <biblScope unit="vol">77</biblScope>
                   </series>
                </biblStruct>
             </sourceDesc>
          </fileDesc>
          <encodingDesc>
             <tagsDecl> </tagsDecl>
          </encodingDesc>
          <profileDesc>
             <correspDesc>
                <correspAction type="draft">
                   <persName ref="PersonList.xml#L_N_Tolstoy">Л. Н. Толстой</persName>
                   <placeName ref="PlacesListxml#PLACE">Ясная Поляна</placeName>
                   <date when="1907-02">1907 г. Февраля</date>            </correspAction>
                <correspAction type="receiving">
                   <persName ref="PersonList.xml#RECEIVER">В редакцию «Русских ведомостей».</persName>
                </correspAction>
                <correspContext>
                   <ref type="prev"/>
                </correspContext>
             </correspDesc>
          </profileDesc>
       </teiHeader>
       <xenoData><number type="in a volume">52а</number></xenoData>

              <text xml:id="VredakciyuRusskixvedomostej_52а">
	<body><div>
		<opener index="false">
* 52а. В редакцию «Русских ведомостей». Черновое.
1907 г. Февраля конец — марта 2? Я. П.</opener>
<p rend="left">Мне сообщили, что в № <choice original_editorial_correction='Р[усских]'><sic>Р</sic><corr>Русских</corr></choice> <choice original_editorial_correction='В[едомостей]'><sic>В</sic><corr>Ведомостей</corr></choice> сказано следующее:<note xml:id="note1" resp="volume_editor" index="false"> Далее оставлено место для текста заметки.</note></p>
<p rend="left">Никогда никакого мнения не заявлял о <choice original_editorial_correction='стихотворени[ях]'><sic>стихотворени</sic><corr>стихотворениях</corr></choice> Ратгауза.</p>
<comments><p rend="Textpetit_otstup left">Черновик-автограф. Написан на листе, использованном для червового письма к Евгению Рейхелю от 2/15 марта, что и положено в основание датировки. Текст не закончен.</p>
<p rend="petit left">6 февраля в «Русских ведомостях» № 28 появилась критическая заметка (подпись: Ю. В.) о вышедшем «Полном собрании стихов» Д. Ратгауза в двух томах, изд. М. О. Вольф. В заметке сказано: «Ha сборник стихотворений Д. Ратгауза обратил внимание русской читающей публики сочувственный отзыв Льва Толстого, который, <hi style="opdelimiter">как</hi><hi style="opnumber">46</hi> <hi style="npnumber">47</hi><hi style="npdelimiter">сообщалось</hi> в газетах, считает г. Ратгауза одним из самих видных русских поэтов нашего времени».</p>
<p rend="petit left">Узнав об этой заметке, Толстой, очевидно, намеревался написать опровержение.</p>
<p rend="petit left">Ратгауз Даниил Максимович (р. 1868) — поэт.</p>
<p rend="Textpetit_otstup left"><hi>1</hi> Далее оставлено место для текста заметки.</p>
</comments></div></body>
        </text>
        </TEI>