<?xml version='1.0' encoding='UTF-8' standalone='no'?>

<TEI xmlns="http://www.tei-c.org/ns/1.0">
       <teiHeader>
          <fileDesc>
             <titleStmt>
                <title>Письмо №* 258. В редакции газет.</title>
             </titleStmt>
             <publicationStmt>
                <publisher>TolstoyLab</publisher>
                <date when="2015-09-14">14 September 2015</date>
             </publicationStmt>
             <sourceDesc>
                <biblStruct>
                   <analytic>
                      <author>Толстой Л.Н.</author>
                   </analytic>
                   <monogr>
                      <title level="m">Полное собрание сочинений. Том 78</title>
                      <imprint>
                         <pubPlace>Москва</pubPlace>
                         <publisher>Государственное издательство "Художественная литература"</publisher>
                         <date when="1956"/>
                      </imprint>
                   </monogr>
                   <series>
                      <title level="s">Л.Н. Толстой. Полное собрание сочинений</title>
                      <biblScope unit="vol">78</biblScope>
                   </series>
                </biblStruct>
             </sourceDesc>
          </fileDesc>
          <encodingDesc>
             <tagsDecl> </tagsDecl>
          </encodingDesc>
          <profileDesc>
             <correspDesc>
                <correspAction type="sending">
                   <persName ref="PersonList.xml#L_N_Tolstoy">Л. Н. Толстой</persName>
                   <placeName ref="PlacesListxml#PLACE">Ясная Поляна</placeName>
                   <date when="1908-09-21">1908 г. Сентября 21.</date>            </correspAction>
                <correspAction type="receiving">
                   <persName ref="PersonList.xml#RECEIVER">В редакции газет.</persName>
                </correspAction>
                <correspContext>
                   <ref type="prev"/>
                </correspContext>
             </correspDesc>
          </profileDesc>
       </teiHeader>
       <xenoData><number type="in a volume">258</number></xenoData>

              <text xml:id="Vredakciigazet_258">
	<body><div>
		<opener index="false">
* 258. В редакции газет. Неотправленное.
1908 г. Сентября 21. Я. П.</opener>
<p rend="left">Полагая, <choice original_editorial_correction='ч[то]'><sic>ч</sic><corr>что</corr></choice> прилагаемое заявление, поданное мною в <choice original_editorial_correction='Т[ульское]'><sic>Т</sic><corr>Тульское</corr></choice> <choice original_editorial_correction='Ж[андармское]'><sic>Ж</sic><corr>Жандармское</corr></choice> <choice original_editorial_correction='у[правление]'><sic>у</sic><corr>управление</corr></choice>, может относиться и к другим подобным же случаям, прошу редакцию газеты NN напечатать это заявление и другие газеты перепечатать его.<note xml:id="note1" resp="volume_editor" index="false">В подлиннике дальше прочеркнута одна строка — указание на то, что при переписке в этом месте следует поместить текст письма в Тульское жандармское управление от 20 сентября.</note></p>
<p rend="left">Прибавлю к этому только объяснения о том, почему я считаю распространение моих книг, тех, <choice original_editorial_correction='к[оторые]'><sic>к</sic><corr>которые</corr></choice> вызывают преследование правительства, полезным и даже обязательным для себя. Считаю я это распространение полезным и обязательным для себя, во-1-ых, <choice original_editorial_correction='п[отому]'><sic>п</sic><corr>потому</corr></choice>, как я и говорил это, <choice original_editorial_correction='ч[то]'><sic>ч</sic><corr>что</corr></choice> не хочу хотя бы одним молчанием о тех злодеяниях, <choice original_editorial_correction='к[оторые]'><sic>к</sic><corr>которые</corr></choice> совершаются <choice original_editorial_correction='правит[ельством]'><sic>правит</sic><corr>правительством</corr></choice> признавать себя участником в них; а во-2-ых же, и главное, <choice original_editorial_correction='п[отому]'><sic>п</sic><corr>потому</corr></choice>, <choice original_editorial_correction='ч[то]'><sic>ч</sic><corr>что</corr></choice> только в распространении и усвоении, людьми тех <choice original_editorial_correction='христ[ианских]'><sic>христ</sic><corr>христианских</corr></choice> истин, <choice original_editorial_correction='к[оторые]'><sic>к</sic><corr>которые</corr></choice> я старался, как умел, выразить, или, скорее, подтвердить в этих книгах, только в этом спасение от ужасов нашей жизни. Истина <choice original_editorial_correction='христ[ианства]'><sic>христ</sic><corr>христианства</corr></choice> [в том], <choice original_editorial_correction='ч[то]'><sic>ч</sic><corr>что</corr></choice> какое бы то ни <choice original_editorial_correction='б[ыло]'><sic>б</sic><corr>было</corr></choice> насилие и участие в нем, и тем более насилия с мучительством в тюрьмах, всяким <choice original_editorial_correction='раб[ством]'><sic>раб</sic><corr>рабством</corr></choice> и убийством несовместимы не только с исповедуемым в мире <choice original_editorial_correction='христ[ианским]'><sic>христ</sic><corr>христианским</corr></choice> учением, но ни с какой <hi style="opdelimiter">хотя</hi><hi style="opnumber">234</hi> <hi style="npnumber">235</hi><hi style="npdelimiter">бы</hi> самой низкой человеческой нравственностью. Только в одном распространении и признании этой истины вижу спасение от ужасов нашей жизни.</p>
<p rend="left">Только тогда могут прекратиться злодеяния как врагов правительства, так и правительственных лиц, когда большинство людей <choice original_editorial_correction='христ[ианского]'><sic>христ</sic><corr>христианского</corr></choice> мира поймет, что насилие, какое бы то ни <choice original_editorial_correction='б[ыло]'><sic>б</sic><corr>было</corr></choice>, и всякое участие в нем в виде <choice original_editorial_correction='губерн[атора]'><sic>губерн</sic><corr>губернатора</corr></choice>, судьи, <choice original_editorial_correction='полицей[ского]'><sic>полицей</sic><corr>полицейского</corr></choice>, солдата, несовместимо не только с <choice original_editorial_correction='христ[ианством]'><sic>христ</sic><corr>христианством</corr></choice>, <choice original_editorial_correction='к[оторое]'><sic>к</sic><corr>которое</corr></choice> мы исповедуем, но с самой низкой ступенью <choice original_editorial_correction='нравств[енности]'><sic>нравств</sic><corr>нравственности</corr></choice>, главное же несовместимо с мирной жизнью людей, — только тогда могут уничтожиться ужасы нашей жизни.</p>
<p rend="left">Если же в этих книгах я указываю преимущественно на злодеяния правительства, а не столько на злодеяния врагов его, то происходит это оттого, <choice original_editorial_correction='ч[то]'><sic>ч</sic><corr>что</corr></choice> злодеяния врагов правительства совершаются временно лицами неизвестными и скрывающимися, тогда как злодеяния правительства совершаются постоянно и лицами, всем известными, не только не скрывающимися, но как бы гордящимися своими принимаемыми ими за полезное дело злoдeйcтвами.</p>
<comments><p rend="Textpetit_otstup left">Подлинник написан на листах из записной книжки. Основание датировки: запись об этом письме в ЯЗ от 21 сентября 1908 г.</p>
<p rend="petit left">О деле H. Н. Гусева <ref target="file:///Volume_78_VTulskoegubernskoezhandarmskoeupravlenie_257.xml">см. письмо № 257</ref>. Комментируемое письмо осталось написанным только вчерне.</p>
<p rend="Textpetit_otstup left"><hi>1 </hi>В подлиннике дальше прочеркнута одна строка — указание на то, что при переписке в этом месте следует поместить текст письма в Тульское жандармское управление от 20 сентября.</p>
</comments></div></body>
        </text>
        </TEI>