<?xml version='1.0' encoding='UTF-8' standalone='no'?>

<TEI xmlns="http://www.tei-c.org/ns/1.0">
       <teiHeader>
          <fileDesc>
             <titleStmt>
                <title>Письмо №* 322. Неизвестному.</title>
             </titleStmt>
             <publicationStmt>
                <publisher>TolstoyLab</publisher>
                <date when="2015-09-14">14 September 2015</date>
             </publicationStmt>
             <sourceDesc>
                <biblStruct>
                   <analytic>
                      <author>Толстой Л.Н.</author>
                   </analytic>
                   <monogr>
                      <title level="m">Полное собрание сочинений. Том 78</title>
                      <imprint>
                         <pubPlace>Москва</pubPlace>
                         <publisher>Государственное издательство "Художественная литература"</publisher>
                         <date when="1956"/>
                      </imprint>
                   </monogr>
                   <series>
                      <title level="s">Л.Н. Толстой. Полное собрание сочинений</title>
                      <biblScope unit="vol">78</biblScope>
                   </series>
                </biblStruct>
				<bibl>Печатается по копировальной книге № 8, л. 379. Дата проставлена рукой H. Н. Гусева.</bibl>
             </sourceDesc>
          </fileDesc>
          <encodingDesc>
             <tagsDecl> </tagsDecl>
          </encodingDesc>
          <profileDesc>
             <correspDesc>
                <correspAction type="sending">
                   <persName ref="PersonList.xml#L_N_Tolstoy">Л. Н. Толстой</persName>
                   <placeName ref="PlacesListxml#PLACE">Ясная Поляна</placeName>
                   <date when="1908-12-16">1908 г. Декабря 16.</date>            </correspAction>
                <correspAction type="receiving">
                   <persName ref="PersonList.xml#RECEIVER">Неизвестному.</persName>
                </correspAction>
                <correspContext>
                   <ref type="prev"/>
                </correspContext>
             </correspDesc>
          </profileDesc>
       </teiHeader>
       <xenoData><number type="in a volume">322</number></xenoData>

              <text xml:id="Neizvestnomu_322">
	<body><div>
		<opener index="false">
* 322. Неизвестному.
1908 г. Декабря 16. Я. П.</opener>
<p rend="right">16 дек. 1908.</p>
<p rend="left">Очень сожалею, что должен дать вам неблагоприятный ответ. Прочтите стихи Пушкина, Тютчева, и вы сами дадите себе тот же ответ. Я не вижу в вашем опыте и признака поэтического таланта. Советую вам не заниматься этим.</p>
<p rend="right">Лев Толстой.</p>
<comments><p rend="Textpetit_otstup left">Печатается по копировальной книге № 8, л. 379. Дата проставлена рукой H. Н. Гусева.</p>
<p rend="petit left">В письме от 27 ноября 1908 г. неизвестный (подпись неразборчива), «бывший ремесленник-столяр, в настоящую же минуту домашний учитель», посылая из Петербурга свои стихи, просил «дать хотя самый краткий ответ к оценку». Ответил 5 декабря H. Н. Гусев, сообщив, что Толстой вообще не любит стихов. Не удовлетворенный ответом (желал знать <hi style="opdelimiter">мне</hi><hi style="opnumber">289</hi> <hi style="npnumber">290</hi><hi style="npdelimiter">ние</hi> Толстого «о стихах как о таковых») корреспондент в письме (открытке с оплаченным ответом) от 8 декабря вновь просил Толстого не остаться глухим к его просьбе. На письме помета Толстого: <hi style="big">H. H., покажите стихи.</hi> Ответил Толстой, очевидно, на бланке «для ответа».</p>
</comments></div></body>
        </text>
        </TEI>