<?xml version='1.0' encoding='UTF-8' standalone='no'?>

<TEI xmlns="http://www.tei-c.org/ns/1.0">
       <teiHeader>
          <fileDesc>
             <titleStmt>
                <title>Письмо №* 176. В редакцию газеты «Русские ведомости»</title>
             </titleStmt>
             <publicationStmt>
                <publisher>TolstoyLab</publisher>
                <date when="2015-09-14">14 September 2015</date>
             </publicationStmt>
             <sourceDesc>
                <biblStruct>
                   <analytic>
                      <author>Толстой Л.Н.</author>
                   </analytic>
                   <monogr>
                      <title level="m">Полное собрание сочинений. Том 70</title>
                      <imprint>
                         <pubPlace>Москва</pubPlace>
                         <publisher>Государственное издательство "Художественная литература"</publisher>
                         <date when="1954"/>
                      </imprint>
                   </monogr>
                   <series>
                      <title level="s">Л.Н. Толстой. Полное собрание сочинений</title>
                      <biblScope unit="vol">70</biblScope>
                   </series>
                </biblStruct>
				<bibl>Печатается по листам копировальной книги из AЧ.</bibl>
             </sourceDesc>
          </fileDesc>
          <encodingDesc>
             <tagsDecl> </tagsDecl>
          </encodingDesc>
          <profileDesc>
             <correspDesc>
                <correspAction type="sending">
                   <persName ref="PersonList.xml#L_N_Tolstoy">Л. Н. Толстой</persName>
                   <placeName ref="PlacesListxml#PLACE">Ясная Поляна</placeName>
                   <date when="1897-09-26">1897 г. Сентября 26.</date>            </correspAction>
                <correspAction type="receiving">
                   <persName ref="PersonList.xml#RECEIVER">В редакцию газеты «Русские ведомости»</persName>
                </correspAction>
                <correspContext>
                   <ref type="prev"/>
                </correspContext>
             </correspDesc>
          </profileDesc>
       </teiHeader>
       <xenoData><number type="in a volume">176</number></xenoData>

              <text xml:id="VredakciyugazetyRusskievedomosti_176">
	<body><div>
		<opener index="false">
* 176. В редакцию газеты «Русские ведомости»
1897 г. Сентября 26. Я. П.
</opener>
<p rend="Obrashenie left">Милостивый государь,</p>
<p rend="left">В вашей газете было напечатано известие о том, что на Казанском миссионерском съезде был предложен и обсуждался вопрос об отобрании детей сектантов у родителей.<note xml:id="note1" resp="volume_editor" index="false">В передовой статье газеты «Новое время» 1897, № 7748 от 22 сентября автор, ссылаясь на «С.-Петербургcкий духовный вестник», писал, что съезд нt занимался «решением вопроса об отобрании детей у раскольников и сектантов» и что в решениях съезда «был совершенно устранен насильственно-принудительный характер».</note> «Новое время» и «<choice original_editorial_correction='С[анкт]п[етер'><sic>Сп[етер</sic><corr>Санктпетер</corr></choice>]<choice original_editorial_correction='б[ург]ский'><sic>бский</sic><corr>бургский</corr></choice> <choice original_editorial_correction='духовн[ый]'><sic>духовн</sic><corr>духовный</corr></choice> вестник» доказывают, что этого не было.<note xml:id="note2" resp="volume_editor" index="false"> Газета «Русские ведомости» 1897, № 254 от 24 сентября, отвечая «Новому времени» в передовой статье, сообщала об отнятии детей у молокан Потапова и Чепелева.</note> А между тем те самые <hi style="opdelimiter">молокане,</hi><hi style="opnumber">154</hi> <hi style="npnumber">155</hi><hi style="npdelimiter">о</hi> которых упомянуто в напечатанной вами выдержке из <choice original_editorial_correction='Самарск[их]'><sic>Самарск</sic><corr>Самарских</corr></choice> <choice original_editorial_correction='эпархиал[ьных]'><sic>эпархиал</sic><corr>эпархиальных</corr></choice> ведомостей,<note xml:id="note3" resp="volume_editor" index="false"> В «Самарских епархиальных ведомостях» 1897, № 17 от 1 сентября сообщалось об отнятии детей у крестьянина села Кармалки, Бугульминского уезда, II. Потемкина, перешедшего в магометанство.</note> вот уже 6-й месяц тщетно хлопочут по всем инстанциям, от урядника до Сената включительно, о возвращении отнятых у них пятерых детей. Кроме этого случая я знаю, что в Самарской же губернии отнято в последнее время еще несколько детей<hi>4</hi> у родителей старообрядцев и в самое последнее время сделано распоряжение об отнятии детей молокан селения Коржевки, которое не исполнено только потому, что родители не дали своих детей, и полицейские должны были уехать, не исполнив поручения, так как отнятие детей вызывает общее негодование не только молоканского, но и православного населения.</p>
<p rend="left">Подробности эти мне известны потому, что те молокане Бузулукского уезда селений Антоновки и Землянки, про которых упоминается в <choice original_editorial_correction='Самар[ских]'><sic>Самар</sic><corr>Самарских</corr></choice> <choice original_editorial_correction='эпар[хиальных]'><sic>эпар</sic><corr>эпархиальных</corr></choice> ведомостях, соседи мне по большому моему имению и, как только с ними случилось это несчастие, приехали &lt;тогда&gt; ко мне, прося помощи, и теперь вновь, после всех напрасных наших шестимесячных хлопот, опять приехали с тою же просьбой.</p>
<p rend="left">Как видно из <choice original_editorial_correction='Самар[ских]'><sic>Самар</sic><corr>Самарских</corr></choice> <choice original_editorial_correction='эпар[хиальных]'><sic>эпар</sic><corr>эпархиальных</corr></choice> ведомостей, дети отнимаются от родителей на основании 39 <choice original_editorial_correction='ст[атьи]'><sic>ст</sic><corr>статьи</corr></choice> Устава о <choice original_editorial_correction='пред[отвращении]'><sic>пред</sic><corr>предотвращении</corr></choice> и <choice original_editorial_correction='прес[ечении]'><sic>прес</sic><corr>пресечении</corr></choice> <choice original_editorial_correction='прест[уплений]'><sic>прест</sic><corr>преступлений</corr></choice>. Статья же эта может быть приложима или ко всем сектантам, или к тем, <choice original_editorial_correction='котор[ые]'><sic>котор</sic><corr>которые</corr></choice> находятся в том же положении, как и те, у которых отняты дети. А таких сектантов десятки тысяч. Стоит только миссионеру или священнику обвинить сектанта, если не по 196, то по 39 <choice original_editorial_correction='ст[атье]'><sic>ст</sic><corr>статье</corr></choice>, и дети этого сектанта будут у него отобраны.</p>
<p rend="left">И потому мне кажется, что обвинение членов миссионерского съезда в том, что они предлагали делать то, что давным-давно, не переставая и по закону делается, так же, как и возражения тех, которые хотят снять с себя такое обвинение, не только неуместны, но очень вредны, совершенно закрывая от общества настоящее положение дела.</p>
<p rend="left">Очень обяжете меня, напечатав эту заметку.</p>
<p rend="right">Лев Толстой.</p>
<p rend="left">26 сентября 1897.</p>
<comments><p rend="Textpetit_otstup left">Печатается по листам копировальной книги из AЧ.</p>
<p rend="Textpetit_otstup left">Толстой имеет в виду корреспонденцию из Казани о третьем Всероссийском съезде миссионеров, напечатанную в газете «Русские ведомости» 1897, № 221 от 12 <hi style="opdelimiter">августа.</hi><hi style="opnumber">155</hi></p>
<p rend="petit left"><hi style="npnumber">156</hi><hi style="npdelimiter"><hi>2 </hi>В</hi> передовой статье газеты «Новое время» 1897, № 7748 от 22 сентября автор, ссылаясь на «С.-Петербургcкий духовный вестник», писал, что съезд нt занимался «решением вопроса об отобрании детей у раскольников и сектантов» и что в решениях съезда «был совершенно устранен насильственно-принудительный характер».</p>
<p rend="petit left"><hi>3</hi> Газета «Русские ведомости» 1897, № 254 от 24 сентября, отвечая «Новому времени» в передовой статье, сообщала об отнятии детей у молокан Потапова и Чепелева.</p>
<p rend="petit left"><hi>4</hi> В «Самарских епархиальных ведомостях» 1897, № 17 от 1 сентября сообщалось об отнятии детей у крестьянина села Кармалки, Бугульминского уезда, II. Потемкина, перешедшего в магометанство.</p>
<p rend="petit left">Публикуемое письмо Толстого в газете «Русские ведомости» опубликовано не было.</p>
</comments></div></body>
        </text>
        </TEI>