<?xml version='1.0' encoding='UTF-8' standalone='no'?>

<TEI xmlns="http://www.tei-c.org/ns/1.0">
       <teiHeader>
          <fileDesc>
             <titleStmt>
                <title>Письмо №* 487. Неизвестному.</title>
             </titleStmt>
             <publicationStmt>
                <publisher>TolstoyLab</publisher>
                <date when="2015-09-14">14 September 2015</date>
             </publicationStmt>
             <sourceDesc>
                <biblStruct>
                   <analytic>
                      <author>Толстой Л.Н.</author>
                   </analytic>
                   <monogr>
                      <title level="m">Полное собрание сочинений. Том 64</title>
                      <imprint>
                         <pubPlace>Москва</pubPlace>
                         <publisher>Государственное издательство "Художественная литература"</publisher>
                         <date when="1954"/>
                      </imprint>
                   </monogr>
                   <series>
                      <title level="s">Л.Н. Толстой. Полное собрание сочинений</title>
                      <biblScope unit="vol">64</biblScope>
                   </series>
                </biblStruct>
             </sourceDesc>
          </fileDesc>
          <encodingDesc>
             <tagsDecl> </tagsDecl>
          </encodingDesc>
          <profileDesc>
             <correspDesc>
                <correspAction type="sending">
                   <persName ref="PersonList.xml#L_N_Tolstoy">Л. Н. Толстой</persName>
                   <placeName ref="PlacesListxml#PLACE"/>
                   <date when="1889">1889 г.</date>            </correspAction>
                <correspAction type="receiving">
                   <persName ref="PersonList.xml#RECEIVER">Неизвестному.</persName>
                </correspAction>
                <correspContext>
                   <ref type="prev"/>
                </correspContext>
             </correspDesc>
          </profileDesc>
       </teiHeader>
       <xenoData><number type="in a volume">487</number></xenoData>

              <text xml:id="Neizvestnomu_487">
	<body><div>
		<opener index="false">
* 487. Неизвестному.
1889 г.</opener>
<p rend="left">Я прочел ваше письмо, и не один раз, а поверяя свое впечатление, читал его другим, и все нашли не только, что оно понятно, но и прекрасно выражает ваши мысли. Для меня же оно не только понятно, но и родственно. Это тот самый ход мыслей, чувств, сомнений, страданий и просветления, по которому я шел, и мне кажется, что я вполне понимаю вас. И понимая вас, радуюсь тому, что нахожу родственную натуру, которая подходит к тому же источнику истины, к которому и я иду. — Надеюсь, что мы не потеряем друг друга из вида и увидимся, тогда переговорим о том, что для нас может казаться неясным. Письменно же отвечать на ваши вопросы слишком трудно и долго. Постараюсь доставить вам те из моих писаний, <choice original_editorial_correction='кот[орые]'><sic>кот</sic><corr>которые</corr></choice> трактуют о том же. Евангелия у меня нет, но когда будет возможность, сообщу (пришлю) вам.</p>
<p rend="left">Если зимой будете в Москве, а летом около Тулы, заезжайте ко мне. Я по годам гожусь вам в деды и потому позволяю себе дать вам совет, выведенный из опыта жизни, и совет очень важный, по моему, и соответствующий вашим взглядам: Дар жизни в себе есть высшая святыня в мире. Цвет этого дара жизни есть наша духовная жизнь. О святости духа в человеке <hi style="opdelimiter">говорили</hi><hi style="opnumber">349</hi> <hi style="npnumber">350</hi><hi style="npdelimiter">много,</hi> даже слишком много, забывая то, что цвет этот может расцвести и дать плод только в здоровом теле. Это есть старая истина, но слишком забытая и признаваемая справедливой только в язычестве: но она справедлива и в христианстве и даже вытекает из него. Жить, как птицы небесные, значит не только то, чтоб не заботиться, но и то, чтоб повиноваться естественным законам природы для тела. —</p>
<p rend="left">По моему, тело человеческое есть такая же святыня, как и дух, с <choice original_editorial_correction='к[оторым]'><sic>к</sic><corr>которым</corr></choice> оно нераздельно, и нарушение законов тела в себе или других есть великий грех, т. е. ошибка, влекущая за собою наказание. И потому я считаю, что человек никогда не имеет права пренебрегать своим здоровьем, если только это пренебрежение не нужно для дела божия, как жертва, а должен, сколько возможно, блюсти себя, т. е. руководиться теми естественными законами, <choice original_editorial_correction='к[оторые]'><sic>к</sic><corr>которые</corr></choice> он знает. — Из этого вытекает мой совет, относящийся к вашей молодости. Не пренебрегайте своим здоровьем, не отступайте от естественных условий жизни — в числе которых главные те, от которых мы все в нашей жизни отступаем: физический труд и полное воздержание в половом отношении или брачная жизнь. Я думаю, что вы познакомитесь с Чертковым. Я бы очень был этому рад. Это мне очень близкий человек. Мы с ним очень любим друг друга. —</p>
<p rend="left">Если будете писать мне, то я буду очень рад. Если будет время или нужно, то отвечу. Если же не отвечу, то вы не осуждайте меня. Письмо ваше сохраню.</p>
<p rend="right">Лев Толстой.</p>
<comments><p rend="Textpetit_otstup left">Датируется на основании пометы на письме неизвестной рукой.</p>
</comments></div></body>
        </text>
        </TEI>