<?xml version='1.0' encoding='UTF-8' standalone='no'?>

<TEI xmlns="http://www.tei-c.org/ns/1.0">
       <teiHeader>
          <fileDesc>
             <titleStmt>
                <title>Письмо №* 340. Прошение тульскому губернатору, составленное Толстым для крестьян деревни Рвы.</title>
             </titleStmt>
             <publicationStmt>
                <publisher>TolstoyLab</publisher>
                <date when="2015-09-14">14 September 2015</date>
             </publicationStmt>
             <sourceDesc>
                <biblStruct>
                   <analytic>
                      <author>Толстой Л.Н.</author>
                   </analytic>
                   <monogr>
                      <title level="m">Полное собрание сочинений. Том 77</title>
                      <imprint>
                         <pubPlace>Москва</pubPlace>
                         <publisher>Государственное издательство "Художественная литература"</publisher>
                         <date when="1956"/>
                      </imprint>
                   </monogr>
                   <series>
                      <title level="s">Л.Н. Толстой. Полное собрание сочинений</title>
                      <biblScope unit="vol">77</biblScope>
                   </series>
                </biblStruct>
             </sourceDesc>
          </fileDesc>
          <encodingDesc>
             <tagsDecl> </tagsDecl>
          </encodingDesc>
          <profileDesc>
             <correspDesc>
                <correspAction type="draft">
                   <persName ref="PersonList.xml#L_N_Tolstoy">Л. Н. Толстой</persName>
                   <placeName ref="PlacesListxml#PLACE">Ясная Поляна</placeName>
                   <date when="1907-10">1907 г. Октября</date>            </correspAction>
                <correspAction type="receiving">
                   <persName ref="PersonList.xml#RECEIVER">тульскому губернатору</persName>
                </correspAction>
                <correspContext>
                   <ref type="prev"/>
                </correspContext>
             </correspDesc>
          </profileDesc>
       </teiHeader>
       <xenoData><number type="in a volume">340</number></xenoData>

              <text xml:id="ProshenietulskomugubernatorusostavlennoeTolstymdlyakrestyanderevniRvy_340">
	<body><div>
		<opener index="false">
* 340. Прошение тульскому губернатору, составленное<lb/>Толстым для крестьян деревни Рвы. Черновое.
1907 г. Октября середина. Я. П.
</opener>
<p rend="Obrashenie left">Г-ну Тульскому губернатору</p>
<p rend="right">крестьян Тульского уезда Татевской<lb/>волости, деревни Рвов</p>
<lb/>
<p rend="subtitle centerline">
<hi rend="Razradka">Прошение.</hi>
</p>
<p rend="left">15 октября сего 1907 года в деревне нашей произошел пожар, истребивший не только постройки, но и все хлебные и кормовые запасы, так что в настоящее время не имеем ни крова для наших семей, ни средств для прокормления себя и своей скотины. Вследствие сего просим ваше превосходительство войти в наше бедственное положение и оказать нам ту помощь, которая хоть сколько-нибудь облегчила бы нашу участь.</p>
<p rend="right">Хозяева 13 дворов:</p>
<comments><p rend="Textpetit_otstup left">В процессе писания текст бумаги исправлялся Толстым (стилистические изменения). Печатается законченная редакция.</p>
<p rend="petit left">Дополнительных сведений по этому делу получить не удалось. Неизвестно, кем было переписано набело это прошение и было ли подано оно.</p>
<p rend="left emptyline"><hi style="opnumber">280</hi> <hi style="npnumber">281</hi></p>
</comments></div></body>
        </text>
        </TEI>