<?xml version='1.0' encoding='UTF-8' standalone='no'?>

<TEI xmlns="http://www.tei-c.org/ns/1.0">
       <teiHeader>
          <fileDesc>
             <titleStmt>
                <title>Письмо №* 19. Неизвестному.</title>
             </titleStmt>
             <publicationStmt>
                <publisher>TolstoyLab</publisher>
                <date when="2015-09-14">14 September 2015</date>
             </publicationStmt>
             <sourceDesc>
                <biblStruct>
                   <analytic>
                      <author>Толстой Л.Н.</author>
                   </analytic>
                   <monogr>
                      <title level="m">Полное собрание сочинений. Том 72</title>
                      <imprint>
                         <pubPlace>Москва</pubPlace>
                         <publisher>Государственное издательство "Художественная литература"</publisher>
                         <date when="1933"/>
                      </imprint>
                   </monogr>
                   <series>
                      <title level="s">Л.Н. Толстой. Полное собрание сочинений</title>
                      <biblScope unit="vol">72</biblScope>
                   </series>
                </biblStruct>
				<bibl>Печатается по листу копировальной книги, хранящемуся в AЧ. Местонахождение автографа неизвестно. Публикуется впервые.</bibl>
             </sourceDesc>
          </fileDesc>
          <encodingDesc>
             <tagsDecl> </tagsDecl>
          </encodingDesc>
          <profileDesc>
             <correspDesc>
                <correspAction type="sending">
                   <persName ref="PersonList.xml#L_N_Tolstoy">Л. Н. Толстой</persName>
                   <placeName ref="PlacesListxml#PLACE">Москва</placeName>
                   <date when="1899-01-23">1899 г. Января 23.</date>            </correspAction>
                <correspAction type="receiving">
                   <persName ref="PersonList.xml#RECEIVER">Неизвестному.</persName>
                </correspAction>
                <correspContext>
                   <ref type="prev"/>
                </correspContext>
             </correspDesc>
          </profileDesc>
       </teiHeader>
       <xenoData><number type="in a volume">19</number></xenoData>

              <text xml:id="Neizvestnomu_19">
	<body><div>
		<opener index="false">
* 19. Неизвестному.
1899 г. Января 23. Москва.</opener>
<p rend="left">Молитва есть такое душевное <choice><reg>состояние</reg><orig>состоянiе</orig></choice>, <choice><reg>в</reg><orig>въ</orig></choice> <choice original_editorial_correction='кот[ором]'><sic>кот</sic><corr><choice><reg>котором</reg><orig>которомъ</orig></choice></corr></choice> <choice><reg>человек</reg><orig>человѣкъ</orig></choice> <choice><reg>сознает</reg><orig>сознаетъ</orig></choice> свое <choice><reg>отношение</reg><orig>отношенiе</orig></choice> <choice><reg>к</reg><orig>къ</orig></choice> Богу, <choice><reg>к</reg><orig>къ</orig></choice> той <choice><reg>Воле</reg><orig>Волѣ</orig></choice>, по которой] <choice><reg>он</reg><orig>онъ</orig></choice> <choice><reg>пришел</reg><orig>пришелъ</orig></choice> <choice><reg>в</reg><orig>въ</orig></choice> <choice><reg>этот</reg><orig>этотъ</orig></choice> <choice><reg>мир</reg><orig>мiръ</orig></choice>, и <choice><reg>все</reg><orig>всѣ</orig></choice> свои <choice><reg>желания</reg><orig>желанiя</orig></choice> <choice><reg>подчиняет</reg><orig>подчиняетъ</orig></choice> этой <choice><reg>воле</reg><orig>волѣ</orig></choice>. И молитвы есть два рода: одна, когда <choice><reg>человек</reg><orig>человѣкъ</orig></choice>, не <choice><reg>действуя</reg><orig>дѣйствуя</orig></choice>, <choice><reg>сознает</reg><orig>сознаетъ</orig></choice> это свое <choice><reg>отношение</reg><orig>отношенiе</orig></choice> <choice><reg>к</reg><orig>къ</orig></choice> Богу, свою зависимость <choice><reg>от</reg><orig>отъ</orig></choice> Него, и другое, когда <choice><reg>человек</reg><orig>человѣкъ</orig></choice> во время жизни и <choice><reg>деятельности</reg><orig>дѣятельности</orig></choice> <choice><reg>вспоминает</reg><orig>вспоминаетъ</orig></choice> это свое <choice><reg>отношение</reg><orig>отношенiе</orig></choice> и <choice><reg>этим</reg><orig>этимъ</orig></choice> <choice><reg>сознанием</reg><orig>сознанiемъ</orig></choice> руководится <choice><reg>в</reg><orig>въ</orig></choice> <choice><reg>поступках</reg><orig>поступкахъ</orig></choice>. <choice><reg>Чем</reg><orig>Чѣмъ</orig></choice> <choice><reg>искреннее</reg><orig>искреннѣе</orig></choice> и чаще повторяется молитва <choice><reg>первого</reg><orig>перваго</orig></choice> рода, <choice><reg>тем</reg><orig>тѣмъ</orig></choice> <choice><reg>возможнее</reg><orig>возможнѣе</orig></choice> молитва второго рода — ежечасная, <choice original_editorial_correction='кот[орая]'><sic>кот</sic><corr>которая</corr></choice> <choice><reg>в</reg><orig>въ</orig></choice> особенности нужна тогда, когда трудно ее вспомнить и возбудить <choice><reg>в</reg><orig>въ</orig></choice> <choice><reg>себе</reg><orig>себѣ</orig></choice> <choice><reg>в</reg><orig>въ</orig></choice> <hi style="opdelimiter">минуты</hi><hi style="opnumber">46</hi> <hi style="npnumber">47</hi><hi style="npdelimiter"><choice><reg>волнения</reg><orig>волненiя</orig></choice>.</hi> <choice><reg>В</reg><orig>Въ</orig></choice> <hi><choice original_editorial_correction='Xрист[ианском]'><sic>Xрист</sic><corr><choice><reg>Xристианском</reg><orig>Xристiанскомъ</orig></choice></corr></choice> <choice><reg>учении</reg><orig>ученiи</orig></choice></hi><note xml:id="note1" resp="volume_editor" index="false"> См. т. 31.</note><hi> я</hi> это <choice><reg>изложил</reg><orig>изложилъ</orig></choice>, <choice><reg>как</reg><orig>какъ</orig></choice> <choice><reg>умел</reg><orig>умѣлъ</orig></choice>, пишу же теперь, <choice><reg>как</reg><orig>какъ</orig></choice> пишется.</p>
<p rend="left">Желаю <choice><reg>вам</reg><orig>вамъ</orig></choice> всего <choice><reg>хорошего</reg><orig>хорошаго</orig></choice>.</p>
<p rend="right"><choice><reg>Лев</reg><orig>Левъ</orig></choice> Толстой.</p>
<p rend="left">23 Янв. 1899.</p>
<comments><p rend="Textpetit_otstup left">Печатается по листу копировальной книги, хранящемуся в AЧ. Местонахождение автографа неизвестно. Публикуется впервые.</p>
<p rend="petit left">Кому адресовано письмо, редакцией не установлено.</p>
<p rend="Textpetit_otstup left"><hi>1</hi> См. т. 31.</p>
</comments></div></body>
        </text>
        </TEI>