<?xml version='1.0' encoding='UTF-8' standalone='no'?>

<TEI xmlns="http://www.tei-c.org/ns/1.0">
       <teiHeader>
          <fileDesc>
             <titleStmt>
                <title>Письмо №* 232. Сектантам с. Павловки.</title>
             </titleStmt>
             <publicationStmt>
                <publisher>TolstoyLab</publisher>
                <date when="2015-09-14">14 September 2015</date>
             </publicationStmt>
             <sourceDesc>
                <biblStruct>
                   <analytic>
                      <author>Толстой Л.Н.</author>
                   </analytic>
                   <monogr>
                      <title level="m">Полное собрание сочинений. Том 72</title>
                      <imprint>
                         <pubPlace>Москва</pubPlace>
                         <publisher>Государственное издательство "Художественная литература"</publisher>
                         <date when="1933"/>
                      </imprint>
                   </monogr>
                   <series>
                      <title level="s">Л.Н. Толстой. Полное собрание сочинений</title>
                      <biblScope unit="vol">72</biblScope>
                   </series>
                </biblStruct>
				<bibl>Печатается по листам копировальной книги, хранящимся в AЧ. Местонахождение автографа неизвестно. Публикуется <hi style="opdelimiter">впервые.</hi><hi style="opnumber">284</hi></bibl>
             </sourceDesc>
          </fileDesc>
          <encodingDesc>
             <tagsDecl> </tagsDecl>
          </encodingDesc>
          <profileDesc>
             <correspDesc>
                <correspAction type="sending">
                   <persName ref="PersonList.xml#L_N_Tolstoy">Л. Н. Толстой</persName>
                   <placeName ref="PlacesListxml#PLACE">Москва</placeName>
                   <date when="1900-01-07">1900 г. Января 7.</date>            </correspAction>
                <correspAction type="receiving">
                   <persName ref="PersonList.xml#RECEIVER">Сектантам с. Павловки.</persName>
                </correspAction>
                <correspContext>
                   <ref type="prev"/>
                </correspContext>
             </correspDesc>
          </profileDesc>
       </teiHeader>
       <xenoData><number type="in a volume">232</number></xenoData>

              <text xml:id="Sektantams.Pavlovki_232">
	<body><div>
		<opener index="false">
* 232. Сектантам с. Павловки.
1900 г. Января 7. Москва 1900.
</opener><p rend="right">7 Января.</p>

<p rend="Obrashenie left">Любезные братья,</p>
<p rend="left">Слышу, что вы не оставляете своего <choice><reg>желания</reg><orig>желанiя</orig></choice> переселиться <choice><reg>в</reg><orig>въ</orig></choice> Канаду. Я не <choice><reg>имею</reg><orig>имѣю</orig></choice> права судить о <choice><reg>том</reg><orig>томъ</orig></choice>, насколько тяжела и непереносна ваша жизнь, но <choice><reg>мне</reg><orig>мнѣ</orig></choice> думается, что ваше <choice><reg>переселение</reg><orig>переселенiе</orig></choice> <choice><reg>в</reg><orig>въ</orig></choice> Канаду <choice><reg>с</reg><orig>съ</orig></choice> <choice><reg>мирской</reg><orig>мiрской</orig></choice> точки <choice><reg>зрения</reg><orig>зрѣнiя</orig></choice> неблагоразумно, а <choice><reg>с</reg><orig>съ</orig></choice> <choice><reg>христианской</reg><orig>христiанской</orig></choice> точки <choice><reg>зрения</reg><orig>зрѣнiя</orig></choice> неправильно. Неблагоразумно это потому, что у <choice><reg>вас</reg><orig>васъ</orig></choice> <choice><reg>слишком</reg><orig>слишкомъ</orig></choice> мало <choice><reg>средств</reg><orig>средствъ</orig></choice> для <choice><reg>переезда</reg><orig>переѣзда</orig></choice> и <choice><reg>приобретения</reg><orig>прiобрѣтенiя</orig></choice> всего <choice><reg>нужного</reg><orig>нужнаго</orig></choice> <choice><reg>обзаведения</reg><orig>обзаведенiя</orig></choice> для хозяйства, и что <choice><reg>вам</reg><orig>вамъ</orig></choice> не миновать <choice><reg>бедствовать</reg><orig>бѣдствовать</orig></choice> <choice><reg>с</reg><orig>съ</orig></choice> своими женами и <choice><reg>детьми</reg><orig>дѣтьми</orig></choice>, <choice><reg>которые</reg><orig>которыя</orig></choice> не <choice><reg>могут</reg><orig>могутъ</orig></choice> <choice><reg>иметь</reg><orig>имѣть</orig></choice> <choice><reg>утешения</reg><orig>утѣшенiя</orig></choice> <choice><reg>в</reg><orig>въ</orig></choice> <choice><reg>том</reg><orig>томъ</orig></choice>, что они <choice><reg>несут</reg><orig>несутъ</orig></choice> свои <choice><reg>бедствия</reg><orig>бѣдствiя</orig></choice> ради <choice><reg>исповедания</reg><orig>исповѣданiя</orig></choice> истины. Неблагоразумно еще и потому, что, оставаясь на <choice><reg>местах</reg><orig>мѣстахъ</orig></choice>, вы будете переносить <choice><reg>те</reg><orig>тѣ</orig></choice> <choice><reg>бедствия</reg><orig>бѣдствiя</orig></choice> и <choice><reg>гонения</reg><orig>гоненiя</orig></choice>, <choice><reg>которые</reg><orig>которыя</orig></choice> <choice><reg>постигнут</reg><orig>постигнутъ</orig></choice> <choice><reg>вас</reg><orig>васъ</orig></choice>, <choice><reg>как</reg><orig>какъ</orig></choice> <choice><reg>испытания</reg><orig>испытанiя</orig></choice>, <choice><reg>посланные</reg><orig>посланныя</orig></choice> <choice><reg>от</reg><orig>отъ</orig></choice> Бога, если же вы переселитесь, и <choice><reg>вам</reg><orig>вамъ</orig></choice> <choice><reg>будет</reg><orig>будетъ</orig></choice> трудно и скорбно, то вы будете винить <choice><reg>самих</reg><orig>самихъ</orig></choice> себя, а это гораздо <choice><reg>тяжелее</reg><orig>тяжелѣе</orig></choice>. Неправильно же, по моему <choice><reg>мнению</reg><orig>мнѣнiю</orig></choice>, ваше <choice><reg>переселение</reg><orig>переселенiе</orig></choice> <choice><reg>в</reg><orig>въ</orig></choice> Канаду было бы потому, что сила <choice><reg>христианства</reg><orig>христiанства</orig></choice> <choice><reg>в</reg><orig>въ</orig></choice> <choice><reg>терпении</reg><orig>терпѣнiи</orig></choice>, и <choice><reg>нет</reg><orig>нѣтъ</orig></choice> <choice><reg>таких</reg><orig>такихъ</orig></choice> <choice><reg>гонений</reg><orig>гоненiй</orig></choice>, <choice><reg>которых</reg><orig>которыхъ</orig></choice> нельзя бы было перенести. <choice><reg>Перенесение</reg><orig>Перенесенiе</orig></choice> же <choice><reg>гонений</reg><orig>гоненiй</orig></choice> <choice><reg>более</reg><orig>болѣе</orig></choice> всего <choice><reg>содействует</reg><orig>содѣйствуетъ</orig></choice> <choice><reg>делу</reg><orig>дѣлу</orig></choice> <choice><reg>Божию</reg><orig>Божiю</orig></choice>, <choice><reg>распространению</reg><orig>распространенiю</orig></choice> Его закона и <choice><reg>вместе</reg><orig>вмѣстѣ</orig></choice> <choice><reg>с</reg><orig>съ</orig></choice> <choice><reg>тем</reg><orig>тѣмъ</orig></choice> <choice><reg>более</reg><orig>болѣе</orig></choice> всего <choice><reg>другого</reg><orig>другаго</orig></choice> <choice><reg>укрепляет</reg><orig>укрѣпляетъ</orig></choice> людей <choice><reg>в</reg><orig>въ</orig></choice> <choice><reg>вере</reg><orig>вѣрѣ</orig></choice>.</p>
<p rend="left"><choice><reg>Переехавшие</reg><orig>Переѣхавшiе</orig></choice> <choice><reg>в</reg><orig>въ</orig></choice> Канаду Духоборы едва ли не больше (<choice><reg>в</reg><orig>въ</orig></choice> особенности <choice><reg>те</reg><orig>тѣ</orig></choice>, которые <choice><reg>выехали</reg><orig>выѣхали</orig></choice> на <choice><reg>остров</reg><orig>островъ</orig></choice> <choice><reg>Кипр</reg><orig>Кипръ</orig></choice>)<note xml:id="note1" resp="volume_editor" index="false"> <ref target="file:///Volume_72_DuxoborampereselivshimsyavKanadu_246.xml">См. письмо № 246</ref>.</note> перенесли <choice><reg>бедствий</reg><orig>бѣдствiй</orig></choice> за границей, <choice><reg>чем</reg><orig>чѣмъ</orig></choice> <choice><reg>в</reg><orig>въ</orig></choice> <choice><reg>России</reg><orig>Россiи</orig></choice>. <choice><reg>Многие</reg><orig>Многiе</orig></choice> <choice><reg>из</reg><orig>изъ</orig></choice> <choice><reg>них</reg><orig>нихъ</orig></choice> умерли. А между <choice><reg>тем</reg><orig>тѣмъ</orig></choice> <choice><reg>пример</reg><orig>примѣръ</orig></choice> <choice><reg>их</reg><orig>ихъ</orig></choice> жизни <choice><reg>был</reg><orig>былъ</orig></choice> <choice><reg>потерян</reg><orig>потерянъ</orig></choice> для <choice><reg>русских</reg><orig>русскихъ</orig></choice> людей, a <choice><reg>чужие</reg><orig>чужiе</orig></choice> люди <choice><reg>в</reg><orig>въ</orig></choice> <choice><reg>Канаде</reg><orig>Канадѣ</orig></choice> не <choice><reg>понимают</reg><orig>понимаютъ</orig></choice> <choice><reg>их</reg><orig>ихъ</orig></choice>. <choice><reg>Кроме</reg><orig>Кромѣ</orig></choice> того, <choice><reg>некоторые</reg><orig>нѣкоторые</orig></choice> <choice><reg>из</reg><orig>изъ</orig></choice> <choice><reg>них</reg><orig>нихъ</orig></choice> теперь, на <choice><reg>свободе</reg><orig>свободѣ</orig></choice>, стали жить не лучше, а много хуже, предаваясь <choice><reg>всяким</reg><orig>всякимъ</orig></choice> <choice><reg>слабостям</reg><orig>слабостямъ</orig></choice>, <choice><reg>чем</reg><orig>чѣмъ</orig></choice> они жили в <choice><reg>России</reg><orig>Россiи</orig></choice>.<note xml:id="note2" resp="volume_editor" index="false"> См. письма №№ 246 и 257.</note> <hi><choice><reg>Претерпевый</reg><orig>Претерпѣвый</orig></choice> до конца <choice><reg>спасен</reg><orig>спасенъ</orig></choice></hi> <hi><choice><reg>будет</reg><orig>будетъ</orig></choice></hi>.<note xml:id="note3" resp="volume_editor" index="false"> «Евангелие» Матфея, X, <hi style="opdelimiter">22.</hi><hi style="opnumber">285</hi></note> И потому мой <choice><reg>совет</reg><orig>совѣтъ</orig></choice> <choice><reg>вам</reg><orig>вамъ</orig></choice>, любезные братья <choice><reg>из</reg><orig>изъ</orig></choice> <choice><reg>Павловок</reg><orig>Павловокъ</orig></choice> и <choice><reg>других</reg><orig>другихъ</orig></choice> <choice><reg>селений</reg><orig>селенiй</orig></choice>, <choice><reg>тот</reg><orig>тотъ</orig></choice>, чтобы стараться усиливать <choice><reg>в</reg><orig>въ</orig></choice> <choice><reg>себе</reg><orig>себѣ</orig></choice> <choice><reg>веру</reg><orig>вѣру</orig></choice> <choice><reg>в</reg><orig>въ</orig></choice> истину, вести жизнь, согласную <choice><reg>с</reg><orig>съ</orig></choice> этой истиной, и <choice><reg>с</reg><orig>съ</orig></choice> твердостью и <choice><reg>смирением</reg><orig>смиренiемъ</orig></choice>, ничего не предпринимая и не покидая своей родины, нести <choice><reg>те</reg><orig>тѣ</orig></choice> <choice><reg>гонения</reg><orig>гоненiя</orig></choice>, <choice><reg>которые</reg><orig>которыя</orig></choice> <choice><reg>вас</reg><orig>васъ</orig></choice> <choice><reg>постигают</reg><orig>постигаютъ</orig></choice>, и <choice><reg>без</reg><orig>безъ</orig></choice> <choice><reg>которых</reg><orig>которыхъ</orig></choice> не <choice><reg>могут</reg><orig>могутъ</orig></choice> [...]<note xml:id="note4" resp="volume_editor" index="false"> В копировальном листе кусочек в 2(?) слова утрачен.</note> среди <choice><reg>мирской</reg><orig>мiрской</orig></choice> жизни [...]<note xml:id="note5" resp="volume_editor" index="false"> В копировальном листе окончание письма — несколько слов и подпись — утрачено.</note></p>
<comments><p rend="Textpetit_otstup left">Печатается по листам копировальной книги, хранящимся в AЧ. Местонахождение автографа неизвестно. Публикуется <hi style="opdelimiter">впервые.</hi><hi style="opnumber">284</hi></p>
<p rend="petit left"><hi style="npnumber">285</hi><hi style="npdelimiter">Письмо</hi> адресовано сектантам с. Павловки Сумского у. Харьковской губ., последователям кн. Д. А. Хилкова, в начале 1899 г. подавшим прошение о выезде из России. Они предполагали в количестве двухсот шестнадцати человек эмигрировать в Канаду к духоборам и просили Толстого о содействии (см. письма №№ 34 и 40). Кн. Д. А. Хилков, принимавший самое близкое участие в судьбе павловцев, вначале сочувствовал этой идее, так как жизнь их на родине из-за преследования местными властями была крайне тяжелой, но потом, учтя все трудности переселения, стал предостерегать крестьян и советовал отложить отъезд, по крайней мере, до весны 1900 года. Он писал Толстому: «Теперь, осенью, ехать уже поздно и не для чего. Ибо прибыть могут в Канаду только в октябре — конце, чтò совсем не имеет смысла. Значит, если ехать, то только весной [...] Они поедут на общем иммигрантском основании, что значит, что проезд до места, т. е. до земли, им обойдется сто рублей с взрослого, пятьдесят с детей между пятью и двенадцатью годами; ниже пяти лет поедут даром. Кроме этих денег у них должно быть достаточно денег на содержание себя один год, по тридцать шесть рублей на каждую душу [...] О земле для павловцев просить никого не надо. По законам Канады, каждый достигший восемнадцатилетнего возраста по уплате двадцати рублей может занять дым (homestead) в пятьдесят три русских десятины или сто шестьдесят акров. Поселенец сам выбирает землю, и если она не занята, то и занимает. Где именно павловцам занять землю, опять-таки зависит от средств, которыми они располагают. Это потому, что лучшая земля около железных дорог уже занята, вдали от железных дорог, верстах в семидесяти — ста есть прекрасная. Всё дело в том, имеют ли они достаточно средств, чтобы обзавестись достаточными перевозочными [средствами] для подвоза себе провианта и переправы себя и своего багажа. Итак, главное дело в средствах, и, когда они мне скажут, сколько их душ (взрослых мущин, женщин и детей) и сколько рублей, я им скажу, в какой части Канады и в какой губернии и уезде они могут поселиться. Еще мне надо знать, свалят ли они деньги в кучу, или каждое семейство будет себя кормить и хозяйничать отдельно. Это громадная разница. Если будете писать павловцам, то, пожалуйста, внушите им, что переселение — дело очень трудное. Чтобы не забывали, что они языка не знают, а потому работа их будет оплачиваться вдвое дешевле, чем работа местных рабочих, что, едучи на общем положении, взять много багажа не придется». — «Мне кажется, что при их средствах нельзя им ехать в Канаду. Для переселения в Канаду требуется известный минимум средств, без которых туда ехать нельзя. Мне кажется, что у Павловцев нет этого минимума» (письма от 12 ноября и 28 июля н. ст. 1899 г.).</p>
<p rend="petit left">Павловские крестьяне из России не уехали. Мужчинам призывного возраста и состоявшим в запасе (т. е. до сорока лет) выезд был воспрещен, и таким образом переселение не состоялось. Переехало в Канаду лишь несколько семейств.</p>
<p rend="Textpetit_otstup left"><hi>1</hi> <ref target="file:///Volume_72_DuxoborampereselivshimsyavKanadu_246.xml">См. письмо № 246</ref>.</p>
<p rend="petit left"><hi>2</hi> См. письма №№ 246 и 257.</p>
<p rend="petit left"><hi>3</hi> «Евангелие» Матфея, X, <hi style="opdelimiter">22.</hi><hi style="opnumber">285</hi></p>
<p rend="petit left"><hi>4</hi> В копировальном листе кусочек в 2(?) слова утрачен.</p>
<p rend="petit left"><hi>5</hi> В копировальном листе окончание письма — несколько слов и подпись — утрачено.</p>
</comments></div></body>
        </text>
        </TEI>