<?xml version='1.0' encoding='UTF-8' standalone='no'?>

<TEI xmlns="http://www.tei-c.org/ns/1.0">
       <teiHeader>
          <fileDesc>
             <titleStmt>
                <title>Письмо №* 234. Редактору газеты «Новое время». Неотправленное?</title>
             </titleStmt>
             <publicationStmt>
                <publisher>TolstoyLab</publisher>
                <date when="2015-09-14">14 September 2015</date>
             </publicationStmt>
             <sourceDesc>
                <biblStruct>
                   <analytic>
                      <author>Толстой Л.Н.</author>
                   </analytic>
                   <monogr>
                      <title level="m">Полное собрание сочинений. Том 71</title>
                      <imprint>
                         <pubPlace>Москва</pubPlace>
                         <publisher>Государственное издательство "Художественная литература"</publisher>
                         <date when="1954"/>
                      </imprint>
                   </monogr>
                   <series>
                      <title level="s">Л.Н. Толстой. Полное собрание сочинений</title>
                      <biblScope unit="vol">71</biblScope>
                   </series>
                </biblStruct>
             </sourceDesc>
          </fileDesc>
          <encodingDesc>
             <tagsDecl> </tagsDecl>
          </encodingDesc>
          <profileDesc>
             <correspDesc>
                <correspAction type="unsent">
                   <persName ref="PersonList.xml#L_N_Tolstoy">Л. Н. Толстой</persName>
                   <placeName ref="PlacesListxml#PLACE">Москва</placeName>
                   <date when="1898-08-31">1898 г. Августа 31.</date>            </correspAction>
                <correspAction type="receiving">
                   <persName ref="PersonList.xml#RECEIVER">Редактору газеты «Новое время». Неотправленное?</persName>
                </correspAction>
                <correspContext>
                   <ref type="prev"/>
                </correspContext>
             </correspDesc>
          </profileDesc>
       </teiHeader>
       <xenoData><number type="in a volume">234</number></xenoData>

              <text xml:id="RedaktorugazetyNovoevremya_234">
	<body><div>
		<opener index="false">
* 234. Редактору газеты «Новое время». Неотправленное?
1898 г. Августа 31. Москва.
</opener>
<p rend="Obrashenie left">Милостивый государь,</p>
<p rend="left">Вы очень обяжете меня, напечатав в Вашей газете то, что я очень благодарю все те лица, которые выразили мне свое сочувствие по случаю дня моего рождения.</p>
<p rend="right">Лев Толстой.</p>
<p rend="left">31 авг. 1898 г.</p>
<comments><p rend="Textpetit_otstup left">Судя по тому, что автограф письма хранится в АТ и по тому, что в «Новом, времени» оно опубликовано не было, письмо это осталось неотправленным.</p>
</comments></div></body>
        </text>
        </TEI>