<?xml version='1.0' encoding='UTF-8' standalone='no'?>

<TEI xmlns="http://www.tei-c.org/ns/1.0">
       <teiHeader>
          <fileDesc>
             <titleStmt>
                <title>Письмо №49. В редакции газет.</title>
             </titleStmt>
             <publicationStmt>
                <publisher>TolstoyLab</publisher>
                <date when="2015-09-14">14 September 2015</date>
             </publicationStmt>
             <sourceDesc>
                <biblStruct>
                   <analytic>
                      <author>Толстой Л.Н.</author>
                   </analytic>
                   <monogr>
                      <title level="m">Полное собрание сочинений. Том 73</title>
                      <imprint>
                         <pubPlace>Москва</pubPlace>
                         <publisher>Государственное издательство "Художественная литература"</publisher>
                         <date when="1954"/>
                      </imprint>
                   </monogr>
                   <series>
                      <title level="s">Л.Н. Толстой. Полное собрание сочинений</title>
                      <biblScope unit="vol">73</biblScope>
                   </series>
                </biblStruct>
             </sourceDesc>
          </fileDesc>
          <encodingDesc>
             <tagsDecl> </tagsDecl>
          </encodingDesc>
          <profileDesc>
             <correspDesc>
                <correspAction type="sending">
                   <persName ref="PersonList.xml#L_N_Tolstoy">Л. Н. Толстой</persName>
                   <placeName ref="PlacesListxml#PLACE">Москва</placeName>
                   <date when="1901-03">1901 г. Марта</date>            </correspAction>
                <correspAction type="receiving">
                   <persName ref="PersonList.xml#RECEIVER">В редакции газет.</persName>
                </correspAction>
                <correspContext>
                   <ref type="prev"/>
                </correspContext>
             </correspDesc>
          </profileDesc>
       </teiHeader>
       <xenoData><number type="in a volume">49</number></xenoData>

              <text xml:id="Vredakciigazet._49">
	<body><div>
		<opener index="false">
49. В редакции газет.
1901 г. Марта середина. Москва.
</opener>
<p rend="Obrashenie left">Г. Редактор,</p>
<p rend="left">Не имея возможности лично поблагодарить всех тех лиц, от сановников до простых рабочих, выразивших мне, как лично, так и по почте и по телеграфу свое сочувствие по поводу постановления св. Синода от 20—22 февраля, покорнейше прошу вашу уважаемую газету поблагодарить всех этих лиц, причем сочувствие, высказанное мне, я приписываю не столько значению своей деятельности, сколько остроумию и благовременности постановления св. Синода.</p>
<p rend="right">Лев Толстой.</p>
<comments><p rend="Textpetit_otstup left">Перепечатывается из «Листков Свободного слова», 23, Christchurch, 1901, стр. 24. Датируется по письму к В. Г. Черткову от 20 марта 1901 г. (см. т. 88).</p>
<p rend="petit left">24 февраля 1901 г. в «Церковных ведомостях» было опубликовано «Определение» святейшего синода от 20—22 февраля 1901 г. об отлучении Толстого от церкви. См. т. 54, стр. 457—458. Одновременно Главное управление по делам печати разослало циркуляр от 24 февраля 1901 г., № 1579, запрещающий «обсуждение определения святейшего синода». В начале марта был новый циркуляр о запрещении помещать в газетах «телеграммы и известия о выражении сочувствия отлученному от церкви гр. Л. Н. Толстому». Но циркуляры не могли остановить общественного возбуждения. 24 февраля в Москве состоялась грандиозная <hi style="opdelimiter">демонстрация.</hi><hi style="opnumber">50</hi></p>
<p rend="petit left"><hi style="npnumber">51</hi><hi style="npdelimiter">«В</hi> этот день и в следующие мы получили столько сочувствия и депутациями, и письмами, адресами, телеграммами, корзинами цветов и проч.», — писала 2 марта 1901 г. С. А. Толстая Т. А. Кузминской. Сочувственные письма и адреса получались в течение нескольких месяцев. Писали рабочие, крестьяне, политические эмигранты, иностранцы, студенты, даже священники и аббаты. Под некоторыми адресами и телеграммами собирались сотни подписей.</p>
<p rend="petit left">Спустя девять лет В. И. Ленин в статье «Л. Н. Толстой», написанной в связи со смертью великого писателя, так оценил это событие: «Святейший синод отлучил Толстого от церкви. Тем лучше. Этот подвиг зачтется ему в час народной расправы с чиновниками в рясах, жандармами во Христе, с темными инквизиторами, которые поддерживали еврейские погромы и прочие подвиги черносотенной царской шайки» (Сочинения, т. 16, стр. 296).</p>
</comments></div></body>
        </text>
        </TEI>