<?xml version='1.0' encoding='UTF-8' standalone='no'?>

<TEI xmlns="http://www.tei-c.org/ns/1.0">
       <teiHeader>
          <fileDesc>
             <titleStmt>
                <title>Письмо №* 127. Е. Э. Крамеру.</title>
             </titleStmt>
             <publicationStmt>
                <publisher>TolstoyLab</publisher>
                <date when="2015-09-14">14 September 2015</date>
             </publicationStmt>
             <sourceDesc>
                <biblStruct>
                   <analytic>
                      <author>Толстой Л.Н.</author>
                   </analytic>
                   <monogr>
                      <title level="m">Полное собрание сочинений. Том 72</title>
                      <imprint>
                         <pubPlace>Москва</pubPlace>
                         <publisher>Государственное издательство "Художественная литература"</publisher>
                         <date when="1933"/>
                      </imprint>
                   </monogr>
                   <series>
                      <title level="s">Л.Н. Толстой. Полное собрание сочинений</title>
                      <biblScope unit="vol">72</biblScope>
                   </series>
                </biblStruct>
				<bibl>Печатается по подлиннику, написанному М. Л. Оболенской на письме Крамера от 3 июня 1899 г. (хранится в АТБ). Очевидно, продиктовано Толстым для составления ответа. Было ли отправлено письмо адресату и за чьей подписью, редакции неизвестно. Публикуется впервые.</bibl>
             </sourceDesc>
          </fileDesc>
          <encodingDesc>
             <tagsDecl> </tagsDecl>
          </encodingDesc>
          <profileDesc>
             <correspDesc>
                <correspAction type="draft">
                   <persName ref="PersonList.xml#L_N_Tolstoy">Л. Н. Толстой</persName>
                   <placeName ref="PlacesListxml#PLACE">Ясная Поляна</placeName>
                   <date from="1899-06-01" to="1899-06-10">1899 г. Июня начало.</date>            </correspAction>
                <correspAction type="receiving">
                   <persName ref="PersonList.xml#RECEIVER">Е. Э. Крамеру. </persName>
                </correspAction>
                <correspContext>
                   <ref type="prev">Ответ на письмо Евгения Эрнестовича Крамера (Рига), писавшего Толстому 3 июня 1899 г.: «Ознакомившись с стихотворением «Друзьям добра», которое мне очень понравилось, решаюсь испросить у Вас разрешения напечатать его в местной небольшой, но лучшей газете края. Желая чем-нибудь выразить глубокую благодарность за добрый прием и совет и полагая, что Вам, быть может, пригодятся, как материал, кое-какие интересные сообщения относительно забастовок, происходивших и после моего выезда из Риги, покорнейше Вас прошу сообщить, не пожелаете ли Вы их получить».</ref>
                </correspContext>
             </correspDesc>
          </profileDesc>
       </teiHeader>
       <xenoData><number type="in a volume">127</number></xenoData>

              <text xml:id="E.E.Krameru_127">
	<body><div>
		<opener index="false">
* 127. Е. Э. Крамеру. Черновое.
1899 г. Июня начало. Я. П.</opener>
<p rend="left"><choice original_editorial_correction='Стих[отворение]'><sic>Стих</sic><corr><choice><reg>Стихотворение</reg><orig>Стихотворенiе</orig></choice></corr></choice>, о <choice original_editorial_correction='кот[ором]'><sic>кот</sic><corr><choice><reg>котором</reg><orig>которомъ</orig></choice></corr></choice> вы говорите, <choice original_editorial_correction='принадл[ежит]'><sic>принадл</sic><corr><choice><reg>принадлежит</reg><orig>принадлежитъ</orig></choice></corr></choice>, кажется, <choice original_editorial_correction='Горбун[ову]'><sic>Горбун</sic><corr>Горбунову</corr></choice>,<note xml:id="note1" resp="volume_editor" index="false"> Стихотворение И. И. Горбунова-Посадова «Друзьям добра» (1893) впервые напечатано за границей в издательстве Элпидина (Женева): в сборнике стихотворений, запрещенных царской цензурой в России. В России напечатано впервые в сборнике «Избранные произведения русской поэзии», составленном Влад. Бонч-Бруевичем, второе изд. О. Н. Поповой, Спб. 1899. Напечатано было также в 1911 г. в сборнике Горбунова-Посадова «Братская кровь» и уничтожено по постановлению суда. Помещено в книге И. И. Горбунова-Посадова «Песни братства и свободы и наброски в прозе», изд. автора, М. 1928, стр. 83—84.</note> и хорошо <choice><reg>сделаете</reg><orig>сдѣлаете</orig></choice>, если <hi style="opdelimiter">напечатаете.</hi><hi style="opnumber">141</hi> <hi style="npnumber">142</hi><hi style="npdelimiter">Это</hi> <choice original_editorial_correction='хор[ошее]'><sic>хор</sic><corr>хорошее</corr></choice> <choice original_editorial_correction='стих[отворение]'><sic>стих</sic><corr><choice><reg>стихотворение</reg><orig>стихотворенiе</orig></choice></corr></choice>. Очень буду <choice original_editorial_correction='благод[арен]'><sic>благод</sic><corr><choice><reg>благодарен</reg><orig>благодаренъ</orig></choice></corr></choice>, если <choice original_editorial_correction='сообщ[ите]'><sic>сообщ</sic><corr>сообщите</corr></choice> <choice><reg>мне</reg><orig>мнѣ</orig></choice> для <choice original_editorial_correction='загр[аничной]'><sic>загр</sic><corr>заграничной</corr></choice> печати <choice original_editorial_correction='сам[ые]'><sic>сам</sic><corr><choice><reg>самые</reg><orig>самыя</orig></choice></corr></choice> <choice><reg>точные</reg><orig>точныя</orig></choice> <choice><reg>сведения</reg><orig>свѣденiя</orig></choice> о <choice><reg>стачке</reg><orig>стачкѣ</orig></choice> <choice><reg>в</reg><orig>въ</orig></choice> <choice><reg>Риге</reg><orig>Ригѣ</orig></choice> и <choice><reg>дальнейших</reg><orig>дальнѣйшихъ</orig></choice> <choice><reg>происшествиях</reg><orig>происшествiяхъ</orig></choice>.<note xml:id="note2" resp="volume_editor" index="false"> Стачка рабочих в г. Риге в 1899 г. продолжалась с 1 по 18 мая. Движение охватило джутовую и льняную фабрики, пивоваренный, вагоностроительный, машиностроительный, цементный и другие заводы. 11 мая бастовало более четырех тысяч рабочих. Демонстрация с требованием уменьшения рабочего дня вызвала крайние репрессии и кровопролитие. 18 мая работа возобновилась.</note></p>
<comments><p rend="Textpetit_otstup left">Печатается по подлиннику, написанному М. Л. Оболенской на письме Крамера от 3 июня 1899 г. (хранится в АТБ). Очевидно, продиктовано Толстым для составления ответа. Было ли отправлено письмо адресату и за чьей подписью, редакции неизвестно. Публикуется впервые.</p>
<p rend="petit left">Ответ на письмо Евгения Эрнестовича Крамера (Рига), писавшего Толстому 3 июня 1899 г.: «Ознакомившись с стихотворением «Друзьям добра», которое мне очень понравилось, решаюсь испросить у Вас разрешения напечатать его в местной небольшой, но лучшей газете края. Желая чем-нибудь выразить глубокую благодарность за добрый прием и совет и полагая, что Вам, быть может, пригодятся, как материал, кое-какие интересные сообщения относительно забастовок, происходивших и после моего выезда из Риги, покорнейше Вас прошу сообщить, не пожелаете ли Вы их получить».</p>
<p rend="Textpetit_otstup left"><hi>1</hi> Стихотворение И. И. Горбунова-Посадова «Друзьям добра» (1893) впервые напечатано за границей в издательстве Элпидина (Женева): в сборнике стихотворений, запрещенных царской цензурой в России. В России напечатано впервые в сборнике «Избранные произведения русской поэзии», составленном Влад. Бонч-Бруевичем, второе изд. О. Н. Поповой, Спб. 1899. Напечатано было также в 1911 г. в сборнике Горбунова-Посадова «Братская кровь» и уничтожено по постановлению суда. Помещено в книге И. И. Горбунова-Посадова «Песни братства и свободы и наброски в прозе», изд. автора, М. 1928, стр. 83—84.</p>
<p rend="petit left"><hi>2</hi> Стачка рабочих в г. Риге в 1899 г. продолжалась с 1 по 18 мая. Движение охватило джутовую и льняную фабрики, пивоваренный, вагоностроительный, машиностроительный, цементный и другие заводы. 11 мая бастовало более четырех тысяч рабочих. Демонстрация с требованием уменьшения рабочего дня вызвала крайние репрессии и кровопролитие. 18 мая работа возобновилась.</p>
</comments></div></body>
        </text>
        </TEI>