<?xml version='1.0' encoding='UTF-8' standalone='no'?>

<TEI xmlns="http://www.tei-c.org/ns/1.0">
       <teiHeader>
          <fileDesc>
             <titleStmt>
                <title>Письмо №* 6. Неизвестному.</title>
             </titleStmt>
             <publicationStmt>
                <publisher>TolstoyLab</publisher>
                <date when="2015-09-14">14 September 2015</date>
             </publicationStmt>
             <sourceDesc>
                <biblStruct>
                   <analytic>
                      <author>Толстой Л.Н.</author>
                   </analytic>
                   <monogr>
                      <title level="m">Полное собрание сочинений. Том 78</title>
                      <imprint>
                         <pubPlace>Москва</pubPlace>
                         <publisher>Государственное издательство "Художественная литература"</publisher>
                         <date when="1956"/>
                      </imprint>
                   </monogr>
                   <series>
                      <title level="s">Л.Н. Толстой. Полное собрание сочинений</title>
                      <biblScope unit="vol">78</biblScope>
                   </series>
                </biblStruct>
             </sourceDesc>
          </fileDesc>
          <encodingDesc>
             <tagsDecl> </tagsDecl>
          </encodingDesc>
          <profileDesc>
             <correspDesc>
                <correspAction type="sending">
                   <persName ref="PersonList.xml#L_N_Tolstoy">Л. Н. Толстой</persName>
                   <placeName ref="PlacesListxml#PLACE">Ясная Поляна</placeName>
                   <date when="1908-01-09">1908 г. Января 9.</date>            </correspAction>
                <correspAction type="receiving">
                   <persName ref="PersonList.xml#RECEIVER">Неизвестному.</persName>
                </correspAction>
                <correspContext>
                   <ref type="prev"/>
                </correspContext>
             </correspDesc>
          </profileDesc>
       </teiHeader>
       <xenoData><number type="in a volume">6</number></xenoData>

              <text xml:id="Neizvestnomu_6">
	<body><div>
		<opener index="false">
* 6. Неизвестному.
1908 г. Января 9. Я. П.</opener>
<p rend="right">9 янв. 1908.</p>
<p rend="left">Если смотреть на жизнь как на удовольствие, то она сделается горем, страданием. Если же смотреть на нее как на исполнение воли бога, требующей от нас, если уже не любви, то не делания другому, чего не хочешь, чтобы тебе делали, то жизнь станет радостью, благом. Благо ваше будет никак не от того, что вы сойдетесь с тою или другою женщиной, а от того, что поступите хорошо или дурно. А вы знаете, что хорошо, что дурно. Еще советую не говорить и не думать о своей бесхарактерности. Такие разговоры и мысли суть только попытки оправдания своих будущих дурных поступков. Бесхарактерных (в смысле безвольных) людей не бывает. Всякий человек всегда во всяком случае <hi>может</hi> поступить хорошо или дурно, и всякий знает, что хорошо и что дурно. Желаю вам поступить хорошо. И для того, чтобы не ошибиться — не думать о своем удовольствии, а думать о других и о своей душе. Еще совет, <choice original_editorial_correction='к[оторый]'><sic>к</sic><corr>который</corr></choice>, может <choice original_editorial_correction='б[ыть]'><sic>б</sic><corr>быть</corr></choice>, и покажется вам странным: советую вам всегда, а особенно в это для вас решительное время, не курить, не пить вина и избегать шумного общества.</p>
<p rend="right">Любящий вас Лев <hi style="opdelimiter">Толстой.</hi><hi style="opnumber">13</hi></p>
<comments><p rend="Textpetit_otstup left"><hi style="npnumber">14</hi><hi style="npdelimiter">Печатается</hi> по копировальной книге № 8, лл. 56—57.</p>
<p rend="petit left">Кому адресовано письмо, редакцией не установлено. В копировальной книге около этого письма вместо фамилии поставлен шифр: NN. Можно допустить, что адресат просил письмо его вернуть вместе с ответом, а Толстой распорядился фамилии его нигде не указывать.</p>
</comments></div></body>
        </text>
        </TEI>