<?xml version='1.0' encoding='UTF-8' standalone='no'?>

<TEI xmlns="http://www.tei-c.org/ns/1.0">
       <teiHeader>
          <fileDesc>
             <titleStmt>
                <title>Письмо №* 271. Неизвестному.</title>
             </titleStmt>
             <publicationStmt>
                <publisher>TolstoyLab</publisher>
                <date when="2015-09-14">14 September 2015</date>
             </publicationStmt>
             <sourceDesc>
                <biblStruct>
                   <analytic>
                      <author>Толстой Л.Н.</author>
                   </analytic>
                   <monogr>
                      <title level="m">Полное собрание сочинений. Том 79</title>
                      <imprint>
                         <pubPlace>Москва</pubPlace>
                         <publisher>Государственное издательство "Художественная литература"</publisher>
                         <date when="1955"/>
                      </imprint>
                   </monogr>
                   <series>
                      <title level="s">Л.Н. Толстой. Полное собрание сочинений</title>
                      <biblScope unit="vol">79</biblScope>
                   </series>
                </biblStruct>
				<bibl>Печатается по черновику (машинопись с поправками Толстого). В ГМТ сохранился первый автограф этого письма с датой, проставленной H. Н. Гусевым: «12 июня 1909».</bibl>
             </sourceDesc>
          </fileDesc>
          <encodingDesc>
             <tagsDecl> </tagsDecl>
          </encodingDesc>
          <profileDesc>
             <correspDesc>
                <correspAction type="draft">
                   <persName ref="PersonList.xml#L_N_Tolstoy">Л. Н. Толстой</persName>
                   <placeName ref="PlacesListxml#PLACE">Кочеты</placeName>
                   <date when="1909-06-12">1909 г. Июня 12.</date>            </correspAction>
                <correspAction type="receiving">
                   <persName ref="PersonList.xml#RECEIVER">Неизвестному.</persName>
                </correspAction>
                <correspContext>
                   <ref type="prev"/>
                </correspContext>
             </correspDesc>
          </profileDesc>
       </teiHeader>
       <xenoData><number type="in a volume">271</number></xenoData>

              <text xml:id="Neizvestnomu_271">
	<body><div>
		<opener index="false">
* 271. Неизвестному. Черновое.
1909 г. Июня 12. Кочеты.</opener>
<p rend="right">Благодатное, Тульской [губ.], 12 июня 1909 г.</p>
<p rend="left">Совершенно согласен с вами, что тот разум, теорию которого вы излагаете в плюсах и минусах и в том, чтобы познаваемое как-то становилось частью познающего, и т. п., очень нежелателен, и чем скорее кто откажется от такого разума, тем будет лучше. Вы же, советуя мне через Христа отказаться от разума сами не отказываетесь от этого самого разума и им-то и хотите убедить меня в том, что я должен отказаться от разума.</p>
<p rend="left">Вы говорите, что Христос говорит мне, чтобы я отказался от разума. Но, сколько я знаю, Христос никогда не говорил этого, это говорите вы. Если же бы и было доказано, что Христос говорил это, то, высоко ценя высказанные им великие истины, я все-таки очень пожалел бы о том, что он говорил такие глупости.</p>
<p rend="left">Вы сожалеете обо мне, как и многие мои обратители. Могу ответить на ваше соболезнование тем же. Когда я вижу безграмотную старушку, идущую к батюшке Сергию и рассказывающую об его, батюшки, чудесах и о своих грехах, которые она идет отмаливать через него, я искренно умиляюсь; но когда я читаю хитроумную софистику человека, который защищает une cause perdue,<note xml:id="note1" resp="volume_editor" index="false"> [проигранное дело,]</note> как он сам это очень хорошо знает, и <choice original_editorial_correction='дел[ает]'><sic>дел</sic><corr>делает</corr></choice> это для какой-то ему одному известной цели, не для своей души, как делает это баба, мне истинно жалко такого человека.</p>
<comments><p rend="Textpetit_otstup left">Печатается по черновику (машинопись с поправками Толстого). В ГМТ сохранился первый автограф этого письма с датой, проставленной H. Н. Гусевым: «12 июня 1909».</p>
<p rend="petit left">Кому адресовано это письмо, не установлено.</p>
<p rend="Textpetit_otstup left"><hi>1</hi> [проигранное дело,]</p>
<p rend="emptyline left"><hi style="opnumber">228</hi> <hi style="npnumber">229</hi></p>
</comments></div></body>
        </text>
        </TEI>