<?xml version='1.0' encoding='UTF-8' standalone='no'?>

<TEI xmlns="http://www.tei-c.org/ns/1.0">
       <teiHeader>
          <fileDesc>
             <titleStmt>
                <title>Письмо №* 45. В. Н. Д-ой.</title>
             </titleStmt>
             <publicationStmt>
                <publisher>TolstoyLab</publisher>
                <date when="2015-09-14">14 September 2015</date>
             </publicationStmt>
             <sourceDesc>
                <biblStruct>
                   <analytic>
                      <author>Толстой Л.Н.</author>
                   </analytic>
                   <monogr>
                      <title level="m">Полное собрание сочинений. Том 77</title>
                      <imprint>
                         <pubPlace>Москва</pubPlace>
                         <publisher>Государственное издательство "Художественная литература"</publisher>
                         <date when="1956"/>
                      </imprint>
                   </monogr>
                   <series>
                      <title level="s">Л.Н. Толстой. Полное собрание сочинений</title>
                      <biblScope unit="vol">77</biblScope>
                   </series>
                </biblStruct>
				<bibl>Печатается по копировальной книге № 7, лл. 267 и 268. Автограф утерян адресатом.</bibl>
             </sourceDesc>
          </fileDesc>
          <encodingDesc>
             <tagsDecl> </tagsDecl>
          </encodingDesc>
          <profileDesc>
             <correspDesc>
                <correspAction type="sending">
                   <persName ref="PersonList.xml#L_N_Tolstoy">Л. Н. Толстой</persName>
                   <placeName ref="PlacesListxml#PLACE">Ясная Поляна</placeName>
                   <date when="1907-02-27">1907 г. Февраля 27.</date>            </correspAction>
                <correspAction type="receiving">
                   <persName ref="PersonList.xml#RECEIVER">В. Н. Д-ой.</persName>
                </correspAction>
                <correspContext>
                   <ref type="prev"/>
                </correspContext>
             </correspDesc>
          </profileDesc>
       </teiHeader>
       <xenoData><number type="in a volume">45</number></xenoData>

              <text xml:id="V.N.D-oj_45">
	<body><div>
		<opener index="false">
* 45. В. Н. Д-ой.
1907 г. Февраля 27. Я. П.</opener>
<p rend="left">Я не отвечал вам так долго <choice original_editorial_correction='п[отому]'><sic>п</sic><corr>потому</corr></choice>, <choice original_editorial_correction='ч[то]'><sic>ч</sic><corr>что</corr></choice> был нездоров и теперь еще не оправился. На ваш вопрос я могу ответить только то, что чем целомудреннее жизнь, тем она лучше. При детях целомудренность еще более желательна. Если вы чувствуете в себе силы и всей душой желаете этого, прожить <hi style="opdelimiter">целомудренно</hi><hi style="opnumber">40</hi> <hi style="npnumber">41</hi><hi style="npdelimiter">вдовой,</hi> то самое лучшее, что вы можете сделать, это разорвать связь и не выходить замуж; если же вы не чувствуете в себе сил на это, то лучше выйти замуж и тем предохранить себя от новых соблазнов.</p>
<p rend="left">Очень бы желал для вас, чтобы вы избрали первое.</p>
<p rend="right">Л. Толстой.</p>
<p rend="left">27 фев. 1907.</p>
<comments><p rend="Textpetit_otstup left">Печатается по копировальной книге № 7, лл. 267 и 268. Автограф утерян адресатом.</p>
<p rend="petit left">В письме от 23 января 1907 г. В, Н. Д-ва, вдова помещика, писала, что после смерти мужа она решила выйти замуж за одного студента, но его и ее родные недовольны этим обстоятельством. Спрашивала Толстого, как ей поступить. На конверте ее письма пометы Толстого: <choice original_editorial_correction='Б[ез]'><sic>Б</sic><corr>Без</corr></choice> <choice original_editorial_correction='О[твета]'><sic>О</sic><corr>Ответа</corr></choice>. <choice original_editorial_correction='М[ожет]'><sic>М</sic><corr>Может</corr></choice> <choice original_editorial_correction='б[ыть]'><sic>б</sic><corr>быть</corr></choice>, <choice original_editorial_correction='ответ[ить]'><sic>ответ</sic><corr>ответить</corr></choice>. Выходить ли вдове <choice original_editorial_correction='зам[уж]'><sic>зам</sic><corr>замуж</corr></choice>.</p>
</comments></div></body>
        </text>
        </TEI>