<?xml version='1.0' encoding='UTF-8' standalone='no'?>

<TEI xmlns="http://www.tei-c.org/ns/1.0">
       <teiHeader>
          <fileDesc>
             <titleStmt>
                <title>Письмо №* 33. Президенту Общества итальянских артистов (Al President del Associazione degli Artisti Italiani).</title>
             </titleStmt>
             <publicationStmt>
                <publisher>TolstoyLab</publisher>
                <date when="2015-09-14">14 September 2015</date>
             </publicationStmt>
             <sourceDesc>
                <biblStruct>
                   <analytic>
                      <author>Толстой Л.Н.</author>
                   </analytic>
                   <monogr>
                      <title level="m">Полное собрание сочинений. Том 79</title>
                      <imprint>
                         <pubPlace>Москва</pubPlace>
                         <publisher>Государственное издательство "Художественная литература"</publisher>
                         <date when="1955"/>
                      </imprint>
                   </monogr>
                   <series>
                      <title level="s">Л.Н. Толстой. Полное собрание сочинений</title>
                      <biblScope unit="vol">79</biblScope>
                   </series>
                </biblStruct>
				<bibl>Печатается по копировальной книге № 8, л. 448. Дата Толстого — нового стиля.</bibl>
             </sourceDesc>
          </fileDesc>
          <encodingDesc>
             <tagsDecl> </tagsDecl>
          </encodingDesc>
          <profileDesc>
             <correspDesc>
                <correspAction type="sending">
                   <persName ref="PersonList.xml#L_N_Tolstoy">Л. Н. Толстой</persName>
                   <placeName ref="PlacesListxml#PLACE">Ясная Поляна</placeName>
                   <date when="1909-01-19">1909 г. Января 19.</date>            </correspAction>
                <correspAction type="receiving">
                   <persName ref="PersonList.xml#RECEIVER">Президенту Общества итальянских артистов (Al President del Associazione degli Artisti Italiani).</persName>
                </correspAction>
                <correspContext>
                   <ref type="prev">Ответ на циркулярное письмо (судя по тексту письма Толстого — повторное) президента Ассоциации итальянских артистов Джиованни Гаутмана (Jovanni Hautmann) от 27 января 1909 г. нов. ст. из Флоренции, в котором Гаутман сообщал, что их ассоциация решила издать журнал «Numéro Unico», средства от продажи которого будут употреблены в пользу пострадавших от землетрясения в Италии. Просил дать для журнала «небольшой рассказ пли очерк» (письмо написано по-французски).</ref>
                </correspContext>
             </correspDesc>
          </profileDesc>
       </teiHeader>
       <xenoData><number type="in a volume">33</number></xenoData>

              <text xml:id="PrezidentuObshhestvaitalyanskixartistovAlPresidentedelAssociazionedegliArtistiItaliani_33">
	<body><div>
		<opener index="false">
* 33. Президенту Общества итальянских артистов<lb/>(Al President del Associazione degli<lb/>Artisti Italiani).

1909г. Января 19. Я. П.
</opener>
<p rend="Obrashenie left">Cher Monsieur,</p>
<p rend="left">Le retard que j’ai mis à répondre à votre première lettre provient d’un malentendu dans l’adresse de votre lettre. Je viens de recevoir celle du 26 Janvier<note xml:id="note1" resp="volume_editor" index="false"> Толстой ошибся: письмо Д. Гаутмана датировано 27 января 1909 г.</note> et m’empresse d’y répondre.</p>
<p rend="left">Je me ferais un devoir de contribuer autant que possible au «Numéro Unico».</p>
<p rend="left">Vous m’obligeriez beaucoup en m’informant du volume et du genre préférable de mon écrit, ainsi que de la date à laquelle doit au plus tard apparaître le Numéro.<note xml:id="note2" resp="volume_editor" index="false"> См. прим. к письму № 100.</note></p>
<p rend="right rightindent">Avec parfaite considération</p>
<p rend="right">Léon Tolstoy.</p>
<p rend="left">1 Février 1909.</p>
<lb/>
<p rend="Obrashenie petit">Милостивый государь,</p>
<p rend="petit left">Я запоздал ответом на ваше первое письмо вследствие недоразумения с адресом вашего письма. Я только что получил письмо от 26 января<note xml:id="note3" resp="volume_editor" index="false"> Толстой ошибся: письмо Д. Гаутмана датировано 27 января 1909 г.</note> и спешу на него ответить.</p>
<p rend="petit left">Я считаю себя обязанным насколько возможно содействовать «Numéro <hi style="opdelimiter">Unico».<note xml:id="note4" resp="volume_editor" index="false"> См. прим. к письму № 100.</note></hi><hi style="opnumber">37</hi></p>
<p rend="petit left"><hi style="npnumber">38</hi><hi style="npdelimiter">Вы</hi> меня очень обяжете, если сообщите, в каком роде и какого объема желательно мое произведение, а также о последнем сроке выхода «Numéro».</p>
<p rend="petit right rightindent">С совершенным уважением</p>
<p rend="petit right">Лев Толстой.</p>
<p rend="petit left">1 февраля 1909.</p>
<comments><p rend="Textpetit_otstup left">Печатается по копировальной книге № 8, л. 448. Дата Толстого — нового стиля.</p>
<p rend="petit left">Ответ на циркулярное письмо (судя по тексту письма Толстого — повторное) президента Ассоциации итальянских артистов Джиованни Гаутмана (Jovanni Hautmann) от 27 января 1909 г. нов. ст. из Флоренции, в котором Гаутман сообщал, что их ассоциация решила издать журнал «Numéro Unico», средства от продажи которого будут употреблены в пользу пострадавших от землетрясения в Италии. Просил дать для журнала «небольшой рассказ пли очерк» (письмо написано по-французски).</p>
<p rend="Textpetit_otstup left"><hi>1</hi> Толстой ошибся: письмо Д. Гаутмана датировано 27 января 1909 г.</p>
<p rend="petit left"><hi>2</hi> См. прим. к письму № 100.</p>
<p rend="petit left">Ответное письмо Д. Гаутмана на просьбу Толстого неизвестно.</p>
</comments></div></body>
        </text>
        </TEI>