<?xml version='1.0' encoding='UTF-8' standalone='no'?>

<TEI xmlns="http://www.tei-c.org/ns/1.0">
       <teiHeader>
          <fileDesc>
             <titleStmt>
                <title>Письмо №277. NN (Ч-му).</title>
             </titleStmt>
             <publicationStmt>
                <publisher>TolstoyLab</publisher>
                <date when="2015-09-14">14 September 2015</date>
             </publicationStmt>
             <sourceDesc>
                <biblStruct>
                   <analytic>
                      <author>Толстой Л.Н.</author>
                   </analytic>
                   <monogr>
                      <title level="m">Полное собрание сочинений. Том 78</title>
                      <imprint>
                         <pubPlace>Москва</pubPlace>
                         <publisher>Государственное издательство "Художественная литература"</publisher>
                         <date when="1956"/>
                      </imprint>
                   </monogr>
                   <series>
                      <title level="s">Л.Н. Толстой. Полное собрание сочинений</title>
                      <biblScope unit="vol">78</biblScope>
                   </series>
                </biblStruct>
				<bibl>Печатается по копировальной книге № 8, лл. 334—335. Впервые опубликовано в TT, 1, стр. 20.</bibl>
             </sourceDesc>
          </fileDesc>
          <encodingDesc>
             <tagsDecl> </tagsDecl>
          </encodingDesc>
          <profileDesc>
             <correspDesc>
                <correspAction type="sending">
                   <persName ref="PersonList.xml#L_N_Tolstoy">Л. Н. Толстой</persName>
                   <placeName ref="PlacesListxml#PLACE">Ясная Поляна</placeName>
                   <date when="1908-11-06">1908 г. Ноября 6.</date>            </correspAction>
                <correspAction type="receiving">
                   <persName ref="PersonList.xml#RECEIVER">NN (Ч-му).</persName>
                </correspAction>
                <correspContext>
                   <ref type="prev">Ответ на письмо Ч-го от 2 октября 1908 г. Ч-й просил совета, как поступить при создавшихся условиях. Ему тридцать три года, женат девять лет, имеет двухлетнего сына, и он полюбил другую женщину. Он не хотел лгать перед женой, и они (он и эта девушка) навсегда расстались. Разлука не уменьшила любви, и он спрашивал Толстого: «Во имя чего мы должны жертвовать счастьем?.. Неужели это так надо?»</ref>
                </correspContext>
             </correspDesc>
          </profileDesc>
       </teiHeader>
       <xenoData><number type="in a volume">277</number></xenoData>

              <text xml:id="NNCH-mu_277">
	<body><div>
		<opener index="false">
277. NN (Ч-му).
1908 г. Ноября 6. Я. П.
</opener>
<p rend="Obrashenie left">[2]<note xml:id="note1" resp="volume_editor" index="false"> Имя и отчество выпущены редакцией.</note></p>
<p rend="left">Очень сожалею о том, <choice original_editorial_correction='ч[то]'><sic>ч</sic><corr>что</corr></choice> не мог ответить вам раньте. Ответить же вам мне хотелось и нужно то, что вы находитесь, как я думаю, под очень обычным и очень вредным суеверием о том, <choice original_editorial_correction='ч[то]'><sic>ч</sic><corr>что</corr></choice> влюбленность есть нечто близкое к любви и очень хорошее чувство, тогда как это и дурное и очень вредное, всегда мучительное по своим последствиям чувство. Можно предаваться ему, не признавая никакого религиозно-нравственного закона, но признание законности влюбления и любви как закона жизни, несовместимы. Любовь только тогда любовь, когда она самоотверженна, не ищет своего удовольствия. И такую любовь вы можете иметь к своей жене (а вовсе не притворство), и чувство это даст вам истинное благо; чувство же к той особе, если вы отдадитесь ему, наверное ничего, кроме принижения вашего нравственного уровня и вытекающих из <choice original_editorial_correction='это[го]'><sic>это</sic><corr>этого</corr></choice> страданий, не даст вам. Желаю вам истинного блага.</p>
<p rend="right">Лев Толстой.</p>
<p rend="left">6 ноября 1908.</p>
<comments><p rend="Textpetit_otstup left">Печатается по копировальной книге № 8, лл. 334—335. Впервые опубликовано в TT, 1, стр. 20.</p>
<p rend="petit left">Ответ на письмо Ч-го от 2 октября 1908 г. Ч-й просил совета, как поступить при создавшихся условиях. Ему тридцать три года, женат девять лет, имеет двухлетнего сына, и он полюбил другую женщину. Он не хотел лгать перед женой, и они (он и эта девушка) навсегда расстались. Разлука не уменьшила любви, и он спрашивал Толстого: «Во имя чего мы должны жертвовать счастьем?.. Неужели это так надо?»</p>
<p rend="Textpetit_otstup left"><hi>1</hi> Имя и отчество выпущены редакцией.</p>
<p rend="left"><hi style="opnumber">251</hi> <hi style="npnumber">252</hi></p>
</comments></div></body>
        </text>
        </TEI>