<?xml version='1.0' encoding='UTF-8' standalone='no'?>

<TEI xmlns="http://www.tei-c.org/ns/1.0">
       <teiHeader>
          <fileDesc>
             <titleStmt>
                <title>Письмо №* 140. Неизвестному (К. Я. Б.).</title>
             </titleStmt>
             <publicationStmt>
                <publisher>TolstoyLab</publisher>
                <date when="2015-09-14">14 September 2015</date>
             </publicationStmt>
             <sourceDesc>
                <biblStruct>
                   <analytic>
                      <author>Толстой Л.Н.</author>
                   </analytic>
                   <monogr>
                      <title level="m">Полное собрание сочинений. Том 74</title>
                      <imprint>
                         <pubPlace>Москва</pubPlace>
                         <publisher>Государственное издательство "Художественная литература"</publisher>
                         <date when="1954"/>
                      </imprint>
                   </monogr>
                   <series>
                      <title level="s">Л.Н. Толстой. Полное собрание сочинений</title>
                      <biblScope unit="vol">74</biblScope>
                   </series>
                </biblStruct>
				<bibl>Печатается по копировальной книге № 5, л. 182.</bibl>
             </sourceDesc>
          </fileDesc>
          <encodingDesc>
             <tagsDecl> </tagsDecl>
          </encodingDesc>
          <profileDesc>
             <correspDesc>
                <correspAction type="sending">
                   <persName ref="PersonList.xml#L_N_Tolstoy">Л. Н. Толстой</persName>
                   <placeName ref="PlacesListxml#PLACE">Ясная Поляна</placeName>
                   <date when="1903-05-06">1903 г. Мая 6.</date>            </correspAction>
                <correspAction type="receiving">
                   <persName ref="PersonList.xml#RECEIVER">Неизвестному (К. Я. Б.).</persName>
                </correspAction>
                <correspContext>
                   <ref type="prev"/>
                </correspContext>
             </correspDesc>
          </profileDesc>
       </teiHeader>
       <xenoData><number type="in a volume">140</number></xenoData>

              <text xml:id="NeizvestnomuK.YA.B_140">
	<body><div>
		<opener index="false">
* 140. Неизвестному (К. Я. Б.).
1903 г. Мая 6. Я. П.</opener>
<p rend="left">В вашем положении есть только один, несомненно один выход, это разлука. Только удаление от предмета соблазна может избавить вас от того зла и привыкания к жизни во зле, <choice original_editorial_correction='кот[орые]'><sic>кот</sic><corr>которые</corr></choice> неизбежны, если вы останетесь в тех же <hi style="opdelimiter">условиях.</hi><hi style="opnumber">114</hi></p>
<p rend="left"><hi style="npnumber">115</hi><hi style="npdelimiter">Главное</hi> же то, что нужнее всего для вас, как и для всех нас, в каких бы мы ни были условиях, — это установить свое отношение к богу и стараться как можно чаще руководствоваться в своих поступках не своими временными желаниями, не людскими суждениями, а требованиями своей совести в той мере, в <choice original_editorial_correction='кот[орой]'><sic>кот</sic><corr>которой</corr></choice> она служит выражением вечных законов бога.</p>
<p rend="left">Только такое внутреннее состояние разрешает все трудности нашей жизни.</p>
<p rend="right">Лев Толстой.</p>
<p rend="left">6 мая 1903.</p>
<p rend="left">Извините, что долго не отвечал вам. Очень жалею об этом.</p>
<comments><p rend="Textpetit_otstup left">Печатается по копировальной книге № 5, л. 182.</p>
<p rend="petit left">В письме от 3 апреля 1903 г. подписавшийся инициалами К. Я. Б. (адрес: Харьков, до востребования) просил моральной поддержки и совета по поводу своей связи с женой друга-студента.</p>
</comments></div></body>
        </text>
        </TEI>