<?xml version='1.0' encoding='UTF-8' standalone='no'?>

<TEI xmlns="http://www.tei-c.org/ns/1.0">
       <teiHeader>
          <fileDesc>
             <titleStmt>
                <title>Письмо №*189. Харьковскому губернатору.</title>
             </titleStmt>
             <publicationStmt>
                <publisher>TolstoyLab</publisher>
                <date when="2015-09-14">14 September 2015</date>
             </publicationStmt>
             <sourceDesc>
                <biblStruct>
                   <analytic>
                      <author>Толстой Л.Н.</author>
                   </analytic>
                   <monogr>
                      <title level="m">Полное собрание сочинений. Том 78</title>
                      <imprint>
                         <pubPlace>Москва</pubPlace>
                         <publisher>Государственное издательство "Художественная литература"</publisher>
                         <date when="1956"/>
                      </imprint>
                   </monogr>
                   <series>
                      <title level="s">Л.Н. Толстой. Полное собрание сочинений</title>
                      <biblScope unit="vol">78</biblScope>
                   </series>
                </biblStruct>
				<bibl>Печатается по копировальной книге <hi>№</hi> 8, л. 249, куда вклеена машинописная копия. Продиктовано в фонограф. Это письмо последнее, продиктованное в фонограф. В дальнейшем Толстой диктовал письма H. Н. Гусеву, записывавшему стенографически.</bibl>
             </sourceDesc>
          </fileDesc>
          <encodingDesc>
             <tagsDecl> </tagsDecl>
          </encodingDesc>
          <profileDesc>
             <correspDesc>
                <correspAction type="sending">
                   <persName ref="PersonList.xml#L_N_Tolstoy">Л. Н. Толстой</persName>
                   <placeName ref="PlacesListxml#PLACE">Ясная Поляна</placeName>
                   <date when="1908-06-27">1908 г. Июня 27.</date>            </correspAction>
                <correspAction type="receiving">
                   <persName ref="PersonList.xml#RECEIVER">Харьковскому губернатору.</persName>
                </correspAction>
                <correspContext>
                   <ref type="prev"/>
                </correspContext>
             </correspDesc>
          </profileDesc>
       </teiHeader>
       <xenoData><number type="in a volume">189</number></xenoData>

              <text xml:id="Xarkovskomugubernatoru_189">
	<body><div>
		<opener index="false">
*189. Харьковскому губернатору.
1908 г. Июня 27. Я. П.
</opener>
<p rend="Obrashenie left">Милостивый Государь,</p>
<p rend="left">Простите, что, не зная вашего имени и отчества, обращаюсь к вам так. Ко мне обратился неизвестный мне господин Волынский, прося меня ходатайствовать перед вами о содержащейся в харьковской тюрьме его дочери, чтобы отдали ее на <hi style="opdelimiter">поруки.</hi><hi style="opnumber">171</hi> <hi style="npnumber">172</hi><hi style="npdelimiter">Прилагаю</hi> его письмо ко мне. Письмо это, по моему впечатлению, дышит правдою, и очень жалко отца. Если можно, я уверен, что вы не откажетесь помочь ему.</p>
<p rend="left">Надеясь на ваше доброе сердце, остаюсь уважающий вас</p>
<p rend="right">Лев Толстой.</p>
<p rend="left">27 июня 1908.</p>
<comments><p rend="Textpetit_otstup left">Печатается по копировальной книге <hi>№</hi> 8, л. 249, куда вклеена машинописная копия. Продиктовано в фонограф. Это письмо последнее, продиктованное в фонограф. В дальнейшем Толстой диктовал письма H. Н. Гусеву, записывавшему стенографически.</p>
<p rend="petit left">Яков Борисович Волынский (р. 1867), бухгалтер по профессии, просил Толстого ходатайствовать об освобождении из тюрьмы его дочери, слушательницы Высших женских медицинских курсов в Харькове, Лии Яковлевны Волынской (р. 1891), арестованной за хранение нелегальной литературы. Я. Б. Волынский написал об этом Толстому 27 апреля и 5 мая получил ответ H. Н. Гусева, уведомлявшего, что Толстой примет меры. В начале июля харьковский губернатор вызвал жену Волынского, сказал ей о письме Толстого и выразил сожаление, что помочь не сможет: ее дочь числилась за департаментом полиции. В конце декабря 1908 г. Л. Я. Волынская была оправдана по суду.</p>
</comments></div></body>
        </text>
        </TEI>