<?xml version='1.0' encoding='UTF-8' standalone='no'?>

<TEI xmlns="http://www.tei-c.org/ns/1.0">
       <teiHeader>
          <fileDesc>
             <titleStmt>
                <title>Письмо №* 235. Енисейскому губернатору.</title>
             </titleStmt>
             <publicationStmt>
                <publisher>TolstoyLab</publisher>
                <date when="2015-09-14">14 September 2015</date>
             </publicationStmt>
             <sourceDesc>
                <biblStruct>
                   <analytic>
                      <author>Толстой Л.Н.</author>
                   </analytic>
                   <monogr>
                      <title level="m">Полное собрание сочинений. Том 74</title>
                      <imprint>
                         <pubPlace>Москва</pubPlace>
                         <publisher>Государственное издательство "Художественная литература"</publisher>
                         <date when="1954"/>
                      </imprint>
                   </monogr>
                   <series>
                      <title level="s">Л.Н. Толстой. Полное собрание сочинений</title>
                      <biblScope unit="vol">74</biblScope>
                   </series>
                </biblStruct>
             </sourceDesc>
          </fileDesc>
          <encodingDesc>
             <tagsDecl> </tagsDecl>
          </encodingDesc>
          <profileDesc>
             <correspDesc>
                <correspAction type="sending">
                   <persName ref="PersonList.xml#L_N_Tolstoy">Л. Н. Толстой</persName>
                   <placeName ref="PlacesListxml#PLACE">Ясная Поляна</placeName>
                   <date when="1903-09-06">1903 г. Сентября 6.</date>            </correspAction>
                <correspAction type="receiving">
                   <persName ref="PersonList.xml#RECEIVER">Енисейскому губернатору.</persName>
                </correspAction>
                <correspContext>
                   <ref type="prev"/>
                </correspContext>
             </correspDesc>
          </profileDesc>
       </teiHeader>
       <xenoData><number type="in a volume">235</number></xenoData>

              <text xml:id="Enisejskomugubernatoru_235">
	<body><div>
		<opener index="false">
* 235. Енисейскому губернатору.
1903 г. Сентября 6. Я. П.</opener>
<p rend="left"><hi>[Текст письма совпадает с текстом письма к М</hi>. <hi>А</hi>. <hi>фон Плецу от того же числа.]</hi></p>
<comments><p rend="Textpetit_otstup left">Енисейским губернатором был в то время Николай Александрович Айгустов.</p>
<p rend="petit left">В копировальной книге № 5 в копии письма к М. А. фон Плецу сделана пометка,что письмо адресовано ему лично, а также губернатору Айгустову. Очевидно, написав фон Плецу, Толстой в тот же день узнал, что енисейским губернатором назначено новое лицо, и отправил губернатору второй экземпляр письма, изменив обращение (в копии AЧ: «Его превосходительству г. енисейскому губернатору. Милостивый государь»). <ref target="file:///Volume_74_A.P.Kuznecovu_236.xml">См. письмо № 236</ref>.</p>
</comments></div></body>
        </text>
        </TEI>