<?xml version='1.0' encoding='UTF-8' standalone='no'?>

<TEI xmlns="http://www.tei-c.org/ns/1.0">
       <teiHeader>
          <fileDesc>
             <titleStmt>
                <title>Письмо №* 50. Гейдельбергскому литературному обществу (Heidelberg Literary Society).</title>
             </titleStmt>
             <publicationStmt>
                <publisher>TolstoyLab</publisher>
                <date when="2015-09-14">14 September 2015</date>
             </publicationStmt>
             <sourceDesc>
                <biblStruct>
                   <analytic>
                      <author>Толстой Л.Н.</author>
                   </analytic>
                   <monogr>
                      <title level="m">Полное собрание сочинений. Том 73</title>
                      <imprint>
                         <pubPlace>Москва</pubPlace>
                         <publisher>Государственное издательство "Художественная литература"</publisher>
                         <date when="1954"/>
                      </imprint>
                   </monogr>
                   <series>
                      <title level="s">Л.Н. Толстой. Полное собрание сочинений</title>
                      <biblScope unit="vol">73</biblScope>
                   </series>
                </biblStruct>
             </sourceDesc>
          </fileDesc>
          <encodingDesc>
             <tagsDecl> </tagsDecl>
          </encodingDesc>
          <profileDesc>
             <correspDesc>
                <correspAction type="sending">
                   <persName ref="PersonList.xml#L_N_Tolstoy">Л. Н. Толстой</persName>
                   <placeName ref="PlacesListxml#PLACE">Москва</placeName>
                   <date when="1901-03-18">1901 г. Марта 18.</date>            </correspAction>
                <correspAction type="receiving">
                   <persName ref="PersonList.xml#RECEIVER">Гейдельбергскому литературному обществу (Heidelberg Literary Society).</persName>
                </correspAction>
                <correspContext>
                   <ref type="prev">Ответ на телеграмму с извещением об избрании Толстого почетным членом Гейдельбергского литературного общества (штат Огайо, США).</ref>
                </correspContext>
             </correspDesc>
          </profileDesc>
       </teiHeader>
       <xenoData><number type="in a volume">50</number></xenoData>

              <text xml:id="GejdelbergskomuliteraturnomuobshhestvuHeidelbergLiterarySociety_50">
	<body><div>
		<opener index="false">
* 50. Гейдельбергскому литературному обществу (Heidelberg Literary Society).

1901г. Марта 18. Москва.</opener>
<p rend="left">Thanking for the honour of my election in Heidelberg Literary Society, I remain yours very truly</p>
<comments><p rend="Textpetit_otstup left">Благодаря за честь избрания меня в Гейдельбергское литературное общество, остаюсь преданный вам</p>
<p rend="Textpetit_otstup left">Телеграмма. Печатается по тексту, написанному рукой П. А. Буланже на телеграмме Гейдельбергского литературного общества, полученной 18 марта 1901 г. (подписи на подлиннике нет). Датируется в соответствии с датой получения.</p>
<p rend="petit left">Ответ на телеграмму с извещением об избрании Толстого почетным членом Гейдельбергского литературного общества (штат Огайо, США).</p>
</comments></div></body>
        </text>
        </TEI>