<?xml version='1.0' encoding='UTF-8' standalone='no'?>

<TEI xmlns="http://www.tei-c.org/ns/1.0">
       <teiHeader>
          <fileDesc>
             <titleStmt>
                <title>Письмо №15. В редакцию газеты «Сын отечества».</title>
             </titleStmt>
             <publicationStmt>
                <publisher>TolstoyLab</publisher>
                <date when="2015-09-14">14 September 2015</date>
             </publicationStmt>
             <sourceDesc>
                <biblStruct>
                   <analytic>
                      <author>Толстой Л.Н.</author>
                   </analytic>
                   <monogr>
                      <title level="m">Полное собрание сочинений. Том 76</title>
                      <imprint>
                         <pubPlace>Москва</pubPlace>
                         <publisher>Государственное издательство "Художественная литература"</publisher>
                         <date when="1956"/>
                      </imprint>
                   </monogr>
                   <series>
                      <title level="s">Л.Н. Толстой. Полное собрание сочинений</title>
                      <biblScope unit="vol">76</biblScope>
                   </series>
                </biblStruct>
				<bibl>Печатается по публикации в газете «Сын отечества» 1905, № 169 от 31 августа. Черновик хранится в ГМТ.</bibl>
             </sourceDesc>
          </fileDesc>
          <encodingDesc>
             <tagsDecl> </tagsDecl>
          </encodingDesc>
          <profileDesc>
             <correspDesc>
                <correspAction type="sending">
                   <persName ref="PersonList.xml#L_N_Tolstoy">Л. Н. Толстой</persName>
                   <placeName ref="PlacesListxml#PLACE">Ясная Поляна</placeName>
                   <date when="1905-08-11">1905 г. Августа 11.</date>            </correspAction>
                <correspAction type="receiving">
                   <persName ref="PersonList.xml#RECEIVER">В редакцию газеты «Сын отечества».</persName>
                </correspAction>
                <correspContext>
                   <ref type="prev"/>
                </correspContext>
             </correspDesc>
          </profileDesc>
       </teiHeader>
       <xenoData><number type="in a volume">15</number></xenoData>

              <text xml:id="VredakciyugazetySynotechestva_15">
	<body><div>
		<opener index="false">
15. В редакцию газеты «Сын отечества».
1905 г. Августа 11. Я. П.
</opener>
<p rend="Obrashenie left">Господин Редактор!</p>
<p rend="left">Посылаю вам и предлагаю напечатать в вашей газете статью моего приятеля Николаева,<note xml:id="note1" resp="volume_editor" index="false"> Статья Сергея Дмитриевича Николаева (см. т. 79) «В защиту проекта земельной реформы Г. Джорджа» впервые напечатана в «Сыне отечества» 1905, № 169 от 31 августа, вместе с сопроводительным письмом Толстого. Отдельной книжкой вышла в издательстве «Посредник», М. 1906.</note> переводчика Генри Джорджа и большого знатока соприкасающейся с ним литературы земельного вопроса. В статье своей Николаев дает объяснения на возражения против Джорджа, сделанные г. Герценштейном.<note xml:id="note2" resp="volume_editor" index="false"> Михаил Яковлевич Герценштейн (1859—1906), экономист и политический деятель, член партии кадетов. Статья Герценштейна «Национализация земли и условия ее применения в России».</note></p>
<p rend="left">Я не советовал Николаеву отвечать г. Герценштейну, но его так огорчило неверное понимание его (а также и моего) любимого писателя, что он всё же написал ответную статью, и, прочтя ее, я не мог не согласиться с ним в том, что она может быть полезна для многих и многих людей, не занимавшихся земельным вопросом, которые, прочтя статью г. <hi style="opdelimiter">Герценштейна</hi><hi style="opnumber">9</hi> <hi style="npnumber">10</hi><hi style="npdelimiter">и</hi> поверив ему на слово, вместо того ясного понимания этого великого вопроса и всего его не только экономического, но и нравственного значения, которое дается чтением самого Генри Джорджа, останутся при той запутанной неясности представлений и при том мнимом понимании вопроса, которые получаются от подобных квази-научных статей.</p>
<p rend="left">Статья Николаева, как вы увидите, написана прекрасно, и объяснения его взяты большею частию из сочинений Генри Джорджа, повидимому мало известных г. Герценштейну.</p>
<p rend="right">Лев Толстой.</p>
<p rend="left">11 августа 1905.</p>
<comments><p rend="Textpetit_otstup left">Печатается по публикации в газете «Сын отечества» 1905, № 169 от 31 августа. Черновик хранится в ГМТ.</p>
<p rend="petit left">«Сын отечества» — ежедневная газета, выходившая в Петербурге с 1862 г., в 1905 г. — орган партии социалистов-революционеров.</p>
<p rend="Textpetit_otstup left"><hi>1</hi> Статья Сергея Дмитриевича Николаева (см. т. 79) «В защиту проекта земельной реформы Г. Джорджа» впервые напечатана в «Сыне отечества» 1905, № 169 от 31 августа, вместе с сопроводительным письмом Толстого. Отдельной книжкой вышла в издательстве «Посредник», М. 1906.</p>
<p rend="petit left"><hi>2</hi> Михаил Яковлевич Герценштейн (1859—1906), экономист и политический деятель, член партии кадетов. Статья Герценштейна «Национализация земли и условия ее применения в России».</p>
</comments></div></body>
        </text>
        </TEI>