<?xml version='1.0' encoding='UTF-8' standalone='no'?>

<TEI xmlns="http://www.tei-c.org/ns/1.0">
       <teiHeader>
          <fileDesc>
             <titleStmt>
                <title>Письмо №45. Неизвестной (Л. И. П.).</title>
             </titleStmt>
             <publicationStmt>
                <publisher>TolstoyLab</publisher>
                <date when="2015-09-14">14 September 2015</date>
             </publicationStmt>
             <sourceDesc>
                <biblStruct>
                   <analytic>
                      <author>Толстой Л.Н.</author>
                   </analytic>
                   <monogr>
                      <title level="m">Полное собрание сочинений. Том 67</title>
                      <imprint>
                         <pubPlace>Москва</pubPlace>
                         <publisher>Государственное издательство "Художественная литература"</publisher>
                         <date when="1955"/>
                      </imprint>
                   </monogr>
                   <series>
                      <title level="s">Л.Н. Толстой. Полное собрание сочинений</title>
                      <biblScope unit="vol">67</biblScope>
                   </series>
                </biblStruct>
				<bibl>Печатается по копии, написанной рукою М. А. Шмидт. Опубликовано впервые (с небольшими сокращениями) в Б, III, стр. 376—377. Дата копии, подтверждаемая почтовым штемпелем получения письма адресата: «Москва 4/11 1894».</bibl>
             </sourceDesc>
          </fileDesc>
          <encodingDesc>
             <tagsDecl> </tagsDecl>
          </encodingDesc>
          <profileDesc>
             <correspDesc>
                <correspAction type="sending">
                   <persName ref="PersonList.xml#L_N_Tolstoy">Л. Н. Толстой</persName>
                   <placeName ref="PlacesListxml#PLACE">Москва</placeName>
                   <date when="1894-02-18">1894 г. Февраля 18.</date>            </correspAction>
                <correspAction type="receiving">
                   <persName ref="PersonList.xml#RECEIVER">Неизвестной (Л. И. П.).</persName>
                </correspAction>
                <correspContext>
                   <ref type="prev"/>
                </correspContext>
             </correspDesc>
          </profileDesc>
       </teiHeader>
       <xenoData><number type="in a volume">45</number></xenoData>

              <text xml:id="NeizvestnojL.I.P._45">
	<body><div>
		<opener index="false">
45. Неизвестной (Л. И. П.).
1894 г. Февраля 18. Москва.</opener>
<p rend="left">Ваше письмо так умно и, главное, так искренно, что мне хочется тотчас же отвечать на него тем более, что ответ мне представляется, благодаря ясно поставленному вопросу, чрезвычайно прост и несомненен.</p>
<p rend="left">Вы пишете, что, несмотря на то, что ваш идеал юношеский служения народу был вполне искренен, вы, отдавшись семье, детям, служение которым было и продолжает быть для вас и радостно и естественно, вы отступили от прежнего идеала служения народу тем более, что при попытках такого служения вы всегда испытывали неестественность, и теперь сомневаетесь, правильно ли поступаете, отдавшись одной семье, и начинаете чувствовать неудовлетворение. Я думаю, что это неудовлетворение не может не быть и с годами всё будет усиливаться и <hi style="opdelimiter">что</hi><hi style="opnumber">40</hi> <hi style="npnumber">41</hi><hi style="npdelimiter">для</hi> того, чтобы избавиться от этого чувства, вам не нужно бросать семью или ослаблять свою заботу о ней, но нужно внести в семейную жизнь и заботу тот идеал, к которому вы стремились и который не осуществили, но который был несомненно истинен. Нужно соединить служение людям и служение семье не механически, распределяя время на то и другое, а химически, придав заботе о семье, воспитанию детей идеальное, служебное людям значение. Брак, настоящий брак, проявляющийся в рождении детей, есть, в своем истинном значении, только посредственное служение богу, служение богу через детей. От этого-то брак, супружеская любовь всегда испытывается нами как некоторое облегчение, успокоение. Это есть момент передачи своего дела другому. «Если, мол, я не сделал того, что мог и должен был сделать, так вот на мою смену мои дети — они будут делать».</p>
<p rend="left">Но в том-то и дело, чтобы они делали, чтобы их воспитать так, чтобы они были не помехой дела божия, а работниками его, чтобы, если я не мог или не <hi>могла</hi> служить тому идеалу, <choice original_editorial_correction='кот[орый]'><sic>кот</sic><corr>который</corr></choice> стоял передо мною, то сделать всё возможное для того, чтобы дети служили ему. И это дает целую программу и весь характер воспитания, дает воспитанию религиозный смысл, и это-то химически соединяет в одно лучшее самоотверженные стремления юности и заботу о семье.</p>
<p rend="left">Вот это-то я вам советую и этого от всей души желаю вам. Я думаю, что такое направление воспитания довольно определенно, и легко на примерах показать, чтò сообразно и чтò несообразно с ним.</p>
<p rend="left">Желаю вам радостного успеха в этом деле.</p>
<p rend="right">Л. Т.</p>
<comments><p rend="Textpetit_otstup left">Печатается по копии, написанной рукою М. А. Шмидт. Опубликовано впервые (с небольшими сокращениями) в Б, III, стр. 376—377. Дата копии, подтверждаемая почтовым штемпелем получения письма адресата: «Москва 4/11 1894».</p>
</comments></div></body>
        </text>
        </TEI>