<?xml version='1.0' encoding='UTF-8' standalone='no'?>

<TEI xmlns="http://www.tei-c.org/ns/1.0">
       <teiHeader>
          <fileDesc>
             <titleStmt>
                <title>Письмо №165. В редакцию болгарской газеты «Свободна мисъль».</title>
             </titleStmt>
             <publicationStmt>
                <publisher>TolstoyLab</publisher>
                <date when="2015-09-14">14 September 2015</date>
             </publicationStmt>
             <sourceDesc>
                <biblStruct>
                   <analytic>
                      <author>Толстой Л.Н.</author>
                   </analytic>
                   <monogr>
                      <title level="m">Полное собрание сочинений. Том 73</title>
                      <imprint>
                         <pubPlace>Москва</pubPlace>
                         <publisher>Государственное издательство "Художественная литература"</publisher>
                         <date when="1954"/>
                      </imprint>
                   </monogr>
                   <series>
                      <title level="s">Л.Н. Толстой. Полное собрание сочинений</title>
                      <biblScope unit="vol">73</biblScope>
                   </series>
                </biblStruct>
				<bibl>Печатается по копировальной книге № 4, лл. 157—158 и три листа без номеров. Написано рукой T. Л. Сухотиной, с поправками Толстого и О. К. Толстой. Приписка и подпись рукой Толстого. Впервые опубликовано с небольшим сокращением в газете «Свободна мисъль» 1901, 6 ноября. В ПТСО, № 135, уничтожено по приговору московской судебной палаты и сохранилось лишь в ста экземплярах книги.</bibl>
             </sourceDesc>
          </fileDesc>
          <encodingDesc>
             <tagsDecl> </tagsDecl>
          </encodingDesc>
          <profileDesc>
             <correspDesc>
                <correspAction type="sending">
                   <persName ref="PersonList.xml#L_N_Tolstoy">Л. Н. Толстой</persName>
                   <placeName ref="PlacesListxml#PLACE">Гаспра</placeName>
                   <date when="1901-10-17">1901 г. Октября 17.</date>            </correspAction>
                <correspAction type="receiving">
                   <persName ref="PersonList.xml#RECEIVER">В редакцию болгарской газеты «Свободна мисъль».</persName>
                </correspAction>
                <correspContext>
                   <ref type="prev"/>
                </correspContext>
             </correspDesc>
          </profileDesc>
       </teiHeader>
       <xenoData><number type="in a volume">165</number></xenoData>

              <text xml:id="VredakciyubolgarskojgazetySvobodnamisl._165">
	<body><div>
		<opener index="false">
165. В редакцию болгарской газеты «Свободна мисъль».

1901г. Октября 17. Гаспра.
</opener><p rend="left">Я сейчас получил следующее письмо Шопова:</p>

<p rend="Obrashenie left">«Глубокоуважаемый Лев Николаевич,</p>
<p rend="left">В моей судьбе наступает новый перелом. После двух неудачных попыток больничного начальства уволить от службы меня, как больного, вчера мое дисциплинарное начальство меня взыскало обратно в баталион, и с сегодняшнего дня начнутся для меня новые мучения. Вдобавок меня будут судить за какую-то растрату казенных вещей — рубашек, полотенец и пр., о получке которых я даже и не вспоминаю. Баталионный начальник пришел в больницу и употребил давление на больничных (военных) врачей, которые во избежание скандала согласились выписать меня из больницы. Увижу ли я когда-либо божий свет, будучи свободным — не знаю».</p>
<p rend="left">Из этого письма я вижу, что болгарское правительство не только грубо и жестоко, но и поразительно глупо (я говорю: правительство, потому что я уверен, что мелкие чины не стали бы так варварски грубо поступать с этим, во всяком случае, долженствующим внушать симпатию и уважение юношей, если бы это не соответствовало желаниям и требованиям высшего правительства). Понятно, что правительства больших <hi style="opdelimiter">государств,</hi><hi style="opnumber">151</hi> <hi style="npnumber">152</hi><hi style="npdelimiter">как</hi> Франция, Германия и самое гадкое правительство — моего отечества, могут и даже должны поступать жестоко с людьми, как Шопов, своей жизнью, поступками указывающими тот путь нравственного прогресса, по которому идет человечество. Им, т. е. правительствам, больше делать нечего, потому что они держатся грубой силой, а нравственный прогресс состоит в замене грубой силы сознанием братства людей. И потому правительства должны подавлять всякие проявления истинного прогресса, что они и делают из чувства самосохранения. Но маленькие народности и государства, как Болгария, Сербия, Швейцария и др., очевидно ничего не могут достигнуть грубой силой. Они всегда в деле борьбы силою будут задавлены неизмеримо могущественнейшими государствами: Австрией, Германией, Францией, Англией, Россией.</p>
<p rend="left">Роль малых народностей не в том, чтобы, обезьяничая, подражая большим государствам, предаваться милитаризму и всем ужасам и жестокостям, связанным с ним (как это видно хоть на маленьком примере Шопова), а в том, чтобы, будучи свободными от тяжести и грубости милитаризма, итти по мере сил своих вперед по пути нравственного прогресса, указывая путь большим народам.</p>
<p rend="left">Так делала это Германия, хотя не столько в смысле нравственного, сколько в смысле эстетического и научного прогресса, когда она была разделена на маленькие герцогства и не вкусила еще духовно убившего ее яда грубой силы. Так поступает милая Швейцария, показывая людям пример и возможность соединения свободы и благоустройства.</p>
<p rend="left">Как бы хорошо было, если бы ваш болгарский народ во-время опомнился и вместо того, чтобы заводить у себя войска, усиливать дисциплину и мучать людей только для того, чтобы не отставать от своих заблудших, подражающих большим народам соседей и быть в состоянии драться с ними, — если бы ваш хороший, трудолюбивый, умный народ все свои силы употребил на то, чтобы установить у себя свободу и равенство, показывая этим пример другим народам, вместо того, чтобы пытаться делать то, чего он не может, — пугать своих соседей своим дисциплинированным войском, — как бы это было хорошо!</p>
<p rend="left">Поступки же, подобные мучительству Шопова, кладут не только позор на правительство, совершающее их, но и внушают нехорошее мнение об обществе, молчаливо терпящем <hi style="opdelimiter">такие</hi><hi style="opnumber">152</hi> <hi style="npnumber">153</hi><hi style="npdelimiter">нечестивые</hi> дела. Шопова мучают умышленно, как солдата, тогда как он с самого начала отказался от причисления его к войску, и не по капризу или нежеланию быть полезным людям, а потому, что военная служба, имеющая целью убийство, несогласна с тем христианством, которое исповедует и народ и правительство Болгарии; и потому суд над Шоповым, как над нарушившим дисциплину солдатом, есть ложь и обман, совершаемый правительством и его рабами над беззащитным, честным человеком.</p>
<p rend="left">Становясь даже на точку зрения правительства, которое может опасаться, что, если оставить безнаказанным отказ Шопова, никто не станет служить, всё, что может делать правительство не только для соблюдения справедливости, но и из чувства самосохранения, это то, чтобы заставить его отбыть какую бы то ни было общественную службу, не несогласную с его верой.</p>
<p rend="left">Прошу вас напечатать в вашей газете это мое письмо; если же, по условиям вашей прессы, нужно изменить или выключить что, то делайте, как вы знаете.</p>
<p rend="left">С совершенным почтением ваш покорный слуга</p>
<p rend="right">Лев Толстой.</p>
<lb/>
<p rend="left">Еще очень прошу вас переслать или передать прилагаемое письмо Шопову.</p>
<p rend="right">Л. Толстой.</p>
<p rend="left">17 октября 1901.</p>
<comments><p rend="Textpetit_otstup left">Печатается по копировальной книге № 4, лл. 157—158 и три листа без номеров. Написано рукой T. Л. Сухотиной, с поправками Толстого и О. К. Толстой. Приписка и подпись рукой Толстого. Впервые опубликовано с небольшим сокращением в газете «Свободна мисъль» 1901, 6 ноября. В ПТСО, № 135, уничтожено по приговору московской судебной палаты и сохранилось лишь в ста экземплярах книги.</p>
</comments></div></body>
        </text>
        </TEI>