<?xml version='1.0' encoding='UTF-8' standalone='no'?>

<TEI xmlns="http://www.tei-c.org/ns/1.0">
       <teiHeader>
          <fileDesc>
             <titleStmt>
                <title>Письмо №261. Кавказским духоборам.</title>
             </titleStmt>
             <publicationStmt>
                <publisher>TolstoyLab</publisher>
                <date when="2015-09-14">14 September 2015</date>
             </publicationStmt>
             <sourceDesc>
                <biblStruct>
                   <analytic>
                      <author>Толстой Л.Н.</author>
                   </analytic>
                   <monogr>
                      <title level="m">Полное собрание сочинений. Том 70</title>
                      <imprint>
                         <pubPlace>Москва</pubPlace>
                         <publisher>Государственное издательство "Художественная литература"</publisher>
                         <date when="1954"/>
                      </imprint>
                   </monogr>
                   <series>
                      <title level="s">Л.Н. Толстой. Полное собрание сочинений</title>
                      <biblScope unit="vol">70</biblScope>
                   </series>
                </biblStruct>
				<bibl>Впервые опубликовано в сборнике «Летописи», 12, стр. 72. Датируется днем отъезда из Москвы на Кавказ А. Син-Джона.</bibl>
             </sourceDesc>
          </fileDesc>
          <encodingDesc>
             <tagsDecl> </tagsDecl>
          </encodingDesc>
          <profileDesc>
             <correspDesc>
                <correspAction type="sending">
                   <persName ref="PersonList.xml#L_N_Tolstoy">Л. Н. Толстой</persName>
                   <placeName ref="PlacesListxml#PLACE">Москва</placeName>
                   <date when="1897-12-25">1897 г. Декабря 25.</date>            </correspAction>
                <correspAction type="receiving">
                   <persName ref="PersonList.xml#RECEIVER">Кавказским духоборам.</persName>
                </correspAction>
                <correspContext>
                   <ref type="prev"/>
                </correspContext>
             </correspDesc>
          </profileDesc>
       </teiHeader>
       <xenoData><number type="in a volume">261</number></xenoData>

              <text xml:id="Kavkazskimduxoboram_261">
	<body><div>
		<opener index="false">
261. Кавказским духоборам.
1897 г. Декабря 25. Москва.
</opener>
<p rend="Obrashenie left">Дорогие друзья и братья!</p>
<p rend="left">Письмо это передаст вам наш друг и брат, по рождению англичанин,<note xml:id="note1" resp="volume_editor" index="false">Артур Син-Джон.</note> но по духу член всемирного братства и потому исповедующий то же, что и мы. Он был военным офицером английской службы, но вышел из полка, потому что понял грех военной службы. Он приехал в Россию, желая чем может служить вам. Он послужит вам тем, что, узнав вас, расскажет про вас своим друзьям в Англии и сблизит вас с ними. А для всех нас, людей, самое хорошее и важное — это то, чтобы быть в единении <hi style="opdelimiter">со</hi><hi style="opnumber">220</hi> <hi style="npnumber">221</hi><hi style="npdelimiter">всеми</hi> братьями во всем мире, как и Христос учил быть всем в единении с ним и с отцом.</p>
<p rend="left">Простите.</p>
<p rend="right">Любящий вас брат Л. Толстой.</p>
<comments><p rend="Textpetit_otstup left">Впервые опубликовано в сборнике «Летописи», 12, стр. 72. Датируется днем отъезда из Москвы на Кавказ А. Син-Джона.</p>
<p rend="Textpetit_otstup left"><hi>1 </hi>Артур Син-Джон.</p>
</comments></div></body>
        </text>
        </TEI>