<?xml version='1.0' encoding='UTF-8' standalone='no'?>

<TEI xmlns="http://www.tei-c.org/ns/1.0">
       <teiHeader>
          <fileDesc>
             <titleStmt>
                <title>Письмо №* 132. T. A. Куаминской</title>
             </titleStmt>
             <publicationStmt>
                <publisher>TolstoyLab</publisher>
                <date when="2015-09-14">14 September 2015</date>
             </publicationStmt>
             <sourceDesc>
                <biblStruct>
                   <analytic>
                      <author>Толстой Л.Н.</author>
                   </analytic>
                   <monogr>
                      <title level="m">Полное собрание сочинений. Том 66</title>
                      <imprint>
                         <pubPlace>Москва</pubPlace>
                         <publisher>Государственное издательство "Художественная литература"</publisher>
                         <date when="1953"/>
                      </imprint>
                   </monogr>
                   <series>
                      <title level="s">Л.Н. Толстой. Полное собрание сочинений</title>
                      <biblScope unit="vol">66</biblScope>
                   </series>
                </biblStruct>
             </sourceDesc>
          </fileDesc>
          <encodingDesc>
             <tagsDecl> </tagsDecl>
          </encodingDesc>
          <profileDesc>
             <correspDesc>
                <correspAction type="sending">
                   <persName ref="PersonList.xml#L_N_Tolstoy">Л. Н. Толстой</persName>
                   <placeName ref="PlacesListxml#PLACE">Москва, Бегичевка</placeName>
                   <date when="1891-11">1891 г. Ноября</date>            </correspAction>
                <correspAction type="receiving">
                   <persName ref="PersonList.xml#RECEIVER">T. A. Куаминской</persName>
                </correspAction>
                <correspContext>
                   <ref type="prev"/>
                </correspContext>
             </correspDesc>
          </profileDesc>
       </teiHeader>
       <xenoData><number type="in a volume">132</number></xenoData>

              <text xml:id="T.A.Kuzminskoj_132">
	<body><div>
		<opener index="false">
* 132. T. A. Куаминской
1891 г. Ноября вторая половина...декабрь. Бегичевка или Москва.
</opener>
<p rend="Obrashenie left">Милый друг Таня!</p>
<p rend="left">Передай, пожалуйста, ученицам гимназии Оболенской,<note xml:id="note1" resp="volume_editor" index="false"> Частная гимназия в Петербурге, где учились дочери Т. А. Кузминской Мария и Вера Александровны.</note> что пожертвованные ими деньги 150 рублей я получил, что они употребятся на содержание столовых для старых и малых в Данковском уезде и что я очень жалею о том, что жертвовательницы не увидят своими глазами того, что делается на эти деньги.</p>
<p rend="right">Л. Толстой.</p>
<p rend="petit left">Написано в 1891 г., не ранее второй половины ноября: в письме к С. А. Толстой из Бегичевки от 11 ноября T. Л. Толстая упоминала, что «в Оболенской гимназии девочки собирают и пришлют» В. А. Кузминской деньги на столовые.</p>
<p rend="petit left">Татьяна Андреевна Кузминская, рожд. Берс (1846—1925) — младшая сестра С. А. Толстой.</p>
<comments><p rend="Textpetit_otstup left"><hi>1 </hi> Частная гимназия в Петербурге, где учились дочери Т. А. Кузминской Мария и Вера Александровны.</p>
</comments></div></body>
        </text>
        </TEI>