<?xml version='1.0' encoding='UTF-8' standalone='no'?>

<TEI xmlns="http://www.tei-c.org/ns/1.0">
       <teiHeader>
          <fileDesc>
             <titleStmt>
                <title>Письмо №* 6. Киевскому вегетарианскому обществу.</title>
             </titleStmt>
             <publicationStmt>
                <publisher>TolstoyLab</publisher>
                <date when="2015-09-14">14 September 2015</date>
             </publicationStmt>
             <sourceDesc>
                <biblStruct>
                   <analytic>
                      <author>Толстой Л.Н.</author>
                   </analytic>
                   <monogr>
                      <title level="m">Полное собрание сочинений. Том 81</title>
                      <imprint>
                         <pubPlace>Москва</pubPlace>
                         <publisher>Государственное издательство "Художественная литература"</publisher>
                         <date when="1956"/>
                      </imprint>
                   </monogr>
                   <series>
                      <title level="s">Л.Н. Толстой. Полное собрание сочинений</title>
                      <biblScope unit="vol">81</biblScope>
                   </series>
                </biblStruct>
				<bibl>Печатается по копии, сверенной с черновиком-автографом, написанным на конверте письма Киевского вегетарианского общества.</bibl>
             </sourceDesc>
          </fileDesc>
          <encodingDesc>
             <tagsDecl> </tagsDecl>
          </encodingDesc>
          <profileDesc>
             <correspDesc>
                <correspAction type="sending">
                   <persName ref="PersonList.xml#L_N_Tolstoy">Л. Н. Толстой</persName>
                   <placeName ref="PlacesListxml#PLACE">Ясная Поляна</placeName>
                   <date when="1910-01-03">1910 г. Января 3.</date>            </correspAction>
                <correspAction type="receiving">
                   <persName ref="PersonList.xml#RECEIVER">Киевскому вегетарианскому обществу.</persName>
                </correspAction>
                <correspContext>
                   <ref type="prev">Ответ на письмо Киевского вегетарианского общества от 30 декабря 1909 г. с приветствием и извещением об избрании Толстого почетным членом общества.</ref>
                </correspContext>
             </correspDesc>
          </profileDesc>
       </teiHeader>
       <xenoData><number type="in a volume">6</number></xenoData>

       <text xml:id="Kievskomuvegetarianskomuobshhestvu_6">
	<body><div>
		<opener index="false">
* 6. Киевскому вегетарианскому обществу.
1910 г. Января 3. Я. П.</opener>
<p rend="right">3 января 1910 г. Ясная Поляна.</p>
<p rend="left">Благодарю за честь избрания. Очень рад буду по мере сил служить благой цели общества.</p>
<comments><p rend="Textpetit_otstup left">Печатается по копии, сверенной с черновиком-автографом, написанным на конверте письма Киевского вегетарианского общества.</p>
<p rend="petit left">Ответ на письмо Киевского вегетарианского общества от 30 декабря 1909 г. с приветствием и извещением об избрании Толстого почетным членом общества.</p>
<p rend="emptyline left"><hi style="opnumber">12</hi> <hi style="npnumber">13</hi></p>
</comments></div></body>
        </text>
        </TEI>