<?xml version='1.0' encoding='UTF-8' standalone='no'?>

<TEI xmlns="http://www.tei-c.org/ns/1.0">
       <teiHeader>
          <fileDesc>
             <titleStmt>
                <title>Письмо №* 27. В. Георгиеву и Д. Юрукову.</title>
             </titleStmt>
             <publicationStmt>
                <publisher>TolstoyLab</publisher>
                <date when="2015-09-14">14 September 2015</date>
             </publicationStmt>
             <sourceDesc>
                <biblStruct>
                   <analytic>
                      <author>Толстой Л.Н.</author>
                   </analytic>
                   <monogr>
                      <title level="m">Полное собрание сочинений. Том 78</title>
                      <imprint>
                         <pubPlace>Москва</pubPlace>
                         <publisher>Государственное издательство "Художественная литература"</publisher>
                         <date when="1956"/>
                      </imprint>
                   </monogr>
                   <series>
                      <title level="s">Л.Н. Толстой. Полное собрание сочинений</title>
                      <biblScope unit="vol">78</biblScope>
                   </series>
                </biblStruct>
				<bibl>Печатается по копировальной книге № 8, лл. 94—95.</bibl>
             </sourceDesc>
          </fileDesc>
          <encodingDesc>
             <tagsDecl> </tagsDecl>
          </encodingDesc>
          <profileDesc>
             <correspDesc>
                <correspAction type="sending">
                   <persName ref="PersonList.xml#L_N_Tolstoy">Л. Н. Толстой</persName>
                   <placeName ref="PlacesListxml#PLACE">Ясная Поляна</placeName>
                   <date when="1908-01-28">1908 г. Января 28</date>            </correspAction>
                <correspAction type="receiving">
                   <persName ref="PersonList.xml#RECEIVER">В. Георгиеву и Д. Юрукову.</persName>
                </correspAction>
                <correspContext>
                   <ref type="prev"/>
                </correspContext>
             </correspDesc>
          </profileDesc>
       </teiHeader>
       <xenoData><number type="in a volume">27</number></xenoData>

              <text xml:id="V.GeorgievuiD.YUrkovu_27">
	<body><div>
		<opener index="false">
* 27. В. Георгиеву и Д. Юрукову.
1908 г. Января 28/февраля 10. Я. П.
</opener>
<p rend="Obrashenie left">Любезные братья,</p>
<p rend="left">Благодарю за известие о твердом христианском поступке Миньо Попова. Помогай ему бог, тот, который живет в нем. Такие известия возбуждают во мне одновременно и радость и горе. Радость о том, что такие отказы — это верные признаки приближения царства божия, горе о тех страданиях, <hi style="opdelimiter">которые</hi><hi style="opnumber">39</hi> <hi style="npnumber">40</hi><hi style="npdelimiter">в</hi> слабые минуты (а такие есть у всякого человека, а особенно у молодого) испытывают такие люди. Дело всё в том, насколько перенес такой человек сознание своей жизни из области вещественной в область духовную. Для телесного человека заключение, унижения и всё тому подобное есть страдание, для духовного человека всё это есть только случай всё сильнейшего сознания своей духовности, случай возможного проявления своей любви к заблудшим мучителям врагам. От этого-то и говорю и повторяю: помогай ему бог, и он поможет ему, если он будет вызывать его в себе любовью ко всему. Передайте это ему вместе с любовью всех его русских братьев, знающих про него.</p>
<p rend="right">Брат ваш Лев Толстой.</p>
<p rend="left">28 янв. 10 фев. 1908.</p>
<comments><p rend="Textpetit_otstup left">Печатается по копировальной книге № 8, лл. 94—95.</p>
<p rend="petit left">В письме от 20 января 1908 г. Велко Георгиев и Д. Юруков (г. Пловдив, Болгария) сообщили об отказе от военной службы единомышленника Толстого, болгарина М. Попова (р. 1885) и о суде над ним, состоявшемся 15 января н. ст. 1908 г. В письме была приведена речь Попова, произнесенная на суде. Свою речь Попов не закончил, так как был остановлен за «оскорбление суда».</p>
</comments></div></body>
        </text>
        </TEI>