<?xml version='1.0' encoding='UTF-8' standalone='no'?>

<TEI xmlns="http://www.tei-c.org/ns/1.0">
       <teiHeader>
          <fileDesc>
             <titleStmt>
                <title>Письмо №* 20. Неизвестному (С. П.).</title>
             </titleStmt>
             <publicationStmt>
                <publisher>TolstoyLab</publisher>
                <date when="2015-09-14">14 September 2015</date>
             </publicationStmt>
             <sourceDesc>
                <biblStruct>
                   <analytic>
                      <author>Толстой Л.Н.</author>
                   </analytic>
                   <monogr>
                      <title level="m">Полное собрание сочинений. Том 72</title>
                      <imprint>
                         <pubPlace>Москва</pubPlace>
                         <publisher>Государственное издательство "Художественная литература"</publisher>
                         <date when="1933"/>
                      </imprint>
                   </monogr>
                   <series>
                      <title level="s">Л.Н. Толстой. Полное собрание сочинений</title>
                      <biblScope unit="vol">72</biblScope>
                   </series>
                </biblStruct>
				<bibl>Печатается по листу копировальной книги, хранящемуся в AЧ. Местонахождение автографа неизвестно. Публикуется впервые.</bibl>
             </sourceDesc>
          </fileDesc>
          <encodingDesc>
             <tagsDecl> </tagsDecl>
          </encodingDesc>
          <profileDesc>
             <correspDesc>
                <correspAction type="sending">
                   <persName ref="PersonList.xml#L_N_Tolstoy">Л. Н. Толстой</persName>
                   <placeName ref="PlacesListxml#PLACE">Москва</placeName>
                   <date when="1899-01-23">1899 г. Января 23.</date>            </correspAction>
                <correspAction type="receiving">
                   <persName ref="PersonList.xml#RECEIVER">Неизвестному (С. П.).</persName>
                </correspAction>
                <correspContext>
                   <ref type="prev"/>
                </correspContext>
             </correspDesc>
          </profileDesc>
       </teiHeader>
       <xenoData><number type="in a volume">20</number></xenoData>

              <text xml:id="NeizvestnomuS.P._20">
	<body><div>
		<opener index="false">
* 20. Неизвестному (С. П.).
1899 г. Января 23. Москва.
</opener>
<p rend="Obrashenie left">Милостивый Государь С. П.,</p>
<p rend="left">Я не люблю <choice><reg>стихов</reg><orig>стиховъ</orig></choice> и считаю стихотворство <choice><reg>пустым</reg><orig>пустымъ</orig></choice> <choice><reg>занятием</reg><orig>занятiемъ</orig></choice>.</p>
<p rend="left">Если <choice><reg>человеку</reg><orig>человѣку</orig></choice> есть чтò сказать, то <choice><reg>он</reg><orig>онъ</orig></choice> постарается сказать это <choice><reg>как</reg><orig>какъ</orig></choice> можно <choice><reg>явственнее</reg><orig>явственнѣе</orig></choice> и проще, а если нечего сказать, то лучше молчать. И потому не присылайте <choice><reg>мне</reg><orig>мнѣ</orig></choice> <choice><reg>стихов</reg><orig>стиховъ</orig></choice> и, пожалуйста, не <choice><reg>сетуйте</reg><orig>сѣтуйте</orig></choice> на меня, что я прямо высказываю свое <choice><reg>мнение</reg><orig>мнѣнiе</orig></choice>.</p>
<p rend="left">Во <choice><reg>всем</reg><orig>всемъ</orig></choice> <choice><reg>другом</reg><orig>другомъ</orig></choice> <choice><reg>с</reg><orig>съ</orig></choice> <choice><reg>удовольствием</reg><orig>удовольствiемъ</orig></choice> <choice><reg>готов</reg><orig>готовъ</orig></choice> служить <choice><reg>вам</reg><orig>вамъ</orig></choice>.</p>
<p rend="right"><choice><reg>Лев</reg><orig>Левъ</orig></choice> Толстой.</p>
<p rend="left">23 Янв. 99.</p>
<comments><p rend="Textpetit_otstup left">Печатается по листу копировальной книги, хранящемуся в AЧ. Местонахождение автографа неизвестно. Публикуется впервые.</p>
<p rend="petit left">Кому адресовано письмо, редакцией не установлено.</p>
</comments></div></body>
        </text>
        </TEI>