<?xml version='1.0' encoding='UTF-8' standalone='no'?>

<TEI xmlns="http://www.tei-c.org/ns/1.0">
       <teiHeader>
          <fileDesc>
             <titleStmt>
                <title>Письмо №* 77. Прокурору Тульского окружного суда.</title>
             </titleStmt>
             <publicationStmt>
                <publisher>TolstoyLab</publisher>
                <date when="2015-09-14">14 September 2015</date>
             </publicationStmt>
             <sourceDesc>
                <biblStruct>
                   <analytic>
                      <author>Толстой Л.Н.</author>
                   </analytic>
                   <monogr>
                      <title level="m">Полное собрание сочинений. Том 79</title>
                      <imprint>
                         <pubPlace>Москва</pubPlace>
                         <publisher>Государственное издательство "Художественная литература"</publisher>
                         <date when="1955"/>
                      </imprint>
                   </monogr>
                   <series>
                      <title level="s">Л.Н. Толстой. Полное собрание сочинений</title>
                      <biblScope unit="vol">79</biblScope>
                   </series>
                </biblStruct>
				<bibl>Печатается по копии рукой H.H. Гусева, вклеенной в копировальную книгу № 8, л. 502.</bibl>
             </sourceDesc>
          </fileDesc>
          <encodingDesc>
             <tagsDecl> </tagsDecl>
          </encodingDesc>
          <profileDesc>
             <correspDesc>
                <correspAction type="sending">
                   <persName ref="PersonList.xml#L_N_Tolstoy">Л. Н. Толстой</persName>
                   <placeName ref="PlacesListxml#PLACE">Ясная Поляна</placeName>
                   <date when="1909-02-17">1909. Февраля 17.</date>            </correspAction>
                <correspAction type="receiving">
                   <persName ref="PersonList.xml#RECEIVER">Прокурору Тульского окружного суда.</persName>
                </correspAction>
                <correspContext>
                   <ref type="prev"/>
                </correspContext>
             </correspDesc>
          </profileDesc>
       </teiHeader>
       <xenoData><number type="in a volume">77</number></xenoData>

              <text xml:id="ProkuroruTulskogookruzhnogosuda_77">
	<body><div>
		<opener index="false">
* 77. Прокурору Тульского окружного суда.
1909. Февраля 17. Я. П.
</opener><lb/>

<p rend="Obrashenie left">Милостивый Государь,</p>
<p rend="left">Прошу извинить меня за то, что обращаюсь к вам без имени и отчества, <choice original_editorial_correction='кот[орые]'><sic>кот</sic><corr>которые</corr></choice> не успел узнать.</p>
<p rend="left">Просьба моя к вам следующая. Два сына крестьянки Устиньи Фроловой Чухоновой, Федор Матвеев и Василий,<note xml:id="note2" resp="volume_editor" index="false">Об У. Ф. Чухоновой и ее сыновьях сведений не имеется.</note> присуждены к тюремному заключению. Один из них, Федор, уже отбывает заключение; другому же, Василию, еще предстоит отбывать его. Просьба матери, которую я позволяю себе поддерживать перед вами, состоит в том, чтобы отложить исполнение наказания над Василием до отбытия срока Федора, <choice original_editorial_correction='т[ак]'><sic>т</sic><corr>так</corr></choice> <choice original_editorial_correction='к[ак]'><sic>к</sic><corr>как</corr></choice> работа этих двух сыновей составляет единственное средство пропитания всей довольно многолюдной <hi style="opdelimiter">семьи.</hi><hi style="opnumber">75</hi></p>
<p rend="left"><hi style="npnumber">76</hi><hi style="npdelimiter">В</hi> надежде на исполнение моей просьбы с совершенным уважением остаюсь готовый к услугам</p>
<p rend="right">Лев Толстой.</p>
<p rend="left">17 февр. 1909.</p>
<comments><p rend="Textpetit_otstup left">Печатается по копии рукой H.H. Гусева, вклеенной в копировальную книгу № 8, л. 502.</p>
<p rend="Textpetit_otstup left"><hi>1 </hi>В 1909 г. прокурором Тульского окружного суда был Владимир Августович Кегель.</p>
<p rend="petit left"><hi>2 </hi>Об У. Ф. Чухоновой и ее сыновьях сведений не имеется.</p>
</comments></div></body>
        </text>
        </TEI>