<?xml version='1.0' encoding='UTF-8' standalone='no'?>

<TEI xmlns="http://www.tei-c.org/ns/1.0">
       <teiHeader>
          <fileDesc>
             <titleStmt>
                <title>Письмо №261. Неизвестной «X».</title>
             </titleStmt>
             <publicationStmt>
                <publisher>TolstoyLab</publisher>
                <date when="2015-09-14">14 September 2015</date>
             </publicationStmt>
             <sourceDesc>
                <biblStruct>
                   <analytic>
                      <author>Толстой Л.Н.</author>
                   </analytic>
                   <monogr>
                      <title level="m">Полное собрание сочинений. Том 82</title>
                      <imprint>
                         <pubPlace>Москва</pubPlace>
                         <publisher>Государственное издательство "Художественная литература"</publisher>
                         <date when="1956"/>
                      </imprint>
                   </monogr>
                   <series>
                      <title level="s">Л.Н. Толстой. Полное собрание сочинений</title>
                      <biblScope unit="vol">82</biblScope>
                   </series>
                </biblStruct>
				<bibl>Печатается по копии, сверенной с черновиком-автографом, начатым на конверте письма неизвестной, продолженным на почтовой бумаге и подписанным инициалами: Л. Т. Впервые опубликовано в «Литературном наследстве», № 37-38, стр. 362.</bibl>
             </sourceDesc>
          </fileDesc>
          <encodingDesc>
             <tagsDecl> </tagsDecl>
          </encodingDesc>
          <profileDesc>
             <correspDesc>
                <correspAction type="sending">
                   <persName ref="PersonList.xml#L_N_Tolstoy">Л. Н. Толстой</persName>
                   <placeName ref="PlacesListxml#PLACE">Ясная Поляна</placeName>
                   <date when="1910-10-21">1910 г. Октября 21.</date>            </correspAction>
                <correspAction type="receiving">
                   <persName ref="PersonList.xml#RECEIVER">Неизвестной «X».</persName>
                </correspAction>
                <correspContext>
                   <ref type="prev">Ответ на письмо неизвестной «X», гимназистки 6-го класса Саранской женской гимназии (без подписи), в котором она желчно и с раздражением описывала гимназические порядки, педагогов и подруг гимназисток.</ref>
                </correspContext>
             </correspDesc>
          </profileDesc>
       </teiHeader>
       <xenoData><number type="in a volume">261</number></xenoData>

       <text xml:id="NeizvestnojX_261">
	<body><div>
		<opener index="false">
261. Неизвестной «X».
1910 г. Октября 21. Я. П.</opener>
<p rend="right">X.</p>
<p rend="right">21 октября 10 года. Ясная Поляна.</p>
<p rend="left">Письмо ваше произвело на меня очень неприятное впечатление. Вы осуждаете всех окружающих вас, бессознательно высказывая этим уверенность в вашем превосходстве над всеми и полное самодовольство. Вы желаете быть полезной людям. Но тот, кто желает быть полезным людям, должен прежде всего постараться быть не вредным им. А если вы хорошенько вглядитесь в себя, то легко увидите, что вам в этом отношении предстоит очень много работы над собой, хотя бы той, чтобы научиться не осуждать людей и любить их. Посылаю вам книгу «На каждый день», в ней вы найдете мои ответы на ваши вопросы. Обратите внимание на число 22-ое.</p>
<comments><p rend="Textpetit_otstup left">Печатается по копии, сверенной с черновиком-автографом, начатым на конверте письма неизвестной, продолженным на почтовой бумаге и подписанным инициалами: Л. Т. Впервые опубликовано в «Литературном наследстве», № 37-38, стр. 362.</p>
<p rend="petit left">Ответ на письмо неизвестной «X», гимназистки 6-го класса Саранской женской гимназии (без подписи), в котором она желчно и с раздражением описывала гимназические порядки, педагогов и подруг гимназисток.</p>
<p rend="emptyline left"><hi style="opnumber">197</hi> <hi style="npnumber">198</hi></p>
</comments></div></body>
        </text>
        </TEI>