<?xml version='1.0' encoding='UTF-8' standalone='no'?>

<TEI xmlns="http://www.tei-c.org/ns/1.0">
       <teiHeader>
          <fileDesc>
             <titleStmt>
                <title>Письмо №81. В редакцию журнала «Русская мысль».</title>
             </titleStmt>
             <publicationStmt>
                <publisher>TolstoyLab</publisher>
                <date when="2015-09-14">14 September 2015</date>
             </publicationStmt>
             <sourceDesc>
                <biblStruct>
                   <analytic>
                      <author>Толстой Л.Н.</author>
                   </analytic>
                   <monogr>
                      <title level="m">Полное собрание сочинений. Том 72</title>
                      <imprint>
                         <pubPlace>Москва</pubPlace>
                         <publisher>Государственное издательство "Художественная литература"</publisher>
                         <date when="1933"/>
                      </imprint>
                   </monogr>
                   <series>
                      <title level="s">Л.Н. Толстой. Полное собрание сочинений</title>
                      <biblScope unit="vol">72</biblScope>
                   </series>
                </biblStruct>
             </sourceDesc>
          </fileDesc>
          <encodingDesc>
             <tagsDecl> </tagsDecl>
          </encodingDesc>
          <profileDesc>
             <correspDesc>
                <correspAction type="sending">
                   <persName ref="PersonList.xml#L_N_Tolstoy">Л. Н. Толстой</persName>
                   <placeName ref="PlacesListxml#PLACE">Москва</placeName>
                   <date when="1899-03">1899 г. Марта</date>            </correspAction>
                <correspAction type="receiving">
                   <persName ref="PersonList.xml#RECEIVER">В редакцию журнала «Русская мысль».</persName>
                </correspAction>
                <correspContext>
                   <ref type="prev"/>
                </correspContext>
             </correspDesc>
          </profileDesc>
       </teiHeader>
       <xenoData><number type="in a volume">81</number></xenoData>

              <text xml:id="VredakciyuzhurnalaRusskayamysl_81">
	<body><div>
		<opener index="false">
81. В редакцию журнала «Русская мысль».
1899 г. Марта конец — апреля начало? Москва.</opener>
<p rend="left"><choice><reg>Автор</reg><orig>Авторъ</orig></choice> этой статьи уже давно тщетно пытался обратить <choice><reg>внимание</reg><orig>вниманiе</orig></choice> общества и правительства на неогражденность у <choice><reg>нас</reg><orig>насъ</orig></choice> людей <choice><reg>от</reg><orig>отъ</orig></choice> возможности <choice><reg>заключения</reg><orig>заключенiя</orig></choice> <choice><reg>их</reg><orig>ихъ</orig></choice> <choice><reg>в</reg><orig>въ</orig></choice> <choice><reg>дом</reg><orig>домъ</orig></choice> для <choice><reg>умалишенных</reg><orig>умалишенныхъ</orig></choice> и на <choice><reg>те</reg><orig>тѣ</orig></choice> <choice><reg>злоупотребления</reg><orig>злоупотребленiя</orig></choice>, <choice><reg>которые</reg><orig>которыя</orig></choice> совершаются <choice><reg>в</reg><orig>въ</orig></choice> <choice><reg>этих</reg><orig>этихъ</orig></choice> <choice><reg>домах</reg><orig>домахъ</orig></choice>. Предлагаемой статьей, я думаю, достигнется та <choice><reg>цель</reg><orig>цѣль</orig></choice>, которой <choice><reg>автор</reg><orig>авторъ</orig></choice> добивается. Факты, изложенные <choice><reg>в</reg><orig>въ</orig></choice> этой <choice><reg>статье</reg><orig>статьѣ</orig></choice>, <choice><reg>так</reg><orig>такъ</orig></choice> ужасны, и <choice><reg>изложение</reg><orig>изложенiе</orig></choice> <choice><reg>носит</reg><orig>носитъ</orig></choice> на <choice><reg>себе</reg><orig>себѣ</orig></choice> такой <choice><reg>несомненный</reg><orig>несомнѣнный</orig></choice> <choice><reg>отпечаток</reg><orig>отпечатокъ</orig></choice> правдивости, что и общество и правительство должны <choice><reg>будут</reg><orig>будутъ</orig></choice> принять <choice><reg>меры</reg><orig>мѣры</orig></choice> <choice><reg>к</reg><orig>къ</orig></choice> тому, чтобы <choice><reg>такие</reg><orig>такiе</orig></choice> ужасные факты не могли повторяться.</p>
<p rend="right"><choice><reg>Лев</reg><orig>Левъ</orig></choice> Толстой.</p>
<comments><p rend="Textpetit_otstup left">Перепечатывается из журнала «Русская мысль» 1899, IV, стр. 129. Местонахождение подлинника неизвестно. Датируется по письму Мокшанцева от 23 марта 1899 г. и в соответствии с публикацией письма в апрельской книге журнала.</p>
<p rend="petit left">Письмо является рекомендацией статьи А. М. «К психиатрическому вопросу», напечатанной вместе с этим письмом в журнале «Русская мысль» 1899, IV, стр. 129—140. Автор статьи — саратовский житель, доктор медицины Алексей Егорович Мокшанцев. В 1898 г. Мокшанцев обратился к Толстому с просьбой содействовать напечатанию этой статьи. Тогда же Толстой писал кн. Э. Э. Ухтомскому, предлагая статью для «С.-Петербургских ведомостей» (см. письма 1898 г., т. 71). Статья в газете напечатана не была, и Толстой направил ее в редакцию «Русской мысли». Первоначально Мокшанцев предполагал выступить в печати под полной фамилией, но в письме от 23 марта 1899 г. он известил Толстого о своем намерении скрыться под инициалами, так как иначе было бы ясно, что в статье речь идет о саратовской лечебнице, в которой Мокшанцев около года находился в качестве больного; в своей статье он поместил несколько личных воспоминаний, компрометировавших администрацию. В ГТМ имеется черновик рекомендательного письма, почти не отличающийся от напечатанного; в нем названа полностью фамилия Мокшанцева. Очевидно, после его письма, Толстой изменил текст рекомендации. Публикация статьи вызвала большой шум. В печати <hi style="opdelimiter">потребовали</hi><hi style="opnumber">109</hi> <hi style="npnumber">110</hi><hi style="npdelimiter">раскрытия</hi> инициалов автора и расследования сообщенных им фактов. Мнения разделились: одни высказывали предположение, что автор — душевно больной, другие разделяли ту точку зрения, что Мокшанцев достаточно объективно и, разумеется, как душевно нормальный человек, затронул эти вопросы. Дело разбиралось в комиссиях, и в течение нескольких лет саратовское общество было взволновано возникшим «психиатрическим процессом». Лично Мокшанцев был очень обеспокоен поднявшейся полемикой. Ему казалась вполне реальной возможность быть снова помещенным в лечебницу, и он на время выехал из пределов Саратовской губернии. О ходе дела Мокшанцев подробно сообщал Толстому, присылая ему вырезки из газет. Об отношении Толстого к этому эпизоду можно судить по письмам к нему Мокшанцева. В одном из них (17 февраля 1903 г.) доктор, упрекая, напомнил, что Толстой еще весной 1899 г., при их личном свидании, усумнился в правдивости фактов, сообщенных в статье «К психиатрическому вопросу». В том же письме Мокшанцев напомнил якобы высказанное Толстым гласному саратовского земства гр. А. А. Уварову сожаление, что он вмешался в это дело. Полемике о докторе Мокшанцеве, кроме местной газеты «Саратовский листок», уделяла внимание столичная пресса: «Новое время» 1899, № 8309; «Новости» 1899, №№ 109, 114; «Врач» 1899, №№ 17, 18. О д-ре А. Е. Мокшанцеве см. письма 1898 г., т. 71.</p>
<p rend="Textpetit_otstup left"><hi>1</hi> В журнале письмо напечатано без всякого обращения, с таким заявлением редакции: «Нам эта статья [«К психиатрическому вопросу»] передана Л. Н. Толстым со следующим письмом».</p>
</comments></div></body>
        </text>
        </TEI>