<?xml version='1.0' encoding='UTF-8' standalone='no'?>

<TEI xmlns="http://www.tei-c.org/ns/1.0">
       <teiHeader>
          <fileDesc>
             <titleStmt>
                <title>Письмо №* 56. Неизвестной.</title>
             </titleStmt>
             <publicationStmt>
                <publisher>TolstoyLab</publisher>
                <date when="2015-09-14">14 September 2015</date>
             </publicationStmt>
             <sourceDesc>
                <biblStruct>
                   <analytic>
                      <author>Толстой Л.Н.</author>
                   </analytic>
                   <monogr>
                      <title level="m">Полное собрание сочинений. Том 68</title>
                      <imprint>
                         <pubPlace>Москва</pubPlace>
                         <publisher>Государственное издательство "Художественная литература"</publisher>
                         <date when="1954"/>
                      </imprint>
                   </monogr>
                   <series>
                      <title level="s">Л.Н. Толстой. Полное собрание сочинений</title>
                      <biblScope unit="vol">68</biblScope>
                   </series>
                </biblStruct>
             </sourceDesc>
          </fileDesc>
          <encodingDesc>
             <tagsDecl> </tagsDecl>
          </encodingDesc>
          <profileDesc>
             <correspDesc>
                <correspAction type="draft">
                   <persName ref="PersonList.xml#L_N_Tolstoy">Л. Н. Толстой</persName>
                   <placeName ref="PlacesListxml#PLACE">Москва</placeName>
                   <date when="1895-03-23">1895 г. Марта 23?</date>            </correspAction>
                <correspAction type="receiving">
                   <persName ref="PersonList.xml#RECEIVER">Неизвестной.</persName>
                </correspAction>
                <correspContext>
                   <ref type="prev"/>
                </correspContext>
             </correspDesc>
          </profileDesc>
       </teiHeader>
       <xenoData><number type="in a volume">56</number></xenoData>

              <text xml:id="Neizvestnoj_56">
	<body><div>
		<opener index="false">
* 56. Неизвестной. Черновое.
1895 г. Марта 23? М.
</opener>
<p rend="Obrashenie left">Chère Madame!</p>
<p rend="left">Il est de ces questions, sur lesquelles il est presque impossible d’émettre une opinion quelconque précisément à cause de leur flagrante immoralité. Celle qui <choice original_editorial_correction='v[ou]s'><sic>vs</sic><corr>vous</corr></choice> occupe est de ce nombre.</p>
<lb/>
<p rend="Obrashenie petit left">Милостивая государыня!</p>
<comments><p rend="Textpetit_otstup left">Есть такие вопросы, на которые почти невозможно высказать какое-либо суждение, именно вследствие их явной безнравственности. К их числу принадлежит и тот, который занимает вас.</p>
<p rend="Textpetit_otstup left">Датируется на основании того, что публикуемый черновой набросок письма написан на оборотной стороне письма к В. Г. Черткову от 23? марта 1895 г.</p>
</comments></div></body>
        </text>
        </TEI>