<?xml version='1.0' encoding='UTF-8' standalone='no'?>

<TEI xmlns="http://www.tei-c.org/ns/1.0">
       <teiHeader>
          <fileDesc>
             <titleStmt>
                <title>Письмо №* 287. Б. О. Годьденблату.</title>
             </titleStmt>
             <publicationStmt>
                <publisher>TolstoyLab</publisher>
                <date when="2015-09-14">14 September 2015</date>
             </publicationStmt>
             <sourceDesc>
                <biblStruct>
                   <analytic>
                      <author>Толстой Л.Н.</author>
                   </analytic>
                   <monogr>
                      <title level="m">Полное собрание сочинений. Том 76</title>
                      <imprint>
                         <pubPlace>Москва</pubPlace>
                         <publisher>Государственное издательство "Художественная литература"</publisher>
                         <date when="1956"/>
                      </imprint>
                   </monogr>
                   <series>
                      <title level="s">Л.Н. Толстой. Полное собрание сочинений</title>
                      <biblScope unit="vol">76</biblScope>
                   </series>
                </biblStruct>
             </sourceDesc>
          </fileDesc>
          <encodingDesc>
             <tagsDecl> </tagsDecl>
          </encodingDesc>
          <profileDesc>
             <correspDesc>
                <correspAction type="sending">
                   <persName ref="PersonList.xml#L_N_Tolstoy">Л. Н. Толстой</persName>
                   <placeName ref="PlacesListxml#PLACE">Ясная Поляна</placeName>
                   <date when="1906-10-10">1906 г. Октября 10.</date>            </correspAction>
                <correspAction type="receiving">
                   <persName ref="PersonList.xml#RECEIVER">Б. О. Годьденблату.</persName>
                </correspAction>
                <correspContext>
                   <ref type="prev"/>
                </correspContext>
             </correspDesc>
          </profileDesc>
       </teiHeader>
       <xenoData><number type="in a volume">287</number></xenoData>

              <text xml:id="B.O.Goldenblatu_287">
	<body><div>
		<opener index="false">
* 287. Б. О. Годьденблату.
1906 г. Октября 10. Я. П.</opener>
<p rend="left">Направляю к вам, Борис Осипович, еще одного клиента.<note xml:id="note1" resp="volume_editor" index="false"> Фамилии его установить не удалось.</note> Дело это такое, что может только доставить удовольствие защитнику, и потому не извиняюсь за то, что утруждаю вас, а пользуюсь только случаем поблагодарить за прежнее.</p>
<p rend="right">Лев Толстой.</p>
<p rend="left">10 окт. 1906.</p>
<comments><p rend="Textpetit_otstup left"><hi>1 </hi> Фамилии его установить не удалось.</p>
</comments></div></body>
        </text>
        </TEI>