<?xml version='1.0' encoding='UTF-8' standalone='no'?>

<TEI xmlns="http://www.tei-c.org/ns/1.0">
       <teiHeader>
          <fileDesc>
             <titleStmt>
                <title>Письмо №95. Совету общества для содействия народному образованию в Ярославской губернии.</title>
             </titleStmt>
             <publicationStmt>
                <publisher>TolstoyLab</publisher>
                <date when="2015-09-14">14 September 2015</date>
             </publicationStmt>
             <sourceDesc>
                <biblStruct>
                   <analytic>
                      <author>Толстой Л.Н.</author>
                   </analytic>
                   <monogr>
                      <title level="m">Полное собрание сочинений. Том 79</title>
                      <imprint>
                         <pubPlace>Москва</pubPlace>
                         <publisher>Государственное издательство "Художественная литература"</publisher>
                         <date when="1955"/>
                      </imprint>
                   </monogr>
                   <series>
                      <title level="s">Л.Н. Толстой. Полное собрание сочинений</title>
                      <biblScope unit="vol">79</biblScope>
                   </series>
                </biblStruct>
				<bibl>Печатается по дубликату подлинника, вклеенному в копировальную книгу № 8, л. 515. Впервые опубликовано в газете «Голос» (Ярославль) 1909, № 13 от 5 марта.</bibl>
             </sourceDesc>
          </fileDesc>
          <encodingDesc>
             <tagsDecl> </tagsDecl>
          </encodingDesc>
          <profileDesc>
             <correspDesc>
                <correspAction type="sending">
                   <persName ref="PersonList.xml#L_N_Tolstoy">Л. Н. Толстой</persName>
                   <placeName ref="PlacesListxml#PLACE">Ясная Поляна</placeName>
                   <date when="1909-02-26">1909 г. Февраля 26.</date>            </correspAction>
                <correspAction type="receiving">
                   <persName ref="PersonList.xml#RECEIVER">Совету общества для содействия народному образованию в Ярославской губернии.</persName>
                </correspAction>
                <correspContext>
                   <ref type="prev">Ответ на письмо председателя совета «Общества для содействия народному образованию в Ярославской губернии» Н. П. Дружинина от 15 февраля, в котором Дружинин от лица общества сообщал, что в Ярославле открывается библиотека имени Л. Н. Толстого, и просил указать, какие книги с точки зрения Толстого будут наиболее полезны для рабочего читателя.</ref>
                </correspContext>
             </correspDesc>
          </profileDesc>
       </teiHeader>
       <xenoData><number type="in a volume">95</number></xenoData>

              <text xml:id="SovetuObshhestvadlyasodejstviyanarodnomuobrazovaniyuvYAroslavskojgubernii_95">
	<body><div>
		<opener index="false">
95. Совету общества для содействия народному<lb/>образованию в Ярославской губернии.
1909 г. Февраля 26. Я. П.
</opener><p rend="right">Ясная Поляна, 26 февраля 1909 г.</p>

<p rend="Obrashenie left">Господин Председатель Совета,</p>
<p rend="left">Наиболее полезными, по моему мнению, книгами для рабочего народа, не имеющего времени для много- и разнообразного чтения, я полагаю книги, знакомящие читателей, во-первых, с религиозно-нравственными учениями, как древних, так <hi style="opdelimiter">и</hi><hi style="opnumber">89</hi> <hi style="npnumber">90</hi><hi style="npdelimiter">новых</hi> народов: буддизм, браминизм, таосизм, греческая и римская мудрость (Сократ, Диоген, Марк Аврелий, Эпиктет и пр.), христианские секты и различные учения, древние и новые, магометанство и его секты, а также и религиозно-нравственные писания выдающихся мыслителей всех народов.<note xml:id="note1" resp="volume_editor" index="false"> <hi>Зачеркнуто:</hi> (Паскаль, Гоголь и многие другие).</note></p>
<p rend="left">Знаю, что приобрести книги об этих предметах довольно трудно и что изложены они в большинстве случаев недоступно народу («Посредником» была издана серия книг такого содержания в общедоступном изложении), но думаю, что такого рода книги все-таки самые полезные и наиболее в истинном смысле развивающие молодых людей.</p>
<p rend="left">Следующий род книг, который я рекомендовал бы, это книги географические и преимущественно этнографические, т. е. описание нравов и жизни людей разных стран. Такие книги, по моему мнению, тоже содействуют освобождению людей от предвзятых суеверий и ложных представлений. Таков мой ответ на ваш вопрос. Желаю успеха в вашей деятельности.</p>
<p rend="left">С совершенным уважением остаюсь готовый к услугам.</p>
<comments><p rend="Textpetit_otstup left">Печатается по дубликату подлинника, вклеенному в копировальную книгу № 8, л. 515. Впервые опубликовано в газете «Голос» (Ярославль) 1909, № 13 от 5 марта.</p>
<p rend="petit left">Ответ на письмо председателя совета «Общества для содействия народному образованию в Ярославской губернии» Н. П. Дружинина от 15 февраля, в котором Дружинин от лица общества сообщал, что в Ярославле открывается библиотека имени Л. Н. Толстого, и просил указать, какие книги с точки зрения Толстого будут наиболее полезны для рабочего читателя.</p>
<p rend="petit left">На конверте письма адресата Толстой написал: Ответить. <choice original_editorial_correction='Религиозно-филос[офского]'><sic>Религиозно-филос</sic><corr>Религиозно-философского</corr></choice> содержания и <choice original_editorial_correction='гео-этнограф[ические]'><sic>гео-этнограф</sic><corr>гео-этнографические</corr></choice>.</p>
<p rend="Textpetit_otstup left"><hi>1</hi> <hi>Зачеркнуто:</hi> (Паскаль, Гоголь и многие другие).</p>
</comments></div></body>
        </text>
        </TEI>