<?xml version='1.0' encoding='UTF-8' standalone='no'?>

<TEI xmlns="http://www.tei-c.org/ns/1.0">
       <teiHeader>
          <fileDesc>
             <titleStmt>
                <title>Письмо №150. Кавказским духоборам.</title>
             </titleStmt>
             <publicationStmt>
                <publisher>TolstoyLab</publisher>
                <date when="2015-09-14">14 September 2015</date>
             </publicationStmt>
             <sourceDesc>
                <biblStruct>
                   <analytic>
                      <author>Толстой Л.Н.</author>
                   </analytic>
                   <monogr>
                      <title level="m">Полное собрание сочинений. Том 70</title>
                      <imprint>
                         <pubPlace>Москва</pubPlace>
                         <publisher>Государственное издательство "Художественная литература"</publisher>
                         <date when="1954"/>
                      </imprint>
                   </monogr>
                   <series>
                      <title level="s">Л.Н. Толстой. Полное собрание сочинений</title>
                      <biblScope unit="vol">70</biblScope>
                   </series>
                </biblStruct>
             </sourceDesc>
          </fileDesc>
          <encodingDesc>
             <tagsDecl> </tagsDecl>
          </encodingDesc>
          <profileDesc>
             <correspDesc>
                <correspAction type="sending">
                   <persName ref="PersonList.xml#L_N_Tolstoy">Л. Н. Толстой</persName>
                   <placeName ref="PlacesListxml#PLACE">Ясная Поляна</placeName>
                   <date from="1897-08-20" to="1897-08-21">1897 г. Августа 20 — 21?</date>            </correspAction>
                <correspAction type="receiving">
                   <persName ref="PersonList.xml#RECEIVER">Кавказским духоборам.</persName>
                </correspAction>
                <correspContext>
                   <ref type="prev"/>
                </correspContext>
             </correspDesc>
          </profileDesc>
       </teiHeader>
       <xenoData><number type="in a volume">150</number></xenoData>

              <text xml:id="Kavkazskimduxoboram_150">
	<body><div>
		<opener index="false">
150. Кавказским духоборам.
1897 г. Августа 20—21? Я. П.
</opener>
<p rend="Obrashenie left">Любезные братья, страдающие за учение Христа!</p>
<p rend="left">Брат наш И. П. <choice original_editorial_correction='Н[акашидзе]'><sic>Н</sic><corr>Накашидзе</corr></choice> заехал, по дорого домой, ко мне,<note xml:id="note1" resp="volume_editor" index="false">О пребывании И. П. Накашидзе в Ясной Поляне см. в его воспоминаниях, напечатанных в журнале «Русская мысль» 1913, 3, отдел 2; и отдельное издание: «Как я познакомился с Львом Толстым». Тбилиси 1928.</note> и мне захотелось написать вам то, что не я один, но многие и многие люди и у нас и за границей знают и думают о вас и боятся за вас. Если бог велит, то мы пришлем вам, вашим детям, женщинам и старым людям, больным, посильную помощь; духовную же помощь мы и многие, и здесь и за границей, мы получаем от вас и просим вас но оставлять нас вашей помощью. Помощь эта в том, что вы первые показываете пример хождения по пути Христову; задним легче, чем передним. Вы идете <hi style="opdelimiter">впереди,</hi><hi style="opnumber">126</hi> <hi style="npnumber">127</hi><hi style="npdelimiter">и</hi> многие благодарят вас за это. Христос сказал: «Меня гнали, будут гнать и вас», так и сбывается; жалко малых и старых, а еще жалче гонителей: ведь они уже знают теперь, что они гонят не вас, а Христа, того самого, который пришел спасать их. Они видят свой грех, но так завязли в нем, что не могут отстать от него. Они делают свое дурное; помоги им бог опомниться и присоединиться к нам. Передавал мне <choice original_editorial_correction='И[лья]'><sic>И</sic><corr>Илья</corr></choice> <choice original_editorial_correction='П[етрович]'><sic>П</sic><corr>Петрович</corr></choice> рассказы, как ваши братья, страдающие за отказ от участия в делах дьявола, в убийстве, поступили с теми, которые не выдержали гонений я согласились служить. Если те, которые сами страдают за Христово дело, просили прощения у тех, которые не выдержали гонений, за те страдания, которые они понесли по примеру и научению братьев, то как же мне, не удостоившемуся пострадать за Христово дело, надо выпрашивать прощения у всех тех, кого мои слова и писания повели к страданиям?</p>
<p rend="left">Тот, кто страдает за Христово дело не по наущению людей, а потому, что не может поступить иначе перед богом, не нуждается в людских утешениях и поощрениях, а тот, кто поступает не для бога, а для славы людской, тому тяжело, и его надо утешать и поддерживать и просить у него прощения, если он пострадает из-за нас. И потому, братья, не упорствуйте в своем отказе от государственной службы, если вы это делаете для того, чтобы не укоряли вас в слабости. Если можете делать то, что от вас требуют — делайте, — избавьте этим ваших слабых жен, детей, больных, старых от мучений. Если не вселился в человека дух Христов, который не позволяет ему делать противное воле бога, то всякий из вас должен ради любви к своим отказаться от прежнего и покориться; никто не осудит вас за это. Так должны вы поступать, если можете. Если же дух Христов вселился в человека, и он живет не для себя, а для исполнения воли бога, то он и рад бы согласиться сделать всё для своих страдающих ближних, да нельзя ему сделать этого, как нельзя одному человеку поднять 100 пудов; а если так, то Христов дух, который противится делам дьявола, научит, как поступать, и утешит в страданиях и своих и близких.</p>
<p rend="left">Многое хотел бы я сказать вам и узнать от вас. — Если бог велит — свидимся. Пока прощайте, братцы. Целую вас.</p>
<p rend="left">Брат ваш слабый, но любящий вас.</p>
<p rend="right">Лев <hi style="opdelimiter">Толстой.</hi><hi style="opnumber">127</hi></p>
<comments><p rend="Textpetit_otstup left"><hi style="npnumber">128</hi><hi style="npdelimiter">Печатается</hi> по копии из AЧ. В АТ сохранилось начало черновика этого письма. Впервые опубликовано в журнале «Свободная мысль» (Швейцария) 1900, 9, стр. 136—137. Датируется на основании упоминания о И. П. Накашидзе, пребывание которого отмечено в дневнике С. А. Толстой 21 августа 1897 г.</p>
<p rend="Textpetit_otstup left"><hi>1 </hi>О пребывании И. П. Накашидзе в Ясной Поляне см. в его воспоминаниях, напечатанных в журнале «Русская мысль» 1913, 3, отдел 2; и отдельное издание: «Как я познакомился с Львом Толстым». Тбилиси 1928.</p>
</comments></div></body>
        </text>
        </TEI>