<?xml version='1.0' encoding='UTF-8' standalone='no'?>

<TEI xmlns="http://www.tei-c.org/ns/1.0">
       <teiHeader>
          <fileDesc>
             <titleStmt>
                <title>Письмо №* 174. В правление товарищества печатного дела «Народная<lb/>польза».</title>
             </titleStmt>
             <publicationStmt>
                <publisher>TolstoyLab</publisher>
                <date when="2015-09-14">14 September 2015</date>
             </publicationStmt>
             <sourceDesc>
                <biblStruct>
                   <analytic>
                      <author>Толстой Л.Н.</author>
                   </analytic>
                   <monogr>
                      <title level="m">Полное собрание сочинений. Том 72</title>
                      <imprint>
                         <pubPlace>Москва</pubPlace>
                         <publisher>Государственное издательство "Художественная литература"</publisher>
                         <date when="1933"/>
                      </imprint>
                   </monogr>
                   <series>
                      <title level="s">Л.Н. Толстой. Полное собрание сочинений</title>
                      <biblScope unit="vol">72</biblScope>
                   </series>
                </biblStruct>
				<bibl>Печатается по листу копировальной книги, хранящемуся в AЧ. Местонахождение автографа неизвестно. Публикуется впервые.</bibl>
             </sourceDesc>
          </fileDesc>
          <encodingDesc>
             <tagsDecl> </tagsDecl>
          </encodingDesc>
          <profileDesc>
             <correspDesc>
                <correspAction type="sending">
                   <persName ref="PersonList.xml#L_N_Tolstoy">Л. Н. Толстой</persName>
                   <placeName ref="PlacesListxml#PLACE">Ясная Поляна</placeName>
                   <date when="1899-09-26">1899 г. Сентября 26.</date>            </correspAction>
                <correspAction type="receiving">
                   <persName ref="PersonList.xml#RECEIVER">В правление товарищества печатного дела «Народная<lb/>польза».</persName>
                </correspAction>
                <correspContext>
                   <ref type="prev">Ответ на письмо правления товарищества печатного и издательского дела «Народная польза» (Петербург) от 18 сентября 1899 г. № 275. В распоряжении правления остались 238 р. 25 коп., предназначенные в пользу голодающих. Организации помощи голодающим уже прекратили свою деятельность, и правление просило Толстого разрешить направить эту сумму в его распоряжение.</ref>
                </correspContext>
             </correspDesc>
          </profileDesc>
       </teiHeader>
       <xenoData><number type="in a volume">174</number></xenoData>

              <text xml:id="Vpravleniet-vapechatnogodelaNarodnayapolza_174">
	<body><div>
		<opener index="false">
* 174. В правление товарищества печатного дела «Народная<lb/>польза».
1899 г. Сентября 26. Я. П.
</opener>
<p rend="Obrashenie left">Милостивый Государь,</p>
<p rend="left"><choice><reg>В</reg><orig>Въ</orig></choice> настоящую минуту я не <choice><reg>имею</reg><orig>имѣю</orig></choice> <choice><reg>в</reg><orig>въ</orig></choice> виду никого <choice><reg>более</reg><orig>болѣе</orig></choice> нуждающихся, <choice><reg>чем</reg><orig>чѣмъ</orig></choice> сосланные <choice><reg>в</reg><orig>въ</orig></choice> Якутскую область Духоборы. Если вы согласны помочь <choice><reg>им</reg><orig>имъ</orig></choice>, то перешлите ваши деньги по <choice><reg>следующему</reg><orig>слѣдующему</orig></choice> адресу: г. <choice><reg>Якутск</reg><orig>Якутскъ</orig></choice>. Врачу <choice><reg>Прокопию</reg><orig>Прокопiю</orig></choice> Нестеровичу Сокольникову<note xml:id="note1" resp="volume_editor" index="false"> Имя, отчество, фамилия вписаны рукой О. К. Толстой. О П. Н. Сокольникове <ref target="file:///Volume_72_P.N.Sokolnikovu.._95.xml">см. письмо № 95</ref>.</note> для передачи <choice><reg>сосланным</reg><orig>сосланнымъ</orig></choice> <choice><reg>Духоборам</reg><orig>Духоборамъ</orig></choice>.</p>
<p rend="right rightindent"><choice><reg>С</reg><orig>Съ</orig></choice> <choice><reg>совершенным</reg><orig>совершеннымъ</orig></choice> <choice><reg>почтением</reg><orig>почтенiемъ</orig></choice></p>
<p rend="right"><choice><reg>Лев</reg><orig>Левъ</orig></choice> Толстой.</p>
<p rend="left">26 Сентября 1899.</p>
<comments><p rend="Textpetit_otstup left">Печатается по листу копировальной книги, хранящемуся в AЧ. Местонахождение автографа неизвестно. Публикуется впервые.</p>
<p rend="petit left">Ответ на письмо правления товарищества печатного и издательского дела «Народная польза» (Петербург) от 18 сентября 1899 г. № 275. В распоряжении правления остались 238 р. 25 коп., предназначенные в пользу голодающих. Организации помощи голодающим уже прекратили свою деятельность, и правление просило Толстого разрешить направить эту сумму в его распоряжение.</p>
<p rend="Textpetit_otstup left"><hi>1</hi> Имя, отчество, фамилия вписаны рукой О. К. Толстой. О П. Н. Сокольникове <ref target="file:///Volume_72_P.N.Sokolnikovu.._95.xml">см. письмо № 95</ref>.</p>
</comments></div></body>
        </text>
        </TEI>