<?xml version='1.0' encoding='UTF-8' standalone='no'?>

<TEI xmlns="http://www.tei-c.org/ns/1.0">
       <teiHeader>
          <fileDesc>
             <titleStmt>
                <title>Письмо №* 396. Председателю Совета московских детских приютов.</title>
             </titleStmt>
             <publicationStmt>
                <publisher>TolstoyLab</publisher>
                <date when="2015-09-14">14 September 2015</date>
             </publicationStmt>
             <sourceDesc>
                <biblStruct>
                   <analytic>
                      <author>Толстой Л.Н.</author>
                   </analytic>
                   <monogr>
                      <title level="m">Полное собрание сочинений. Том 80</title>
                      <imprint>
                         <pubPlace>Москва</pubPlace>
                         <publisher>Государственное издательство "Художественная литература"</publisher>
                         <date when="1955"/>
                      </imprint>
                   </monogr>
                   <series>
                      <title level="s">Л.Н. Толстой. Полное собрание сочинений</title>
                      <biblScope unit="vol">80</biblScope>
                   </series>
                </biblStruct>
				<bibl>Печатается по машинописной копии.</bibl>
             </sourceDesc>
          </fileDesc>
          <encodingDesc>
             <tagsDecl> </tagsDecl>
          </encodingDesc>
          <profileDesc>
             <correspDesc>
                <correspAction type="sending">
                   <persName ref="PersonList.xml#L_N_Tolstoy">Л. Н. Толстой</persName>
                   <placeName ref="PlacesListxml#PLACE">Ясная Поляна</placeName>
                   <date when="1909-11-17">1909 г. Ноября 17?</date>            </correspAction>
                <correspAction type="receiving">
                   <persName ref="PersonList.xml#RECEIVER">Председателю Совета московских детских приютов.</persName>
                </correspAction>
                <correspContext>
                   <ref type="prev"/>
                </correspContext>
             </correspDesc>
          </profileDesc>
       </teiHeader>
       <xenoData><number type="in a volume">396</number></xenoData>

       <text xml:id="PredsedatelyuSovetamoskovskixdetskixpriyutov_396">
	<body><div>
		<opener index="false">
* 396. Председателю Совета московских детских приютов.
1909 г. Ноября 17? Я. П.</opener>
<p rend="centerline center">Его превосходительству господину<lb/>председателю Совета Московских детских приютов</p>
<lb/>
<p rend="centerline center">Владимиру Константиновичу Свешникову</p>
<lb/>
<p rend="right">Графа Льва Николаевича<lb/><hi>Толстого</hi></p>
<p rend="subtitle centerline center">
<hi rend="Razradka">Прошение.</hi>
</p>
<p rend="left">Прилагая при сем удостоверение Ясенковского Волостного правления и удостоверение церковное за № 117, сирот <hi style="opdelimiter">Хохловых,</hi><hi style="opnumber">269</hi> <hi style="npnumber">270</hi><hi style="npdelimiter">прошу</hi> Совет Московских детских приютов принять в один из Приютов малолетнего Ивана Хохлова. Отдельная метрика Ивана Хохлова будет выслана.</p>
<comments><p rend="Textpetit_otstup left">Печатается по машинописной копии.</p>
<p rend="petit left">Алексей Федорович Хохлов (1860—1909), крестьянин д. Новая Колпна Ясенковской волости, умер от тифа. Семья Толстых принимала участие в судьбе сирот Хохловых. Сыновья были определены в приют, дочь — в школу. Об Иване Хохлове (р. 1898) лично хлопотала С. А. Толстая. Она выехала из Ясной Поляны в Москву 17 ноября 1909 г. (дата ее отъезда положена в основу датировки). 24 ноября вернулась с благоприятным ответом. В тот же день Толстой ездил в Новую Колпну и сообщил об этом Хохловым.</p>
<p rend="petit left">Иван Хохлов был принят в Ольгинский детский приют в Москве в феврале 1910 г., вскоре был переведен в другой приют, преобразованный в коммерческую школу, которую Хохлов кончил в 1914 г.</p>
<p> </p>
</comments></div></body>
        </text>
        </TEI>