<?xml version='1.0' encoding='UTF-8' standalone='no'?>

<TEI xmlns="http://www.tei-c.org/ns/1.0">
       <teiHeader>
          <fileDesc>
             <titleStmt>
                <title>Письмо №* 281. Отпускная на волю.</title>
             </titleStmt>
             <publicationStmt>
                <publisher>TolstoyLab</publisher>
                <date when="2015-09-14">14 September 2015</date>
             </publicationStmt>
             <sourceDesc>
                <biblStruct>
                   <analytic>
                      <author>Толстой Л.Н.</author>
                   </analytic>
                   <monogr>
                      <title level="m">Полное собрание сочинений. Том 60</title>
                      <imprint>
                         <pubPlace>Москва</pubPlace>
                         <publisher>Государственное издательство "Художественная литература"</publisher>
                         <date when="1949"/>
                      </imprint>
                   </monogr>
                   <series>
                      <title level="s">Л.Н. Толстой. Полное собрание сочинений</title>
                      <biblScope unit="vol">60</biblScope>
                   </series>
                </biblStruct>
				<bibl>Печатается по копии, находящейся в книге Крапивенского уездного суда для записи отпускных 1861 г., хранящейся в Тульском архивном бюро. В этой книге данная отпускная записана под № 12.</bibl>
             </sourceDesc>
          </fileDesc>
          <encodingDesc>
             <tagsDecl> </tagsDecl>
          </encodingDesc>
          <profileDesc>
             <correspDesc>
                <correspAction type="sending">
                   <persName ref="PersonList.xml#L_N_Tolstoy">Л. Н. Толстой</persName>
                   <placeName ref="PlacesListxml#PLACE">Ясная Поляна</placeName>
                   <date when="1860-02-22">1860 г. Февраля 22.</date>            </correspAction>
                <correspAction type="receiving">
                   <persName ref="PersonList.xml#RECEIVER">Отпускная на волю</persName>
                </correspAction>
                <correspContext>
                   <ref type="prev"/>
                </correspContext>
             </correspDesc>
          </profileDesc>
       </teiHeader>
       <xenoData><number type="in a volume">281</number></xenoData>

              <text xml:id="Otpusknayanavolyu_281">
	<body><div>
		<opener index="false">
* 281. Отпускная на волю.
1860 г. Февраля 22. Я. П.</opener>
<p rend="left">1860 года февраля... дня Крапивенский помещик, артиллерии поручик граф Лев Николаев сын Толстой отпустил я крепостного своего, доставшегося мне по наследству после смерти родителей моих, подполковника графа Николая Ильича и графини Марии Николаевны Толстых и по раздельному акту с братьями и сестрою моими, утвержденного в Тульской палате Гражданского Суда, написанного за мною по нынешней 10-ой ревизии Тульской губернии, Крапивенского уезда в сельце Ясной Поляне, крестьянин Петр Минаев с женой его Прасковьею Сергеевою и родившейся после ревизии дочерью его Ариною, лет ему (Минаеву) 28, жене его 27, дочери 1 год</p>
<p rend="left">9 месяцев, вечно на волю, с тем что он, Минаев, обязан по получении сей отпускной избрать род жизни, какой он пожелает, до которого мне, так и наследникам моим дела нет и не почему не вступаться.</p>
<p rend="left">Приметами он, Минаев, от роду 28 лет, росту 2 аршина 5 вершков, волосы и брови темнорусые, глаза серые, нос и рот посредственные, лицо несколько рябоватое, подбородок круглый, особых примет не имеет. В удостоверение чего за подписом моим и благородных свидетелей сия отпускная и дана. К сей отпускной граф Лев Николаев сын Толстой, поручик артиллерии, руку приложил.</p>
<p rend="Textpetit_otstup left">Сия отпускная подписана рукою графа Льва Толстого, в том свидетельствую корпуса лесничих поручик Викентий Ящинский. Сия отпускная рукою графа Льва Толстого подписана, в том свидетельствую коллежский ассесор и кавалер Николай Харламов <hi style="opdelimiter">Марсочников.</hi><hi style="opnumber">475</hi></p>
<p rend="petit left"><hi style="npnumber">476</hi><hi style="npdelimiter">1861</hi> г. февраля 22 дня отпускная эта Тульской губернии в Крапивенском уездном суде явлена в подлинности и утверждена и в книгу подлинником под № 12 записана, по явке его, Минаева, в уездный суд она, отпускная, ему и выдана мая 4 дня 1861 г.</p>
<comments><p rend="Textpetit_otstup left">Печатается по копии, находящейся в книге Крапивенского уездного суда для записи отпускных 1861 г., хранящейся в Тульском архивном бюро. В этой книге данная отпускная записана под № 12.</p>
</comments></div></body>
        </text>
        </TEI>