<?xml version='1.0' encoding='UTF-8' standalone='no'?>

<TEI xmlns="http://www.tei-c.org/ns/1.0">
       <teiHeader>
          <fileDesc>
             <titleStmt>
                <title>Письмо №* 74. Духоборам, сосланным в Якутскую область.</title>
             </titleStmt>
             <publicationStmt>
                <publisher>TolstoyLab</publisher>
                <date when="2015-09-14">14 September 2015</date>
             </publicationStmt>
             <sourceDesc>
                <biblStruct>
                   <analytic>
                      <author>Толстой Л.Н.</author>
                   </analytic>
                   <monogr>
                      <title level="m">Полное собрание сочинений. Том 72</title>
                      <imprint>
                         <pubPlace>Москва</pubPlace>
                         <publisher>Государственное издательство "Художественная литература"</publisher>
                         <date when="1933"/>
                      </imprint>
                   </monogr>
                   <series>
                      <title level="s">Л.Н. Толстой. Полное собрание сочинений</title>
                      <biblScope unit="vol">72</biblScope>
                   </series>
                </biblStruct>
				<bibl>Печатается по листам копировальной книги, хранящимся в AЧ. Местонахождение автографа неизвестно. Публикуется <hi style="opdelimiter">впервые.</hi><hi style="opnumber">102</hi></bibl>
             </sourceDesc>
          </fileDesc>
          <encodingDesc>
             <tagsDecl> </tagsDecl>
          </encodingDesc>
          <profileDesc>
             <correspDesc>
                <correspAction type="sending">
                   <persName ref="PersonList.xml#L_N_Tolstoy">Л. Н. Толстой</persName>
                   <placeName ref="PlacesListxml#PLACE">Москва</placeName>
                   <date when="1899-03-24">1899 г. Марта 24.</date>            </correspAction>
                <correspAction type="receiving">
                   <persName ref="PersonList.xml#RECEIVER">Духоборам, сосланным в Якутскую область.</persName>
                </correspAction>
                <correspContext>
                   <ref type="prev"/>
                </correspContext>
             </correspDesc>
          </profileDesc>
       </teiHeader>
       <xenoData><number type="in a volume">74</number></xenoData>

              <text xml:id="DuxoboramsoslannymvYAkutskuyuoblast_74">
	<body><div>
		<opener index="false">
* 74. Духоборам, сосланным в Якутскую область.
1899 г. Марта 24. Москва.</opener>
<p rend="left"><choice><reg>Друзьям</reg><orig>Друзьямъ</orig></choice> и <choice><reg>братьям</reg><orig>братьямъ</orig></choice>, <choice><reg>живущим</reg><orig>живущимъ</orig></choice> <choice><reg>в</reg><orig>въ</orig></choice> Якутской области.</p>
<p rend="left">Письмо это <choice><reg>передаст</reg><orig>передастъ</orig></choice> <choice><reg>вам</reg><orig>вамъ</orig></choice> <choice><reg>Врач</reg><orig>Врачъ</orig></choice> <choice><reg>Прокопий</reg><orig>Прокопiй</orig></choice> <choice><reg>Несторович</reg><orig>Несторовичъ</orig></choice> <choice><reg>Сокольников</reg><orig>Сокольниковъ</orig></choice>. <choice><reg>Он</reg><orig>Онъ</orig></choice> <choice><reg>взял</reg><orig>взялъ</orig></choice> на себя <choice><reg>труд</reg><orig>трудъ</orig></choice> сопутствовать <choice><reg>сестрам</reg><orig>сестрамъ</orig></choice>, <choice><reg>едущим</reg><orig>ѣдущимъ</orig></choice> <choice><reg>с</reg><orig>съ</orig></choice> Кавказа, и служить <choice><reg>им</reg><orig>имъ</orig></choice> дорогой. <choice><reg>Будем</reg><orig>Будемъ</orig></choice> ему благодарны за это.</p>
<p rend="left"><choice><reg>Нынешней</reg><orig>Нынѣшней</orig></choice> зимой я <choice><reg>послал</reg><orig>послалъ</orig></choice> на нужды <choice><reg>всех</reg><orig>всѣхъ</orig></choice> <choice><reg>Якутских</reg><orig>Якутскихъ</orig></choice> <choice><reg>братьев</reg><orig>братьевъ</orig></choice> 28 января 430 р. № 768 Земскому <choice><reg>заседателю</reg><orig>засѣдателю</orig></choice> Амгинскому. Получили ли вы эти <choice><reg>пожертвованные</reg><orig>пожертвованныя</orig></choice> добрыми людьми деньги?<hi>1</hi> Про <choice><reg>Канадских</reg><orig>Канадскихъ</orig></choice> <choice><reg>братьев</reg><orig>братьевъ</orig></choice> и про <choice><reg>Кипрских</reg><orig>Кипрскихъ</orig></choice> <choice><reg>расскажет</reg><orig>разскажетъ</orig></choice> <choice><reg>вам</reg><orig>вамъ</orig></choice> <choice><reg>Прокопий</reg><orig>Прокопiй</orig></choice> <choice><reg>Несторович</reg><orig>Несторовичъ</orig></choice>. О вашей же жизни я думаю <choice><reg>так</reg><orig>такъ</orig></choice>: Жить <choice><reg>вам</reg><orig>вамъ</orig></choice> надо по <choice><reg>пословице</reg><orig>пословицѣ</orig></choice>: и до <choice><reg>веку</reg><orig>вѣку</orig></choice> и до вечера. То есть работать и устраиваться <choice><reg>так</reg><orig>такъ</orig></choice>, <choice><reg>как</reg><orig>какъ</orig></choice> будто <choice><reg>вам</reg><orig>вамъ</orig></choice> <choice><reg>в</reg><orig>въ</orig></choice> Якутской области жить <choice><reg>вечно</reg><orig>вѣчно</orig></choice> и <choice><reg>вместе</reg><orig>вмѣстѣ</orig></choice> <choice><reg>с</reg><orig>съ</orig></choice> <choice><reg>тем</reg><orig>тѣмъ</orig></choice> быть готовыми всякую минуту <choice><reg>к</reg><orig>къ</orig></choice> той <choice><reg>перемене</reg><orig>перемѣнѣ</orig></choice> жизни, какую <choice><reg>определит</reg><orig>опредѣлитъ</orig></choice> <choice><reg>Бог</reg><orig>Богъ</orig></choice>, <choice><reg>будет</reg><orig>будетъ</orig></choice> ли эта <choice><reg>перемена</reg><orig>перемѣна</orig></choice> временная — <choice><reg>переезд</reg><orig>переѣздъ</orig></choice> <choice><reg>в</reg><orig>въ</orig></choice> Америку, или <choice><reg>вечная</reg><orig>вѣчная</orig></choice> — <choice><reg>переход</reg><orig>переходъ</orig></choice> <choice><reg>в</reg><orig>въ</orig></choice> жизнь загробную. <choice><reg>С</reg><orig>Съ</orig></choice> <choice><reg>Богом</reg><orig>Богомъ</orig></choice>, исполняя Его волю, жить <choice><reg>везде</reg><orig>вездѣ</orig></choice> хорошо, а <choice><reg>без</reg><orig>безъ</orig></choice> Него и <choice><reg>против</reg><orig>противъ</orig></choice> Его воли <choice><reg>везде</reg><orig>вездѣ</orig></choice> дурно.<hi>2</hi></p>
<p rend="left">О <choice><reg>том</reg><orig>томъ</orig></choice>, чтобы жизнь ваша облегчилась, и вы бы могли соединиться со <choice><reg>всеми</reg><orig>всѣми</orig></choice> братьями и <choice><reg>с</reg><orig>съ</orig></choice> <choice><reg>Петром</reg><orig>Петромъ</orig></choice> <choice><reg>Васильевичем</reg><orig>Васильевичемъ</orig></choice>,<hi>3</hi> друзья ваши не <choice><reg>перестают</reg><orig>перестаютъ</orig></choice> заботиться и <choice><reg>сделают</reg><orig>сдѣлаютъ</orig></choice>, чтò можно. А вы пока живите <choice><reg>как</reg><orig>какъ</orig></choice> можно лучше, т. е. <choice><reg>как</reg><orig>какъ</orig></choice> можно <choice><reg>любовнее</reg><orig>любовнѣе</orig></choice>, <choice><reg>без</reg><orig>безъ</orig></choice> <choice><reg>разделения</reg><orig>раздѣленiя</orig></choice> между собою и <choice><reg>в</reg><orig>въ</orig></choice> любви <choice><reg>с</reg><orig>съ</orig></choice> окружающими, и<hi>4</hi> мы <choice><reg>будем</reg><orig>будемъ</orig></choice> радоваться на <choice><reg>вас</reg><orig>васъ</orig></choice> и поучаться <choice><reg>от</reg><orig>отъ</orig></choice> <choice><reg>вас</reg><orig>васъ</orig></choice>, <choice><reg>как</reg><orig>какъ</orig></choice> до <choice><reg>сих</reg><orig>сихъ</orig></choice> <choice><reg>пор</reg><orig>поръ</orig></choice> радовались и поучались.</p>
<p rend="left">Братски <choice><reg>приветствую</reg><orig>привѣтствую</orig></choice> <choice><reg>всех</reg><orig>всѣхъ</orig></choice> <choice><reg>вас</reg><orig>васъ</orig></choice>, <choice><reg>братьев</reg><orig>братьевъ</orig></choice> и <choice><reg>сестер</reg><orig>сестеръ</orig></choice>.</p>
<p rend="right"><choice><reg>Лев</reg><orig>Левъ</orig></choice> Толстой.</p>
<p rend="left">24 Марта 1899.</p>
<comments><p rend="Textpetit_otstup left">Печатается по листам копировальной книги, хранящимся в AЧ. Местонахождение автографа неизвестно. Публикуется <hi style="opdelimiter">впервые.</hi><hi style="opnumber">102</hi></p>
<p rend="petit left"><hi style="npnumber">103</hi><hi style="npdelimiter">Поселение</hi> духоборов в Якутской области началось в 1896 г. До этого времени отказывавшиеся на призыве от воинской повинности молодые духоборы отбывали наказание в дисциплинарных батальонах. На основании высочайше утвержденного 5 августа 1896 г. постановления комитета министров они стали ссылаться на поселение в Якутскую область на восемнадцать лет. Первая партия, тридцать три человека, была отправлена 25 ноября 1896 г. из Екатериноградского дисциплинарного батальона во Владикавказскую тюрьму. 12 декабря, в ручных кандалах, партия отправилась в Сибирь через Тюмень, где зимовала, и прибыла 27 августа 1897 г. в Якутск, переправившись отсюда через с. Амгу на отведенный на р. Ноторе участок — Усть-Нотора, удаленный от жилья и дороги и очень неудобный для хлебопашества. Подвоз продовольствия был крайне затруднен. Почта доставлялась на ст. Амгинскую один раз в месяц, на Нотору доходила раз в два-три месяца. Поселились духоборы в большом, ими построенном доме. Жили преимущественно общиной, расходуя на каждого около пятнадцати рублей в месяц. Средства составлялись как из личных заработков (отхожие промыслы в город, с разрешения администрации), так и из пожертвований духоборов и посторонних лиц, преимущественно через Толстого. Сосланные надеялись на скорое возвращение из Сибири, а потому жены некоторых из них отправились вместе с духоборами в Канаду и на о. Кипр. Другие, оставшиеся в России, приехали к мужьям в Якутскую область: две женщины в январе 1899 г., в марте остальные. Прошение о переселении за границу было подано 28 декабря 1898 года. 18 мая 1899 г. был объявлен отказ. После этого жены якутских духоборов, уехавшие за границу, хлопотали о возвращении в Россию. Встретились большие затруднения, и Толстой писал об этом лично царю (<ref target="file:///Volume_72_NikolayuII_426.xml">см. письмо № 426</ref>). Отказывавшиеся от военной службы духоборы прибывали в Якутскую область каждый год. К 8 июля 1899 г. их было там вместе с женами и детьми 119 человек. В первое время духоборы жили общиной, но с 1899 г. община стала распадаться, и отдельные семьи вели самостоятельные хозяйства. Душевный строй сосланных духоборов со временем также очень понизился. В ссылке они пробыли до 1905 г. Разрешение на освобождение последовало 26 февраля 1905 г., телеграфное уведомление получено было в Якутске 19 марта. Духоборы переселились в Канаду. О якутских духоборах см. в журнале «Свободная мысль» 1899, 3 и 4; 1900, 1 и 2; в сборнике материалов «Духоборцы в дисциплинарном батальоне», изд. «Свободное слово», Christchurch, 1902; в книге П. И. Бирюкова «Духоборцы», изд. «Посредник», М. 1908; в журнале «Мир божий» 1899, 1, стр. 24—25 и 8, стр. 23—24; в журнале «Русское богатство» 1909, 2 и 3. (И. Бабякин, «Духоборы в Якутской ссылке»); в книге Влад. Бонч-Бруевича «Волнения в войсках и военные тюрьмы», первое изд. «Жизнь и знание», П. 1918, стр. 71—135, второе изд. «Коммунист», М. 1919, стр. 98—160; «Рассказ Васи Позднякова» в «Материалах к истории и изучению русского сектантства», вып. 3, изд. «Свободное слово», Женева, 1900 и в письмах Толстого 1896—1898 гг., тт. 69, 70 и 71.</p>
<p rend="petit left">Жены сосланных духоборов отправились с Кавказа в Якутскую область в середине марта 1899 года. 20 марта они выехали из Батума в <hi style="opdelimiter">Новороссийск.</hi><hi style="opnumber">103</hi> <hi style="npnumber">104</hi><hi style="npdelimiter">По</hi> получении этого известия, 22 марта, Толстой обратился к А. Д. Горемыкину (<ref target="file:///Volume_72_A.D.GoremykinuIrkutskomugeneral-gubernatoru_73.xml">см. письмо № 73</ref>) с просьбой об оказании им содействия в пути. День спустя, 24 марта, Толстой лично передал письмо для духоборов врачу Прокопию Нестеровичу Сокольникову, ехавшему к месту своей службы в Якутскую область и выразившему согласие сопровождать переселенцев. 26 марта Сокольников писал Толстому с дороги: «Я сегодня в Козлове встретил партию духоборческих жен в сорок один человек (двадцать пять женщин, один старик и пятнадцать детей от трех до пяти лет). Сопровождает их околоточный надзиратель Казимир Владимирович Высоцкий, которым партия очень довольна. Он, в свою очередь, отзывается с большим восторгом об этих женщинах. Они выехали из Тифлиса 18 марта, двадцать отправились из Батума на пароходе за половинную плату. Меня встретили с доверием и при произнесении Вашего имени переспрашивали: «Дедушка прислал?.. Да, да, знаем» [...] Маршрут их через Тамбов на Пензу, Челябинск и т. д. [...] В Козлове начальник дистанции и особенно его помощник г. Фреде приняли нас очень гостеприимно. Заказали для партии теплый постный обед, а детям роздали по яблоку и сдобному калачу». Сокольников отправился вперед по прямому билету, чтобы иметь возможность заехать в Томск, организовать там помощь для переселенцев и снова встретиться с ними на ст. Тайга. Местная и столичная печать уделяла внимание этому путешествию. В «Русских ведомостях» 1899, № 113 напечатано: «9 апреля по железной дороге прибыла в Красноярск из Тифлиса партия духоборов, состоящая из двадцати шести женщин, пятнадцати детей и одного старика, едущих в Якутскую область к своим мужьям. Партия едет до Иркутска по переселенческим билетам (по пониженному тарифу), а оттуда последует на местожительства этапным порядком на казенный счет. Духоборов сопровождает, по просьбе гр. Толстого, врач Сокольников — якут, кончивший курс в московском университете и назначенный на службу в Якутск. Г. Сокольников везет с собою духоборам открытое письмо гр. Л. Н. Толстого, в котором маститый писатель советует духоборам жить в мире и согласии и трудиться. В тот же день партия выехала на Иркутск». О П. Н. Сокольникове <ref target="file:///Volume_72_P.N.Sokolnikovu.._95.xml">см. письмо № 95</ref>.</p>
<p rend="Textpetit_otstup left"><hi>1</hi> Усть-Нотора входила в ведение земского заседателя 2-го участка, находившегося в с. Амге. Точных сведений о том, как были переданы эти деньги, в распоряжении редакции не имеется.</p>
<p rend="petit left"><hi>2</hi> Якутские духоборы ждали ответа на свое ходатайство о переселении в Канаду. Узнав о благополучном отъезде закавказских духоборов, они не сомневались в положительном решении их дела. Отказ был неожиданным. Духобор В. Ф. Шерстобитов писал родственникам в Канаду 12 июня 1899 г.: «Когда мы услышали эту печальную весть, то у нас пробежал по спине мороз, сердце сжалось, и с глаз покатились слезы горячей струей. Эх, господи боже наш! То-то стало тяжко и досадно жить на свете в таком несчастном положении без роду и племени на чужой дальней сторонушке, нет с кем даже и душу отвести. Эх, жизнь наша горемычная! Братья наши тоже были в таком положении, но теперь они хоть немного увидят отраду, благодаря приезду жен и детей. Теперь они без сомнения будут <hi style="opdelimiter">одеты,</hi><hi style="opnumber">104</hi> <hi style="npnumber">105</hi><hi style="npdelimiter">обшиты</hi> и обмыты и будут разделять вместе и горе и радость, хотя и не имеют родных семейств. Я же несчастный, с несколькими товарищами живем как нищие сироты, отвергнутые и презренные всем миром и не имеем причала ни к какому берегу. О, любезная моя нянюшка [мать], братцы, супруга и сестрицы! Вероятно, нам больше не придется иметь личного свидания на сем веке. Впрочем, как бог благословит, может быть, по окончании срока еще увидимся, если кто будет жив, а может быть и еще срок набавят или вовсе не отпустят» («Свободная мысль» 1899, 4, стр. 10.) Обвинительный акт о В. Ф. Шерстобитове опубликован в вып. 4 «Материалов к истории и изучению русского сектантства» — «Духоборцы в дисциплинарном батальоне», изд. «Свободное слово», Christchurch, 1902, стр. 48—50.</p>
<p rend="petit left"><hi>3</hi> Руководитель духоборов П. В. Веригин, находившийся в ссылке в с. Обдорске Тобольской губ. <ref target="file:///Volume_72_N.PotapovuiI.Veriginu_42.xml">См. письмо № 42</ref>.</p>
<p rend="petit left"><hi>4</hi> <hi>Зачеркнуто</hi>: все <choice><reg>будет</reg><orig>будетъ</orig></choice> хорошо. <choice><reg>Любящий</reg><orig>Любящiй</orig></choice> <choice><reg>брат</reg><orig>братъ</orig></choice> <choice><reg>Лев</reg><orig>Левъ</orig></choice> Толстой. 24 Марта 1899.</p>
<p rend="Textpetit_otstup left">В ответном письме от 8 июня 1899 г. якутские духоборы писали: «Добрый друг и брат Лев Николаевич! 1 июня мы получили Ваше письмо через врача Сокольникова, сопутствовавшего с сестрами, прибывшими сюда с Кавказа того же 1 июня. Чувствительно благодарим Вас за память и любовь к нам. Как хорошо говорите относительно нашей жизни [...] Много обязаны пред вами за Ваши хлопоты и содействия к нам, недостойным рабам; по своей бедности и скудости не в силе отблагодарить Вас. Да воздаст же Вам бог своею милостию. Дай бог Вам пожить и поработать на той почве, на которой Вы работаете, и которая впоследствии принесет много плода. Кого бы не увидели, все говорят о Вас и во многом соглашаются с Вашим мнением».</p>
</comments></div></body>
        </text>
        </TEI>