<?xml version='1.0' encoding='UTF-8' standalone='no'?>

<TEI xmlns="http://www.tei-c.org/ns/1.0">
       <teiHeader>
          <fileDesc>
             <titleStmt>
                <title>Письмо №* 239. Неизвестной (М. И.).</title>
             </titleStmt>
             <publicationStmt>
                <publisher>TolstoyLab</publisher>
                <date when="2015-09-14">14 September 2015</date>
             </publicationStmt>
             <sourceDesc>
                <biblStruct>
                   <analytic>
                      <author>Толстой Л.Н.</author>
                   </analytic>
                   <monogr>
                      <title level="m">Полное собрание сочинений. Том 81</title>
                      <imprint>
                         <pubPlace>Москва</pubPlace>
                         <publisher>Государственное издательство "Художественная литература"</publisher>
                         <date when="1956"/>
                      </imprint>
                   </monogr>
                   <series>
                      <title level="s">Л.Н. Толстой. Полное собрание сочинений</title>
                      <biblScope unit="vol">81</biblScope>
                   </series>
                </biblStruct>
				<bibl>Печатается по копии, сверенной с черновиком-автографом, написанным чернилами на конверте письма М. И. Дата 26 марта определяется копией; на конверте помета об ответе Толстого 27 марта.</bibl>
             </sourceDesc>
          </fileDesc>
          <encodingDesc>
             <tagsDecl> </tagsDecl>
          </encodingDesc>
          <profileDesc>
             <correspDesc>
                <correspAction type="sending">
                   <persName ref="PersonList.xml#L_N_Tolstoy">Л. Н. Толстой</persName>
                   <placeName ref="PlacesListxml#PLACE">Ясная Поляна</placeName>
                   <date from="1910-03-26" to="1910-03-27">1910 г. Марта 26 — 27</date>            </correspAction>
                <correspAction type="receiving">
                   <persName ref="PersonList.xml#RECEIVER">Неизвестной (М. И.).</persName>
                </correspAction>
                <correspContext>
                   <ref type="prev"/>
                </correspContext>
             </correspDesc>
          </profileDesc>
       </teiHeader>
       <xenoData><number type="in a volume">239</number></xenoData>

       <text xml:id="NeizvestnojM.I._239">
	<body><div>
		<opener index="false">
* 239. Неизвестной (М. И.).
1910 г. Марта 26—27. Я. П.
</opener><p rend="left">Любовь только тогда любовь и только тогда несет с собой свойственное ей благо, когда тот, кто любит, не думает об ее выгодных или приятных для себя последствиях.</p>
<p rend="left">Любовь такая не приходит сама собой и не дается даром. Ей надо учиться, главное же, для того, чтобы познать эту любовь к людям, надо познать, как сказал Христос (Мф. ст. 36—40), любить бога, т. е. высшее совершенство, и стремиться к нему.</p>
<p rend="left">26-го марта 10 г.</p>
<p rend="left">Ясная Поляна.</p>
<comments><p rend="Textpetit_otstup left">Печатается по копии, сверенной с черновиком-автографом, написанным чернилами на конверте письма М. И. Дата 26 марта определяется копией; на конверте помета об ответе Толстого 27 марта.</p>
<p rend="petit left">Неизвестная, подписавшаяся в своем письме инициалами «М. И.», в письме из Почепа Черниговской губ., писала Толстому, что она всегда стремилась делать все для людей «забывая себя», теперь «пришла к полному отчаянию и к сознанию бесполезности прожитой жизни». Она просила Толстого поддержать ее.</p>
</comments></div></body>
        </text>
        </TEI>