<?xml version='1.0' encoding='UTF-8' standalone='no'?>

<TEI xmlns="http://www.tei-c.org/ns/1.0">
       <teiHeader>
          <fileDesc>
             <titleStmt>
                <title>Письмо №336. Рабочим Ярцевской мануфактуры.</title>
             </titleStmt>
             <publicationStmt>
                <publisher>TolstoyLab</publisher>
                <date when="2015-09-14">14 September 2015</date>
             </publicationStmt>
             <sourceDesc>
                <biblStruct>
                   <analytic>
                      <author>Толстой Л.Н.</author>
                   </analytic>
                   <monogr>
                      <title level="m">Полное собрание сочинений. Том 77</title>
                      <imprint>
                         <pubPlace>Москва</pubPlace>
                         <publisher>Государственное издательство "Художественная литература"</publisher>
                         <date when="1956"/>
                      </imprint>
                   </monogr>
                   <series>
                      <title level="s">Л.Н. Толстой. Полное собрание сочинений</title>
                      <biblScope unit="vol">77</biblScope>
                   </series>
                </biblStruct>
				<bibl>Печатается по копии рукой Н. Н. Гусева, вклеенной в копировальную книгу № 8, л. 48. Впервые опубликовано в книге Н. Н. Гусева «Два года с Л. Н. Толстым», M. 1912, стр. <hi style="opdelimiter">61.</hi><hi style="opnumber">276</hi></bibl>
             </sourceDesc>
          </fileDesc>
          <encodingDesc>
             <tagsDecl> </tagsDecl>
          </encodingDesc>
          <profileDesc>
             <correspDesc>
                <correspAction type="sending">
                   <persName ref="PersonList.xml#L_N_Tolstoy">Л. Н. Толстой</persName>
                   <placeName ref="PlacesListxml#PLACE">Ясная Поляна</placeName>
                   <date when="1907-12-30">1907 г. Декабря 30.</date>            </correspAction>
                <correspAction type="receiving">
                   <persName ref="PersonList.xml#RECEIVER">Рабочим Ярцевской мануфактуры.</persName>
                </correspAction>
                <correspContext>
                   <ref type="prev"/>
                </correspContext>
             </correspDesc>
          </profileDesc>
       </teiHeader>
       <xenoData><number type="in a volume">336</number></xenoData>

              <text xml:id="RabochimYArcevskojmanufaktury_336">
	<body><div>
		<opener index="false">
336. Рабочим Ярцевской мануфактуры.
1907 г. Декабря 30. Я. П.</opener>
<p rend="left">Любезные друзья и братья, мне очень приятно было получить ваше письмо, потому что из него вижу, что вас занимают самые важные вопросы на свете, а именно как жить, чтобы исполнить волю <hi>того,</hi> кто послал нас в мир. Еще будет радостнее мне, если книги, какие посылаю вам, ответят вам на ваши вопросы. Я верю в то, что высказано в этих книгах: «Христианское учение» и «Евангелие», и, стараясь жить по этому учению, чем больше живу и приближаюсь к смерти, тем больше чувствую радости и спокойствия.</p>
<p rend="right">Брат ваш Лев Толстой.</p>
<p rend="left">30 дек. 1907.</p>
<comments><p rend="Textpetit_otstup left">Печатается по копии рукой Н. Н. Гусева, вклеенной в копировальную книгу № 8, л. 48. Впервые опубликовано в книге Н. Н. Гусева «Два года с Л. Н. Толстым», M. 1912, стр. <hi style="opdelimiter">61.</hi><hi style="opnumber">276</hi></p>
<p rend="petit left"><hi style="npnumber">277</hi><hi style="npdelimiter">В</hi> письме от 28 декабря 1907 г. группа рабочих Ярцевской мануфактуры (фабрика Хлудова в Ярцеве Смоленской губ.) просила Толстого разрешить «тяжелые вопросы, особенно религии», «чем иным заменить таинства и как принимать их в действии» (написано малограмотно).</p>
</comments></div></body>
        </text>
        </TEI>