<?xml version='1.0' encoding='UTF-8' standalone='no'?>

<TEI xmlns="http://www.tei-c.org/ns/1.0">
       <teiHeader>
          <fileDesc>
             <titleStmt>
                <title>Письмо №* 34. Коханенко.</title>
             </titleStmt>
             <publicationStmt>
                <publisher>TolstoyLab</publisher>
                <date when="2015-09-14">14 September 2015</date>
             </publicationStmt>
             <sourceDesc>
                <biblStruct>
                   <analytic>
                      <author>Толстой Л.Н.</author>
                   </analytic>
                   <monogr>
                      <title level="m">Полное собрание сочинений. Том 73</title>
                      <imprint>
                         <pubPlace>Москва</pubPlace>
                         <publisher>Государственное издательство "Художественная литература"</publisher>
                         <date when="1954"/>
                      </imprint>
                   </monogr>
                   <series>
                      <title level="s">Л.Н. Толстой. Полное собрание сочинений</title>
                      <biblScope unit="vol">73</biblScope>
                   </series>
                </biblStruct>
				<bibl>Печатается по копировальной книге № 4, л. 24.</bibl>
             </sourceDesc>
          </fileDesc>
          <encodingDesc>
             <tagsDecl> </tagsDecl>
          </encodingDesc>
          <profileDesc>
             <correspDesc>
                <correspAction type="sending">
                   <persName ref="PersonList.xml#L_N_Tolstoy">Л. Н. Толстой</persName>
                   <placeName ref="PlacesListxml#PLACE">Москва</placeName>
                   <date when="1901-02-20">1901 г. Февраля 20.</date>            </correspAction>
                <correspAction type="receiving">
                   <persName ref="PersonList.xml#RECEIVER">Коханенко.</persName>
                </correspAction>
                <correspContext>
                   <ref type="prev"/>
                </correspContext>
             </correspDesc>
          </profileDesc>
       </teiHeader>
       <xenoData><number type="in a volume">34</number></xenoData>

              <text xml:id="Koxanenko_34">
	<body><div>
		<opener index="false">
* 34. Коханенко.
1901 г. Февраля 20. Москва.
</opener>
<p rend="Obrashenie left">Любезный брат,</p>
<p rend="left">Вы мне задаете столько вопросов и такие важные, что ответить на них письмом нельзя. Что я думаю об этом, я писал в своих книжках. Прислать вам их не могу. Посылаю вам одну статейку и советую сделать то, что в ней говорится.</p>
<p rend="left">На все же ваши вопросы дам один главный ответ. Не верьте преданиям человеческим, не верьте чудесам. Чудес никогда не было и нет. Есть одно чудо: это то, что в человеке живет дух божий. В это одно надо верить и верить в то, что говорит каждому из нас живущий в нас дух божий. А говорит он то, что во всех нас один и тот же дух и нам в этой жизни надо соединяться любовью и что эта любовная жизнь не кончится с нашей смертью.</p>
<p rend="right">Лев Толстой.</p>
<p rend="left">20 февр. 1901.</p>
<comments><p rend="Textpetit_otstup left">Печатается по копировальной книге № 4, л. 24.</p>
<p rend="petit left">Письмо Коханенко, на которое отвечает Толстой, неизвестно. Биографические сведения об адресате также не найдены.</p>
<p rend="emptyline left"><hi style="opnumber">38</hi> <hi style="npnumber">39</hi></p>
</comments></div></body>
        </text>
        </TEI>