<?xml version='1.0' encoding='UTF-8' standalone='no'?>

<TEI xmlns="http://www.tei-c.org/ns/1.0">
       <teiHeader>
          <fileDesc>
             <titleStmt>
                <title>Письмо №* 336. Редакции газеты «Русское слово».</title>
             </titleStmt>
             <publicationStmt>
                <publisher>TolstoyLab</publisher>
                <date when="2015-09-14">14 September 2015</date>
             </publicationStmt>
             <sourceDesc>
                <biblStruct>
                   <analytic>
                      <author>Толстой Л.Н.</author>
                   </analytic>
                   <monogr>
                      <title level="m">Полное собрание сочинений. Том 81</title>
                      <imprint>
                         <pubPlace>Москва</pubPlace>
                         <publisher>Государственное издательство "Художественная литература"</publisher>
                         <date when="1956"/>
                      </imprint>
                   </monogr>
                   <series>
                      <title level="s">Л.Н. Толстой. Полное собрание сочинений</title>
                      <biblScope unit="vol">81</biblScope>
                   </series>
                </biblStruct>
             </sourceDesc>
          </fileDesc>
          <encodingDesc>
             <tagsDecl> </tagsDecl>
          </encodingDesc>
          <profileDesc>
             <correspDesc>
                <correspAction type="sending">
                   <persName ref="PersonList.xml#L_N_Tolstoy">Л. Н. Толстой</persName>
                   <placeName ref="PlacesListxml#PLACE">Ясная Поляна</placeName>
                   <date when="1910-04-29">1910 г. Апреля 29.</date>            </correspAction>
                <correspAction type="receiving">
                   <persName ref="PersonList.xml#RECEIVER">Редакции газеты «Русское слово».</persName>
                </correspAction>
                <correspContext>
                   <ref type="prev"/>
                </correspContext>
             </correspDesc>
          </profileDesc>
       </teiHeader>
       <xenoData><number type="in a volume">336</number></xenoData>

       <text xml:id="RedakciigazetyRusskoeslovo_336">
	<body><div>
		<opener index="false">
* 336. Редакции газеты «Русское слово».
1910 г. Апреля 29. Я. П.</opener>
<p rend="left">С согласия автора письма,<note xml:id="note1" resp="volume_editor" index="false"> А. П. Тишковой. <ref target="file:///Volume_81_A.P.Tishkovoj_339.xml">См. письмо № 339</ref>.</note> пересылаю Вам его для напечатания в Вашей газете. Рассказ о жизни и впечатлениях этой крестьянской девушки мне кажется очень замечательным: и по своей искренности, простоте и очевидной правдивости и в особенности потому, что ясно выражает ту совершившуюся в крестьянском рабочем населении за последнее время перемену, заключающуюся в живом сознании несправедливости своего положения. Как ни стараются люди властвующих классов скрыть от себя, заглушить в себе сознание несправедливости своего положения, такие рассказы, как рассказ этой крестьянской девушки, неотразимо должны вызывать это сознание. В рассказе этом испытываемая миллионами людей несправедливость своего положения представляется как что-то совершенно новое и никому неизвестное.</p>
<p rend="left">Думаю поэтому, что напечатание этого рассказа может быть полезным.</p>
<p rend="right">Лев Толстой.</p>
<p rend="left">Ясная Поляна</p>
<p rend="left">29 апреля 1910 года.</p>
<comments><p rend="Textpetit_otstup left">Отрывок письма был опубликован в воспоминаниях С. П. Спиро «Беседы с Л. Н. Толстым (1909 и 1910 гг.)», М. 1911, стр. 69. Письмо это именуется в ЯЗ, в Дневнике В. Ф. Булгакова, стр. 177, и С. П. Спиро в вышеупомянутых воспоминаниях «предисловием» к письму А. П. <hi style="opdelimiter">Тишковой</hi><hi style="opnumber">262</hi> <hi style="npnumber">263</hi><hi style="npdelimiter">к</hi> Толстому. Оно было лично передано Толстым корреспонденту газеты «Русское слово» С. П. Спиро 30 апреля 1910 г., но опубликовано не было.</p>
<p rend="Textpetit_otstup left"><hi>1</hi> А. П. Тишковой. <ref target="file:///Volume_81_A.P.Tishkovoj_339.xml">См. письмо № 339</ref>.</p>
</comments></div></body>
        </text>
        </TEI>