<?xml version='1.0' encoding='UTF-8' standalone='no'?>

<TEI xmlns="http://www.tei-c.org/ns/1.0">
       <teiHeader>
          <fileDesc>
             <titleStmt>
                <title>Письмо №92. В редакцию «Миссионерского обозрения».</title>
             </titleStmt>
             <publicationStmt>
                <publisher>TolstoyLab</publisher>
                <date when="2015-09-14">14 September 2015</date>
             </publicationStmt>
             <sourceDesc>
                <biblStruct>
                   <analytic>
                      <author>Толстой Л.Н.</author>
                   </analytic>
                   <monogr>
                      <title level="m">Полное собрание сочинений. Том 73</title>
                      <imprint>
                         <pubPlace>Москва</pubPlace>
                         <publisher>Государственное издательство "Художественная литература"</publisher>
                         <date when="1954"/>
                      </imprint>
                   </monogr>
                   <series>
                      <title level="s">Л.Н. Толстой. Полное собрание сочинений</title>
                      <biblScope unit="vol">73</biblScope>
                   </series>
                </biblStruct>
             </sourceDesc>
          </fileDesc>
          <encodingDesc>
             <tagsDecl> </tagsDecl>
          </encodingDesc>
          <profileDesc>
             <correspDesc>
                <correspAction type="sending">
                   <persName ref="PersonList.xml#L_N_Tolstoy">Л. Н. Толстой</persName>
                   <placeName ref="PlacesListxml#PLACE">Ясная Поляна</placeName>
                   <date when="1901-05-23">1901 г. Мая 23.</date>            </correspAction>
                <correspAction type="receiving">
                   <persName ref="PersonList.xml#RECEIVER">В редакцию «Миссионерского обозрения».</persName>
                </correspAction>
                <correspContext>
                   <ref type="prev">Ответ написан мною. Жалею, не мог напечатать.</ref>
                </correspContext>
             </correspDesc>
          </profileDesc>
       </teiHeader>
       <xenoData><number type="in a volume">92</number></xenoData>

              <text xml:id="VredakciyuMissionerskogoobozreniya._92">
	<body><div>
		<opener index="false">
92. В редакцию «Миссионерского обозрения».
1901 г. Мая 23. Я. П.
</opener><p rend="left">Ответ написан мною. Жалею, не мог напечатать.</p>
<p rend="right">Толстой.</p>
<p rend="emptyline left"><hi style="opnumber">81</hi> <hi style="npnumber">82</hi></p>
<comments><p rend="Textpetit_otstup left">Телеграмма. Перепечатывается из журнала «Миссионерское обозрение», 1901, июнь, стр. 800, где впервые опубликована. Дата проставлена там же.</p>
<p rend="petit left">Церковный официоз «Миссионерское обозрение» в июньском номере журнала напечатал «Ответ синоду» (с пропуском ста «кощунственных» слов), снабдив его вступительной статьей и комментарием. Чтобы доказать, всю «чудовищность» «Новой исповеди гр. Л. Н. Толстого», редакция сделала вид, будто она не допускает мысли, что ответ в такой форме может принадлежать Толстому. Заведующий редакцией 20 мая послал провокационную телеграмму с оплаченным ответом: «Желательно убедиться, действительно ли писали вы, Лев Николаевич, ответ на постановление св. синода об отлучении вас от церкви, помеченный 4 апреля».</p>
</comments></div></body>
        </text>
        </TEI>