<?xml version='1.0' encoding='UTF-8' standalone='no'?>

<TEI xmlns="http://www.tei-c.org/ns/1.0">
       <teiHeader>
          <fileDesc>
             <titleStmt>
                <title>Письмо №* 35. Неизвестному (А. А.).</title>
             </titleStmt>
             <publicationStmt>
                <publisher>TolstoyLab</publisher>
                <date when="2015-09-14">14 September 2015</date>
             </publicationStmt>
             <sourceDesc>
                <biblStruct>
                   <analytic>
                      <author>Толстой Л.Н.</author>
                   </analytic>
                   <monogr>
                      <title level="m">Полное собрание сочинений. Том 78</title>
                      <imprint>
                         <pubPlace>Москва</pubPlace>
                         <publisher>Государственное издательство "Художественная литература"</publisher>
                         <date when="1956"/>
                      </imprint>
                   </monogr>
                   <series>
                      <title level="s">Л.Н. Толстой. Полное собрание сочинений</title>
                      <biblScope unit="vol">78</biblScope>
                   </series>
                </biblStruct>
             </sourceDesc>
          </fileDesc>
          <encodingDesc>
             <tagsDecl> </tagsDecl>
          </encodingDesc>
          <profileDesc>
             <correspDesc>
                <correspAction type="sending">
                   <persName ref="PersonList.xml#L_N_Tolstoy">Л. Н. Толстой</persName>
                   <placeName ref="PlacesListxml#PLACE">Ясная Поляна</placeName>
                   <date when="1908-02-03">1908 г. Февраля 3.</date>            </correspAction>
                <correspAction type="receiving">
                   <persName ref="PersonList.xml#RECEIVER">Неизвестному (А. А.).</persName>
                </correspAction>
                <correspContext>
                   <ref type="prev"/>
                </correspContext>
             </correspDesc>
          </profileDesc>
       </teiHeader>
       <xenoData><number type="in a volume">35</number></xenoData>

              <text xml:id="NeizvestnomuA.A._35">
	<body><div>
		<opener index="false">
* 35. Неизвестному (А. А.).
1908 г. Февраля 3. Я. П.</opener>
<p rend="left">Ответ мой на оба первые ваши вопроса один и тот же: причина зла в мире — недостаток разумной и понятной религии, в которую все могли бы верить. На третий ваш вопрос не отвечаю, потому что он для меня непонятен.</p>
<p rend="right">Лев Толстой.</p>
<p rend="left">3 февр. <hi style="opdelimiter">1908.</hi><hi style="opnumber">48</hi></p>
<comments><p rend="Textpetit_otstup left"><hi style="npnumber">49</hi><hi style="npdelimiter">Печатается</hi> по копировальной книге № 8, л. 112, куда вклеена рукописная копия H. Н. Гуссва. Продиктовано в фонограф.</p>
<p rend="petit left">В письме от 26 января 1908 г. А. А. (адрес: Петербург, до востребования) поставил перед Толстым три вопроса: «1. Что, по вашему мнению, еще отсутствует у человечества для того, чтобы люди жили на свете более мирно, справедливо, благоразумно, не нуждаясь в самом необходимом, и вообще более нормально? 2. Какая общая причина всех зол у человечества? 3. Какое научное значение имело, имеет и впредь, надо надеяться, будет иметь для человечества открытие Америки?»</p>
</comments></div></body>
        </text>
        </TEI>