<?xml version='1.0' encoding='UTF-8' standalone='no'?>

<TEI xmlns="http://www.tei-c.org/ns/1.0">
       <teiHeader>
          <fileDesc>
             <titleStmt>
                <title>Письмо №82. В редакции иностранных газет.</title>
             </titleStmt>
             <publicationStmt>
                <publisher>TolstoyLab</publisher>
                <date when="2015-09-14">14 September 2015</date>
             </publicationStmt>
             <sourceDesc>
                <biblStruct>
                   <analytic>
                      <author>Толстой Л.Н.</author>
                   </analytic>
                   <monogr>
                      <title level="m">Полное собрание сочинений. Том 72</title>
                      <imprint>
                         <pubPlace>Москва</pubPlace>
                         <publisher>Государственное издательство "Художественная литература"</publisher>
                         <date when="1933"/>
                      </imprint>
                   </monogr>
                   <series>
                      <title level="s">Л.Н. Толстой. Полное собрание сочинений</title>
                      <biblScope unit="vol">72</biblScope>
                   </series>
                </biblStruct>
				<bibl>Печатается по машинописной копии, хранящейся в AЧ. Местонахождение подлинника неизвестно. Впервые опубликовано в 1899 г. во многих иностранных газетах.</bibl>
             </sourceDesc>
          </fileDesc>
          <encodingDesc>
             <tagsDecl> </tagsDecl>
          </encodingDesc>
          <profileDesc>
             <correspDesc>
                <correspAction type="sending">
                   <persName ref="PersonList.xml#L_N_Tolstoy">Л. Н. Толстой</persName>
                   <placeName ref="PlacesListxml#PLACE">Москва</placeName>
                   <date when="1899-04-03">1899 г. Апреля 3.</date>            </correspAction>
                <correspAction type="receiving">
                   <persName ref="PersonList.xml#RECEIVER">В редакции иностранных газет.</persName>
                </correspAction>
                <correspContext>
                   <ref type="prev"/>
                </correspContext>
             </correspDesc>
          </profileDesc>
       </teiHeader>
       <xenoData><number type="in a volume">82</number></xenoData>

              <text xml:id="Vredakciiinostrannyxgazet......_82">
	<body><div>
		<opener index="false">
82. В редакции иностранных газет.
1899 г. Апреля 3. Москва.</opener>
<p rend="left"><choice><reg>Сим</reg><orig>Симъ</orig></choice> <choice><reg>удостоверяю</reg><orig>удостовѣряю</orig></choice>, что <choice><reg>издание</reg><orig>изданiе</orig></choice> моего романа «<choice><reg>Воскресение</reg><orig>Воскресенiе</orig></choice>», <choice><reg>в</reg><orig>въ</orig></choice> настоящее время выпускаемое <choice><reg>в</reg><orig>въ</orig></choice> <choice><reg>Англии</reg><orig>Англiи</orig></choice> по-русски В. <choice><reg>Чертковым</reg><orig>Чертковымъ</orig></choice>, печатается по самой полной, неискаженной цензурой и окончательно исправленной мною <choice><reg>версии</reg><orig>версiи</orig></choice>, которую я ему доставляю для этой <choice><reg>цели</reg><orig>цѣли</orig></choice>, равно <choice><reg>как</reg><orig>какъ</orig></choice> и для <choice><reg>издания</reg><orig>изданiя</orig></choice> <choice><reg>в</reg><orig>въ</orig></choice> <choice><reg>переводах</reg><orig>переводахъ</orig></choice> на <choice><reg>различных</reg><orig>различныхъ</orig></choice> <choice><reg>языках</reg><orig>языкахъ</orig></choice>. При <choice><reg>этом</reg><orig>этомъ</orig></choice>, во <choice><reg>избежание</reg><orig>избѣжанiе</orig></choice> <choice><reg>всяких</reg><orig>всякихъ</orig></choice> <choice><reg>могущих</reg><orig>могущихъ</orig></choice> возникнуть <choice><reg>недоразумений</reg><orig>недоразумѣнiй</orig></choice>, считаю <choice><reg>необходимым</reg><orig>необходимымъ</orig></choice> прибавить, что <choice><reg>друг</reg><orig>другъ</orig></choice> мой В. <choice><reg>Чертков</reg><orig>Чертковъ</orig></choice> <choice><reg>без</reg><orig>безъ</orig></choice> всякой личной для себя выгоды и единственно <choice><reg>из</reg><orig>изъ</orig></choice> <choice><reg>желания</reg><orig>желанiя</orig></choice> <choice><reg>содействовать</reg><orig>содѣйствовать</orig></choice> <choice><reg>распространению</reg><orig>распространенiю</orig></choice> <choice><reg>моих</reg><orig>моихъ</orig></choice> <choice><reg>писаний</reg><orig>писанiй</orig></choice> <choice><reg>в</reg><orig>въ</orig></choice> <choice><reg>самом</reg><orig>самомъ</orig></choice> <choice><reg>верном</reg><orig>вѣрномъ</orig></choice> <choice><reg>неискаженном</reg><orig>неискаженномъ</orig></choice> <choice><reg>их</reg><orig>ихъ</orig></choice> виде любезно <choice><reg>взял</reg><orig>взялъ</orig></choice> на себя посредничество между мною и <choice><reg>теми</reg><orig>тѣми</orig></choice> заграничными издателями, которые <choice><reg>желают</reg><orig>желаютъ</orig></choice> пользоваться <choice><reg>вернейшими</reg><orig>вѣрнѣйшими</orig></choice> подлинниками для выпуска <choice><reg>первого</reg><orig>перваго</orig></choice> <choice><reg>издания</reg><orig>изданiя</orig></choice> <choice><reg>моих</reg><orig>моихъ</orig></choice> <choice><reg>писаний</reg><orig>писанiй</orig></choice>. Поэтому прошу <choice><reg>смотреть</reg><orig>смотрѣть</orig></choice> на В. Черткова <choice><reg>как</reg><orig>какъ</orig></choice> на <choice><reg>непосредственного</reg><orig>непосредственнаго</orig></choice> моего <choice><reg>уполномоченного</reg><orig>уполномоченнаго</orig></choice> <choice><reg>в</reg><orig>въ</orig></choice> <choice><reg>этом</reg><orig>этомъ</orig></choice> <choice><reg>деле</reg><orig>дѣлѣ</orig></choice>, пользующегося <choice><reg>моим</reg><orig>моимъ</orig></choice> <choice><reg>полным</reg><orig>полнымъ</orig></choice> <choice><reg>доверием</reg><orig>довѣрiемъ</orig></choice>, и относиться ко <choice><reg>всяким</reg><orig>всякимъ</orig></choice> относящимся <choice><reg>к</reg><orig>къ</orig></choice> этому <choice><reg>делу</reg><orig>дѣлу</orig></choice> его <hi style="opdelimiter"><choice><reg>заявлениям</reg><orig>заявленiямъ</orig></choice></hi><hi style="opnumber">110</hi> <hi style="npnumber">111</hi><hi style="npdelimiter">и</hi> <choice><reg>объяснениям</reg><orig>объясненiямъ</orig></choice> <choice><reg>как</reg><orig>какъ</orig></choice> <choice><reg>к</reg><orig>къ</orig></choice> безусловно <choice><reg>достоверным</reg><orig>достовѣрнымъ</orig></choice> и <choice><reg>точным</reg><orig>точнымъ</orig></choice>.</p>
<p rend="right"><choice><reg>Лев</reg><orig>Левъ</orig></choice> Толстой.</p>
<p rend="left">Москва, 3 <choice><reg>апреля</reg><orig>апрѣля</orig></choice> 1899 г.</p>
<comments><p rend="Textpetit_otstup left">Печатается по машинописной копии, хранящейся в AЧ. Местонахождение подлинника неизвестно. Впервые опубликовано в 1899 г. во многих иностранных газетах.</p>
<p rend="petit left">Заявление было составлено В. Г. Чертковым и подписано Толстым. Вызвано оно теми осложнениями, которые возникли в связи с заявлением А. Ф. Маркса в иностранной прессе (<ref target="file:///Volume_72_A.F.Marksu_58.xml">см. письмо № 58</ref>). В. Г. Чертков писал Толстому 13 апреля н. ст. 1899 г.: «Я никаких заявлений и писем <hi>по своей инициативе</hi> в газеты не писал о том, что моя версия романа будет самая полная. Но когда другие переводчики и издатели немецкие стали заявлять в газетах, чтò <hi>их</hi> перевод, взятый из «Нивы», будет самый точный и полный, и когда немецкий издатель моей версии <hi>попросил</hi> меня печатно заявить то, чтò ему было мною сообщено частным образом при приобретении им у меня моей версии, а именно, что она единственная полная, а в «Ниве» сокращена цензурой, и когда он мне сообщил, что в противном случае он не может не считать себя подведенным в этом деле, то я счел себя <hi>нравственно</hi> обязанным исполнить его просьбу, тем более, что такое мое заявление в заграничной печати не могло нисколько повредить <hi>русскому </hi>изданию Маркса и могло только повредить каким-либо его сделкам с заграничными издателями переводов из «Нивы», между тем как он <hi>обязался </hi>нам не высылать за границу корректур для перевода. Оказалось именно последнее, что пострадало от моего заявления не издание «Нивы», а то немецкое параллельное издание перевода из «Нивы», которое хотели выдать за единственное верное и полное в ущерб действительно единственному полному того издателя, который приобрел право у меня. Очевидно также из прилагаемых писем Маркса в немецкие газеты, что он был заинтересован в этом <hi>обмане</hi>, который <hi>тем более</hi> необходимо было разоблачить, чтобы отстоять вполне, наоборот, нравственно законные интересы обратившегося за моим заступничеством издателя моей версии. Теперь я получаю от различных издателей из разных стран (в том числе и от английских), с которыми я нахожусь в постоянных сношениях по изданию ваших писаний, недоумевающие письма с вырезками прилагаемого второго письма Маркса в немецкие газеты, в котором он подтверждает свой обман, ссылаясь на письма и телеграммы, полученные им от вас, и утверждая, что вы сами довольны и <hi>одобряете цензурные измышления и выпуски,</hi> что <hi>моя</hi> версия <hi>не есть</hi> самая верная, окончательно вами одобренная, и что ни я, ни мои переводчики и издатели <hi>не пользуются вашим доверием</hi> в моем посредничестве и их сотрудничестве в этом деле. Если бы дело касалось лично меня только, то я не считал бы нужным даже отвечать на всё это сплетение лжи, принимающее характер самого грубого шантажа, но, как посредствующий агент между вами и многими переводчиками и издателями ваших писаний в разных странах, я не могу это оставить без опровержения и вместе с тем продолжать вести все дело издания за границей ваших писаний. Здесь, во всех странах, так принято, <hi style="opdelimiter">что</hi><hi style="opnumber">111</hi> <hi style="npnumber">112</hi><hi style="npdelimiter">если</hi> печатные заявления, подобно этому письму Маркса обо мне, оставляются без возражения, то значит опровергнуть их нет возможности, и они справедливы. Бросить мое участие в издании верных версий ваших писаний я, скажу вам откровенно, не хотел бы; и это не только по моим личным чувствам (я действительно привязался душой к этому делу, которое веду, как умею, вот уже, кажется, более пятнадцати лет, и дело это связывает меня внешним, земным образом с вами и вашими писаниями, к чему я также сердцем привык), но кроме того, и главное, я чувствую и вижу, что если не будет лица, которое будет получать от вас, хранить, издавать за границей по-русски и передавать иностранным издателям верные, полные и окончательно вами исправленные версии ваших писаний, получаемых ими непосредственно от вас, то очень скоро эти верные версии пропадут для человечества и будут заменены исковерканными русскою цензурою и иностранными издателями (ради «приличия» и выигрыша места) версиями. Ведь полная коллекция всех ваших писаний последнего периода в полной, самой точной редакции имеется на свете у одного только меня по той простой причине, что никто на свете так не дорожит каждой вашей строчкой и так свято не хранил всё написанное вами, как я. А теперь в особенности, живя за границей, вне опасности русских обысков и секвестраций, мне кажется, что я тем более самое уместное лицо для ведения этого дела, и, в интересах всех интересующихся теперь и в будущем вашими писаниями, я хотел бы продолжать его вести. Но для этого было бы необходимо <hi>реабилитировать</hi> ваше доверие ко мне в этом отношении в глазах всех издателей и переводчиков, с которыми я имею дела, так как для того, чтобы продолжать пользоваться их доверием, необходимо, чтобы они знали, что я пользуюсь вашим, и что утверждения (печатные) Маркса, что я не пользуюсь вашим доверием, и что списки мои <hi>не</hi> самые верные — ошибочно. Для этого же необходимо, чтобы вы меня снабдили маленькою доверенностью, подписанною теперешним числом. Я составил таковую, которую и прилагаю. В ней я нарочно, чтобы избежать всяких неприятностей для вас со стороны Маркса и сохранить должное достоинство наше по отношению к нему, избежал всякой полемики с ним и обошел полным молчанием все его клеветы. То, чтò сказано в этой доверенности, есть, притом, как мне кажется, не более как самая точная правда, которая должна рассеять всякую распускаемую по этому делу ложь всеми теми (а их много и будет еще больше), которые хотят эксплоатировать недобросовестно ваши писания. Так вот, if you see your way to do so [если вы находите возможным сделать это], подпишите это заявление, проставьте город и число и пришлите его мне. Я же в своих объяснениях по поводу ваших писаний, если придется их давать печатно (чего буду всегда избегать до последней крайности), буду, как вы знаете, говорить одну только правду и прилагая ту осторожность и тот такт, на которые я только способен». О неприятностях с переводами сообщали Толстому и посторонние корреспонденты. Владимир Чумиков, предпринявший в Лейпциге перевод статьи «Что такое искусство?», по этому поводу писал Толстому 18 апреля 1899 г.: «Я не считаю справедливым скрыть от Вас, что в настоящий именно момент в этом отношении могут представиться некоторые серьезные затруднения вследствие до сих пор еще не разъясненного инцидента с переводом вашего <hi style="opdelimiter">последнего</hi><hi style="opnumber">112</hi> <hi style="npnumber">113</hi><hi style="npdelimiter">сочинения</hi> «Воскресение». Инцидент этот до крайности взбудоражил и удивил корректных немцев. Не знаю, известны ли Вам подробности этого дела, но позволяю себе на всякий случай изложить вкратце его историю. Берлинский издатель Fontane, приобретя за значительную сумму от г. Черткова рукопись Вашего романа, анонсировал заказанный им перевод, как «авторизованный». Но так как из весьма многих, заслуживающих доверия, источников известно, что Вы не раз объявляли, что авторизации на перевод Ваших сочинений принципиально не даете, то на Fontane со всех сторон посыпались печатные упреки и подозрения в обмане (г. Маркс, например, представил в редакцию издательского журнала [sic!] Вашу депешу, в которой Вы будто бы отказываетесь от всякого сообщничества с Fontane). Тогда Fontane [...] представил подлинный контракт, заключенный им с лицами, действовавшими от Вашего имени и по Вашему поручению, из которого явствует, что он действительно купил «авторизацию». Теперь общественное мнение окончательно растерялось и не знает, кому верить, кто прав и кто виноват [...] и для меня самого инцидент этот остался не без последствий. Слышав много раз, что Вы потому именно не даете авторизации, чтобы предоставить возможно большему количеству перевод и издание Ваших сочинений, я сам принялся за перевод «Воскресения», полагая, что действую совершенно «in Ihren Sinne» [«в Вашем духе»], теперь же меня обвиняют в эксплоатации чужой собственности. Вот почему я и осмелился обеспокоить Вас недавно телеграммою, на которую Вы соблаговолили ответить мне, чтобы я обратился к г. Бирюкову в Женеве. Мне важно было только знать, имеете ли <hi>Вы</hi> что-нибудь против того, чтобы другие, а в том числе и я, переводили <hi>Ваш</hi> роман или нет. Не знаю, может ли мне на это ответить г. Бирюков, но, согласно Вашему любезному указанию, я обратился к нему [...] Я знаю, что Ваше имя стоит выше всяких споров и всякого шума. Но та пыль, которую подняли здесь или по недоразумению или по неловкости некоторые люди, способна подорвать, так сказать, «коммерческий кредит» всей русской литературы, вот почему я и решился обратить на всё это Ваше просвещенное внимание». Текст телеграммы Толстого к В. Чумикову редакции неизвестен.</p>
<p rend="petit left">Возвращая подписанный текст, Толстой писал В. Г. Черткову 5 апреля 1899 г.: «Не могу вам выразить, милый друг В. Г., как мне больно, что я, всё-таки я во всех смыслах, был причиной тех отвратительных неприятностей, которые вам пришлось перенести. Пожалуйста, не сердитесь на меня. Удостоверение, которое посылаю, видно, что составлено вами, — так оно умеренно и достойно деликатно. Утешаюсь только тем, что это пройдет и забудется». См. т. 88.</p>
</comments></div></body>
        </text>
        </TEI>