<?xml version='1.0' encoding='UTF-8' standalone='no'?>

<TEI xmlns="http://www.tei-c.org/ns/1.0">
       <teiHeader>
          <fileDesc>
             <titleStmt>
                <title>Письмо №* 210. Членам земледельческой колонии близ г. Лидза.</title>
             </titleStmt>
             <publicationStmt>
                <publisher>TolstoyLab</publisher>
                <date when="2015-09-14">14 September 2015</date>
             </publicationStmt>
             <sourceDesc>
                <biblStruct>
                   <analytic>
                      <author>Толстой Л.Н.</author>
                   </analytic>
                   <monogr>
                      <title level="m">Полное собрание сочинений. Том 72</title>
                      <imprint>
                         <pubPlace>Москва</pubPlace>
                         <publisher>Государственное издательство "Художественная литература"</publisher>
                         <date when="1933"/>
                      </imprint>
                   </monogr>
                   <series>
                      <title level="s">Л.Н. Толстой. Полное собрание сочинений</title>
                      <biblScope unit="vol">72</biblScope>
                   </series>
                </biblStruct>
				<bibl>Печатается по машинописной копии, хранящейся в AЧ. Местонахождение подлинника неизвестно. Датируется по той же копии. Копию снял для архива Эрнест Эмс. В России публикуется впервые, о публикации за границей сведений не имеется.</bibl>
             </sourceDesc>
          </fileDesc>
          <encodingDesc>
             <tagsDecl> </tagsDecl>
          </encodingDesc>
          <profileDesc>
             <correspDesc>
                <correspAction type="sending">
                   <persName ref="PersonList.xml#L_N_Tolstoy">Л. Н. Толстой</persName>
                   <placeName ref="PlacesListxml#PLACE">Москва</placeName>
                   <date when="1899-11-20">1899 г. Ноября 20.</date>            </correspAction>
                <correspAction type="receiving">
                   <persName ref="PersonList.xml#RECEIVER">Членам земледельческой колонии близ г. Лидза.</persName>
                </correspAction>
                <correspContext>
                   <ref type="prev">Ответ на приветствие небольшой земледельческой колонии единомышленников Толстого близ Лидза (Англия), поставившей себе целью жить по возможности без денег, продуктами собственного производства. Одним из деятельных членов колонии был молодой англичанин Эрнест Эмс (Ernest Ames). Колония вскоре распалась, Эмс стал работать в издательстве Черткова, а впоследствии открыл вегетарианскую лавку. Письмо Лидзских колонистов в архиве не обнаружено.</ref>
                </correspContext>
             </correspDesc>
          </profileDesc>
       </teiHeader>
       <xenoData><number type="in a volume">210</number></xenoData>

              <text xml:id="CHlenamzemledelcheskojkoloniiblizg.Lidza_210">
	<body><div>
		<opener index="false">
* 210. Членам земледельческой колонии близ г. Лидза.
1899 г. Ноября 20. Москва.
</opener>
<p rend="Obrashenie left">Dear friends,</p>
<p rend="left">It is a great joy for me to know that I have so many friends in England. God help you to persevere in your enterprise. The efforts that are necessary for its success seem to be so insignificant: only patience, humility, goodwill and forgiveness of the faults of others, that we are inclined to overlook them, but the results of such efforts are the greatest that can be attained in this world.</p>
<p rend="left">I wish I could be with you, not that I could help you, but that I could work and live with brothers and sisters of the same faith.</p>
<p rend="right rightindent">Your friend and brother,</p>
<p rend="right">Leo Tolstoy.</p>
<p rend="left"><hi style="opnumber">247</hi> <hi style="npnumber">248</hi></p>
<p rend="Obrashenie petit">Дорогие друзья,</p>
<comments><p rend="Textpetit_otstup left">Мне очень радостно узнать, что у меня столько друзей в Англии. Помогай вам бог настойчиво продолжать ваше начинание. Усилия, необходимые для его успеха, кажутся столь незначительными — только терпение, смирение, доброжелательство и прощение ошибок друг другу, что мы склонны пренебрегать ими; но результаты этих усилий — величайшие, какие могут быть достигнуты в этом мире.</p>
<p rend="petit left">Мне хотелось бы быть с вами, не потому что я мог бы помочь вам, но для того, чтобы работать и жить с братьями и сестрами той же веры.</p>
<p rend="petit right rightindent">Ваш друг и брат</p>
<p rend="petit right">Лев Толстой.</p>
<p rend="Textpetit_otstup left">Печатается по машинописной копии, хранящейся в AЧ. Местонахождение подлинника неизвестно. Датируется по той же копии. Копию снял для архива Эрнест Эмс. В России публикуется впервые, о публикации за границей сведений не имеется.</p>
<p rend="petit left">Ответ на приветствие небольшой земледельческой колонии единомышленников Толстого близ Лидза (Англия), поставившей себе целью жить по возможности без денег, продуктами собственного производства. Одним из деятельных членов колонии был молодой англичанин Эрнест Эмс (Ernest Ames). Колония вскоре распалась, Эмс стал работать в издательстве Черткова, а впоследствии открыл вегетарианскую лавку. Письмо Лидзских колонистов в архиве не обнаружено.</p>
</comments></div></body>
        </text>
        </TEI>