<?xml version='1.0' encoding='UTF-8' standalone='no'?>

<TEI xmlns="http://www.tei-c.org/ns/1.0">
       <teiHeader>
          <fileDesc>
             <titleStmt>
                <title>Письмо №* 149. Братскому издательскому товариществу (То the Brotherhood Publishing Company).</title>
             </titleStmt>
             <publicationStmt>
                <publisher>TolstoyLab</publisher>
                <date when="2015-09-14">14 September 2015</date>
             </publicationStmt>
             <sourceDesc>
                <biblStruct>
                   <analytic>
                      <author>Толстой Л.Н.</author>
                   </analytic>
                   <monogr>
                      <title level="m">Полное собрание сочинений. Том 68</title>
                      <imprint>
                         <pubPlace>Москва</pubPlace>
                         <publisher>Государственное издательство "Художественная литература"</publisher>
                         <date when="1954"/>
                      </imprint>
                   </monogr>
                   <series>
                      <title level="s">Л.Н. Толстой. Полное собрание сочинений</title>
                      <biblScope unit="vol">68</biblScope>
                   </series>
                </biblStruct>
				<bibl>Печатается по рукописному подлиннику, написанному рукою Кенворти. Подпись — рукою Толстого. Дата месяца уточняется на основании того, что в письме к Кенворти от 18 августа Толстой говорит только еще о своем намерении послать ему эту авторизацию.</bibl>
             </sourceDesc>
          </fileDesc>
          <encodingDesc>
             <tagsDecl> </tagsDecl>
          </encodingDesc>
          <profileDesc>
             <correspDesc>
                <correspAction type="sending">
                   <persName ref="PersonList.xml#L_N_Tolstoy">Л. Н. Толстой</persName>
                   <placeName ref="PlacesListxml#PLACE">Москва</placeName>
                   <date when="1895-08">1895 г. Конец августа.</date>            </correspAction>
                <correspAction type="receiving">
                   <persName ref="PersonList.xml#RECEIVER">Братскому издательскому товариществу (То the Brotherhood Publishing Company).</persName>
                </correspAction>
                <correspContext>
                   <ref type="prev">Ответ на просьбу Кенворти в письме от 27/15 июня прислать авторизацию на переиздание купленного им английского перевода этой книги.</ref>
                </correspContext>
             </correspDesc>
          </profileDesc>
       </teiHeader>
       <xenoData><number type="in a volume">149</number></xenoData>

              <text xml:id="Bratskomuizdatelskomutovarishhestvu_149">
	<body><div>
		<opener index="false">
* 149. Братскому издательскому товариществу (То the Brotherhood Publishing Company).

1895г. Конец августа. Москва.
</opener><p rend="left">То the Brotherhood Publishing Company. Croydon. London.</p>

<p rend="Obrashenie left">Sirs,</p>
<p rend="left">I here by certify that this rendering of my book «Work while ye have the Light»,<note xml:id="note1" resp="volume_editor" index="false"> «Work while ye have the Light». Translation from the Russian by E. J. Dillon, London, 1890 — английский перевод «Ходите в свете, пока есть свет», сделанный Э. Диллоном.</note> now published by you, is adequately made, and is issued with my consent and approval.</p>
<p rend="right">Yours truly Leo Tolstoy.</p>
<p rend="left">Moscow.</p>
<p rend="left">Aug. 1895.</p>
<p rend="left emptyline"><hi style="opnumber">152</hi> <hi style="npnumber">153</hi></p>
<lb/>
<p rend="Obrashenie petit left">Милостивые государи,</p>
<p rend="petit left">Сим удостоверяю, что означенный перевод моей книги «Ходите в свете, пока есть свет»,<note xml:id="note2" resp="volume_editor" index="false"> «Work while ye have the Light». Translation from the Russian by E. J. Dillon, London, 1890 — английский перевод «Ходите в свете, пока есть свет», сделанный Э. Диллоном.</note> ныне изданный вами, выполнен правильно и вышел с моего согласия и одобрения.</p>
<p rend="petit right">Искренно ваш Лев Толстой.</p>
<p rend="petit left">Москва</p>
<p rend="petit left">Авг. 1895 г.</p>
<comments><p rend="Textpetit_otstup left">Печатается по рукописному подлиннику, написанному рукою Кенворти. Подпись — рукою Толстого. Дата месяца уточняется на основании того, что в письме к Кенворти от 18 августа Толстой говорит только еще о своем намерении послать ему эту авторизацию.</p>
<p rend="petit left">Ответ на просьбу Кенворти в письме от 27/15 июня прислать авторизацию на переиздание купленного им английского перевода этой книги.</p>
<p rend="Textpetit_otstup left"><hi>1</hi> «Work while ye have the Light». Translation from the Russian by E. J. Dillon, London, 1890 — английский перевод «Ходите в свете, пока есть свет», сделанный Э. Диллоном.</p>
</comments></div></body>
        </text>
        </TEI>