<?xml version='1.0' encoding='UTF-8' standalone='no'?>

<TEI xmlns="http://www.tei-c.org/ns/1.0">
       <teiHeader>
          <fileDesc>
             <titleStmt>
                <title>Письмо №* 286. В Тульское губернское по крестьянским делам присутствие.</title>
             </titleStmt>
             <publicationStmt>
                <publisher>TolstoyLab</publisher>
                <date when="2015-09-14">14 September 2015</date>
             </publicationStmt>
             <sourceDesc>
                <biblStruct>
                   <analytic>
                      <author>Толстой Л.Н.</author>
                   </analytic>
                   <monogr>
                      <title level="m">Полное собрание сочинений. Том 60</title>
                      <imprint>
                         <pubPlace>Москва</pubPlace>
                         <publisher>Государственное издательство "Художественная литература"</publisher>
                         <date when="1949"/>
                      </imprint>
                   </monogr>
                   <series>
                      <title level="s">Л.Н. Толстой. Полное собрание сочинений</title>
                      <biblScope unit="vol">60</biblScope>
                   </series>
                </biblStruct>
				<bibl>Печатается по подлиннику, находящемуся в деле Тульского архивного бюро в фонде Тульского губернского по крестьянским делам присутствия. Дело без обложки, на 47 листах. Написано писарской рукой; Толстому принадлежит только подпись.</bibl>
             </sourceDesc>
          </fileDesc>
          <encodingDesc>
             <tagsDecl> </tagsDecl>
          </encodingDesc>
          <profileDesc>
             <correspDesc>
                <correspAction type="sending">
                   <persName ref="PersonList.xml#L_N_Tolstoy">Л. Н. Толстой</persName>
                   <placeName ref="PlacesListxml#PLACE">Ясная Поляна</placeName>
                   <date when="1861-07-25">1861 г. Июля 25.</date>            </correspAction>
                <correspAction type="receiving">
                   <persName ref="PersonList.xml#RECEIVER">В Тульское губернское по крестьянским делам присутствие</persName>
                </correspAction>
                <correspContext>
                   <ref type="prev"/>
                </correspContext>
             </correspDesc>
          </profileDesc>
       </teiHeader>
       <xenoData><number type="in a volume">286</number></xenoData>

              <text xml:id="VTulskoegubernskoepokrestyanskimdelamprisutstvie_286">
	<body><div>
		<opener index="false">
* 286. В Тульское губернское по крестьянским делам присутствие.
1861 г. Июля 25. Я. П.</opener>
<p rend="left">В Тульское Губернское по Крестьянским делам Присутствие </p>
<p rend="right">Мирового Посредника 4-го </p>
<p rend="right">участка Крапивенского Уезда</p>
<p rend="subtitle centerline">
<hi rend="Razradka">Представление.</hi>
</p>
<p rend="left">Имею честь представить при сем в оное Присутствие выкупной договор, мирской приговор и обязательство, подписанные обществом временно обязанным крестьянам Ясенковской волости Сельца Телятинок имения Коллежской Ассесорши Прасковьи Матвеевны Марсочниковой, — к представленной мною 10-го числа сего июля уставной грамоте, и покорнейше просить сделать надлежащее распоряжение о выдаче выкупной ссуды Г. Марсочниковой.</p>
<p rend="right">Гр. Л. Толстой.</p>
<p rend="left">№ 87.</p>
<p rend="left">Июля 25 дня 1861 г.</p>
<comments><p rend="Textpetit_otstup left">Печатается по подлиннику, находящемуся в деле Тульского архивного бюро в фонде Тульского губернского по крестьянским делам присутствия. Дело без обложки, на 47 листах. Написано писарской рукой; Толстому принадлежит только подпись.</p>
</comments></div></body>
        </text>
        </TEI>