<?xml version='1.0' encoding='UTF-8' standalone='no'?>

<TEI xmlns="http://www.tei-c.org/ns/1.0">
       <teiHeader>
          <fileDesc>
             <titleStmt>
                <title>Письмо №* 432. В Тульское губернское правление.</title>
             </titleStmt>
             <publicationStmt>
                <publisher>TolstoyLab</publisher>
                <date when="2015-09-14">14 September 2015</date>
             </publicationStmt>
             <sourceDesc>
                <biblStruct>
                   <analytic>
                      <author>Толстой Л.Н.</author>
                   </analytic>
                   <monogr>
                      <title level="m">Полное собрание сочинений. Том 61</title>
                      <imprint>
                         <pubPlace>Москва</pubPlace>
                         <publisher>Государственное издательство "Художественная литература"</publisher>
                         <date when="1953"/>
                      </imprint>
                   </monogr>
                   <series>
                      <title level="s">Л.Н. Толстой. Полное собрание сочинений</title>
                      <biblScope unit="vol">61</biblScope>
                   </series>
                </biblStruct>
             </sourceDesc>
          </fileDesc>
          <encodingDesc>
             <tagsDecl> </tagsDecl>
          </encodingDesc>
          <profileDesc>
             <correspDesc>
                <correspAction type="sending">
                   <persName ref="PersonList.xml#L_N_Tolstoy">Л. Н. Толстой</persName>
                   <placeName ref="PlacesListxml#PLACE">Ясная Поляна</placeName>
                   <date when="1863-03-14">1863 г. Марта 14.</date>            </correspAction>
                <correspAction type="receiving">
                   <persName ref="PersonList.xml#RECEIVER">В Тульское губернское правление</persName>
                </correspAction>
                <correspContext>
                   <ref type="prev"/>
                </correspContext>
             </correspDesc>
          </profileDesc>
       </teiHeader>
       <xenoData><number type="in a volume">432</number></xenoData>

              <text xml:id="V_Tulskoe_gubernskoe_pravlenie_432">
	<body><div>
		<opener index="false">
* 432. В Тульское губернское правление.
1863 г. Марта 14. Я. П.</opener>
<p rend="right">Просит артиллерии поручик,</p>
<p rend="right">граф Лев Николаев сын Тол-</p>
<p rend="right">стой, а о чем, тому следуют</p>
<p rend="right">пункты:</p>
<p rend="left">1. Тульское губернское правление предписало Чернскому земскому суду составить описи доставшемуся мне с братом, штабс-капитаном Сергеем Николаевичем, от умершего нашего брата Дмитрия Толстова недвижимому имению, состоящему Чернского уезда в сельце Никольском, Вяземское тож, на удовлетворение взыскания майора Дохтурова по заемному письму 4500 р. <choice original_editorial_correction='с[еребром]'><sic>с</sic><corr>серебром</corr></choice>. А как по этому письму прежде было уплочено 2100 руб., а остальные 2400 р. мною вместе с сим отосланы при прошении в Чернский земский суд, то, объяснив о сем, всеподданнейше прошу:</p>
<p rend="left">Дабы повелено было за уплатою всей должной по заемному письму Дохтурова суммы, опись означенного имения моего с помянутым братом моим прекратить, о чем и предписать Чернскому земскому суду. К поданию надлежит в Тульское губернское правление. Прошение сие набело <hi style="opdelimiter">переписывал</hi><hi style="opnumber">355</hi> <hi style="npnumber">356</hi><hi style="npdelimiter">писец</hi> 2 разряда Василий Федоров Спасский. Марта 14 дня 1863 года.</p>
<p rend="left">К сему прошению поручик граф Лев Николаев сын Толстой руку приложил.</p>
<comments><p rend="Textpetit_otstup left">Находится в том же деле, что и прошение от 21...24 февраля, № 431. Все прошение, кроме подписи, написано писарской рукой.</p>
</comments></div></body>
        </text>
        </TEI>