<?xml version='1.0' encoding='UTF-8' standalone='no'?>

<TEI xmlns="http://www.tei-c.org/ns/1.0">
       <teiHeader>
          <fileDesc>
             <titleStmt>
                <title>Письмо №* 73. Неизвестной («Вихне»). Черновое.</title>
             </titleStmt>
             <publicationStmt>
                <publisher>TolstoyLab</publisher>
                <date when="2015-09-14">14 September 2015</date>
             </publicationStmt>
             <sourceDesc>
                <biblStruct>
                   <analytic>
                      <author>Толстой Л.Н.</author>
                   </analytic>
                   <monogr>
                      <title level="m">Полное собрание сочинений. Том 82</title>
                      <imprint>
                         <pubPlace>Москва</pubPlace>
                         <publisher>Государственное издательство "Художественная литература"</publisher>
                         <date when="1956"/>
                      </imprint>
                   </monogr>
                   <series>
                      <title level="s">Л.Н. Толстой. Полное собрание сочинений</title>
                      <biblScope unit="vol">82</biblScope>
                   </series>
                </biblStruct>
				<bibl>Печатается по черновику-автографу, написанному на оторванном свободном листе почтовой бумаги письма неизвестной. Дата определяется почтовым штемпелем дня получения. На конверте письма помета Толстого: Глупое. <choice original_editorial_correction='Отве[тить]'><sic>Отве</sic><corr>Ответить</corr></choice>, что у Бир.</bibl>
             </sourceDesc>
          </fileDesc>
          <encodingDesc>
             <tagsDecl> </tagsDecl>
          </encodingDesc>
          <profileDesc>
             <correspDesc>
                <correspAction type="draft">
                   <persName ref="PersonList.xml#L_N_Tolstoy">Л. Н. Толстой</persName>
                   <placeName ref="PlacesListxml#PLACE">Ясная Поляна</placeName>
                   <date when="1910-06-26">1910 г. Июня 26.</date>            </correspAction>
                <correspAction type="receiving">
                   <persName ref="PersonList.xml#RECEIVER">Неизвестной («Вихне»)</persName>
                </correspAction>
                <correspContext>
                   <ref type="prev">Ответ на письмо неизвестной молодой девушки, по имени Вихны, из г. Орши. В письме она писала о противоречии образа жизни Толстого с его взглядами, изложенными в книге «В чем моя вера?». <ref target="file:///Volume_82_Vredakciigazet_55.xml">См. письмо № 55</ref>.</ref>
                </correspContext>
             </correspDesc>
          </profileDesc>
       </teiHeader>
       <xenoData><number type="in a volume">73</number></xenoData>

       <text xml:id="NeizvestnojVixne_73">
	<body><div>
		<opener index="false">
* 73. Неизвестной («Вихне»). Черновое.
1910 г. Июня 26. Я. П.</opener>
<p rend="left">С 81 года я не имею никакой собственности. Всё мое имение с 81 года по моему требованию перешло к моим наследникам — сыновьям, дочерям и жене, и потому раздавать ничего никому уже давно не могу.</p>
<comments><p rend="Textpetit_otstup left">Печатается по черновику-автографу, написанному на оторванном свободном листе почтовой бумаги письма неизвестной. Дата определяется почтовым штемпелем дня получения. На конверте письма помета Толстого: Глупое. <choice original_editorial_correction='Отве[тить]'><sic>Отве</sic><corr>Ответить</corr></choice>, что у Бир.</p>
<p rend="petit left">Ответ на письмо неизвестной молодой девушки, по имени Вихны, из г. Орши. В письме она писала о противоречии образа жизни Толстого с его взглядами, изложенными в книге «В чем моя вера?». <ref target="file:///Volume_82_Vredakciigazet_55.xml">См. письмо № 55</ref>.</p>
<p rend="emptyline left"><hi style="opnumber">63</hi> <hi style="npnumber">64</hi></p>
</comments></div></body>
        </text>
        </TEI>