<?xml version='1.0' encoding='UTF-8' standalone='no'?>

<TEI xmlns="http://www.tei-c.org/ns/1.0">
       <teiHeader>
          <fileDesc>
             <titleStmt>
                <title>Письмо №134. Кишиневскому городскому голове.</title>
             </titleStmt>
             <publicationStmt>
                <publisher>TolstoyLab</publisher>
                <date when="2015-09-14">14 September 2015</date>
             </publicationStmt>
             <sourceDesc>
                <biblStruct>
                   <analytic>
                      <author>Толстой Л.Н.</author>
                   </analytic>
                   <monogr>
                      <title level="m">Полное собрание сочинений. Том 74</title>
                      <imprint>
                         <pubPlace>Москва</pubPlace>
                         <publisher>Государственное издательство "Художественная литература"</publisher>
                         <date when="1954"/>
                      </imprint>
                   </monogr>
                   <series>
                      <title level="s">Л.Н. Толстой. Полное собрание сочинений</title>
                      <biblScope unit="vol">74</biblScope>
                   </series>
                </biblStruct>
             </sourceDesc>
          </fileDesc>
          <encodingDesc>
             <tagsDecl> </tagsDecl>
          </encodingDesc>
          <profileDesc>
             <correspDesc>
                <correspAction type="sending">
                   <persName ref="PersonList.xml#L_N_Tolstoy">Л. Н. Толстой</persName>
                   <placeName ref="PlacesListxml#PLACE">Ясная Поляна</placeName>
                   <date from="1903-05-01" to="1903-05-10">1903 г. Начало мая.</date>            </correspAction>
                <correspAction type="receiving">
                   <persName ref="PersonList.xml#RECEIVER">Кишиневскому городскому голове.</persName>
                </correspAction>
                <correspContext>
                   <ref type="prev"/>
                </correspContext>
             </correspDesc>
          </profileDesc>
       </teiHeader>
       <xenoData><number type="in a volume">134</number></xenoData>

              <text xml:id="Kishinevskomugorodskomugolove_134">
	<body><div>
		<opener index="false">
134. Кишиневскому городскому голове.
1903 г. Начало мая. Я. П.</opener>
<p rend="left">Милостивый государь, глубоко потрясенные совершенным недавно в городе Кишиневе злодеянием, мы выражаем наше болезненное сострадание невинным жертвам зверства толпы, наш ужас перед этими зверствами русских людей, невыразимое омерзение и отвращение к подготовителям и подстрекателям толпы и безмерное негодование против попустителей этого ужасного дела.</p>
<p rend="right">Лев Толстой <hi>[и другие подписи].</hi></p>
<comments><p rend="Textpetit_otstup left">Перепечатывается из «Свободного слова» 1903, 5, столб. 28. Коллективное письмо. Первая подпись Л. Н. Толстого. Среди других подписи А. И. Сумбатова-Южина, Н. И. Стороженко, В. И. Вернадского, И. Е. Забелина (все подписи воспроизведены в «Одесских новостях» 1903, № 5973 от 18 мая). Датируется по письму к Стороженко от 27 апреля (см. № 133). В «Летописях Государственного Литературного музея», кн. 2, М. 1938, стр. 229, опубликован черновик-автограф этого письма. Там же между стр. 128—129 черновик факсимильно воспроизведен.</p>
</comments></div></body>
        </text>
        </TEI>