<?xml version='1.0' encoding='UTF-8' standalone='no'?>

<TEI xmlns="http://www.tei-c.org/ns/1.0">
       <teiHeader>
          <fileDesc>
             <titleStmt>
                <title>Письмо №97. Судебному следователю 19 участка г. Петербурга.</title>
             </titleStmt>
             <publicationStmt>
                <publisher>TolstoyLab</publisher>
                <date when="2015-09-14">14 September 2015</date>
             </publicationStmt>
             <sourceDesc>
                <biblStruct>
                   <analytic>
                      <author>Толстой Л.Н.</author>
                   </analytic>
                   <monogr>
                      <title level="m">Полное собрание сочинений. Том 79</title>
                      <imprint>
                         <pubPlace>Москва</pubPlace>
                         <publisher>Государственное издательство "Художественная литература"</publisher>
                         <date when="1955"/>
                      </imprint>
                   </monogr>
                   <series>
                      <title level="s">Л.Н. Толстой. Полное собрание сочинений</title>
                      <biblScope unit="vol">79</biblScope>
                   </series>
                </biblStruct>
				<bibl>Печатается по дубликату подлинника, вклеенному в копировальную книгу № 8, л. 514. Впервые опубликовано в газете «Новая Русь» 1909, № 73 от 16 марта.</bibl>
             </sourceDesc>
          </fileDesc>
          <encodingDesc>
             <tagsDecl> </tagsDecl>
          </encodingDesc>
          <profileDesc>
             <correspDesc>
                <correspAction type="sending">
                   <persName ref="PersonList.xml#L_N_Tolstoy">Л. Н. Толстой</persName>
                   <placeName ref="PlacesListxml#PLACE">Ясная Поляна</placeName>
                   <date when="1909-02-27">1909 г. Февраля 27.</date>            </correspAction>
                <correspAction type="receiving">
                   <persName ref="PersonList.xml#RECEIVER">Судебному следователю 19 участка г. Петербурга.</persName>
                </correspAction>
                <correspContext>
                   <ref type="prev"/>
                </correspContext>
             </correspDesc>
          </profileDesc>
       </teiHeader>
       <xenoData><number type="in a volume">97</number></xenoData>

              <text xml:id="Sudebnomusledovatelyu19uch.g.Peterburga_97">
	<body><div>
		<opener index="false">
97. Судебному следователю 19 участка<lb/>г. Петербурга.
1909 г. Февраля 27. Я. П.
</opener><lb/>

<p rend="Obrashenie left">Милостивый Государь,</p>
<p rend="left">Николай Евгеньевич Фельтен привлекается к судебной ответственности по обвинению в издании и распространении моих брошюр: «Не убий», «Письмо к либералам» и «Христианство и патриотизм».<note xml:id="note2" resp="volume_editor" index="false"> О деле Н. Е. Фельтена см. в прим. к письму № 203.</note> Так как брошюры эти были написаны мною и издавались они не только с моего согласия, но и по моему желанию одним моим другом (причем Фельтен принимал в этом деле лишь пассивное (косвенное) участие), то, очевидно, все те меры, которые принимаются против Фельтена, по здравому рассуждению и справедливости должны быть обращены на меня, тем более что, как я заявлял это уже несколько <hi style="opdelimiter">раз,</hi><hi style="opnumber">93</hi> <hi style="npnumber">94</hi><hi style="npdelimiter">так</hi> и заявляю теперь, что считаю себя обязанным перед своей совестью, насколько могу, распространять как эти, так и другие мои сочинения, что и неизменно буду, пока могу, делать, о чем и считаю нужным заявить вам, прося вас принять соответствующие этому моему заявлению меры.</p>
<p rend="right">Лев Толстой.</p>
<p rend="left">27 февр. 09.</p>
<comments><p rend="Textpetit_otstup left">Печатается по дубликату подлинника, вклеенному в копировальную книгу № 8, л. 514. Впервые опубликовано в газете «Новая Русь» 1909, № 73 от 16 марта.</p>
<p rend="Textpetit_otstup left"><hi>1</hi> В 1909 г. судебным следователем 19-го участка в Петербурге был Алексей Васильевич Кузьмин.</p>
<p rend="petit left"><hi>2</hi> О деле Н. Е. Фельтена см. в прим. к письму № 203.</p>
<p rend="petit left">По поводу этого заявления Толстого судебному следователю газета «Русские ведомости» в своем отчете о деле H. Е. Фельтена сообщала: «Письмо Льва Николаевича Толстого на имя судебного следователя 19-го участка с просьбой привлечения его к ответственности по делу Фельтена судебный следователь рассмотрел и положил следующую резолюцию: «Оставить заявление Л. Н. Толстого без последствий ввиду того, что заявитель живет в другом участке» («Русские ведомости» 1909, № 107 от 13 мая).</p>
</comments></div></body>
        </text>
        </TEI>