<?xml version='1.0' encoding='UTF-8' standalone='no'?>

<TEI xmlns="http://www.tei-c.org/ns/1.0">
       <teiHeader>
          <fileDesc>
             <titleStmt>
                <title>Письмо №223. Неизвестному.</title>
             </titleStmt>
             <publicationStmt>
                <publisher>TolstoyLab</publisher>
                <date when="2015-09-14">14 September 2015</date>
             </publicationStmt>
             <sourceDesc>
                <biblStruct>
                   <analytic>
                      <author>Толстой Л.Н.</author>
                   </analytic>
                   <monogr>
                      <title level="m">Полное собрание сочинений. Том 74</title>
                      <imprint>
                         <pubPlace>Москва</pubPlace>
                         <publisher>Государственное издательство "Художественная литература"</publisher>
                         <date when="1954"/>
                      </imprint>
                   </monogr>
                   <series>
                      <title level="s">Л.Н. Толстой. Полное собрание сочинений</title>
                      <biblScope unit="vol">74</biblScope>
                   </series>
                </biblStruct>
             </sourceDesc>
          </fileDesc>
          <encodingDesc>
             <tagsDecl> </tagsDecl>
          </encodingDesc>
          <profileDesc>
             <correspDesc>
                <correspAction type="draft">
                   <persName ref="PersonList.xml#L_N_Tolstoy">Л. Н. Толстой</persName>
                   <placeName ref="PlacesListxml#PLACE">Ясная Поляна</placeName>
                   <date when="1903-08-25">1903 г. Августа 25.</date>            </correspAction>
                <correspAction type="receiving">
                   <persName ref="PersonList.xml#RECEIVER">Неизвестному.</persName>
                </correspAction>
                <correspContext>
                   <ref type="prev"/>
                </correspContext>
             </correspDesc>
          </profileDesc>
       </teiHeader>
       <xenoData><number type="in a volume">223</number></xenoData>

              <text xml:id="Neizvestnomu_223">
	<body><div>
		<opener index="false">
223. Неизвестному. Черновое.
1903 г. Августа 25. Я. П.</opener>
<p rend="left">Будьте совершенны, как совершенен отец ваш небесный.</p>
<p rend="right">Мф. V, 48.</p>
<p rend="left"><hi>1 </hi>Приближаться к этому совершенству, в этом <hi>единственное </hi>назначение жизни и единственное <choice original_editorial_correction='истини[ое]'><sic>истини</sic><corr>истиниое</corr></choice> благо.</p>
<p rend="right">Лев Толстой.</p>
<p rend="left">25 авг. 1903.</p>
<comments><p rend="Textpetit_otstup left"><hi>1 </hi><hi>Зачеркнуто:</hi> Положить жизнь свою в</p>
</comments></div></body>
        </text>
        </TEI>