<?xml version='1.0' encoding='UTF-8' standalone='no'?>

<TEI xmlns="http://www.tei-c.org/ns/1.0">
       <teiHeader>
          <fileDesc>
             <titleStmt>
                <title>Письмо №* 241. Организационному комитету десятого международного мирного конгресса.</title>
             </titleStmt>
             <publicationStmt>
                <publisher>TolstoyLab</publisher>
                <date when="2015-09-14">14 September 2015</date>
             </publicationStmt>
             <sourceDesc>
                <biblStruct>
                   <analytic>
                      <author>Толстой Л.Н.</author>
                   </analytic>
                   <monogr>
                      <title level="m">Полное собрание сочинений. Том 72</title>
                      <imprint>
                         <pubPlace>Москва</pubPlace>
                         <publisher>Государственное издательство "Художественная литература"</publisher>
                         <date when="1933"/>
                      </imprint>
                   </monogr>
                   <series>
                      <title level="s">Л.Н. Толстой. Полное собрание сочинений</title>
                      <biblScope unit="vol">72</biblScope>
                   </series>
                </biblStruct>
				<bibl>Печатается по подлиннику, написанному рукой неизвестного на обороте письма адресата (хранится в ATБ). Было ли отправлено письмо и в какой редакции, неизвестно. Датируется по письму Комитета. Публикуется впервые.</bibl>
             </sourceDesc>
          </fileDesc>
          <encodingDesc>
             <tagsDecl> </tagsDecl>
          </encodingDesc>
          <profileDesc>
             <correspDesc>
                <correspAction type="draft">
                   <persName ref="PersonList.xml#L_N_Tolstoy">Л. Н. Толстой</persName>
                   <placeName ref="PlacesListxml#PLACE">Москва</placeName>
                   <date when="1900-02">1900 г. Февраля</date>            </correspAction>
                <correspAction type="receiving">
                   <persName ref="PersonList.xml#RECEIVER">Организационному комитету десятого международного мирного конгресса.</persName>
                </correspAction>
                <correspContext>
                   <ref type="prev">Ответ на письмо Организационного комитета международного мирного конгресса, приславшего циркулярное приглашение от 5 февраля н. ст. 1900 г. следующего содержания (перевод с французского): «Организационным комитетом десятого международного мирного конгресса на нас возложена приятная обязанность просить Вас принять участие в Попечительном комитете конгресса. Как Вы, быть может, уже знаете, этот Конгресс будет иметь место в Париже, во дворце Конгрессов всемирной выставки с 30 сентября по 5 октября 1900 года. Проведение этой манифестации в пользу мира в конце Выставки будет до некоторой степени венчанием и логическим завершением праздника Труда и Мира, на который Париж сзывает весь мир. Очень важно, следовательно, чтобы мы сделали его возможно внушительнее по количеству и значительности делегатов всех наций, принимающих участие в выставке. Исходя из этой мысли, Организационный комитет решил поставить его под покровительство лиц, оказавших наиболее крупные заслуги идее мира. В надежде, что Вы согласитесь оказать нам поддержку Вашим именем, мы просим Вас, милостивый государь, принять уверение в нашем почтительнейшем уважении».</ref>
                </correspContext>
             </correspDesc>
          </profileDesc>
       </teiHeader>
       <xenoData><number type="in a volume">241</number></xenoData>

              <text xml:id="OrganizacionnomuKomitetudesyatogomezhdunarodnogomirnogokongressa_241">
	<body><div>
		<opener index="false">
* 241. Организационному комитету десятого международного<lb/>мирного конгресса. Черновое.
1900 г. Февраля начало. Москва.
</opener>
<p rend="Obrashenie left">Madame,</p>
<p rend="left">Malgré mon désir sincère de vous être agréable en contribuant de mes forces à l’oeuvre que vous servez, la convalescence d’une récente maladie m’interdit les fatigues d’un long voyage et des séances du Congrès.</p>
<p rend="left">De ma retraite, où je désire achever le travail entrepris, je fais des voeux pour que le Congrès universel de 1900 fasse faire un pas à l’idée de fraternité et de paix.</p>
<lb/>
<p rend="Obrashenie petit">Милостивая государыня,</p>
<p rend="petit left">Несмотря на мое искреннее желание принять участие в деле, которому вы служите, болезнь, от которой я недавно стал оправляться, не позволяет мне утомлять себя дальним путешествием и участвовать в заседаниях Конгресса.</p>
<p rend="petit left">Из своего уединения, где мне хочется закончить предпринятую работу, шлю пожелания, чтобы Всемирный конгресс 1900 г. двинул вперед идею братства и мира.</p>
<comments><p rend="Textpetit_otstup left">Печатается по подлиннику, написанному рукой неизвестного на обороте письма адресата (хранится в ATБ). Было ли отправлено письмо и в какой редакции, неизвестно. Датируется по письму Комитета. Публикуется впервые.</p>
<p rend="petit left">В Париже, во время Всемирной выставки 1900 г., на ее территории происходили международные конгрессы по самым различным <hi style="opdelimiter">вопросам.</hi><hi style="opnumber">297</hi> <hi style="npnumber">298</hi><hi style="npdelimiter">См.</hi> АЛ. П-енко, «Международные конгрессы 1900 г.»., Спб. 1900; Проф. гр. Л. А. Комаровский, «Вопрос о международной организации. Соединенные штаты Европы», М. 1905.</p>
<p rend="petit left">Ответ на письмо Организационного комитета международного мирного конгресса, приславшего циркулярное приглашение от 5 февраля н. ст. 1900 г. следующего содержания (перевод с французского): «Организационным комитетом десятого международного мирного конгресса на нас возложена приятная обязанность просить Вас принять участие в Попечительном комитете конгресса. Как Вы, быть может, уже знаете, этот Конгресс будет иметь место в Париже, во дворце Конгрессов всемирной выставки с 30 сентября по 5 октября 1900 года. Проведение этой манифестации в пользу мира в конце Выставки будет до некоторой степени венчанием и логическим завершением праздника Труда и Мира, на который Париж сзывает весь мир. Очень важно, следовательно, чтобы мы сделали его возможно внушительнее по количеству и значительности делегатов всех наций, принимающих участие в выставке. Исходя из этой мысли, Организационный комитет решил поставить его под покровительство лиц, оказавших наиболее крупные заслуги идее мира. В надежде, что Вы согласитесь оказать нам поддержку Вашим именем, мы просим Вас, милостивый государь, принять уверение в нашем почтительнейшем уважении».</p>
<p rend="petit left">Почему ответ Толстого начинается с обращения «Madame», редакции неясно.</p>
</comments></div></body>
        </text>
        </TEI>