<?xml version='1.0' encoding='UTF-8' standalone='no'?>

<TEI xmlns="http://www.tei-c.org/ns/1.0">
       <teiHeader>
          <fileDesc>
             <titleStmt>
                <title>Письмо №* 229. Духоборам на Кавказ.</title>
             </titleStmt>
             <publicationStmt>
                <publisher>TolstoyLab</publisher>
                <date when="2015-09-14">14 September 2015</date>
             </publicationStmt>
             <sourceDesc>
                <biblStruct>
                   <analytic>
                      <author>Толстой Л.Н.</author>
                   </analytic>
                   <monogr>
                      <title level="m">Полное собрание сочинений. Том 71</title>
                      <imprint>
                         <pubPlace>Москва</pubPlace>
                         <publisher>Государственное издательство "Художественная литература"</publisher>
                         <date when="1954"/>
                      </imprint>
                   </monogr>
                   <series>
                      <title level="s">Л.Н. Толстой. Полное собрание сочинений</title>
                      <biblScope unit="vol">71</biblScope>
                   </series>
                </biblStruct>
             </sourceDesc>
          </fileDesc>
          <encodingDesc>
             <tagsDecl> </tagsDecl>
          </encodingDesc>
          <profileDesc>
             <correspDesc>
                <correspAction type="sending">
                   <persName ref="PersonList.xml#L_N_Tolstoy">Л. Н. Толстой</persName>
                   <placeName ref="PlacesListxml#PLACE">Ясная Поляна</placeName>
                   <date when="1898-08-27">1898 г. Августа 27.</date>            </correspAction>
                <correspAction type="receiving">
                   <persName ref="PersonList.xml#RECEIVER">Духоборам на Кавказ.</persName>
                </correspAction>
                <correspContext>
                   <ref type="prev">Ответ на вопросы кавказских духоборов, переданные приехавшими в Ясную Поляну духоборами Зибаровым и Абросимовым. См. письмо к В. Г. Черткову от 27 августа, т. 88.</ref>
                </correspContext>
             </correspDesc>
          </profileDesc>
       </teiHeader>
       <xenoData><number type="in a volume">229</number></xenoData>

              <text xml:id="DuxoboramnaKavkaz..._229">
	<body><div>
		<opener index="false">
* 229. Духоборам на Кавказ.
1898 г. Августа 27. Я. П.
</opener><p rend="right">27 августа 1898.</p>

<p rend="Obrashenie left">Любезные братья,</p>
<p rend="left">О прошении вашем к царю<note xml:id="note1" resp="volume_editor" index="false"> <ref target="file:///Volume_71_NikolayuII_107.xml">См. письмо № 107</ref>.</note> я нынче же написал и послал письмо к кн. Ухтомскому,<note xml:id="note2" resp="volume_editor" index="false"> Это письмо к Э. Э. Ухтомскому неизвестно. Ухтомский был 28 августа в Ясной Поляне.</note> который обещался передать прошение. Копию с моего письма к нему <hi style="opdelimiter">прилагаю.</hi><hi style="opnumber">433</hi></p>
<p rend="left"><hi style="npnumber">434</hi><hi style="npdelimiter">Братьям</hi> Зибарову и Обросимову думаю, что лучше всего ехать отсюда прямо в Англию. Я им написал маршрут и надеюсь, что они благополучно доедут без провожатых. В Англии они расскажут братьям квакерам, колонистам и нашим русским, как обстоит дело, и будут дожидаться там известий из Америки (Канады), куда уже уехали Махортов и Ивин с другом нашим Моодом.</p>
<p rend="left">Суллержицкому же, я думаю, лучше оставаться в России и помогать отъезжающим грузиться на пароходы. Суллержицкий проживет у меня до тех пор, [пока] получит верные сведения; о том, что стоит на человека (на взрослых и на детей) переезд в Америку (Канаду). Агент пароходства обещал дать нам знать об этом, и мы ждем от него этих известий с часу на час. Как только получим, так Суллержицкий вернется к вам в Скра и в Батум и станет отправлять уже прямо в Америку, в Канаду,<note xml:id="note3" resp="volume_editor" index="false">Сулержицкий приехал в Ясную Поляну 24 августа и возвратился на Кавказ в начале сентября.</note> Оттуда должно скоро, не позже, как через неделю или много две, придти известие, можно ли туда ехать. — До тех же пор, пока не придут известия о ценах перевозки и о приготовленных землях в Америке, в Канаде, надо спокойно ждать. Мне говорил Суллержицкий, да я и сам так рассчитывал, что переезд из Батума в Канаду должен обойтись около 35 р. на голову.</p>
<p rend="left">Только надо узнать это верно. Мы и ждем этого известия.</p>
<p rend="left">Помоги вам бог с христианским мужеством, терпением и преданностью его воле совершить предстоящий вам переворот в вашей жизни.</p>
<p rend="right rightindent">Брат ваш</p>
<p rend="right">Лев Толстой.</p>
<comments><p rend="Textpetit_otstup left">Ответ на вопросы кавказских духоборов, переданные приехавшими в Ясную Поляну духоборами Зибаровым и Абросимовым. См. письмо к В. Г. Черткову от 27 августа, т. 88.</p>
<p rend="Textpetit_otstup left"><hi>1</hi> <ref target="file:///Volume_71_NikolayuII_107.xml">См. письмо № 107</ref>.</p>
<p rend="petit left"><hi>2</hi> Это письмо к Э. Э. Ухтомскому неизвестно. Ухтомский был 28 августа в Ясной Поляне.</p>
<p rend="left"><hi>3 </hi>Сулержицкий приехал в Ясную Поляну 24 августа и возвратился на Кавказ в начале сентября.</p>
</comments></div></body>
        </text>
        </TEI>