<?xml version='1.0' encoding='UTF-8' standalone='no'?>

<TEI xmlns="http://www.tei-c.org/ns/1.0">
       <teiHeader>
          <fileDesc>
             <titleStmt>
                <title>Письмо №* 163. Московскому градоначальнику.</title>
             </titleStmt>
             <publicationStmt>
                <publisher>TolstoyLab</publisher>
                <date when="2015-09-14">14 September 2015</date>
             </publicationStmt>
             <sourceDesc>
                <biblStruct>
                   <analytic>
                      <author>Толстой Л.Н.</author>
                   </analytic>
                   <monogr>
                      <title level="m">Полное собрание сочинений. Том 77</title>
                      <imprint>
                         <pubPlace>Москва</pubPlace>
                         <publisher>Государственное издательство "Художественная литература"</publisher>
                         <date when="1956"/>
                      </imprint>
                   </monogr>
                   <series>
                      <title level="s">Л.Н. Толстой. Полное собрание сочинений</title>
                      <biblScope unit="vol">77</biblScope>
                   </series>
                </biblStruct>
				<bibl>Печатается по ЯЗ, запись 23 июня 1907 г.; подпись Толстого в ЯЗ не воспроизведена. Приписка к докладной записке С. Д. Николаева. Датируется по ЯЗ.</bibl>
             </sourceDesc>
          </fileDesc>
          <encodingDesc>
             <tagsDecl> </tagsDecl>
          </encodingDesc>
          <profileDesc>
             <correspDesc>
                <correspAction type="sending">
                   <persName ref="PersonList.xml#L_N_Tolstoy">Л. Н. Толстой</persName>
                   <placeName ref="PlacesListxml#PLACE">Ясная Поляна</placeName>
                   <date when="1907-06-23">1907 г. Июня 23.</date>            </correspAction>
                <correspAction type="receiving">
                   <persName ref="PersonList.xml#RECEIVER">Московскому градоначальнику.</persName>
                </correspAction>
                <correspContext>
                   <ref type="prev"/>
                </correspContext>
             </correspDesc>
          </profileDesc>
       </teiHeader>
       <xenoData><number type="in a volume">163</number></xenoData>

              <text xml:id="Moskovskomugradonachalniku_163">
	<body><div>
		<opener index="false">
* 163. Московскому градоначальнику.
1907 г. Июня 23. Я. П.</opener>
<p rend="left">Неужели же и в Москве не будет раскрыта несчастная ошибка балашовских властей в оценке поступков этого человека, так много, служившего людям своим знанием и трудом, столь отзывчивого к чужим страданиям и столь чуждого революционной жестокости.</p>
<comments><p rend="Textpetit_otstup left">Печатается по ЯЗ, запись 23 июня 1907 г.; подпись Толстого в ЯЗ не воспроизведена. Приписка к докладной записке С. Д. Николаева. Датируется по ЯЗ.</p>
<p rend="petit left">В комментируемом письме (заявлении) речь идет об А. В. Юшко. В то время Юшко жил в Балашовском уезде Саратовской губ. и принимал участие в Крестьянском союзе. По соседству крестьяне вырубили лес. Было вызвано войско, к которому Юшко обратился с призывом не проливать братскую кровь. Его арестовали и привезли в Москву. В тюрьме он заболел туберкулезом. Обо всем этом писал в докладной записке С. Д. Николаев. Он приезжал в Ясную Поляну и получил письменную поддержку Толстого. Толстой просил М. А. Маклакову хлопотать у московского градоначальника и передал ей эту записку (установлено по ЯЗ). Более точных сведений по этому делу получить не удалось. Известно только, что вскоре А. В. Юшко был освобожден и в сентябре писал Толстому из Екатеринодара. <ref target="file:///Volume_77_A.V.YUshko_244.xml">См. письмо № 244</ref>.</p>
</comments></div></body>
        </text>
        </TEI>