<?xml version='1.0' encoding='UTF-8' standalone='no'?>

<TEI xmlns="http://www.tei-c.org/ns/1.0">
       <teiHeader>
          <fileDesc>
             <titleStmt>
                <title>Письмо №* 438. Проект разверстания.</title>
             </titleStmt>
             <publicationStmt>
                <publisher>TolstoyLab</publisher>
                <date when="2015-09-14">14 September 2015</date>
             </publicationStmt>
             <sourceDesc>
                <biblStruct>
                   <analytic>
                      <author>Толстой Л.Н.</author>
                   </analytic>
                   <monogr>
                      <title level="m">Полное собрание сочинений. Том 61</title>
                      <imprint>
                         <pubPlace>Москва</pubPlace>
                         <publisher>Государственное издательство "Художественная литература"</publisher>
                         <date when="1953"/>
                      </imprint>
                   </monogr>
                   <series>
                      <title level="s">Л.Н. Толстой. Полное собрание сочинений</title>
                      <biblScope unit="vol">61</biblScope>
                   </series>
                </biblStruct>
				<bibl>Печатается по копии, хранящейся в Ленинградском отделении Государственного центрального архива в фонде Главного выкупного учреждения. Основания датировки: настоящий проект является второй редакцией, исправленной в связи с постановлением мирового съезда от 23 июня 1864 г. (<ref target="file:///Volume_61_Mirovomu_posredniku_A__G__Ignatevu_437.xml">см. письмо № 437</ref>) и после получения ответа от мирового посредника А. Г. Игнатьева.</bibl>
             </sourceDesc>
          </fileDesc>
          <encodingDesc>
             <tagsDecl> </tagsDecl>
          </encodingDesc>
          <profileDesc>
             <correspDesc>
                <correspAction type="sending">
                   <persName ref="PersonList.xml#L_N_Tolstoy">Л. Н. Толстой</persName>
                   <placeName ref="PlacesListxml#PLACE">Ясная Поляна</placeName>
                   <date when="1864-08">1864 г. Август</date>            </correspAction>
                <correspAction type="receiving">
                   <persName ref="PersonList.xml#RECEIVER">Проект разверстания</persName>
                </correspAction>
                <correspContext>
                   <ref type="prev"/>
                </correspContext>
             </correspDesc>
          </profileDesc>
       </teiHeader>
       <xenoData><number type="in a volume">438</number></xenoData>

              <text xml:id="Proekt_razverstaniya_438">
	<body><div>
		<opener index="false">
* 438. Проект разверстания.
1864 г. Август. Я. П.</opener>
<p rend="subtitle centerline">
<hi rend="Razradka">Проект</hi>
</p>
<p rend="left">О разверстании угодий к одним местам Крапивенского уезда сельца Ясной Поляны и деревень Грум и Грецовки между помещиком поручиком графом Львом Николаевичем Толстым и временно обязанными крестьянами означенных селений.</p>
<p rend="left">По уставной грамоте, утвержденной кандидатом мирового посредника 4 участка 1861 года ноября 9, мирская земля <hi style="opdelimiter">временно</hi><hi style="opnumber">360</hi> <hi style="npnumber">361</hi><hi style="npdelimiter">обязанным</hi> крестьянам сельца Ясной Поляны и деревень Грум и Грецовки не отведена окончательно, потому что крестьяне на предложение помещика о разверстании угодий к одним местам добровольного согласия не изъявили. Земля же та состоит в <choice><reg>чресполосности</reg><orig>чрезполосности</orig></choice> с угодьями помещика и именно: а) Участок сельца Ясной Поляны и деревни Грум начинается от крестьянских дворов сельца Ясной Поляны вправо по канаве мимо рощи и, дошедши до озера, повернуть влево и итти вниз по Чертову верху к речке Кочаку, до которой, не дойдя 36 сажень, повернуть вправо по границе луга с залесками, вниз по течению речки до дороги, прилегающей из сельца Ясной Поляны к деревне Грумам, по которой влево, перешедши речку, повернуть вправо и итти по речке Воронке, не доходя оной 20 сажень, повернуть влево и итти по речке Воронке против течения по границе пашни с Лучем до рубежа, отделяющего землю эту от земли Телепневой, по которому итти влево далее около земли г. Долинин-Ивановского до ямы; от оной влево около земли г. Марсочниковой по Медвежьему верху к речке Кочаку, дошедши повернуть вправо и итти около земли владельца до верха Владимирова и, повернув вправо, обогнуть верх и потом к речке Кочаку рядом с землею г. Владимирова до мостовой ямы и от ней вправо по рубежу близ Ладорова верха до рубежа, отделяющего землю г. Марсочниковой, рубежом около сада г. Бибикова до рубежа, отделяющего земли г. Есипова, и, повернув влево рубежом же к речке Кочаку до ямы, прошедши речку, итти далее по рубежу около земли г. Бранд; не доходя до шоссе 60 сажень, обогнуть две десятины земли владельца, прилегающей к шоссе, перешедши которое итти прямо 120 сажень и, повернув углом 37 градусов вправо к кладбищу опять через шоссе, не доходя до кладбища, повернуть влево острым углом опять через шоссе около земли г. Крапивиной до дороги из деревни Казначеевки в село Кочека и, пройдя до деревни 180 сажень, повернуть влево до рубежа, отделяющего землю г. Крапивиной, и итти оным влево около земли г. Бранд, не доходя до Ясенского верха, обогнуть две десятины земли владельца, потом, перешедши дорогу из деревни Бабуриной, итти 30 сажен и, повернув влево около земли владельца и верха частых колодцев до верха Ясенского, потом через шоссе, итти вниз старой большой дороги и против господского сада повернуть вправо около земли владельца <hi style="opdelimiter">до</hi><hi style="opnumber">361</hi> <hi style="npnumber">362</hi><hi style="npdelimiter">Мурыгина</hi> верха и, повернув вправо чрез шоссе к Засеке, обогнуть верх до верха Ясенского и потом повернуть вправо к мосту через старую дорогу мимо казенной земли влево и, пройдя 130 сажень, повернуть влево около господской земли старую большую дорогу, и итти близ оной и верха Ясенского до крестьянских строений, потом повернуть право, итти около гуменников, как до первого пункта. В сих границах находится господской земли 14 десятин в двух местах, так называемых сад и лес в деревне Грумах и пашня, находящаяся между Медвежьим верхом и речкою Кочаком, и 6 участков деревни Грецовки, начиная от шоссе и угла выгона итти около леса купца Кувшинникова до верха Грецова, повернуть вниз по ручью около земли г. Хомякова, дойдя до другого ручья, впадающего в первый, повернуть влево и итти живым рубежом около земли г. Дурновых и однодворцев и захватить луг по ручью на 300 сажень до земли Воздриной, потом повернуть влево и итти около земли владельца до шоссе и, перешедши оное, итти около до старой большой дороги и углом повернуть влево, итти около оной до земли купца Кувшинникова и близь оной итти до первого пункта. В этих границах находится влево от шоссе за выгоном лес 4 десятины 488 сажень, принадлежащий помещику и на сто (100) сажень шириною луг в крестьянском угодье, примыкающем к господской пашне, где находятся прудки.</p>
<p rend="left">Во всех таковых описанных границах ныне временно обязанные крестьяне пользуются землею в количестве 526 десятинах 360 сажень. А за исключением неудобной 40 <choice original_editorial_correction='десят[ин]'><sic>десят</sic><corr>десятин</corr></choice> 1833 сажень, не вошедшей в надел, одной удобной 435 десятинами 927 саженями. А как по той же уставной грамоте, по взаимному соглашению помещика с крестьянами, прибавлено к деревне Грумам 2 десятины 800 саж. за Медвежьим верхом и крестьянскою землею, то нынешнее пользование их состоит из 487 десятин 1527 сажень.</p>
<p rend="left">Все это количество земли, как показывают описанные границы и представляемый план, состоят в чрезполосности с помещичьими землями, которые имеют мелкие участки и находятся в средине крестьянских угодий, потому для разверстания угодий прирезывать к ним земли из крестьянских земель совершенно неудобно, ибо через это произойдет опять чрезполосие, в избежании чего некоторые из тех участков должны <hi style="opdelimiter">поступить</hi><hi style="opnumber">362</hi> <hi style="npnumber">363</hi><hi style="npdelimiter">в</hi> надел крестьянский, заменя оные из таких крестьянских земель, которые состоят между помещичьими и к ним прилегающими.</p>
<p rend="left">По сим основаниям я, граф Толстой, для разверстания угодий отдаю временно обязанным крестьянам сельца Ясной Поляны и деревни Грум из своих земель следующие, находящиеся в средине их земель и значущиеся на плане под № 1. При деревне Грумах 9 десятин 261 сажень, под № 2 при сельце Ясной Поляне прилегающую к рубежу деревни Бабуриной в одну десятину 480 сажень, а всего в сих двух местах промениваю 10 десятин 721 сажень. Взамен которой принимаю от крестьян сельца Ясной Поляны, деревни Грум значущуюся на плане в трех местах: 1-м, под литерою А, по обе стороны речки Кочака 9 десятин 444 сажени; во 2-м, по обе стороны шоссе и старой дороги 12 десятин 965 сажень, показанною под литерою В и 3-м под литерою С, в средине моей земли 2160 сажень. А всего в трех местах 22 десятины 1169 сажень удобной и неудобной, а за исключением находящейся под болотом 2-х десятин, под старой дорогой 2-х десятин и под шоссе 240 сажень, принимаю я от крестьян одной удобной 18 десятин 929 сажень. Следовательно, более против того количества, которое им сам отдаю, на 8 десятин 208 сажень. Которые 8 десятин 208 сажень прирезываю из своей земли, прилегающей к их земле, по правую сторону речки Ясенок, как значится на плане под № 3.</p>
<p rend="left">В случае же несогласия крестьян на принятие земли, значущейся на плане под № 1-м, то количество оной прирезать, заключающейся в 9 десят. 261 сажени к отведенной им земле под № 3.</p>
<p rend="left">Сверх сего: как при деревне Грумах имеется общий выгон, то, на основании 69 статьи <choice original_editorial_correction='местн[ого]'><sic>местн</sic><corr>местного</corr></choice> <choice original_editorial_correction='полож[ения]'><sic>полож</sic><corr>положения</corr></choice> и уставной грамоты, мне, Толстому, следует из оного половинная часть, заключающаяся в трех десятинах 904 саженях, которую отделяю я себе к земле моей, начиная от угла крестьянина Феофана Титова и одною линиею примкнуть к речке Воронке.</p>
<p rend="left">Затем у крестьян сельца Ясной Поляны и деревни Грум согласно уставной грамоты в наделе должно состоять 492 десятин 2050 сажень. Как в деревне Грецовке имеется помещичий лес в количестве 4 десятин 488 сажень, то на основании <hi style="opdelimiter">29</hi><hi style="opnumber">363</hi> <hi style="npnumber">364</hi><hi style="npdelimiter">статьи</hi> <choice original_editorial_correction='полож[ения]'><sic>полож</sic><corr>положения</corr></choice> <choice original_editorial_correction='местн[ого]'><sic>местн</sic><corr>местного</corr></choice>, он вместе с землею составляет единственную собственность, ибо в этой статье ясно сказано: что те только земли полагаются в счет надела крестьянского, на коих находится кустарник, но не лес. А потому лес тот и под оным земля должны оставаться за мною. Но как временно обязанные крестьяне деревни Грецовки в том лесе пользуются сенокосом, то я взамен того сенокоса, на основании <choice original_editorial_correction='местн[ого]'><sic>местн</sic><corr>местного</corr></choice> <choice original_editorial_correction='полож[ения]'><sic>полож</sic><corr>положения</corr></choice> 69 статьи пункта 4 освобождаю крестьян от части повинности, соразмерной получаемого ими с тех лугов сена, по сторонней оценке.</p>
<p rend="left">Но чтобы временнообязанные крестьяне деревни Грецовки имели пользование землею, находящейся под лесом, как необходимым для них угодьем, ибо земля та состоит около их поселка, то я, Толстой, соглашаюсь лес принять на срубку, а землю под оным уступить крестьянам, и взамен оной взять мне в том же количестве 4 десятины 488 сажень, их крестьянскую землю, прирезав таковую к моей земле так: пройдя имеющимся по правую сторону шоссе за деревнею рубежом, отделяющим их землю от моей, половину оного взять налево углом внутрь их крестьянской земли и дойти прямою линиею до суходола, отделяющего сторонние земли, с тем, чтобы в составленном по сему трехугольнике заключалось 4 десятины 488 сажень. Затем вся показанная по уставной грамоте земля поступает в их временнообязанных крестьян деревни Грецовки надел. Чем и должно быть окончено между мною и ими разверстание угодий. По коему крестьяне деревни Грецовки получают, согласно уставной грамоте, 64 десятины 1877 сажень.</p>
<p rend="left">При чем поминается [?]: а) что от временнообязанных крестьян сельца Ясной Поляны и деревни Грум принимается мною луговая земля, а вместо оной отдается им пахотная. На каковой обмен я по силе 60 статьи местного <choice original_editorial_correction='полож[ения]'><sic>полож</sic><corr>положения</corr></choice> имею полное право, ибо в ней сказано: в черноземных местах (т. е. во 2 полосе) пашни могут быть заменяемы удобными покосами и обратно. При том я отдал крестьянам из моей земли, значущейся на плане под № 1, таковую землю, которая вся удобрена; b) так как временнообязанные крестьяне сельца Ясной Поляны и деревни Грум составляют одно общество, то и надел земли получают вообще, и с) чтобы избегнуть имеющегося <choice><reg>чресполосья</reg><orig>чрезполосья</orig></choice>, другого разверстания угодий быть не может, ибо все по оному крестьянские земли состоять будут отдельно от <hi style="opdelimiter">помещичьих</hi><hi style="opnumber">364</hi> <hi style="npnumber">365</hi><hi style="npdelimiter">и</hi> имеют полную возможность к улучшению хозяиства и что я ни на какое другое разверстание не согласен. К подлинному проекту поручик граф Лев Николаев сын Толстой руку приложил.</p>
<p rend="petit center">С подлинным верно: Мировой посредник</p>
<p rend="petit center">(подпись).</p>
<comments><p rend="Textpetit_otstup left">Местонахождение подлинника неизвестно.</p>
<p rend="petit left">Печатается по копии, хранящейся в Ленинградском отделении Государственного центрального архива в фонде Главного выкупного учреждения. Основания датировки: настоящий проект является второй редакцией, исправленной в связи с постановлением мирового съезда от 23 июня 1864 г. (<ref target="file:///Volume_61_Mirovomu_posredniku_A__G__Ignatevu_437.xml">см. письмо № 437</ref>) и после получения ответа от мирового посредника А. Г. Игнатьева.</p>
</comments></div></body>
        </text>
        </TEI>