<?xml version='1.0' encoding='UTF-8' standalone='no'?>

<TEI xmlns="http://www.tei-c.org/ns/1.0">
       <teiHeader>
          <fileDesc>
             <titleStmt>
                <title>Письмо №* 131. Редакции газеты «New-York World».</title>
             </titleStmt>
             <publicationStmt>
                <publisher>TolstoyLab</publisher>
                <date when="2015-09-14">14 September 2015</date>
             </publicationStmt>
             <sourceDesc>
                <biblStruct>
                   <analytic>
                      <author>Толстой Л.Н.</author>
                   </analytic>
                   <monogr>
                      <title level="m">Полное собрание сочинений. Том 77</title>
                      <imprint>
                         <pubPlace>Москва</pubPlace>
                         <publisher>Государственное издательство "Художественная литература"</publisher>
                         <date when="1956"/>
                      </imprint>
                   </monogr>
                   <series>
                      <title level="s">Л.Н. Толстой. Полное собрание сочинений</title>
                      <biblScope unit="vol">77</biblScope>
                   </series>
                </biblStruct>
             </sourceDesc>
          </fileDesc>
          <encodingDesc>
             <tagsDecl> </tagsDecl>
          </encodingDesc>
          <profileDesc>
             <correspDesc>
                <correspAction type="sending">
                   <persName ref="PersonList.xml#L_N_Tolstoy">Л. Н. Толстой</persName>
                   <placeName ref="PlacesListxml#PLACE">Ясная Поляна</placeName>
                   <date when="1907-05-26">1907 г. Мая 26.</date>            </correspAction>
                <correspAction type="receiving">
                   <persName ref="PersonList.xml#RECEIVER">Редакции газеты «New-York World».</persName>
                </correspAction>
                <correspContext>
                   <ref type="prev">Ответ на телеграфный запрос нью-йоркской газеты «New-York World», в архиве не обнаруженный. Редакция газеты, вероятно, прислала телеграмму с оплаченным ответом.</ref>
                </correspContext>
             </correspDesc>
          </profileDesc>
       </teiHeader>
       <xenoData><number type="in a volume">131</number></xenoData>

              <text xml:id="RedakciigazetyNew-YorkWorld_131">
	<body><div>
		<opener index="false">
* 131. Редакции газеты «New-York World».
1907 г. Мая 26. Я. П.</opener>
<p rend="left">Question of conference (of peace at Нaague) was answered 1900 years ago, Matthew five 43, 44. Excuse my rudeness, but</p>
<p rend="left">I cannot help giving vent to my disgust of christian hypocrisy.</p>
<p rend="right">Leo Tolstoy.</p>
<comments><p rend="Textpetit_otstup left">На вопрос о конференции (мира в Гааге) было отвечено 1900 лет тому назад, Матфей пять 43, 44. Извините мою резкость, но я не могу сдержать моего отвращения к христианскому лицемерию.</p>
<p rend="petit right">Лев Толстой.</p>
<p rend="Textpetit_otstup left">Телеграмма. Текст ее вписан в дневник Д. П. Маковицкого 26 мая 1907 г. откуда и перепечатывается.</p>
<p rend="petit left">Ответ на телеграфный запрос нью-йоркской газеты «New-York World», в архиве не обнаруженный. Редакция газеты, вероятно, прислала телеграмму с оплаченным ответом.</p>
<p rend="petit left">Вторая Гаагская мирная конференция заседала с 2/15 июня по 5/18 октября 1907 г. На конференции были представлены сорок четыре государства (двадцать одно европейское, девятнадцать американских <hi style="opdelimiter">и</hi><hi style="opnumber">116</hi> <hi style="npnumber">117</hi><hi style="npdelimiter">четыре</hi> азиатских). Как и в 1899 г., работа конференции ни к каким практическим результатам не привела. По поводу первой Гаагской конференции Толстой подробно писал в письмах 1899 г. (см. т. 72).</p>
</comments></div></body>
        </text>
        </TEI>