<?xml version='1.0' encoding='UTF-8' standalone='no'?>

<TEI xmlns="http://www.tei-c.org/ns/1.0">
       <teiHeader>
          <fileDesc>
             <titleStmt>
                <title>Письмо №* 62. Циркулярный ответ авторам, присылающим свои рукописи.</title>
             </titleStmt>
             <publicationStmt>
                <publisher>TolstoyLab</publisher>
                <date when="2015-09-14">14 September 2015</date>
             </publicationStmt>
             <sourceDesc>
                <biblStruct>
                   <analytic>
                      <author>Толстой Л.Н.</author>
                   </analytic>
                   <monogr>
                      <title level="m">Полное собрание сочинений. Том 79</title>
                      <imprint>
                         <pubPlace>Москва</pubPlace>
                         <publisher>Государственное издательство "Художественная литература"</publisher>
                         <date when="1955"/>
                      </imprint>
                   </monogr>
                   <series>
                      <title level="s">Л.Н. Толстой. Полное собрание сочинений</title>
                      <biblScope unit="vol">79</biblScope>
                   </series>
                </biblStruct>
             </sourceDesc>
          </fileDesc>
          <encodingDesc>
             <tagsDecl> </tagsDecl>
          </encodingDesc>
          <profileDesc>
             <correspDesc>
                <correspAction type="sending">
                   <persName ref="PersonList.xml#L_N_Tolstoy">Л. Н. Толстой</persName>
                   <placeName ref="PlacesListxml#PLACE">Ясная Поляна</placeName>
                   <date when="1909-02-09">1909 г. Февраля 9.</date>            </correspAction>
                <correspAction type="receiving">
                   <persName ref="PersonList.xml#RECEIVER">авторам, присылающим свои рукописи.</persName>
                </correspAction>
                <correspContext>
                   <ref type="prev"/>
                </correspContext>
             </correspDesc>
          </profileDesc>
       </teiHeader>
       <xenoData><number type="in a volume">62</number></xenoData>

              <text xml:id="Cirkulyarnyjotvetavtoramprisylayushhimsvoirukopisi_62">
	<body><div>
		<opener index="false">
* 62. Циркулярный ответ авторам,<lb/>присылающим свои рукописи.
1909 г. Февраля 9. Я. П.</opener>
<p rend="left">Лев Николаевич очень сожалеет, что не может исполнить вашего желания, и просит вас на него за это не сетовать. С одной стороны, его время так занято, что он не успевает прочитывать все присылаемые ему для просмотра книги и рукописи, хотя он и уверен, что среди присылаемых ему сочинений есть много хороших, с другой стороны, художественная литература его совершенно теперь не интересует.</p>
<p rend="left">Он очень просит вас не сердиться на него за его невольный отказ.</p>
<p rend="left">9 февр. <hi style="opdelimiter">1909.<note xml:id="note1" resp="volume_editor" index="false">Дата рукой H. Н. Гусева.</note></hi><hi style="opnumber">63</hi></p>
<comments><p rend="Textpetit_otstup left"><hi style="npnumber">64</hi><hi style="npdelimiter">Печатается</hi> по дубликату подлинника.</p>
<p rend="petit left">Ответ, составленный Толстым на присылаемые ему письма с просьбой просмотреть прилагаемые к письму рукописи статей, стихов и т. п. или же разрешить прислать таковые. Письма такого характера получались преимущественно от начинающих писателей, которые хотели знать мнение «великого писателя» о их таланте.</p>
<p rend="Textpetit_otstup left"><hi>1 </hi>Дата рукой H. Н. Гусева.</p>
</comments></div></body>
        </text>
        </TEI>