<?xml version='1.0' encoding='UTF-8' standalone='no'?>

<TEI xmlns="http://www.tei-c.org/ns/1.0">
       <teiHeader>
          <fileDesc>
             <titleStmt>
                <title>Письмо №* 165. Неизвестной (Анюте).</title>
             </titleStmt>
             <publicationStmt>
                <publisher>TolstoyLab</publisher>
                <date when="2015-09-14">14 September 2015</date>
             </publicationStmt>
             <sourceDesc>
                <biblStruct>
                   <analytic>
                      <author>Толстой Л.Н.</author>
                   </analytic>
                   <monogr>
                      <title level="m">Полное собрание сочинений. Том 79</title>
                      <imprint>
                         <pubPlace>Москва</pubPlace>
                         <publisher>Государственное издательство "Художественная литература"</publisher>
                         <date when="1955"/>
                      </imprint>
                   </monogr>
                   <series>
                      <title level="s">Л.Н. Толстой. Полное собрание сочинений</title>
                      <biblScope unit="vol">79</biblScope>
                   </series>
                </biblStruct>
				<bibl>Печатается по машинописной копии из AЧ. Дата копии. В ТГМ сохранился черновик этого <hi style="opdelimiter">письма.</hi><hi style="opnumber">149</hi></bibl>
             </sourceDesc>
          </fileDesc>
          <encodingDesc>
             <tagsDecl> </tagsDecl>
          </encodingDesc>
          <profileDesc>
             <correspDesc>
                <correspAction type="sending">
                   <persName ref="PersonList.xml#L_N_Tolstoy">Л. Н. Толстой</persName>
                   <placeName ref="PlacesListxml#PLACE">Ясная Поляна</placeName>
                   <date when="1909-04-09">1909 г. Апреля 9.</date>            </correspAction>
                <correspAction type="receiving">
                   <persName ref="PersonList.xml#RECEIVER">Неизвестной (Анюте).</persName>
                </correspAction>
                <correspContext>
                   <ref type="prev"/>
                </correspContext>
             </correspDesc>
          </profileDesc>
       </teiHeader>
       <xenoData><number type="in a volume">165</number></xenoData>

              <text xml:id="NeizvestnojAnyute_165">
	<body><div>
		<opener index="false">
* 165. Неизвестной (Анюте).
1909 г. Апреля 9. Я. П.</opener>
<p rend="left">Очень мне вас жаль, милая Анюта. Посылаю вам книгу — евангелие. Читайте ее и знайте, что жизнь дана нам на благо. «Прийдите ко мне все труждающиеся и обремененные, и я успокою вас. Возьмите иго мое на себя и научитесь от меня, ибо я кроток и смирен сердцем, и найдете покой душам вашим», сказал Христос, и это надо помнить. Надо быть кротким и смиренным сердцем, т. е. добрым ко всем людям, никого не осуждая и всех любя. Попробуйте так жить и вы увидите, как тотчас же жизнь ваша станет, несмотря на всю тяжесть условий, в которых вы живете, и легка и даже радостна временами. Так будет сейчас, а чем дальше будете жить так, то жизнь ваша будет радостнее. Так что, когда подумаете о тех глупых мыслях, которые приходят вам теперь, будете удивляться, что могли даже думать об этом.</p>
<p rend="right">Любящий вас дед Лев Толстой.</p>
<lb/>
<p rend="left">Где ваш брат, за что сидит, и не могу ли я чем помочь ему?</p>
<comments><p rend="Textpetit_otstup left">Печатается по машинописной копии из AЧ. Дата копии. В ТГМ сохранился черновик этого <hi style="opdelimiter">письма.</hi><hi style="opnumber">149</hi></p>
<p rend="petit left"><hi style="npnumber">150</hi><hi style="npdelimiter">Ответ</hi> на письмо неизвестной девушки из Москвы от 6 апреля, которая просила Толстого ответить на имя Александры или Ольги Митрофановны Микляевых (для Анюты): «Я совсем потеряла голову и плачу всю неделю.... Мою маму отвезли в больницу, а брат вот уже больше полгода сидит в тюрьме.... Я очень устала, я живу девочкой в ученье последний год. Может быть, завтра пойду к брату.... Вот без матери я и не знаю, как быть с его делами — он политический. А я в этом ничего не понимаю.... Я вот прочла несколько ваших книг.... Вы пишете: не противиться злому. А вот как быть, с братом, как на них, на судей, не злиться — какого они его сделали. Он стал похож на смерть.... Иногда думаю купить нашатырного на десять копеек, да и разом не мучаясь».</p>
</comments></div></body>
        </text>
        </TEI>