<?xml version='1.0' encoding='UTF-8' standalone='no'?>

<TEI xmlns="http://www.tei-c.org/ns/1.0">
       <teiHeader>
          <fileDesc>
             <titleStmt>
                <title>Письмо №342. Становому приставу Крапивенского уезда.</title>
             </titleStmt>
             <publicationStmt>
                <publisher>TolstoyLab</publisher>
                <date when="2015-09-14">14 September 2015</date>
             </publicationStmt>
             <sourceDesc>
                <biblStruct>
                   <analytic>
                      <author>Толстой Л.Н.</author>
                   </analytic>
                   <monogr>
                      <title level="m">Полное собрание сочинений. Том 77</title>
                      <imprint>
                         <pubPlace>Москва</pubPlace>
                         <publisher>Государственное издательство "Художественная литература"</publisher>
                         <date when="1956"/>
                      </imprint>
                   </monogr>
                   <series>
                      <title level="s">Л.Н. Толстой. Полное собрание сочинений</title>
                      <biblScope unit="vol">77</biblScope>
                   </series>
                </biblStruct>
				<bibl>Печатается по копии, подшитой к «Делу канцелярии тульского губернатора, секретного стола, № 112, о вредной деятельности Черткова», л. 6.</bibl>
             </sourceDesc>
          </fileDesc>
          <encodingDesc>
             <tagsDecl> </tagsDecl>
          </encodingDesc>
          <profileDesc>
             <correspDesc>
                <correspAction type="sending">
                   <persName ref="PersonList.xml#L_N_Tolstoy">Л. Н. Толстой</persName>
                   <placeName ref="PlacesListxml#PLACE">Имение Звегинцевой</placeName>
                   <date when="1907-10-24">1907 г. Октября 24.</date>            </correspAction>
                <correspAction type="receiving">
                   <persName ref="PersonList.xml#RECEIVER">Становому приставу Крапивенского уезда.</persName>
                </correspAction>
                <correspContext>
                   <ref type="prev"/>
                </correspContext>
             </correspDesc>
          </profileDesc>
       </teiHeader>
       <xenoData><number type="in a volume">342</number></xenoData>

              <text xml:id="StanovomupristavuKrapivenskogouezda_342">
	<body><div>
		<opener index="false">
342. Становому приставу Крапивенского уезда.
1907 г. Октября 24. Имение Звегинцевой.</opener>
<p rend="subtitle centerline">
Господину Становому приставу 2 стана Крапивенского уезда<lb/>графа Льва Николаевича Толстого
</p>
<lb/>
<p rend="subtitle centerline">
<hi rend="Razradka">Заявление</hi>.
</p>
<p rend="left">Рязанский цеховой Николай Николаевич Гусев мне лично известен, и потому заявляю, что он и есть то самое лицо, которым он себя называет.</p>
<p rend="right">Граф Лев Толстой.</p>
<p rend="left">24 октября</p>
<p rend="left">1907 года.</p>
<comments><p rend="Textpetit_otstup left">Печатается по копии, подшитой к «Делу канцелярии тульского губернатора, секретного стола, № 112, о вредной деятельности Черткова», л. 6.</p>
<p rend="petit left">Опубликовано H. Н. Гусевым по памяти, неточно, в его книге «Два года с Л. Н. Толстым», М. 1912, стр. 44 (во втором издании, М. 1928, стр. 39, напечатан точный текст).</p>
<p rend="petit left">Комментируемое заявление написано при первом посещении Толстым H. Н. Гусева, находившегося под арестом: на становой квартире в имении А. Е. Звегинцевой близ Ясной Поляны (см. об этом прим. к письму № 270). Узнав, что у Гусева не оказалось паспорта на руках, что и послужило одной из причин его задержания, Толстой в удостоверение его <hi style="opdelimiter">личности</hi><hi style="opnumber">281</hi> <hi style="npnumber">282</hi><hi style="npdelimiter">написал</hi> это заявление. Он думал, что оно будет содействовать скорому освобождению Гусева из-под ареста. Когда Толстой писал эту бумагу, то сказал Гусеву с усмешкой: «Тут можно и графа пустить». См. указанную выше книгу Гусева, изд. 2-е, стр. 39.</p>
</comments></div></body>
        </text>
        </TEI>