<?xml version='1.0' encoding='UTF-8' standalone='no'?>

<TEI xmlns="http://www.tei-c.org/ns/1.0">
       <teiHeader>
          <fileDesc>
             <titleStmt>
                <title>Письмо №* 56. Неизвестному (Е. Т.).</title>
             </titleStmt>
             <publicationStmt>
                <publisher>TolstoyLab</publisher>
                <date when="2015-09-14">14 September 2015</date>
             </publicationStmt>
             <sourceDesc>
                <biblStruct>
                   <analytic>
                      <author>Толстой Л.Н.</author>
                   </analytic>
                   <monogr>
                      <title level="m">Полное собрание сочинений. Том 81</title>
                      <imprint>
                         <pubPlace>Москва</pubPlace>
                         <publisher>Государственное издательство "Художественная литература"</publisher>
                         <date when="1956"/>
                      </imprint>
                   </monogr>
                   <series>
                      <title level="s">Л.Н. Толстой. Полное собрание сочинений</title>
                      <biblScope unit="vol">81</biblScope>
                   </series>
                </biblStruct>
				<bibl>Печатается по копии, сверенной с черновиком-автографом, написанным на конверте письма Е. Т. На черновике рукой Толстого написано: Марки, то есть корреспондентом были присланы для ответа <hi style="opdelimiter">марки.</hi><hi style="opnumber">49</hi></bibl>
             </sourceDesc>
          </fileDesc>
          <encodingDesc>
             <tagsDecl> </tagsDecl>
          </encodingDesc>
          <profileDesc>
             <correspDesc>
                <correspAction type="sending">
                   <persName ref="PersonList.xml#L_N_Tolstoy">Л. Н. Толстой</persName>
                   <placeName ref="PlacesListxml#PLACE">Ясная Поляна</placeName>
                   <date when="1910-01-15">1910 г. Января 15.</date>            </correspAction>
                <correspAction type="receiving">
                   <persName ref="PersonList.xml#RECEIVER">Неизвестному (Е. Т.).</persName>
                </correspAction>
                <correspContext>
                   <ref type="prev"/>
                </correspContext>
             </correspDesc>
          </profileDesc>
       </teiHeader>
       <xenoData><number type="in a volume">56</number></xenoData>

       <text xml:id="NeizvestnomuE.T._56">
	<body><div>
		<opener index="false">
* 56. Неизвестному (Е. Т.).
1910 г. Января 15. Я. П.</opener>
<p rend="left">Советую жить, где живете, и ничего не затевать. Учиться доброй жизни можно везде. А только это одно учение нужно.</p>
<p rend="left">15-го января 1910 г.</p>
<p rend="left">Ясная Поляна.</p>
<comments><p rend="Textpetit_otstup left">Печатается по копии, сверенной с черновиком-автографом, написанным на конверте письма Е. Т. На черновике рукой Толстого написано: Марки, то есть корреспондентом были присланы для ответа <hi style="opdelimiter">марки.</hi><hi style="opnumber">49</hi></p>
<p rend="petit left"><hi style="npnumber">50</hi><hi style="npdelimiter">Неизвестный</hi> (Е. Т.), уже ранее писавший Толстому (см. т. 80 и «Список писем по поручению», № 16), в письме от 12 января 1910 г. писал, что он желает учиться, но его отец с этим не соглашается, поэтому он собирается убежать из дому, если Толстой одобрит это намерение.</p>
</comments></div></body>
        </text>
        </TEI>