<?xml version='1.0' encoding='UTF-8' standalone='no'?>

<TEI xmlns="http://www.tei-c.org/ns/1.0">
       <teiHeader>
          <fileDesc>
             <titleStmt>
                <title>Письмо №395. Завещание.</title>
             </titleStmt>
             <publicationStmt>
                <publisher>TolstoyLab</publisher>
                <date when="2015-09-14">14 September 2015</date>
             </publicationStmt>
             <sourceDesc>
                <biblStruct>
                   <analytic>
                      <author>Толстой Л.Н.</author>
                   </analytic>
                   <monogr>
                      <title level="m">Полное собрание сочинений. Том 80</title>
                      <imprint>
                         <pubPlace>Москва</pubPlace>
                         <publisher>Государственное издательство "Художественная литература"</publisher>
                         <date when="1955"/>
                      </imprint>
                   </monogr>
                   <series>
                      <title level="s">Л.Н. Толстой. Полное собрание сочинений</title>
                      <biblScope unit="vol">80</biblScope>
                   </series>
                </biblStruct>
				<bibl>Впервые опубликовано без первой фразы в газете «Костромская жизнь» 1911, № 243 от 6 ноября. Факсимильно воспроизведено в «Толстовском ежегоднике 1913 года», стр. <hi style="opdelimiter">25.</hi><hi style="opnumber">268</hi></bibl>
             </sourceDesc>
          </fileDesc>
          <encodingDesc>
             <tagsDecl> </tagsDecl>
          </encodingDesc>
          <profileDesc>
             <correspDesc>
                <correspAction type="sending">
                   <persName ref="PersonList.xml#L_N_Tolstoy">Л. Н. Толстой</persName>
                   <placeName ref="PlacesListxml#PLACE">Ясная Поляна</placeName>
                   <date when="1909-11-01">1909 г. Ноября 1.</date>            </correspAction>
                <correspAction type="receiving">
                   <persName ref="PersonList.xml#RECEIVER">Завещание.</persName>
                </correspAction>
                <correspContext>
                   <ref type="prev"/>
                </correspContext>
             </correspDesc>
          </profileDesc>
       </teiHeader>
       <xenoData><number type="in a volume">395</number></xenoData>

       <text xml:id="Zaveshhanie_395">
	<body><div>
		<opener index="false">
395. Завещание.
1909 г. Ноября 1. Я. П.</opener>
<p rend="left">Тысяча девятьсот девятого года, ноября первого дня я, нижеподписавшийся, находясь в здравом уме и твердой памяти, на случай моей смерти делаю следующее распоряжение: все мои литературные произведения, когда-либо написанные по сие время и какие будут написаны мною до моей смерти, как уже изданные, так и неизданные, как художественные, так и всякие другие, оконченные и неоконченные, драматические и во всякой иной форме, переводы, переделки, дневники, частные письма, черновые наброски, отдельные мысли и заметки, словом, всё без исключения мною написанное по день моей смерти, где бы таковое ни находилось и у кого бы ни хранилось, как в рукописях, так равно и напечатанное, и притом как право литературной собственности на все без исключения мои произведения, так и самые рукописи я все оставшиеся после меня бумаги завещаю в полную собственность дочери моей Александре Львовне Толстой. Лев Николаевич Толстой. Сим свидетельствую, что сие завещание действительно составлено, написано и подписано завещателем, Львом Николаевичем Толстым, находящимся в здравом уме и твердой памяти. Александр Борисович Гольденвейзер. В том же свидетельствую. Федор Алексеевич Страхов.</p>
<comments><p rend="Textpetit_otstup left">Впервые опубликовано без первой фразы в газете «Костромская жизнь» 1911, № 243 от 6 ноября. Факсимильно воспроизведено в «Толстовском ежегоднике 1913 года», стр. <hi style="opdelimiter">25.</hi><hi style="opnumber">268</hi></p>
<p rend="petit left"><hi style="npnumber">269</hi><hi style="npdelimiter">Впервые</hi> отказ от авторских прав на свои произведения, написанные после 1881 г., Толстой опубликовал в газетах в 1891 г. (см. тт. 51, 66 и 83). Об этом же он записал в Дневнике 27 марта 1895 г. (см. т. 53). Запись эту он подтвердил в письме к В. Г. Черткову в 1904 г. (см. т. 89). По поводу своего литературного наследства Толстой писал в Дневнике 11 августа 1908 г. и 4 февраля 1909 г. (см. тт. 56 и 57). Летом 1909 г. Толстой решил оформить свою волю и в день отъезда из Крекшина, 18 сентября, подписал первое домашнее завещание.</p>
<p rend="petit left">С юридической стороны это завещание оказалось неудовлетворительным. По закону частная собственность могла быть завещана только определенному юридическому лицу и нельзя провозглашать ее «ничьей частной собственностью». И по форме своей завещание не удовлетворяло юридическим требованиям. К составлению текста нового завещания В. Г. Чертковым был привлечен московский присяжный поверенный Н. К. Муравьев, который составил несколько проектов завещания. Чтобы выяснить, кому фиктивно Толстой пожелает завещать авторское право на свои произведения и какой проект завещания выберет, 26 октября ездил в Ясную Поляну Ф. А. Страхов. Толстой объявил Страхову, что он хочет завещать не только те произведения, которые были предусмотрены первым завещанием, но решительно все им написанное и все, что будет написано до его смерти. В соответствии с этим решением был составлен в Москве новый текст завещания, который А. Б. Гольденвейзер и Ф. А. Страхов привезли в Ясную Поляну 1 ноября. В тот же день Толстой собственноручно переписал и подписал его. А. Б. Гольденвейзер и Ф. А. Страхов были свидетелями.</p>
<p rend="petit left">По поводу этих двух завещаний Толстой писал в Дневнике 17 сентября, 21 октября, 26 октября и 1 ноября 1909 г. (см. т. 57). В 1910 г. завещание вновь было переписано. Необходимо было назвать в завещании второе лицо на случай смерти первого раньше самого Толстого. На этот раз завещание получило свою окончательную редакцию. См. т. 82.</p>
</comments></div></body>
        </text>
        </TEI>