<?xml version='1.0' encoding='UTF-8' standalone='no'?>

<TEI xmlns="http://www.tei-c.org/ns/1.0">
       <teiHeader>
          <fileDesc>
             <titleStmt>
                <title>Письмо №* 58. Ж. Бергману (J. Bergman) и Карлу Карлсону Бонду (Carl<lb/>Carlson Bonde). Черновое.</title>
             </titleStmt>
             <publicationStmt>
                <publisher>TolstoyLab</publisher>
                <date when="2015-09-14">14 September 2015</date>
             </publicationStmt>
             <sourceDesc>
                <biblStruct>
                   <analytic>
                      <author>Толстой Л.Н.</author>
                   </analytic>
                   <monogr>
                      <title level="m">Полное собрание сочинений. Том 82</title>
                      <imprint>
                         <pubPlace>Москва</pubPlace>
                         <publisher>Государственное издательство "Художественная литература"</publisher>
                         <date when="1956"/>
                      </imprint>
                   </monogr>
                   <series>
                      <title level="s">Л.Н. Толстой. Полное собрание сочинений</title>
                      <biblScope unit="vol">82</biblScope>
                   </series>
                </biblStruct>
				<bibl>Печатается по черновику-автографу, написанному на развернутом листе почтовой бумаги. Кроме того, имеется начало другого черновика, написанного на конверте письма Бергмана, следующего содержания: «Malheuresement l’état de ma santé ne me <choice original_editorial_correction='permet[tra]'><sic>permet</sic><corr>permettra</corr></choice> pas d’entreprendre un voyage lointain. Dans...» (К сожалению, состояние моего здоровья не позволит мне предпринять столь далекое путешествие. В...). Дата определяется почтовым штемпелем дня получения письма Бергмана: «Засека, 23 мая 1910 г.», когда, вероятно, было написано начало черновика на конверте, и пометою рукой A. Л. Толстой на конверте письма Бергмана об ответе Толстого 12 июня.</bibl>
             </sourceDesc>
          </fileDesc>
          <encodingDesc>
             <tagsDecl> </tagsDecl>
          </encodingDesc>
          <profileDesc>
             <correspDesc>
                <correspAction type="draft">
                   <persName ref="PersonList.xml#L_N_Tolstoy">Л. Н. Толстой</persName>
                   <placeName ref="PlacesListxml#PLACE">Ясная Поляна</placeName>
                   <date from="1910-05-23" to="1910-05">1910 г. Мая 23 —</date>            </correspAction>
                <correspAction type="receiving">
                   <persName ref="PersonList.xml#RECEIVER">Ж. Бергману (J. Bergman) и Карлу Карлсону Бонду (Carl<lb/>Carlson Bonde)</persName>
                </correspAction>
                <correspContext>
                   <ref type="prev"/>
                </correspContext>
             </correspDesc>
          </profileDesc>
       </teiHeader>
       <xenoData><number type="in a volume">58</number></xenoData>

       <text xml:id="ZH.BergmanuJ.BergmaniKarluKarlsonuBonduCarlCarlsonBonde_58">
	<body><div>
		<opener index="false">
* 58. Ж. Бергману (J. Bergman) и Карлу Карлсону Бонду (Carl<lb/>Carlson Bonde). Черновое.
1910 г. Мая 23 — июня 12. Я. П.
</opener><p rend="right">A Monsieur le В-on Bonde.</p>

<p rend="Obrashenie left">Monsieur,<note xml:id="note1" resp="volume_editor" index="false"> <hi>В черновике написано два раза:</hi> Monsieur</note></p>
<p rend="left">L’état de ma santé ne [me] permettra pas d’entreprendre le voyage de Stockholme, et c’est avec un sincère regret que je suis obligé de ne pas profiter de votre aimable invitation. J’espère cependant si j’en aurai la possibilité de présenter un mémoire sur la question de la paix au congrès de Stockholme.</p>
<p rend="left">Dans tous les cas je vous prie, Monsieur, d’accepter l’assurance de mes sentiments distingués.</p>
<p rend="right">L. T.</p>
<p rend="left">A monsieur le docteur Bergman.</p>
<lb/>
<p rend="right">Господину б-ну Бонду.</p>
<p rend="Obrashenie petit">Милостивый государь,</p>
<p rend="Textpetit_otstup left">Состояние моего здоровья не позволит мне предпринять путешествие в Стокгольм, и потому искренне сожалею, что я не могу воспользоваться вашим любезным приглашением. Всё же надеюсь, если мне удастся, представить Стокгольмскому конгрессу доклад по вопросу о мире.</p>
<p rend="petit left">Во всяком случае прошу вас, милостивый государь, принять уверение в моем искренном почтении.</p>
<p rend="petit right">Л. Т.</p>
<p rend="Textpetit_otstup left">Господину доктору Бергману.</p>
<comments><p rend="Textpetit_otstup left">Печатается по черновику-автографу, написанному на развернутом листе почтовой бумаги. Кроме того, имеется начало другого черновика, написанного на конверте письма Бергмана, следующего содержания: «Malheuresement l’état de ma santé ne me <choice original_editorial_correction='permet[tra]'><sic>permet</sic><corr>permettra</corr></choice> pas d’entreprendre un voyage lointain. Dans...» (К сожалению, состояние моего здоровья не позволит мне предпринять столь далекое путешествие. В...). Дата определяется почтовым штемпелем дня получения письма Бергмана: «Засека, 23 мая 1910 г.», когда, вероятно, было написано начало черновика на конверте, и пометою рукой A. Л. Толстой на конверте письма Бергмана об ответе Толстого 12 июня.</p>
<p rend="petit left">Ж. Бергман — доктор филологических наук, секретарь организационного комитета XVIII Всеобщего конгресса мира в Стокгольме, прислал Толстому приглашение от 29 мая нов. ст. прибыть на конгресс мира, который должен состояться 1—6 августа.</p>
<p rend="petit left">Приглашение повторил Карл Карлсон Бонд в письме от 13 июня нов. ст. 1910 г. На конверте его письма Толстой пометил: Отвечать.</p>
<p rend="Textpetit_otstup left"><hi>1</hi> <hi>В черновике написано два раза:</hi> Monsieur</p>
<p rend="emptyline left"><hi style="opnumber">56</hi> <hi style="npnumber">57</hi></p>
</comments></div></body>
        </text>
        </TEI>