<?xml version='1.0' encoding='UTF-8' standalone='no'?>

<TEI xmlns="http://www.tei-c.org/ns/1.0">
       <teiHeader>
          <fileDesc>
             <titleStmt>
                <title>Письмо №52. В редакцию газеты «Русские ведомости».</title>
             </titleStmt>
             <publicationStmt>
                <publisher>TolstoyLab</publisher>
                <date when="2015-09-14">14 September 2015</date>
             </publicationStmt>
             <sourceDesc>
                <biblStruct>
                   <analytic>
                      <author>Толстой Л.Н.</author>
                   </analytic>
                   <monogr>
                      <title level="m">Полное собрание сочинений. Том 72</title>
                      <imprint>
                         <pubPlace>Москва</pubPlace>
                         <publisher>Государственное издательство "Художественная литература"</publisher>
                         <date when="1933"/>
                      </imprint>
                   </monogr>
                   <series>
                      <title level="s">Л.Н. Толстой. Полное собрание сочинений</title>
                      <biblScope unit="vol">72</biblScope>
                   </series>
                </biblStruct>
             </sourceDesc>
          </fileDesc>
          <encodingDesc>
             <tagsDecl> </tagsDecl>
          </encodingDesc>
          <profileDesc>
             <correspDesc>
                <correspAction type="sending">
                   <persName ref="PersonList.xml#L_N_Tolstoy">Л. Н. Толстой</persName>
                   <placeName ref="PlacesListxml#PLACE">Москва</placeName>
                   <date when="1899-02-28">1899 г. Февраля 28.</date>            </correspAction>
                <correspAction type="receiving">
                   <persName ref="PersonList.xml#RECEIVER">В редакцию газеты «Русские ведомости».</persName>
                </correspAction>
                <correspContext>
                   <ref type="prev"/>
                </correspContext>
             </correspDesc>
          </profileDesc>
       </teiHeader>
       <xenoData><number type="in a volume">52</number></xenoData>

              <text xml:id="VredakciyugazetyRusskievedomosti_52">
	<body><div>
		<opener index="false">
52. В редакцию газеты «Русские ведомости».
1899 г. Февраля 28. Москва.</opener>
<p rend="left"><choice><reg>После</reg><orig>Послѣ</orig></choice> моего отчета 1898 года<note xml:id="note1" resp="volume_editor" index="false"> См. письма 1898 г., т. 71.</note> получены мною <choice><reg>пожертвования</reg><orig>пожертвованiя</orig></choice> для <choice><reg>пострадавших</reg><orig>пострадавшихъ</orig></choice> <choice><reg>от</reg><orig>отъ</orig></choice> неурожая по 15-е февраля с. г. <choice><reg>от</reg><orig>отъ</orig></choice> <choice><reg>разных</reg><orig>разныхъ</orig></choice> <choice><reg>лиц</reg><orig>лицъ</orig></choice>, всего 1.164 р. 55 к., <choice><reg>в</reg><orig>въ</orig></choice> <choice><reg>том</reg><orig>томъ</orig></choice> <hi style="opdelimiter"><choice><reg>числе</reg><orig>числѣ</orig></choice>:</hi><hi style="opnumber">79</hi></p>
<p rend="left"><hi style="npnumber">80</hi><hi style="npdelimiter"><choice><reg>От</reg><orig>Отъ</orig></choice></hi> Н. Г. Чепелкина 62 р. 50 к., Серпуховской городской земской больницы 8 р. 10 к., <choice><reg>редакции</reg><orig>редакцiи</orig></choice> «<choice><reg>Восточного</reg><orig>Восточнаго</orig></choice> <choice><reg>Обозрения</reg><orig>Обозрѣнiя</orig></choice>» 25<hi> </hi>р. 50 к., М. В. Полянской 100 р., конторы газеты «<choice><reg>Рижский</reg><orig>Рижскiй</orig></choice> <choice><reg>Вестник</reg><orig>Вѣстникъ</orig></choice>» 44 p. 45 к., <choice original_editorial_correction='акц[ионерного]'><sic>акц</sic><corr><choice><reg>акционерного</reg><orig>акцiонернаго</orig></choice></corr></choice> <choice original_editorial_correction='Общ[ества]'><sic>Общ</sic><corr>Общества</corr></choice> <choice original_editorial_correction='Северн[ой]'><sic>Северн</sic><corr>Северной</corr></choice> <choice original_editorial_correction='ткацк[ой]'><sic>ткацк</sic><corr>ткацкой</corr></choice> <choice original_editorial_correction='мануф[актуры]'><sic>мануф</sic><corr>мануфактуры</corr></choice> 39 р., <choice><reg>Яндинского</reg><orig>Яндинскаго</orig></choice> волостного <choice><reg>правления</reg><orig>правленiя</orig></choice> 10 р., О. Е. Лбовой 100 р., Д. Н. Жбанкова 40 р. 55 к., <choice><reg>служащих</reg><orig>служащихъ</orig></choice> Курской <choice><reg>психиатрической</reg><orig>психiатрической</orig></choice> больницы 19 р. 50 к., Бахир. <choice><reg>богадельни</reg><orig>богадѣльни</orig></choice> 10 р., <choice><reg>неизвестного</reg><orig>неизвѣстнаго</orig></choice> 100 р., Муромцева 50 р., М. З. Гулевой 50 р., настоятеля Луковской церкви 10 р., <choice><reg>Мебиус</reg><orig>Мебiусъ</orig></choice> 50 р., М. Свищевской 100 р., <choice><reg>от</reg><orig>отъ</orig></choice> <choice><reg>детей</reg><orig>дѣтей</orig></choice> Т. 35 р.</p>
<p rend="left"><choice><reg>Кроме</reg><orig>Кромѣ</orig></choice> того, <choice><reg>из</reg><orig>изъ</orig></choice> <choice><reg>Англии</reg><orig>Англiи</orig></choice> на имя моей жены <choice><reg>от</reg><orig>отъ</orig></choice> г. Фредерика <choice><reg>Грин</reg><orig>Гринъ</orig></choice><note xml:id="note2" resp="volume_editor" index="false"> В сопроводительном письме от 24 февраля н. ст. 1899 г. Фредерик Грин (Frederick Green) писал С. А. Толстой (перевод с английского): «Прилагаю при сем чек на 936 р. 60 к. в пользу голодающих крестьян пострадавших местностей России. Деньги эти собраны английским <hi style="opdelimiter">«Обществом</hi><hi style="opnumber">82</hi> <hi style="npnumber">83</hi><hi style="npdelimiter">друзей</hi> русской свободы», почетным секретарем которого я состою [...] Пожалуйста, постарайтесь напечатать в России сообщение о получении денег, а также навестите меня о том, что они благополучно дошли до Вас».</note> для <choice><reg>пострадавших</reg><orig>пострадавшихъ</orig></choice> <choice><reg>от</reg><orig>отъ</orig></choice> неурожая 936 р. 60 к.</p>
<p rend="left">Итого 2.101 р. 15 к.</p>
<p rend="left">Оставалось <choice><reg>от</reg><orig>отъ</orig></choice> <choice><reg>прошлого</reg><orig>прошлаго</orig></choice> года 3.379 р., итого 5.480 р. 15 к. В <choice><reg>продолжение</reg><orig>продолженiе</orig></choice> 1898 и 1899 гг. употреблено мною <choice><reg>соответственно</reg><orig>соотвѣтственно</orig></choice> <choice><reg>желанию</reg><orig>желанiю</orig></choice> жертвователей для помощи нуждающихся 1.476 р. <choice><reg>Из</reg><orig>Изъ</orig></choice> <choice><reg>остальных</reg><orig>остальныхъ</orig></choice> 4.004 р. посылаю 3.101 р. самарскому кружку для помощи нуждающимся на имя Ал. Ст. Пругавина. <choice><reg>Остающиеся</reg><orig>Остающiеся</orig></choice> 903 р., так же <choice><reg>как</reg><orig>какъ</orig></choice> и <choice><reg>некоторые</reg><orig>нѣкоторыя</orig></choice> не <choice><reg>полученные</reg><orig>полученныя</orig></choice> еще <choice><reg>с</reg><orig>съ</orig></choice> почты и не <choice><reg>выписанные</reg><orig>выписанныя</orig></choice> <choice><reg>пожертвования</reg><orig>пожертвованiя</orig></choice>, направлю или <choice><reg>в</reg><orig>въ</orig></choice> Казанскую <choice><reg>губернию</reg><orig>губернiю</orig></choice>, <choice><reg>из</reg><orig>изъ</orig></choice> которой ожидаю <choice><reg>сведений</reg><orig>свѣдѣнiй</orig></choice> <choice><reg>от</reg><orig>отъ</orig></choice> <choice><reg>поехавшего</reg><orig>поѣхавшаго</orig></choice> туда <choice><reg>знакомого</reg><orig>знакомаго</orig></choice>,<note xml:id="note3" resp="volume_editor" index="false"> В Казанскую губернию ездил для обследования П. А. Сергеенко. Работу в первые месяцы вел Константин Александрович Юшков (1832—1904), дальний родственник Владимира Ивановича Юшкова, мужа тетки Толстого, казанский помещик и земский деятель.</note> или опять же <choice><reg>в</reg><orig>въ</orig></choice> <choice><reg>самарский</reg><orig>самарскiй</orig></choice> <choice><reg>кружок</reg><orig>кружокъ</orig></choice>. Не <choice><reg>имея</reg><orig>имѣя</orig></choice> возможности самому <choice><reg>ехать</reg><orig>ѣхать</orig></choice> на <choice><reg>места</reg><orig>мѣста</orig></choice>, я прошу жертвователей обращаться прямо <choice><reg>к</reg><orig>къ</orig></choice> <choice><reg>людям</reg><orig>людямъ</orig></choice>, <choice><reg>занятым</reg><orig>занятымъ</orig></choice> <choice><reg>распределением</reg><orig>распредѣленiемъ</orig></choice> помощи: кн. С. И. Шаховскому<note xml:id="note4" resp="volume_editor" index="false"> Кн. Сергей Иванович Шаховской (1865—1908) — земский деятель Московской губернии. В 1899 г. приезжал в Поволжье для организации помощи голодающим.</note> или А. С. Пругавину, письмо <choice><reg>которого</reg><orig>котораго</orig></choice> ко <choice><reg>мне</reg><orig>мнѣ</orig></choice> прилагаю. Письмо это <choice><reg>унничтожает</reg><orig>унничтожаетъ</orig></choice> всякую возможность <choice><reg>сомнения</reg><orig>сомнѣнiя</orig></choice> о <choice><reg>существовании</reg><orig>существованiи</orig></choice> нужды <choice><reg>в</reg><orig>въ</orig></choice> той <choice><reg>местности</reg><orig>мѣстности</orig></choice>, которая описывается. Нужда должна быть очень тяжелая.</p>
<p rend="right"><choice><reg>Лев</reg><orig>Левъ</orig></choice> Толстой.</p>
<comments><p rend="Textpetit_otstup left">Перепечатывается из газеты «Русские ведомости» 1899, № 62 от 4 марта. Местонахождение подлинника неизвестно. Датируется по той же газете.</p>
<p rend="petit left">Денежный отчет вызван письмом к Толстому А. С. Пругавина от 19 февраля 1899 г., сообщавшего о бедственном положении населения Самарской губернии. Узнав от молокан, посетивших Толстого, что он желает оказать материальную помощь работникам на голоде, Пругавин писал 19 февраля: «Глубокоуважаемый Лев Николаевич! Вчера приходил ко мне Василий Константинович, молоканин из села Патровки, и сообщил, что вы готовы прислать к нам в кружок деньги, находящиеся в вашем распоряжении, для помощи голодающим крестьянам Самарской губернии. Вместе с тем он передавал, что вы желали бы иметь сведения о степени и размерах нужды, а также о нашей деятельности; не знаю, так ли я <hi style="opdelimiter">его</hi><hi style="opnumber">80</hi> <hi style="npnumber">81</hi><hi style="npdelimiter">понял?</hi> В виду этого спешу сообщить вам, что нужда среди крестьянского населения большей части Самарской губернии в настоящее время достигла до крайних пределов. Вам, быть может, уже известно, что наиболее пострадали Бугульминский и Ставропольский уезды (в последнем, например, из тридцати двух волостей в тридцати волостях полнейший неурожай, — по сведениям земства и администрации), затем весьма сильно пострадали, хотя и не сплошь, а местами, Бугурусланский и Самарский уезды, менее Новоузенский и Николаевский и, наконец, всего менее пострадал Бузулукский уезд, в большей части которого был весьма хороший урожай. К неурожаю хлебов присоединился полнейший неурожай кормов для рабочего и домашнего скота. Следует заметить, что и в прошлом, т. е. в 1897 году, почти те же самые уезды весьма сильно пострадали от недорода. Благодаря этому голодовка нынешнего года отозвалась особенно тяжело на населении, так как запасы от прошлых лет были уже истощены. Потребовалась земская ссуда, которая и была разрешена правительством, хотя и с большими урезками. Как вам известно, земская ссуда выдается с очень большими ограничениями (работники и дети до одного года не получают ссуды) и притом в крайне недостаточном размере — по тридцати пяти фунтов на человека. Затем необходимо иметь в виду, что из этого количества восемь фунтов уходит на покрытие расходов по перевозке хлеба и по размолу. Таким образом остается лишь двадцать семь фунтов, т. е. менее одного фунта в день. И это почти при полном отсутствии всяких запасов, всяких круп, овощей и т. п.; капуста, картофель, лук также не родились в нынешнем году. В силу необходимости население вынуждено прибегать к суррогатам. Хлеб из лебеды и лепешки из молотых жолудей, с самой незначительной примесью муки, можно встретить везде, где только уродилась лебеда, и где крестьяне имеют возможность пользоваться жолудями. Мякина и отруби также идут на хлеб. Наверное вам не раз случалось видеть хлеб, приготовленный из подобных суррогатов. Образцы его мы рассылали многим профессорам-медикам, в редакции газет и т. д. Без отвращения невозможно видеть этот хлеб. Это прямо нечто ужасное, потрясающее нервы [...] Заработков на местах пока нет никаких, на сторону же могут отправиться только люди среднего достатка, у которых есть полушубок, чепан, обувь и проч.; между тем у очень многих крестьян, особенно в татарских деревнях, ничего этого нет; здесь вы то и дело встречаете мужиков, одетых в какие-то рубища, чрез которые сквозит голое тело. О детях и говорить ничего. В очень многих семьях дети имеют только по одной рубахе; поэтому когда мать стирает и затем сушит белье, то дети совершенно голые сидят на печке или жмутся на шестке. У многих же детей совсем нет никакого белья, так что и в школу ученики зачастую приходят в одном верхнем платье, одетом прямо на голое тело, и которое поэтому они уже не снимают во все время пребывания в школе. В татарских селах можно зачастую видеть, как дети совсем босые бегут в столовые по снегу и морозу. Другие же кое-как обертывают ноги в разные тряпки, прикрываются разными лохмотьями, а иногда даже, просто завернувшись в какую-нибудь грязную рогожку, бегут в столовую. Там, где нет столовых, дети, как и взрослые, едят только впроголодь, поэтому <hi>в</hi> школе они скоро утомляются, становятся вялыми и как бы <hi style="opdelimiter">сонными.</hi><hi style="opnumber">81</hi> <hi style="npnumber">82</hi><hi style="npdelimiter">Затем</hi> население страшно страдает от недостатка топлива. Дров нет, солома баснословно вздорожала: <hi>пуд</hi> стоит теперь пятьдесят копеек! Это нечто неслыханное и небывалое, так как в обыкновенное время <hi>воз</hi> соломы стоит пятнадцать копеек. Кизяка тоже нет, потому что лошади и коровы больше чем на половину распроданы на сторону или прирезаны [...] Несмотря на всё это, местная администрация упорно продолжает стоять на том, что голода нет, а есть лишь «недород». При открытии губернского земского собрания г. Кондоиди сказал речь, в которой развязно утверждал, что печать раздувает голод, что нужда замечается лишь в очень немногих местностях губернии и т. д. Речь эта произвела тяжелое впечатление на всех, кто знаком с положением дела в уездах, но «Московские ведомости» пришли в восторг от этой речи и наговорили много комплиментов по адресу г-на Кондоиди. Однако земское собрание не успело еще закрыться (1 февраля), как из уездов начали получаться телеграммы о появлении цынги, тифа и других «неизбежных спутников голода». И теперь уездные управы, земские начальники, врачи, предводители дворянства, уездные попечительства Красного креста, все шлют телеграммы о появлении цынги или тифа то в том, то в другом селе или деревне. С особенной силой болезни эти появились в наиболее пострадавших уездах: в Ставропольском, Бугульминском, Бугурусланском, Самарском и Новоузенском [...] Как видите, положение очень серьезное. Необходимы огромные средства, чтобы спасти народ от голодания, от болезней, от полного разорения. Зная ваше глубоко-сердечное отношение к народу, мы не сомневаемся, что вы сделаете всё возможное для того, чтобы оказать ему посильную помощь. Кроме средств, крайне необходимы <hi>люди</hi>, которые бы могли приехать сюда и заняться устройством столовых, общих пекарен, кухонь и т. п. Затем необходимы врачи, фельдшера, сестры милосердия. Особенно в татарских и инородческих селах ощущается полное отсутствие людей, которые могли бы принять на себя дело организации помощи голодающему и болеющему населению. Наш кружок открыл столовые и кухни в ста селениях и кормит более десяти тысяч детей. Если вы действительно имеете в виду прислать нам деньги, то можете направить их на мое имя (адрес известен почтамту) или же на имя казначея нашего кружка А. С. Медведева». По получении этого сообщения, Толстой немедленно, 23 февраля, телеграфно запросил у Пругавина разрешение опубликовать письмо. Пругавин ответил согласием, и его письмо с некоторыми сокращениями было напечатано вместе с ответом Толстого 4 марта в «Русских ведомостях». В ответ на призыв Толстого приток пожертвований в Самарскую губернию усилился и деятельность общественных организаций была значительно расширена. См. письма №№ 49 и 57 и книги А. С. Пругавина: «Голодающее крестьянство», М. 1906, стр. 168—177; «О Льве Толстом и о толстовцах», М. 1911, стр. 109—119.</p>
<p rend="Textpetit_otstup left"><hi>1</hi> См. письма 1898 г., т. 71.</p>
<p rend="petit left"><hi>2</hi> В сопроводительном письме от 24 февраля н. ст. 1899 г. Фредерик Грин (Frederick Green) писал С. А. Толстой (перевод с английского): «Прилагаю при сем чек на 936 р. 60 к. в пользу голодающих крестьян пострадавших местностей России. Деньги эти собраны английским <hi style="opdelimiter">«Обществом</hi><hi style="opnumber">82</hi> <hi style="npnumber">83</hi><hi style="npdelimiter">друзей</hi> русской свободы», почетным секретарем которого я состою [...] Пожалуйста, постарайтесь напечатать в России сообщение о получении денег, а также навестите меня о том, что они благополучно дошли до Вас».</p>
<p rend="petit left"><hi>3</hi> В Казанскую губернию ездил для обследования П. А. Сергеенко. Работу в первые месяцы вел Константин Александрович Юшков (1832—1904), дальний родственник Владимира Ивановича Юшкова, мужа тетки Толстого, казанский помещик и земский деятель.</p>
<p rend="petit left"><hi>4</hi> Кн. Сергей Иванович Шаховской (1865—1908) — земский деятель Московской губернии. В 1899 г. приезжал в Поволжье для организации помощи голодающим.</p>
</comments></div></body>
        </text>
        </TEI>