<?xml version='1.0' encoding='UTF-8' standalone='no'?>

<TEI xmlns="http://www.tei-c.org/ns/1.0">
       <teiHeader>
          <fileDesc>
             <titleStmt>
                <title>Письмо №267. В редакции газет.</title>
             </titleStmt>
             <publicationStmt>
                <publisher>TolstoyLab</publisher>
                <date when="2015-09-14">14 September 2015</date>
             </publicationStmt>
             <sourceDesc>
                <biblStruct>
                   <analytic>
                      <author>Толстой Л.Н.</author>
                   </analytic>
                   <monogr>
                      <title level="m">Полное собрание сочинений. Том 78</title>
                      <imprint>
                         <pubPlace>Москва</pubPlace>
                         <publisher>Государственное издательство "Художественная литература"</publisher>
                         <date when="1956"/>
                      </imprint>
                   </monogr>
                   <series>
                      <title level="s">Л.Н. Толстой. Полное собрание сочинений</title>
                      <biblScope unit="vol">78</biblScope>
                   </series>
                </biblStruct>
				<bibl>Печатается по копировальной книге № 8, л. 327, куда вклеен дубликат подлинника, написанного и датированного на машинке (в дубликате подпись не восстановлена; воспроизводится нами по первой публикации). Отправлено из Ясной Поляны 4 ноября. Впервые опубликовано в «Биржевых ведомостях» 1908, № 10799 от 7 ноября; напечатано в «Русском слове» 1908, № 260 от 8 ноября; на другой день напечатано в «Русских ведомостях» и других газетах. В ГМТ хранится черновик письма, написанный рукой С. А. Толстой и собственноручно исправленный; внесены также исправления рукой H. Н. Гусева (стенографически). Окончательный текст черновика совпадает с текстом подлинника.</bibl>
             </sourceDesc>
          </fileDesc>
          <encodingDesc>
             <tagsDecl> </tagsDecl>
          </encodingDesc>
          <profileDesc>
             <correspDesc>
                <correspAction type="sending">
                   <persName ref="PersonList.xml#L_N_Tolstoy">Л. Н. Толстой</persName>
                   <placeName ref="PlacesListxml#PLACE">Ясная Поляна</placeName>
                   <date when="1908-10-30">1908 г. Октября 30.</date>            </correspAction>
                <correspAction type="receiving">
                   <persName ref="PersonList.xml#RECEIVER">В редакции газет.</persName>
                </correspAction>
                <correspContext>
                   <ref type="prev"/>
                </correspContext>
             </correspDesc>
          </profileDesc>
       </teiHeader>
       <xenoData><number type="in a volume">267</number></xenoData>

              <text xml:id="Vredakciigazet_267">
	<body><div>
		<opener index="false">
267. В редакции газет.
1908 г. Октября 30. Я. П.
</opener>
<p rend="Obrashenie left">Письмо в редакцию.</p>
<p rend="left">Последнее время, года два или три, я всё в большем и большем количестве получаю письма, число которых доходит иногда до 15 в день, с просьбами о вспомоществовании, преимущественно денежном. А между тем я — последнее лицо, к которому можно обращаться с такими просьбами. Уже 18-ть лет тому назад я по отношению к собственности поставил себя в такое положение, как будто я умер, т. е. передал все, что <hi style="opdelimiter">считалось</hi><hi style="opnumber">244</hi> <hi style="npnumber">245</hi><hi style="npdelimiter">моим,</hi> тем, кому оно по закону должно было перейти после моей смерти. Отказался я в то же время и от всякого вознаграждения за всё то, что я мог писать и писал с того времени.</p>
<p rend="left">Так что, хорошо или дурно я поступил, я нахожусь в полной невозможности удовлетворять просьбам о денежной помощи, достигающим до 1000 и более рублей в день, а также и ходатайствам и просьбам о помещении на разные места и в разные учреждения, так как живу безвыездно в деревне и не имею сношений ни с какими деловыми людьми.<note xml:id="note1" resp="volume_editor" index="false"><hi>В черновике зачеркнуто:</hi> и представляю из себя лицо, менее всякого другого способное к этому, так как если это неправда, то я лгун и лицемер, к которому нельзя обращаться, и тем менее возможно, если то, о чем я заявляю — правда.</note></p>
<p rend="left">Это-то мне. и хочется еще раз сделать известным как можно большему количеству лиц, для того, чтобы избавить их от тяжелого чувства тщетного ожидания, разочарования и осуждения.</p>
<p rend="left">Очень прошу все как столичные, так и провинциальные газеты перепечатать это мое письмо, за напечатание которого вперед приношу мою благодарность.</p>
<p rend="right">Лев Толстой.</p>
<p rend="left">Ясная Поляна</p>
<p rend="left">30 октября 1908.</p>
<comments><p rend="Textpetit_otstup left">Печатается по копировальной книге № 8, л. 327, куда вклеен дубликат подлинника, написанного и датированного на машинке (в дубликате подпись не восстановлена; воспроизводится нами по первой публикации). Отправлено из Ясной Поляны 4 ноября. Впервые опубликовано в «Биржевых ведомостях» 1908, № 10799 от 7 ноября; напечатано в «Русском слове» 1908, № 260 от 8 ноября; на другой день напечатано в «Русских ведомостях» и других газетах. В ГМТ хранится черновик письма, написанный рукой С. А. Толстой и собственноручно исправленный; внесены также исправления рукой H. Н. Гусева (стенографически). Окончательный текст черновика совпадает с текстом подлинника.</p>
<p rend="petit left">О просительных письмах Толстой написал первое письмо в редакции газет в сентябре 1907 г. (см. т. 77). Количество просительных писем не уменьшилось. И в 1908 г. после опубликования комментируемого письма, за ноябрь—декабрь было получено (сохранилось в архиве) восемьдесят два письма. Из них только в двадцати были указаны суммы, составившие 21 427 рублей. Было получено также несколько писем, осуждавших Толстого, а также письма грубо ругательные. Ни на одно из осудительных и ругательных писем Толстой не ответил. <ref target="file:///Volume_78_I.Semenychevu_287.xml">См. письмо № 287</ref>. Появилось несколько ругательных статей в черносотенной печати.</p>
<p rend="Textpetit_otstup left"><hi>1 </hi><hi>В черновике зачеркнуто:</hi> и представляю из себя лицо, менее всякого другого способное к этому, так как если это неправда, то я лгун и лицемер, к которому нельзя обращаться, и тем менее возможно, если то, о чем я заявляю — правда.</p>
<p rend="left"><hi style="opnumber">245</hi> <hi style="npnumber">246</hi></p>
</comments></div></body>
        </text>
        </TEI>