<?xml version='1.0' encoding='UTF-8' standalone='no'?>

<TEI xmlns="http://www.tei-c.org/ns/1.0">
       <teiHeader>
          <fileDesc>
             <titleStmt>
                <title>Письмо №* 136. Джону Кенворти (John Kenworlhy).</title>
             </titleStmt>
             <publicationStmt>
                <publisher>TolstoyLab</publisher>
                <date when="2015-09-14">14 September 2015</date>
             </publicationStmt>
             <sourceDesc>
                <biblStruct>
                   <analytic>
                      <author>Толстой Л.Н.</author>
                   </analytic>
                   <monogr>
                      <title level="m">Полное собрание сочинений. Том 68</title>
                      <imprint>
                         <pubPlace>Москва</pubPlace>
                         <publisher>Государственное издательство "Художественная литература"</publisher>
                         <date when="1954"/>
                      </imprint>
                   </monogr>
                   <series>
                      <title level="s">Л.Н. Толстой. Полное собрание сочинений</title>
                      <biblScope unit="vol">68</biblScope>
                   </series>
                </biblStruct>
				<bibl>Печатается по листам 91 и 92 копировальной книги. Дата автографа «30 августа» должна пониматься как 30 августа нового стиля, так как о разрешениях на издание, помеченных «Август 1895» (см. письма к Братскому издательскому товариществу, №№ 149 и 150), говорится как о еще не написанных.</bibl>
             </sourceDesc>
          </fileDesc>
          <encodingDesc>
             <tagsDecl> </tagsDecl>
          </encodingDesc>
          <profileDesc>
             <correspDesc>
                <correspAction type="sending">
                   <persName ref="PersonList.xml#L_N_Tolstoy">Л. Н. Толстой</persName>
                   <placeName ref="PlacesListxml#PLACE">Ясная Поляна</placeName>
                   <date when="1895-08-18">1895 г. Августа 18.</date>            </correspAction>
                <correspAction type="receiving">
                   <persName ref="PersonList.xml#RECEIVER">Джону Кенворти (John Kenworlhy).</persName>
                </correspAction>
                <correspContext>
                   <ref type="prev">Ответ на письмо Кенворти от 7 августа н. ст., посвященное, главным образом, вопросам организации издания на английском языке сочинений <hi style="opdelimiter">Толстого.</hi><hi style="opnumber">140</hi></ref>
                </correspContext>
             </correspDesc>
          </profileDesc>
       </teiHeader>
       <xenoData><number type="in a volume">136</number></xenoData>

              <text xml:id="D.Kenvorti_136">
	<body><div>
		<opener index="false">
* 136. Джону Кенворти (John Kenworlhy).
1895 г. Августа 18. Я. П.
</opener>
<p rend="Obrashenie left">Dear friend,</p>
<p rend="left">I have got your letter and will answer it, each point separately.</p>
<p rend="left">1) I am very sorry that you have spent so much money for the translation of the four Gospels. 100 for a volume is very <hi style="opdelimiter">dear</hi>.<note xml:id="note1" resp="volume_editor" index="false"> Кенворти писал, что, по договору с переводчиком «Соединения, перевода и исследования четырех евангелий» К. И. Тёрнером, он обязался платить ему 100 фунтов стерлингов (около 1000 рублей) за том, и при слабом сбыте книги эта сумма тяжело ложится на издательство.</note><hi style="opnumber">139</hi></p>
<p rend="left"><hi style="npnumber">140</hi><hi style="npdelimiter">2)</hi> I have not yet had time to look over the translations of «What I believe» and «While you have the light», but I will do so and, if they are not bad, will send you the authorisations. I think, that the «Kingdom of God» is one of my books, which will sell better, than others, and will bе very glad to know, that there is a cheap edition of it.<note xml:id="note2" resp="volume_editor" index="false"> Далее Кенворти писал в том же письме, что им куплены в целях переиздания старые английские переводы «В чем моя вера?» (перевод Константина Попова, Лондон, 1885), «Ходите в свете, пока есть свет» (перевод Э. Диллона, Лондон, 1890) и «Царство божие внутри вас» (перевод Констенс Гарнет, Лондон, 1894); он просил высказаться о достоинстве этих переводов и, если переводы окажутся хороши, прислать разрешение на их переиздание.</note></p>
<p rend="left">3) I asked my friend Mr. Tchertkoff to send you a list of my writings since 1881, and he promised, that he will do it. His adress is: Russia, Government of Voronesh, station Rossosha. Vladimir Tshertkoff.</p>
<p rend="left">4) I would be very glad, if I could forward to you this year a new work, which should be edited by your company before any others. And hope to do so.</p>
<p rend="right">Yours truly</p>
<p rend="right">Leo Tolstoy.</p>
<p rend="left">30 August 1895.</p>
<lb/>
<p rend="Obrashenie petit left">Дорогой друг,</p>
<comments><p rend="Textpetit_otstup left">Я получил ваше письмо и буду отвечать на каждый пункт в отдельности.</p>
<p rend="petit left">1) Мне очень жаль, что вы истратили столько денег на перевод «Четырех евангелий», 100 фунтов за том очень дорого.<note xml:id="note3" resp="volume_editor" index="false"> Кенворти писал, что, по договору с переводчиком «Соединения, перевода и исследования четырех евангелий» К. И. Тёрнером, он обязался платить ему 100 фунтов стерлингов (около 1000 рублей) за том, и при слабом сбыте книги эта сумма тяжело ложится на издательство.</note></p>
<p rend="petit left">2) Я еще не имел времени, чтобы просмотреть перевод «В чем моя вера» и «Ходите в свете, пока есть свет», но сделаю это и, если эти переводы не плохи, пошлю вам разрешение. Я думаю, что «Царство божие» — одна из моих книг, которая будет лучше продаваться, чем другие, и мне приятно будет узнать, что она существует в дешевом издании.<note xml:id="note4" resp="volume_editor" index="false"> Далее Кенворти писал в том же письме, что им куплены в целях переиздания старые английские переводы «В чем моя вера?» (перевод Константина Попова, Лондон, 1885), «Ходите в свете, пока есть свет» (перевод Э. Диллона, Лондон, 1890) и «Царство божие внутри вас» (перевод Констенс Гарнет, Лондон, 1894); он просил высказаться о достоинстве этих переводов и, если переводы окажутся хороши, прислать разрешение на их переиздание.</note></p>
<p rend="petit left">3) Я просил моего друга Черткова послать вам список моих писаний с 1881 года, и он обещал мне это сделать. Его адрес: Россия, Воронежская губерния, почт. станция Россоша, Владимиру Черткову.</p>
<p rend="petit left">4) Был бы очень рад послать вам в нынешнем году новую вещь, которая могла бы быть издана вашим товариществом раньше других. Надеюсь это сделать.</p>
<p rend="petit right">Искренно ваш Лев Толстой.</p>
<p rend="petit left">30 августа 1895.</p>
<p rend="Textpetit_otstup left">Печатается по листам 91 и 92 копировальной книги. Дата автографа «30 августа» должна пониматься как 30 августа нового стиля, так как о разрешениях на издание, помеченных «Август 1895» (см. письма к Братскому издательскому товариществу, №№ 149 и 150), говорится как о еще не написанных.</p>
<p rend="petit left">Ответ на письмо Кенворти от 7 августа н. ст., посвященное, главным образом, вопросам организации издания на английском языке сочинений <hi style="opdelimiter">Толстого.</hi><hi style="opnumber">140</hi></p>
<p rend="Textpetit_otstup left"><hi>1</hi> Кенворти писал, что, по договору с переводчиком «Соединения, перевода и исследования четырех евангелий» К. И. Тёрнером, он обязался платить ему 100 фунтов стерлингов (около 1000 рублей) за том, и при слабом сбыте книги эта сумма тяжело ложится на издательство.</p>
<p rend="petit left"><hi>2</hi> Далее Кенворти писал в том же письме, что им куплены в целях переиздания старые английские переводы «В чем моя вера?» (перевод Константина Попова, Лондон, 1885), «Ходите в свете, пока есть свет» (перевод Э. Диллона, Лондон, 1890) и «Царство божие внутри вас» (перевод Констенс Гарнет, Лондон, 1894); он просил высказаться о достоинстве этих переводов и, если переводы окажутся хороши, прислать разрешение на их переиздание.</p>
</comments></div></body>
        </text>
        </TEI>