<?xml version='1.0' encoding='UTF-8' standalone='no'?>

<TEI xmlns="http://www.tei-c.org/ns/1.0">
       <teiHeader>
          <fileDesc>
             <titleStmt>
                <title>Письмо №285. А. г Розен.</title>
             </titleStmt>
             <publicationStmt>
                <publisher>TolstoyLab</publisher>
                <date when="2015-09-14">14 September 2015</date>
             </publicationStmt>
             <sourceDesc>
                <biblStruct>
                   <analytic>
                      <author>Толстой Л.Н.</author>
                   </analytic>
                   <monogr>
                      <title level="m">Полное собрание сочинений. Том 67</title>
                      <imprint>
                         <pubPlace>Москва</pubPlace>
                         <publisher>Государственное издательство "Художественная литература"</publisher>
                         <date when="1955"/>
                      </imprint>
                   </monogr>
                   <series>
                      <title level="s">Л.Н. Толстой. Полное собрание сочинений</title>
                      <biblScope unit="vol">67</biblScope>
                   </series>
                </biblStruct>
             </sourceDesc>
          </fileDesc>
          <encodingDesc>
             <tagsDecl> </tagsDecl>
          </encodingDesc>
          <profileDesc>
             <correspDesc>
                <correspAction type="sending">
                   <persName ref="PersonList.xml#L_N_Tolstoy">Л. Н. Толстой</persName>
                   <placeName ref="PlacesListxml#PLACE">Ясная Поляна</placeName>
                   <date when="1894-11-26">1894 г. Ноября 26.</date>            </correspAction>
                <correspAction type="receiving">
                   <persName ref="PersonList.xml#RECEIVER">А. г Розен.</persName>
                </correspAction>
                <correspContext>
                   <ref type="prev"/>
                </correspContext>
             </correspDesc>
          </profileDesc>
       </teiHeader>
       <xenoData><number type="in a volume">285</number></xenoData>

              <text xml:id="A.G.Rozen_285">
	<body><div>
		<opener index="false">
285. А. Г. Розен.
1894 г. Ноября 26. Я. П.</opener>
<p rend="left">Вы спрашиваете меня, Анна Германовна:<note xml:id="note1" resp="volume_editor" index="false"> Опущенное (в 4-й редакции) начало письма: «Уважаемая Анна Германовна, Ваши вопросы так интересны (как они и должны быть интересны для всякого человека, жившего внутренней жизнью) и так хорошо поставлены, что мне очень бы хотелось ответить на них. Постараюсь это сделать».</note></p>
<p rend="left">1) <hi>Следует ли людям, несомненно выдающимся умственно, искать выражения в словах постигнутых ими истин внутренней жизни?</hi></p>
<p rend="left">2) <hi>Следует ли добиваться в своей внутренней жизни полной сознательности?</hi></p>
<p rend="left">3) <hi>Чем нам руководиться в минуты борьбы и колебаний</hi>, <hi>чтобы узнать</hi>, <hi>говорит ли в нас действительно наша совесть или рассуждение</hi>, <hi>подкупленное нашей слабостью?</hi> 3-й вопрос этот я выразил для краткости своими словами, надеюсь, не изменив его смысла.</p>
<p rend="left">Три вопроса эти, по моему мнению, сводятся к одному — второму, потому что, если не следует добиваться полной сознательности своей внутренней жизни, то и не следует и невозможно будет выразить словами постигнутые нами истины и, в минуты колебания, нечем будет руководиться для того, чтобы узнать, говорит ли в нас наша совесть или ложное рассуждение. Если же следует добиваться наибольшей доступной разуму человека (какой бы ни был этот разум) сознательности, то и следует выражать словами — постигнутые нами истины, и этими-то самыми доведенными до полной сознательности и выраженными истинами и следует руководиться в минуты борьбы и колебаний. И потому я отвечаю вам на средний и коренной вопрос — положительно, именно, что всякий человек для исполнения своего назначения на земле и для достижения истинного блага (что всегда сходится) должен всегда все силы своего ума напрягать на уяснение для самого себя тех религиозных основ, которыми он живет, т. е. смысла своей жизни.</p>
<p rend="left">Я часто встречал между безграмотными рабочими-землекопами, которым приходится вычислять кубические меры, распространенное убеждение, что математическое вычисление обманчиво и что не надо доверять ему. Оттого ли, что они не знают математики, или оттого, что люди, математически вычислявшие за них, часто умышленно или неумышленно обманывали их, но мнение о недостоверности и негодности для определения мер математики установилось между безграмотными рабочими и сделалось для большинства несомненной истиной, которую они даже не считают нужным <hi style="opdelimiter">доказывать.</hi><hi style="opnumber">274</hi></p>
<p rend="left"><hi style="npnumber">275</hi><hi style="npdelimiter">Такое</hi> же мнение установилось и между людьми, смело скажу, нерелигиозными — мнение о том, что разум не может решать вопросов религиозных, что приложение разума к этим вопросам есть главная причина заблуждений, что решение религиозных вопросов разумом есть преступная гордость. Я говорю это к тому, что выраженное в ваших вопросах сомнение о том, нужно ли добиваться сознательности в своих религиозных убеждениях, может быть основано только на этом предположении, именно о том, что разум не может быть прилагаем к решению религиозных вопросов, а между тем такое предположение столь же странно и очевидно ложно, как и предположение о том, что вычисление не может решать вопросов математических.</p>
<p rend="left">Человеку дано прямо от бога только одно орудие познания себя и своего отношения к миру: другого нет, и орудие это — разум, и вдруг ему говорят, что разум он может употребить на уяснение своих домашних, семейных, хозяйственных, политических, научных, художественных вопросов, но только не на уяснение самых важных истин, тех, от познания которых зависит вся жизнь его, человек никак не должен употреблять разум, а должен познавать эти истины помимо разума, тогда как помимо разума человек ничего познать не может. Говорят: познавай откровение верой, но и верить человек не может помимо разума. Если человек верит в то и не верит в это, то только потому, что разум его говорит ему, что в это не надо, а в это надо верить. Сказать, что человек не должен руководиться разумом — это всё равно, что человеку в темном подземелье несущему лампочку сказать, что для того, чтобы ему выбраться из подземелья и найти путь, надо потушить лампочку и руководствоваться не светом, а чем-то другим.</p>
<p rend="left">Но, может быть, скажут вам, как и вы говорите в своем письме, что не все люди одарены большим умом и особенной способностью выражать свои мысли, и потому неумелое выражение своих мыслей о религии может повести к заблуждению. На это отвечу словами Евангелия: «что скрыто от мудрых, открыто младенцам». И это изречение не есть преувеличение или парадокс, как принято судить о тех изречениях Евангелия, которые нам не нравятся, а это утверждение самой простой и несомненной истины о том, что каждому существу в мире дан закон, которому существо это должно следовать, и для познания <hi style="opdelimiter">этого</hi><hi style="opnumber">275</hi> <hi style="npnumber">276</hi><hi style="npdelimiter">закона</hi> даны каждому существу соответственные для этого органы.<note xml:id="note2" resp="volume_editor" index="false"> В 1-й редакции предшествующая мысль выражена так: Муха, заяц, ястреб, слон, все знают, что им делать, и точно так же знает это младенец и простой человек, знает, <choice original_editorial_correction='п[отому]'><sic>п</sic><corr>потому</corr></choice> <choice original_editorial_correction='ч[то]'><sic>ч</sic><corr>что</corr></choice> тот, кто послал его в мир, дал ему также, как мухе, зайцу, слону, тот орган, посредством <choice original_editorial_correction='к[оторого]'><sic>к</sic><corr>которого</corr></choice> он может познать тот закон, <choice original_editorial_correction='к[оторому]'><sic>к</sic><corr>которому</corr></choice> он должен следовать; не знает этого только тот, кто не хочет пользоваться этим органом, и берет на веру, и принимает через чувство то, что ему говорят другие. Закон, которому должен следовать человек, очень прост, и для того, чтобы найти его, не нужно особенных усилий, особенно <choice original_editorial_correction='п[отому]'><sic>п</sic><corr>потому</corr></choice>, <choice original_editorial_correction='ч[то]'><sic>ч</sic><corr>что</corr></choice> он подсказывается нам и нашим опытом, и нашим сердцем, и преданием. Только для того, чтобы найти этот закон, человеку необходимо пользоваться своим разумом и верить в него больше, чем во всякие предания человеческие, и не преданиями проверять разум, а разумом проверять предания.</note> И потому каждый человек одарен разумом, и в разуме этом открыт каждому человеку закон, которому он должен следовать. Скрыт этот закон только от тех людей, которые не хотят следовать ему, а для того, чтобы не следовать закону, отрекаются от разума и вместо того, чтобы для познания истины пользоваться данным ему для этого разумом, пользуются для этого взятыми на веру указаниями таких же, как и они, людей, отказавшихся от разума.</p>
<p rend="left">Закон же, которому должен следовать человек, так прост, что он доступен каждому ребенку, тем более, что человеку не приходится самому вновь открывать закон своей жизни. Люди, прежде него жившие, открыли и выразили его, и человеку нужно только проверить их своим разумом, принять или не принять те положения, которые он находит выраженными в предании, т. е. не как это советуют делать люди, желающие не исполнить закон: преданием поверять разум, а напротив: разумом поверять предание. Предания могут быть от людей и ложные, а разум наверно прямо от бога и не может быть лжив. И потому для познания и выражения истины не нужны никакие особенно выдающиеся способности, а нужно только верить в то, что разум есть не только высшее божественное свойство человека, но и единственное орудие познания истины. Особенный ум и дарования нужны бывают не для познания и изложения истины, а для придумывания и изложения лжи. Раз отступив от указаний разума, не поверив ему, а поверив на слово тому, что выдается за истину, люди нагромождают и принимают на веру, обыкновенно в виде законов, откровений, догматов, такие сложные, неестественные и противоречивые положения, что для того, чтобы изложить их и связать с жизнью, нужна действительно большая тонкость ума и особенное дарование. Только стоит представить себе человека нашего мира, воспитанного на религиозных основах какого бы ты ни было христианского исповедания — католического, православного, протестантского, — который захочет уяснить себе религиозные основы, привитые ему с детства, и захочет связать их с жизнью, — какую сложную умственную работу он должен проделать, чтобы примирить все противоречия, находящиеся в привитом ему воспитанием исповедании. Бог творец и благой сотворил зло, казнит людей и требует искупления и т. п., и мы исповедуем закон любви <hi style="opdelimiter">и</hi><hi style="opnumber">276</hi> <hi style="npnumber">277</hi><hi style="npdelimiter">прощения,</hi> и казним, воюем, отнимаем у нищих собственность и т. п. и т. п.</p>
<p rend="left">Так вот для распутывания этих-то неразрешимых противоречий, или, скорее, сокрытия их от себя, нужно много ума и особенных дарований; но для того, чтобы узнать закон своей жизни или, как вы выражаетесь, привести в полную сознательность свою веру, не нужно никаких особенных умственных дарований, нужно только не допускать ничего противного разуму, не отрицать разума, а религиозно беречь свой разум и верить только ему.</p>
<p rend="left"><hi>Если смысл жизни представляется человеку неясным, то это доказывает не то</hi>, <hi>что разум не годится для уяснения этого смысла, а только то, что допущено на веру слишком много неразумного</hi>, <hi>и надо откинуть всё то, что не подтверждается разумом.</hi> И потому ответ мой на коренной ваш вопрос о том, нужно ли добиваться сознательности в внутренней своей жизни? — тот, что это самое нужное и важное дело, которое мы можем делать в жизни. Нужно и важно оно потому, что единственный разумный смысл нашей жизни состоит в исполнении воли пославшего нас в эту жизнь бога. Воля же бога познается не каким-либо необыкновенным чудом, написанием божественным пальцем закона на скрижалях, или составлением через посредство святого духа непогрешимой книги, или непогрешимостью какого-либо святого лица или собрания людей, а только деятельностью разума всех людей, передающих друг другу и делом и словом всё более и более уясняющееся их сознание истины. Познание это никогда не было и не будет полное, а постоянно увеличивается, по мере движения жизни человечества: чем дальше мы живем, тем яснее и полнее мы понимаем волю бога и, следовательно, и то, что мы должны делать для исполнения ее. И потому я думаю, что уяснение каждым человеком (каким бы он сам и его ни считали маленьким: маленькие-то и бывают большими) всей той религиозной истины, которая доступна ему, и выражение ее словами (<choice original_editorial_correction='т[ак]'><sic>т</sic><corr>так</corr></choice> <choice original_editorial_correction='к[ак]'><sic>к</sic><corr>как</corr></choice> выражение словами есть один несомненный признак полной ясности мысли) есть одна из самых главных и священных обязанностей каждого человека.</p>
<p rend="left">Очень буду рад, если мой ответ, хотя и отчасти, удовлетворит вас. Извините, что долго не отвечал, я очень был занят это время.</p>
<p rend="right">Л. <hi style="opdelimiter">Толстой.</hi><hi style="opnumber">277</hi></p>
<comments><p rend="Textpetit_otstup left"><hi style="npnumber">278</hi><hi style="npdelimiter">Письмо</hi> сохранилось в пяти последовательных редакциях, писавшихся в несколько приемов в течение октября—ноября 1894 г. Печатаем последнюю (5-ю) редакцию по машинописной копии, представляющей собой копию с отосланного адресату подлинника; в примечаниях приводятся наиболее существенные варианты других редакций. Опубликовано впервые (по-русски) М. К. Элпидиным отдельной брошюрой под заглавием: «Lettre sur la raison et la religion». Письмо Л. H. Толстого «О разуме и религии», Женева, 1895.</p>
<p rend="petit left">Анна Германовна Розен — помещица Эстляндской губ. Задумав издать в пользу прокаженных больных литературный сборник, обратилась к Толстому в письме от 8 мая 1894 г. с просьбой дать в этот сборник какое-нибудь свое произведение. Толстой ответил в положительном смысле (см. «Список писем Толстого, текст которых неизвестен», № 25), но, занятый другими работами, долго медлил с исполнением обещания, пока Розен в письме от 17 сентября не попросила его, если ему «не удастся написать что-нибудь литературно оконченное» для ее книжки, то «все-таки принять участие в ней, ответив на три вопроса, запавшие ей в сердце». Далее следуют три мотивированные вопроса, повторенные Толстым в его письме.</p>
<p rend="Textpetit_otstup left"><hi>1</hi> Опущенное (в 4-й редакции) начало письма: «Уважаемая Анна Германовна, Ваши вопросы так интересны (как они и должны быть интересны для всякого человека, жившего внутренней жизнью) и так хорошо поставлены, что мне очень бы хотелось ответить на них. Постараюсь это сделать».</p>
<p rend="petit left"><hi>2</hi> В 1-й редакции предшествующая мысль выражена так: Муха, заяц, ястреб, слон, все знают, что им делать, и точно так же знает это младенец и простой человек, знает, <choice original_editorial_correction='п[отому]'><sic>п</sic><corr>потому</corr></choice> <choice original_editorial_correction='ч[то]'><sic>ч</sic><corr>что</corr></choice> тот, кто послал его в мир, дал ему также, как мухе, зайцу, слону, тот орган, посредством <choice original_editorial_correction='к[оторого]'><sic>к</sic><corr>которого</corr></choice> он может познать тот закон, <choice original_editorial_correction='к[оторому]'><sic>к</sic><corr>которому</corr></choice> он должен следовать; не знает этого только тот, кто не хочет пользоваться этим органом, и берет на веру, и принимает через чувство то, что ему говорят другие. Закон, которому должен следовать человек, очень прост, и для того, чтобы найти его, не нужно особенных усилий, особенно <choice original_editorial_correction='п[отому]'><sic>п</sic><corr>потому</corr></choice>, <choice original_editorial_correction='ч[то]'><sic>ч</sic><corr>что</corr></choice> он подсказывается нам и нашим опытом, и нашим сердцем, и преданием. Только для того, чтобы найти этот закон, человеку необходимо пользоваться своим разумом и верить в него больше, чем во всякие предания человеческие, и не преданиями проверять разум, а разумом проверять предания.</p>
<p rend="petit left">В ответном письме от 18 декабря А. Г. Розен писала Толстому: «К сожалению, цензура отняла у меня радость видеть Ваше письмо напечатанным в нашем сборнике. Нам наотрез отказали пропустить ответ Ваш на мои вопросы».</p>
</comments></div></body>
        </text>
        </TEI>