<?xml version='1.0' encoding='UTF-8' standalone='no'?>

<TEI xmlns="http://www.tei-c.org/ns/1.0">
       <teiHeader>
          <fileDesc>
             <titleStmt>
                <title>Письмо №224. Издателям.</title>
             </titleStmt>
             <publicationStmt>
                <publisher>TolstoyLab</publisher>
                <date when="2015-09-14">14 September 2015</date>
             </publicationStmt>
             <sourceDesc>
                <biblStruct>
                   <analytic>
                      <author>Толстой Л.Н.</author>
                   </analytic>
                   <monogr>
                      <title level="m">Полное собрание сочинений. Том 74</title>
                      <imprint>
                         <pubPlace>Москва</pubPlace>
                         <publisher>Государственное издательство "Художественная литература"</publisher>
                         <date when="1954"/>
                      </imprint>
                   </monogr>
                   <series>
                      <title level="s">Л.Н. Толстой. Полное собрание сочинений</title>
                      <biblScope unit="vol">74</biblScope>
                   </series>
                </biblStruct>
				<bibl>Печатается по копировальной книге № 5, лл. 247—248. Основание датировки: письмо было передано А. Н. Соколову в день его посещения Ясной Поляны (31 августа 1903 г.).</bibl>
             </sourceDesc>
          </fileDesc>
          <encodingDesc>
             <tagsDecl> </tagsDecl>
          </encodingDesc>
          <profileDesc>
             <correspDesc>
                <correspAction type="sending">
                   <persName ref="PersonList.xml#L_N_Tolstoy">Л. Н. Толстой</persName>
                   <placeName ref="PlacesListxml#PLACE">Ясная Поляна</placeName>
                   <date when="1903-08-31">1903 г. Августа 31.</date>            </correspAction>
                <correspAction type="receiving">
                   <persName ref="PersonList.xml#RECEIVER">Издателям.</persName>
                </correspAction>
                <correspContext>
                   <ref type="prev"/>
                </correspContext>
             </correspDesc>
          </profileDesc>
       </teiHeader>
       <xenoData><number type="in a volume">224</number></xenoData>

              <text xml:id="Izdatelyam_224">
	<body><div>
		<opener index="false">
224. Издателям.
1903 г. Августа 31. Я. П.
</opener>
<p rend="Obrashenie left">Милостивый государь.</p>
<p rend="left">Статья, <choice original_editorial_correction='кот[орую]'><sic>кот</sic><corr>которую</corr></choice> я прилагаю, имеет, по-моему, большие достоинства и по серьезности мысли, и по искренности, и по автобиографическим подробностям. Надеюсь, что она вам понравится и что, поместив ее в своем издании, вы сделаете приятное и полезное для своих читателей. Соколов — человек, кормящий напряженным трудом свою семью, и потому гонорар для него был бы очень желателен.</p>
<p rend="left">Хорошо бы было восстановить замаранные цензором места о деятельности станового. Если бы я был издателем, я бы напечатал и <hi>стишки</hi>, несмотря на отсутствие в них размера <hi style="opdelimiter">рифмы.</hi><hi style="opnumber">168</hi></p>
<p rend="left"><hi style="npnumber">169</hi><hi style="npdelimiter">Они</hi> напоминают стихи Walt Witman'a<note xml:id="note1" resp="volume_editor" index="false">Уот Уитмен (1819—1892), американский поэт.</note> и некоторые очень сильны. Мне особенно нравится № 4.</p>
<p rend="left">С совершенным уважением готовый к услугам</p>
<p rend="right">Лев Толстой.</p>
<lb/>
<p rend="left">P. S. Отмеченное синим и красным я полагал бы выпустить.</p>
<comments><p rend="Textpetit_otstup left">Печатается по копировальной книге № 5, лл. 247—248. Основание датировки: письмо было передано А. Н. Соколову в день его посещения Ясной Поляны (31 августа 1903 г.).</p>
<p rend="petit left">Речь идет о статье крестьяннна-самоучки Александра Никитича Соколова «Сорокалетие крестьян в России после уничтожения крепостного права». Рекомендательное письмо Толстого Соколов передал И. И. Горбунову-Посадову, который направил рукопись в журнал «Образование» и дал автору в счет гонорара двадцать пять рублей. Была ли напечатана статья, не установлено. О Соколове см. прим. к письму № 292.</p>
<p rend="Textpetit_otstup left"><hi>1 </hi>Уот Уитмен (1819—1892), американский поэт.</p>
</comments></div></body>
        </text>
        </TEI>