<?xml version='1.0' encoding='UTF-8' standalone='no'?>

<TEI xmlns="http://www.tei-c.org/ns/1.0">
       <teiHeader>
          <fileDesc>
             <titleStmt>
                <title>Письмо №*236. Начальнику херсонского исправительного арестантского отделения.</title>
             </titleStmt>
             <publicationStmt>
                <publisher>TolstoyLab</publisher>
                <date when="2015-09-14">14 September 2015</date>
             </publicationStmt>
             <sourceDesc>
                <biblStruct>
                   <analytic>
                      <author>Толстой Л.Н.</author>
                   </analytic>
                   <monogr>
                      <title level="m">Полное собрание сочинений. Том 78</title>
                      <imprint>
                         <pubPlace>Москва</pubPlace>
                         <publisher>Государственное издательство "Художественная литература"</publisher>
                         <date when="1956"/>
                      </imprint>
                   </monogr>
                   <series>
                      <title level="s">Л.Н. Толстой. Полное собрание сочинений</title>
                      <biblScope unit="vol">78</biblScope>
                   </series>
                </biblStruct>
				<bibl>Печатается по копировальной книге № 8, л. 296, куда вклеен дубликат подлинника, написанного и датированного на машинке.</bibl>
             </sourceDesc>
          </fileDesc>
          <encodingDesc>
             <tagsDecl> </tagsDecl>
          </encodingDesc>
          <profileDesc>
             <correspDesc>
                <correspAction type="sending">
                   <persName ref="PersonList.xml#L_N_Tolstoy">Л. Н. Толстой</persName>
                   <placeName ref="PlacesListxml#PLACE">Ясная Поляна</placeName>
                   <date when="1908-08-26">1908 г. Августа 26.</date>            </correspAction>
                <correspAction type="receiving">
                   <persName ref="PersonList.xml#RECEIVER">Начальнику херсонского исправительного арестантского отделения.</persName>
                </correspAction>
                <correspContext>
                   <ref type="prev"/>
                </correspContext>
             </correspDesc>
          </profileDesc>
       </teiHeader>
       <xenoData><number type="in a volume">236</number></xenoData>

              <text xml:id="Nachalnikuxersonskogoispravitelnogoarestantskogootdeleniya_236">
	<body><div>
		<opener index="false">
*236. Начальнику херсонского исправительного <lb/>арестантского отделения.
1908 г. Августа 26. Я. П.
</opener><p rend="right">Ясная Поляна. 26 августа 1908 г.</p>

<p rend="Obrashenie left">Милостивый Государь,</p>
<p rend="left">В том исправительном арестантском отделении, в котором вы состоите начальником, находится заключенный Александр Варнавский. Человек этот, сколько я его знаю, очень хороший и несет тяжелое наказание вследствие своих религиозных убеждений, приведших его к отказу от военной службы. Такие отказы и прежде и теперь часто встречались и встречаются среди людей христианских убеждений. И потому полагаю, что, не отступая от требований закона, вы можете все-таки хотя несколько смягчить его участь. То, о чем он просит, очень немногое: то, чтобы переданы ему были те письма, которые, получены и получаются на его имя, а также и некоторые книги, которые я теперь посылаю на ваше имя и еще пришлю ему. Хотя и не зная вас, надеюсь на ту вашу доброту <hi style="opdelimiter">сердечную,</hi><hi style="opnumber">213</hi> <hi style="npnumber">214</hi><hi style="npdelimiter">которая</hi> свойственна всем людям, и уверен, что вы не откажете в моей просьбе, за исполнение которой вперед приношу вам мою благодарность.</p>
<p rend="right">С совершенным уважением</p>
<comments><p rend="Textpetit_otstup left">Печатается по копировальной книге № 8, л. 296, куда вклеен дубликат подлинника, написанного и датированного на машинке.</p>
<p rend="petit left">Начальником исправительного отделения в 1908 г. был капитан Владимир Иосифович Бродовский. В письме от 20 августа Л. В. Варнавский сообщил, что письмо Толстого к нему от 23 июля (см. № 210) и другие письма тюремная администрация ему не выдала, объявив, что он подозревается в «шантаже, то есть насильственном вымогательстве».</p>
<p rend="petit left">Письма Варнавскому были выданы, но книга «Круг чтения», посланная одновременно с комментируемым письмом, задержана. Ее взял, заинтересовавшись ею, херсонский губернатор. Он должен был вернуть книгу в тюрьму для отсылки ее обратно в Ясную Поляну. Адресат Толстому не ответил.</p>
</comments></div></body>
        </text>
        </TEI>