<?xml version='1.0' encoding='UTF-8' standalone='no'?>

<TEI xmlns="http://www.tei-c.org/ns/1.0">
       <teiHeader>
          <fileDesc>
             <titleStmt>
                <title>Письмо №* 280. Отношение в тульскую посредническую комиссию.</title>
             </titleStmt>
             <publicationStmt>
                <publisher>TolstoyLab</publisher>
                <date when="2015-09-14">14 September 2015</date>
             </publicationStmt>
             <sourceDesc>
                <biblStruct>
                   <analytic>
                      <author>Толстой Л.Н.</author>
                   </analytic>
                   <monogr>
                      <title level="m">Полное собрание сочинений. Том 60</title>
                      <imprint>
                         <pubPlace>Москва</pubPlace>
                         <publisher>Государственное издательство "Художественная литература"</publisher>
                         <date when="1949"/>
                      </imprint>
                   </monogr>
                   <series>
                      <title level="s">Л.Н. Толстой. Полное собрание сочинений</title>
                      <biblScope unit="vol">60</biblScope>
                   </series>
                </biblStruct>
             </sourceDesc>
          </fileDesc>
          <encodingDesc>
             <tagsDecl> </tagsDecl>
          </encodingDesc>
          <profileDesc>
             <correspDesc>
                <correspAction type="sending">
                   <persName ref="PersonList.xml#L_N_Tolstoy">Л. Н. Толстой</persName>
                   <placeName ref="PlacesListxml#PLACE">Ясная Поляна</placeName>
                   <date when="1858-09-10">1858 г. Сентября 10.</date>            </correspAction>
                <correspAction type="receiving">
                   <persName ref="PersonList.xml#RECEIVER">Отношение в тульскую посредническую комиссию</persName>
                </correspAction>
                <correspContext>
                   <ref type="prev"/>
                </correspContext>
             </correspDesc>
          </profileDesc>
       </teiHeader>
       <xenoData><number type="in a volume">280</number></xenoData>

              <text xml:id="OtnoshenievTulskuyuposrednicheskuyukomissiyu_280">
	<body><div>
		<opener index="false">
* 280. Отношение в тульскую посредническую комиссию.
1858 г. Сентября 10. Я. П.</opener>
<p rend="left">1858 года сентября 10 дня на предъявленные мне отношения посредника полюбовного размежевания земель по здешнему уезду от 30-го августа за № 144 начальника землемерной партии межевого корпуса помощника Никольского 2-го за № 77 объяснить честь имею, что я, как один из владельцев дачи сельца Ясной Поляны, имея на свою землю полюбовные сказки и владея оной в действительности, не вижу необходимости размежеванья и желаю по прежнему оставаться в общем владении.</p>
<p rend="right">Поручик граф Лев <hi style="opdelimiter">Толстой.</hi><hi style="opnumber">474</hi></p>
<comments><p rend="Textpetit_otstup left"><hi style="npnumber">475</hi><hi style="npdelimiter">Печатается</hi> по подлиннику, находящемуся в «Деле по отношению Тульской посреднической комиссии по специальному размежеванию дачи Крапивенского уезда села Ясной Поляны и с-ца Ягодное и Бунарева. Начало <choice><reg>2—ИИ—1859</reg><orig>2—II—1859</orig></choice> г., решено <choice><reg>9—ИX—1859</reg><orig>9—IX—1859</orig></choice> г. На 22 листах». Дело хранится в фонде Центрального межевого архива в Москве. Текст написан писарской рукой, подпись Толстого собственноручная.</p>
<p rend="petit left">Межевое ведомство потребовало с Толстого деньги за размежевание Ясной Поляны и Ягодной. Это размежевание было сделано еще во времена опеки. При обмене земель по полюбовной сказке между кн. Еникеевыми и Толстыми Еникеевы отдали Толстым свои земли в Ясной Поляне, а Толстые им свои в Ягодной. Толстой, повидимому, не знал об этом и деньги за размежевание платить отказался.</p>
</comments></div></body>
        </text>
        </TEI>