<?xml version='1.0' encoding='UTF-8' standalone='no'?>

<TEI xmlns="http://www.tei-c.org/ns/1.0">
       <teiHeader>
          <fileDesc>
             <titleStmt>
                <title>Письмо №* 380. Смотрителю Челябинской тюрьмы.</title>
             </titleStmt>
             <publicationStmt>
                <publisher>TolstoyLab</publisher>
                <date when="2015-09-14">14 September 2015</date>
             </publicationStmt>
             <sourceDesc>
                <biblStruct>
                   <analytic>
                      <author>Толстой Л.Н.</author>
                   </analytic>
                   <monogr>
                      <title level="m">Полное собрание сочинений. Том 80</title>
                      <imprint>
                         <pubPlace>Москва</pubPlace>
                         <publisher>Государственное издательство "Художественная литература"</publisher>
                         <date when="1955"/>
                      </imprint>
                   </monogr>
                   <series>
                      <title level="s">Л.Н. Толстой. Полное собрание сочинений</title>
                      <biblScope unit="vol">80</biblScope>
                   </series>
                </biblStruct>
             </sourceDesc>
          </fileDesc>
          <encodingDesc>
             <tagsDecl> </tagsDecl>
          </encodingDesc>
          <profileDesc>
             <correspDesc>
                <correspAction type="sending">
                   <persName ref="PersonList.xml#L_N_Tolstoy">Л. Н. Толстой</persName>
                   <placeName ref="PlacesListxml#PLACE">Ясная Поляна</placeName>
                   <date when="1909-12-24">1909 г. Декабря 24.</date>            </correspAction>
                <correspAction type="receiving">
                   <persName ref="PersonList.xml#RECEIVER">Смотрителю Челябинской тюрьмы.</persName>
                </correspAction>
                <correspContext>
                   <ref type="prev"/>
                </correspContext>
             </correspDesc>
          </profileDesc>
       </teiHeader>
       <xenoData><number type="in a volume">380</number></xenoData>

       <text xml:id="Smotritelyuchelyabinskojtyurmy_380">
	<body><div>
		<opener index="false">
* 380. Смотрителю Челябинской тюрьмы. 
1909 г. Декабря 24. Я. П.
</opener>
<p rend="Obrashenie left">Г-ну Тюремному смотрителю в Челябинске.</p>
<p rend="left">Посылаю книги Ананенко. Очень прошу вас передать их ему. Если вам не неприятно принять такие же от меня, то посылаю два экземпляра.</p>
<p rend="right">С совершенным уважением</p>
<p rend="left">24 декабря 1909 г.</p>
<p rend="left">Ясная <hi style="opdelimiter">Поляна.</hi><hi style="opnumber">258</hi></p>
<comments><p rend="Textpetit_otstup left"><hi style="npnumber">259</hi><hi style="npdelimiter">Печатается</hi> по дубликату подлинника.</p>
<p rend="petit left">В письме от 14 декабря 1909 г. И. Д. Ананенко сообщил, что посланные ему 11 августа книги (см. список писем, написанных по поручению, письмо № 85) были задержаны в тюремной конторе, где они затерялясь. Благодарил за ответ. На письме пометка Толстого: <hi style="big">Посылаю еще <choice original_editorial_correction='кни[ги]'><sic>кни</sic><corr>книги</corr></choice> <choice original_editorial_correction='Н[а]'><sic>Н</sic><corr>На</corr></choice> <choice original_editorial_correction='К[аждый]'><sic>К</sic><corr>Каждый</corr></choice> <choice original_editorial_correction='Д[ень]'><sic>Д</sic><corr>День</corr></choice></hi>, надеюсь, что дойдут. Очевидно, Толстой, делая эту запись, предполагал поручить ответить непосредственно Ананенко, но потом нашел более целесообразным написать сопроводительное письмо тюремному смотрителю.</p>
</comments></div></body>
        </text>
        </TEI>