<?xml version='1.0' encoding='UTF-8' standalone='no'?>

<TEI xmlns="http://www.tei-c.org/ns/1.0">
       <teiHeader>
          <fileDesc>
             <titleStmt>
                <title>Письмо №* 294. Неизвестному (Василию Федоровичу).</title>
             </titleStmt>
             <publicationStmt>
                <publisher>TolstoyLab</publisher>
                <date when="2015-09-14">14 September 2015</date>
             </publicationStmt>
             <sourceDesc>
                <biblStruct>
                   <analytic>
                      <author>Толстой Л.Н.</author>
                   </analytic>
                   <monogr>
                      <title level="m">Полное собрание сочинений. Том 64</title>
                      <imprint>
                         <pubPlace>Москва</pubPlace>
                         <publisher>Государственное издательство "Художественная литература"</publisher>
                         <date when="1954"/>
                      </imprint>
                   </monogr>
                   <series>
                      <title level="s">Л.Н. Толстой. Полное собрание сочинений</title>
                      <biblScope unit="vol">64</biblScope>
                   </series>
                </biblStruct>
             </sourceDesc>
          </fileDesc>
          <encodingDesc>
             <tagsDecl> </tagsDecl>
          </encodingDesc>
          <profileDesc>
             <correspDesc>
                <correspAction type="sending">
                   <persName ref="PersonList.xml#L_N_Tolstoy">Л. Н. Толстой</persName>
                   <placeName ref="PlacesListxml#PLACE"/>
                   <date from="1886" to="1888">1886—1888 гг.?</date>            </correspAction>
                <correspAction type="receiving">
                   <persName ref="PersonList.xml#RECEIVER">Неизвестному (Василию Федоровичу).</persName>
                </correspAction>
                <correspContext>
                   <ref type="prev"/>
                </correspContext>
             </correspDesc>
          </profileDesc>
       </teiHeader>
       <xenoData><number type="in a volume">294</number></xenoData>

              <text xml:id="Neizvestnomu_Vasiliyu_Fedorovichu_294">
	<body><div>
		<opener index="false">
* 294. Неизвестному (Василию Федоровичу).
1886—1888 гг.?
</opener>
<p rend="Obrashenie left">Дорогой Василий Федорович,</p>
<p rend="left">Письмецо это передаст вам Константин Михайлович Сибиряков, желающий помочь своими средствами учреждению христианской общины. Он хочет посоветоваться с вами. Он очень почтенный человек.</p>
<p rend="left">Обнимаю вас от всей души.</p>
<p rend="right">Ваш брат Л. Толстой.</p>
<comments><p rend="Textpetit_otstup left">Датируется по содержанию (учреждение общин К. М. Сибиряковым).</p>
</comments></div></body>
        </text>
        </TEI>