<?xml version='1.0' encoding='UTF-8' standalone='no'?>

<TEI xmlns="http://www.tei-c.org/ns/1.0">
       <teiHeader>
          <fileDesc>
             <titleStmt>
                <title>Письмо №* 431. В Тульское губернское правление.</title>
             </titleStmt>
             <publicationStmt>
                <publisher>TolstoyLab</publisher>
                <date when="2015-09-14">14 September 2015</date>
             </publicationStmt>
             <sourceDesc>
                <biblStruct>
                   <analytic>
                      <author>Толстой Л.Н.</author>
                   </analytic>
                   <monogr>
                      <title level="m">Полное собрание сочинений. Том 61</title>
                      <imprint>
                         <pubPlace>Москва</pubPlace>
                         <publisher>Государственное издательство "Художественная литература"</publisher>
                         <date when="1953"/>
                      </imprint>
                   </monogr>
                   <series>
                      <title level="s">Л.Н. Толстой. Полное собрание сочинений</title>
                      <biblScope unit="vol">61</biblScope>
                   </series>
                </biblStruct>
             </sourceDesc>
          </fileDesc>
          <encodingDesc>
             <tagsDecl> </tagsDecl>
          </encodingDesc>
          <profileDesc>
             <correspDesc>
                <correspAction type="sending">
                   <persName ref="PersonList.xml#L_N_Tolstoy">Л. Н. Толстой</persName>
                   <placeName ref="PlacesListxml#PLACE">Ясная Поляна</placeName>
                   <date when="1863-02-21">1863 г. Февраля 21.</date>            </correspAction>
                <correspAction type="receiving">
                   <persName ref="PersonList.xml#RECEIVER">В Тульское губернское правление</persName>
                </correspAction>
                <correspContext>
                   <ref type="prev"/>
                </correspContext>
             </correspDesc>
          </profileDesc>
       </teiHeader>
       <xenoData><number type="in a volume">431</number></xenoData>

              <text xml:id="V_Tulskoe_gubernskoe_pravlenie_431">
	<body><div>
		<opener index="false">
* 431. В Тульское губернское правление.
1863 г. Февраля 21...24. Я. П.</opener>
<p rend="right">Просит артиллерии поручик</p>
<p rend="right">граф Лев Николаев сын Толстой</p>
<p rend="right">и по доверенности брата штабс</p>
<p rend="right">-капитана Сергея Николаевича</p>
<p rend="right">Толстова о нижеследующем.</p>
<p rend="subtitle centerline">
1.
</p>
<p rend="left">В Тульском губернском правлении производится дело о взыскании, майором Федором Николаевым Дохтуровым, должных ему денег покойным братом нашим, титулярным советником графом Дмитрием Николаевичем Толстым, около трех тысяч рублей серебром. И по этому делу предписано губернским правлением Чернскому земскому суду описать к продаже имение, состоящее Чернского уезда в селе Никольском Вяземское тож.</p>
<p rend="subtitle centerline">
2.
</p>
<p rend="left">А так как я и брат мой граф Сергей Николаевич Толстой состоим наследниками того имения, в каковом наследстве утверждены Чернским уездным судом и знаем достоверно, что означенное имение приносит в год доходу более трех тысяч рублей серебром, каковой доход превышает количество суммы, должной покойным братом нашим, Дмитрием Николаевичем Толстым, майору Дохтурову, следовательно претензия г-на Дохтурова удобно может быть погашена доходом с описываемого имения, если не в год, то, во всяком случае, в два года. Да и в ст. 2045, X т. книги III, раздела II, между прочим, сказано: «Продажа описанных населенных имуществ не допускается, когда при составлении описи окажется, что претензия истца может быть погашена доходом с имущества в продолжении двух лет». А потому, представляя при сем копию с доверенности и на производство дела три листа гербовой бумаги сорока копеечного достоинства, всеподданнейше прошу,</p>
<p rend="left">дабы повелено было, на основании помянутой 2045 <choice original_editorial_correction='ст[атьи]'><sic>ст</sic><corr>статьи</corr></choice> X тома до продажи описываемого нашего имения села Никольского — не допустить и о сем сделать, на основании той же статьи, зависящее <hi style="opdelimiter">распоряжение.</hi><hi style="opnumber">354</hi></p>
<p rend="left"><hi style="npnumber">355</hi><hi style="npdelimiter">Подлинная</hi> доверенность представлена сего числа в Тульскую казенную палату по делу о выдаче свидетельств на перезалог имения. Февраля дня... 1863 года. К поданию надлежит в Тульское губернское правление. Прошение сие со слов просителя начерно и набело писал коллежский секретарь Михаил Андреев Соколов.</p>
<p rend="left">Поручик граф Лев Николаев сын Толстой руку приложил. Прошение сие верю подать коллежскому секретарю Михаилу Андреевичу Соколову.</p>
<p rend="left">Жительство проситель имеет Тульской губернии Крапивенского уезда, в сельце Ясной Поляне.</p>
<comments><p rend="Textpetit_otstup left">Находится в деле Тульского губернского правления, озаглавленном: «127. Дело Тульского губернского правления 3 отделения 9 стола по рапорту Чернского земского суда об описи имения графов Льва и Сергея Николаевых Толстых за иск майора Дохтурова. Начато 14 июня 1862 г.». Написано писарской рукой; Толстому принадлежит только подпись.</p>
<p rend="petit left">Об иске майора Дохтурова см. прим. к письму № 2.</p>
</comments></div></body>
        </text>
        </TEI>