<?xml version='1.0' encoding='UTF-8' standalone='no'?>

<TEI xmlns="http://www.tei-c.org/ns/1.0">
       <teiHeader>
          <fileDesc>
             <titleStmt>
                <title>Письмо №81. В иностранные газеты.</title>
             </titleStmt>
             <publicationStmt>
                <publisher>TolstoyLab</publisher>
                <date when="2015-09-14">14 September 2015</date>
             </publicationStmt>
             <sourceDesc>
                <biblStruct>
                   <analytic>
                      <author>Толстой Л.Н.</author>
                   </analytic>
                   <monogr>
                      <title level="m">Полное собрание сочинений. Том 71</title>
                      <imprint>
                         <pubPlace>Москва</pubPlace>
                         <publisher>Государственное издательство "Художественная литература"</publisher>
                         <date when="1954"/>
                      </imprint>
                   </monogr>
                   <series>
                      <title level="s">Л.Н. Толстой. Полное собрание сочинений</title>
                      <biblScope unit="vol">71</biblScope>
                   </series>
                </biblStruct>
				<bibl>Печатается по машинописной копии из AЧ. В АТ сохранились три версии черновиков этого письма. Впервые опубликовано по-русски в периодическом сборнике «Свободное слово», изд. Владимира Черткова, Purleigh 1898, I, стр. 198—205, и в переводе на английский язык в «Daily Chronicle» 1898, № от 29 апреля нов. стиля.</bibl>
             </sourceDesc>
          </fileDesc>
          <encodingDesc>
             <tagsDecl> </tagsDecl>
          </encodingDesc>
          <profileDesc>
             <correspDesc>
                <correspAction type="sending">
                   <persName ref="PersonList.xml#L_N_Tolstoy">Л. Н. Толстой</persName>
                   <placeName ref="PlacesListxml#PLACE">Москва</placeName>
                   <date when="1898-03-19">1898 г. Марта 19.</date>            </correspAction>
                <correspAction type="receiving">
                   <persName ref="PersonList.xml#RECEIVER">В иностранные газеты.</persName>
                </correspAction>
                <correspContext>
                   <ref type="prev"/>
                </correspContext>
             </correspDesc>
          </profileDesc>
       </teiHeader>
       <xenoData><number type="in a volume">81</number></xenoData>

              <text xml:id="Vinostrannyegazety_81">
	<body><div>
		<opener index="false">
81. В иностранные газеты.
1898 г. Марта 19. Москва.</opener>
<p rend="left">Население в 12 тысяч человек христиан всемирного братства, как называют себя духоборы, живущие на Кавказе, находится в настоящее время в ужасном положении.</p>
<p rend="left">Не входя в рассуждения о том, кто прав: правительства ли, признающие совместимость христианства с тюрьмами, казнями и, главное, войнами и приготовлениями к ним, или духоборы, признающие для себя обязательным христианский закон, отрицающий всякое насилие и тем более убийство, и потому отказывающиеся от военной службы, — нельзя не видеть, что противоречие это очень трудно разрешимо: никакое правительство не может допустить того, чтобы люди уклонялись от обязанностей, исполняемых всеми, и тем подрывали самые основы государственности; духоборы же, с своей стороны, не могут отказаться от того закона, который они считают божественным и потому обязательным в своей жизни.</p>
<p rend="left">Правительства до сих пор находили выход из этого противоречия или в том, чтобы заставить отказывающихся по религиозным убеждениям от военной службы нести более тяжелые, чем военная служба, обязанности, но такие, которые не были бы противны их религиозным убеждениям, как это делалось до сих пор и делается в России по отношению к менонитам (их заставляют срок их службы проводить на казенных работах), или в том, чтобы, не признавая законности религиозного отказа, наказывать не исполняющих общего закона государства заключением в тюрьмы на срок их службы, как это делается в Австрии с назаренами. Но нынешнее русское правительство употребило против духоборов еще третий, казалось бы оставленный в наше время, выход из этого противоречия. Оно, кроме того, что подвергает самым тяжелым страданиям самих отказывающихся, заставляет еще систематически страдать отцов, матерей, детей отказывающихся, вероятно с тем, чтобы пытками этих невинных семей поколебать решимость несогласных их членов. Не говоря о сечениях, карцерах и всякого рода <hi style="opdelimiter">истязаниях,</hi><hi style="opnumber">322</hi> <hi style="npnumber">323</hi><hi style="npdelimiter">которым</hi> подвергались отказавшиеся духоборы в дисциплинарных батальонах, от чего многие умерли, и об их ссылке в худшие места Сибири, не говоря о 200 запасных, в продолжение двух лет томившихся в тюрьмах и теперь разлученных с семьями и сосланных попарно в самые дикие местности Кавказа, где они, не имея заработков, буквально мрут с голода, не говоря об этих наказаниях самих виновных в отказе от службы, семьи духоборов систематически разоряются и уничтожаются. Все они лишены права отлучаться от своих мест жительства и усиленно штрафуются и запираются в тюрьмы за неисполнение самых странных требований начальства: за называние себя не тем именем, которым велено им называть себя, за поездку на мельницу, за посещение матерью своего сына, за выход из деревни в лес для собирания дров, так что последние средства прежде богатых жителей быстро истощаются. Четыреста же семей, выселенных из своих жилищ и поселенных в татарских и грузинских деревнях, где они должны нанимать себе помещения и кормиться за деньги, не имея ни земли, ни заработков, находятся в таком тяжелом положении, что в продолжение 3-х лет их выселения четвертая часть их, в особенности старики и дети, уже вымерла от нужды и болезней.</p>
<p rend="left">Трудно думать, чтобы такое систематическое уничтожение целого 12-тысячного населения входило в планы русского правительства. Очень вероятно, что высшие власти не знают того, что совершается в действительности, а если и догадываются, то не желают знать подробностей, чувствуя, что им нельзя допустить продолжения таких дел, а между тем совершается то, что для них нужно.</p>
<p rend="left">Но несомненно то, что в продолжение последних трех лет кавказское начальство систематически мучает не только самих отказывающихся, но и их семьи, и так же систематически разоряет всех духоборов и замаривает до смерти тех, которые выселены.</p>
<p rend="left">Все ходатайства за духоборов и всякая помощь им до сих пор приводили только к изгнанию из России тех, которые пытались помочь духоборам. Кавказское правительство окружило заколдованным кругом целое непокорное ему население, и население это понемногу вымирает. Еще 3, 4 года, и от духоборов: никого не осталось <hi style="opdelimiter">бы.</hi><hi style="opnumber">323</hi></p>
<p rend="left"><hi style="npnumber">324</hi><hi style="npdelimiter">Так</hi> бы это было, если бы не случилось обстоятельства, очевидно непредвиденного кавказским начальством. Обстоятельство это то, что в прошлом году императрица-вдова приезжала на Кавказ к сыну, и духоборам удалось подать ей прошение, в котором духоборы просят позволить им выселиться всем вместе в какие-нибудь дальние места, а если этого нельзя, то за границу. Императрица передала прошение высшим властям; высшие власти признали возможным дать разрешение духоборам выехать из России.</p>
<p rend="left">Казалось бы, вопрос разрешился, и найден выход из тяжелого для обеих сторон положения. Но это только кажется.</p>
<p rend="left">В том положении, в котором находятся теперь духоборы, выселение для них невозможно: у них теперь нет для этого средств и будучи заперты в своих поселениях, они не могут приступить к этому делу. Они были богаты, но за последние годы большая часть их средств отнята у них судами, штрафами и ушла на прокормление выселенных братьев; обдумать же совместно и решить условия своего переселения, так как их не выпускают из места их жительства и к ним никого не допускают, им нет никакой возможности. Прилагаемое письмо лучше всего обрисовывает то положение, в котором находятся они теперь.</p>
<p rend="left">Вот что пишет мне уважаемый среди духоборов человек:</p>
<p rend="left">«Извещаю вас о том, что мы подавали прошение на имя ее императорского величества государыни императрицы Марии Феодоровны. Она его передала в сенат, сенат решил и передал на распоряжение князя Голицына. Справку при сем предлагаю вам.</p>
<p rend="left">Я 10-го февраля ездил в г. Тифлис и виделся там с братом Синджоном, но свидание наше было очень краткое — сейчас же арестовали меня и его. Меня посадили в тюрьму, а его сейчас же отправили обратно в Англию.</p>
<p rend="left">Я заявил полицмейстеру, что я приехал по делу к губернатору. Он сказал: «Пока посадим в тюрьму, а потом доложим губернатору». 12-го заключили меня в тюрьму, а 18-го меня водили под конвоем из двух солдат к губернатору. Правитель канцелярии спросил меня:</p>
<p rend="left">— За что тебя арестовали?</p>
<p rend="left">Я сказал: «Не могу знать».</p>
<p rend="left">— Ты ведь на днях был в Сигнахе?</p>
<p rend="left">— Да, <hi style="opdelimiter">был.</hi><hi style="opnumber">324</hi></p>
<p rend="left"><hi style="npnumber">325</hi><hi style="npdelimiter">—</hi> А сюда зачем приехал?</p>
<p rend="left">— Намерен видеть губернатора. Мы летом подавали прошение на имя императрицы Марии Феодоровны в Абастумане; я получил через сигнахского уездного начальника ответ на прошение, я просил копию, а он мне отказал, говоря, что без губернатора не может, — поэтому я и приехал».</p>
<p rend="left">Он доложил губернатору, губернатор позвал меня; я разъяснил ему всё, как было дело. Он сказал: «Ты вместо меня скорее свиделся с англичанином». Я сказал: «Англичанин тоже наш брат».</p>
<p rend="left">Губернатор со мною хорошо разговаривал и советовал нам переходить в самом коротком времени за границу и сказал: «Все можете переходить, только те не могут, которые принадлежат к нынешнему призыву, т. е. «лобовые».</p>
<p rend="left">А меня приказал освободить от ареста и отправить обратно в Сигнах. Мы в настоящее время собираемся на совет, будем с помощью божией стараться о переходе в Англию или в Америку. И в этом деле братски просим вас пойти нам на помощь.</p>
<p rend="left">Извещаем вас о положении наших братьев. Петру Васильевичу Веригину объявили еще на пять лет остаться на месте. Братьев Карсской области ежемесячно ценят<note xml:id="note1" resp="volume_editor" index="false">То есть штрафуют.</note> попрежнему и отлучку из пределов воспрещают, а за неисполнение этого заключают в тюрьмы от одной до двух недель. Болезни продолжаются всё попрежнему, но смертных случаев меньше стало. В материальном отношении братья имеют нужду, особенно в Сигнахском уезде, а в прочих уездах там живут посвободнее».</p>
<p rend="left">А вот справка:</p>
<p rend="left">«По поводу ходатайства, принесенного на августейшее ее императорского величества государыни императрицы Марии Феодоровны имя духоборами-постниками, выселенными в 1895 г. из Ахалкалакского в другие уезды Тифлисской губернии, о сгруппировании означенных духоборов-постников на жительстве в одном поселении с освобождением от воинской повинности или же о разрешении всем им выселиться за границу, последовало распоряжение: «1) Освобождение их от воинской повинности не удовлетворено и 2) духоборы-постники, за исключением, конечно, находящихся в призывном возрасте и не исполнивших воинской повинности, могут быть увольняемы за границу при условии: а) получения заграничного паспорта в установленном порядке, б) выезда из пределов России <hi style="opdelimiter">на</hi><hi style="opnumber">325</hi> <hi style="npnumber">326</hi><hi style="npdelimiter">собственный</hi> счет и в) выдачи при выезде подписки о невозвращении впредь в пределы «империи», имея в виду, что в случае неисполнения сего последнего пункта виновный подвергается высылке в отдаленные местности. Ходатайство же их о сгруппировании на жительстве в одном селении не уважено.</p>
<p rend="left">Настоящая справка, по приказанию г. тифлисского губернатора, выдается одному из подавших упомянутое ходатайство духоборов-постников Василию Потапову, вследствие личной его о том просьбы, заявленной губернатору. Февраля 21 дня 1898 г., гор. Тифлис. Подлинную подписали: правитель канцелярии тифлисского губернатора NN, и. д. старшего помощника его Михайлов».</p>
<p rend="left">Людям позволяют выехать, но предварительно их разорили, так что им не на что выехать, и условия, в которых они находятся, таковы, что им нет возможности узнать мест, куда им выселиться, как и при каких условиях возможно это сделать, и нельзя даже воспользоваться помощью извне, так как людей, которые хотят помочь им, тотчас же высылают, их же за всякую отлучку сажают в тюрьму.</p>
<p rend="left">Так что, если этим людям не будет подана помощь извне, они так и разорятся и вымрут все, несмотря на полученное ими разрешение выселиться.</p>
<p rend="left">Я случайно знаю подробности гонений и страданий этих людей, нахожусь с ними в сношениях, и они просят меня помочь им, и потому считаю своим долгом обратиться ко всем добрым людям как русского, так и европейского общества, прося их помочь духоборам выйти из того мучительного положения, в котором они находятся. Я обратился в одной из русских газет к русскому обществу — еще не знаю, будет или не будет мое заявление напечатано, и обращаюсь теперь еще и ко всем добрым людям английского и американского народа, прося их помощи, во-первых, деньгами, которых нужно много для одной перевозки на дальнее расстояние 10 000 человек, и, во-вторых, прямым непосредственным руководством в трудностях предстоящего переселения людей, не знающих языков и никогда не выезжавших из России.</p>
<p rend="left">Полагаю, что высшее русское правительство не будет препятствовать такой помощи и умерит излишнее усердие кавказского управления, не допускающего теперь никакого общения с <hi style="opdelimiter">духоборами.</hi><hi style="opnumber">326</hi></p>
<p rend="left"><hi style="npnumber">327</hi><hi style="npdelimiter">До</hi> тех же пор предлагаю свое посредничество между людьми, желающими помочь духоборам, и войти в сношение с ними, так как до сих пор мои сношения с ними не прерывались.</p>
<p rend="left">Адрес мой: Москва, Хамовнический пер., 21.</p>
<p rend="right">Лев Толстой.</p>
<p rend="left">19 марта</p>
<p rend="left">1 апреля 1898 г.</p>
<comments><p rend="Textpetit_otstup left">Печатается по машинописной копии из AЧ. В АТ сохранились три версии черновиков этого письма. Впервые опубликовано по-русски в периодическом сборнике «Свободное слово», изд. Владимира Черткова, Purleigh 1898, I, стр. 198—205, и в переводе на английский язык в «Daily Chronicle» 1898, № от 29 апреля нов. стиля.</p>
<p rend="Textpetit_otstup left"><hi>1 </hi>То есть штрафуют.</p>
<p rend="petit left"><ref target="file:///Volume_71_VredakciyugazetyS.-Peterburgskievedomosti_71.xml">См. письмо № 71</ref> в редакцию газеты «С.-Петербургские ведомости».</p>
</comments></div></body>
        </text>
        </TEI>