<?xml version='1.0' encoding='UTF-8' standalone='no'?>

<TEI xmlns="http://www.tei-c.org/ns/1.0">
       <teiHeader>
          <fileDesc>
             <titleStmt>
                <title>Письмо №* 589. Неизвестному.</title>
             </titleStmt>
             <publicationStmt>
                <publisher>TolstoyLab</publisher>
                <date when="2015-09-14">14 September 2015</date>
             </publicationStmt>
             <sourceDesc>
                <biblStruct>
                   <analytic>
                      <author>Толстой Л.Н.</author>
                   </analytic>
                   <monogr>
                      <title level="m">Полное собрание сочинений. Том 63</title>
                      <imprint>
                         <pubPlace>Москва</pubPlace>
                         <publisher>Государственное издательство "Художественная литература"</publisher>
                         <date when="1934"/>
                      </imprint>
                   </monogr>
                   <series>
                      <title level="s">Л.Н. Толстой. Полное собрание сочинений</title>
                      <biblScope unit="vol">63</biblScope>
                   </series>
                </biblStruct>
				<bibl>Печатается по копии, хранящейся в AЧ. Публикуется (в России) впервые. Датируется на основании слов письма: «Недавно я задал тот же вопрос, который Вы мне ставите, Гаррисону» (<ref target="file:///Volume_63_Vendelyu_Garrisonu_503.xml">см. письмо № 503</ref>).</bibl>
             </sourceDesc>
          </fileDesc>
          <encodingDesc>
             <tagsDecl> </tagsDecl>
          </encodingDesc>
          <profileDesc>
             <correspDesc>
                <correspAction type="sending">
                   <persName ref="PersonList.xml#L_N_Tolstoy">Л. Н. Толстой</persName>
                   <placeName ref="PlacesListxml#PLACE"/>
                   <date from="1886-05" to="1886-12">1886 г. Май—декабрь?</date>            </correspAction>
                <correspAction type="receiving">
                   <persName ref="PersonList.xml#RECEIVER">Неизвестному</persName>
                </correspAction>
                <correspContext>
                   <ref type="prev"/>
                </correspContext>
             </correspDesc>
          </profileDesc>
       </teiHeader>
       <xenoData><number type="in a volume">589</number></xenoData>

              <text xml:id="Neizvestnomu_589">
	<body><div>
		<opener index="false">
* 589. Неизвестному.
1886 г. Май—декабрь?
</opener>
<p rend="Obrashenie left">Dear friend,</p>
<p rend="left">I have been very glad to get your letter and to be informed that by the publication of my book<note xml:id="note1" resp="volume_editor" index="false"> Очевидно, Толстой имеет в виду сделанный В. Г. Чертковым перевод его книг: «В чем моя вера?», «Исповедь» и частью «Изложение Евангелия» — «Christ’s Christianity». By Leo Tolstoi. London, 1884.</note> I have got brothers in AmericА.</p>
<p rend="left">I have been lately asking the same question that you put to me of Mr. Garrison,<note xml:id="note2" resp="volume_editor" index="false"> Вендель Гаррисон.</note> who has sent to me the life of his <hi style="opdelimiter">father.<note xml:id="note3" resp="volume_editor" index="false"> Вильям Ллойд Гаррисон (см. прим. к письму № 503).</note></hi><hi style="opnumber">430</hi> <hi style="npnumber">431</hi><hi style="npdelimiter">Namely</hi> I have been asking if there are many persons in America who confess the true Christian religion, which has been exposed in the declaration of non-resistancЕ. In answer to your question I can state to you that there are 30 or 40 persons known to me who confess with me the Christian principles, exposed in my book and that with every year and month their number increases. We are not organized in a church and never will bЕ. I think that the sole means to get in a true church is not to organize churches or communities, but to seek only after the Kingdom of God and its trutН. We will meet there from all parts of the world, and from all different nations and religious confessions if only we are true seekers of the trutН.</p>
<p rend="left">I shall expect your promised information and be very thankful for iТ.</p>
<p rend="right">Leo Tolstoy.</p>
<p rend="Obrashenie petit left">Дорогой друг,</p>
<p rend="petit left">я был очень рад получить ваше письмо, и узнать, что, благодаря напечатанию моей книги,<note xml:id="note4" resp="volume_editor" index="false"> Очевидно, Толстой имеет в виду сделанный В. Г. Чертковым перевод его книг: «В чем моя вера?», «Исповедь» и частью «Изложение Евангелия» — «Christ’s Christianity». By Leo Tolstoi. London, 1884.</note> я приобрел братьев в Америке.</p>
<p rend="petit left">Тот вопрос, который вы мне задаете, я недавно задал Гаррисону,<note xml:id="note5" resp="volume_editor" index="false"> Вендель Гаррисон.</note> который прислал мне биографию своего отца.<note xml:id="note6" resp="volume_editor" index="false"> Вильям Ллойд Гаррисон (см. прим. к письму № 503).</note> (Именно, я спрашивал, много ли людей в Америке исповедуют истинную христианскую религию, изложенную в декларации непротивления). В ответ на ваш вопрос, могу сказать вам, что мне известны 30—40 лиц, которые разделяют вместе со мной христианские принципы, изложенные в моей книге, и что с каждым годом и месяцем число их увеличивается. Мы не объединены в какую-либо церковь и никогда не станем объединяться. Я считаю, что единственный путь, который ведет к истинной церкви — это не организовывать какую-либо церковь или общину, а только искать царства Божия и его правды. И если мы искренно ищущие истины, то там мы встретим людей из всех частей света, разных национальностей и вероучений.</p>
<p rend="petit left">Буду ждать обещанных вами сведений, за что буду вам очень благодарен.</p>
<p rend="right petit">Лев Толстой.</p>
<comments><p rend="Textpetit_otstup left">Печатается по копии, хранящейся в AЧ. Публикуется (в России) впервые. Датируется на основании слов письма: «Недавно я задал тот же вопрос, который Вы мне ставите, Гаррисону» (<ref target="file:///Volume_63_Vendelyu_Garrisonu_503.xml">см. письмо № 503</ref>).</p>
<p rend="petit left">Личность адресата выявить не удалось.</p>
<p rend="Textpetit_otstup left"><hi>1</hi> Очевидно, Толстой имеет в виду сделанный В. Г. Чертковым перевод его книг: «В чем моя вера?», «Исповедь» и частью «Изложение Евангелия» — «Christ’s Christianity». By Leo Tolstoi. London, 1884.</p>
<p rend="petit left"><hi>2</hi> Вендель Гаррисон.</p>
<p rend="petit left"><hi>3</hi> Вильям Ллойд Гаррисон (см. прим. к письму № 503).</p>
<p rend="left"><hi style="opnumber">431</hi> <hi style="npnumber">432</hi></p>
</comments></div></body>
        </text>
        </TEI>