<?xml version='1.0' encoding='UTF-8' standalone='no'?>

<TEI xmlns="http://www.tei-c.org/ns/1.0">
       <teiHeader>
          <fileDesc>
             <titleStmt>
                <title>Письмо №187. Редактору журнала «Русская мысль».</title>
             </titleStmt>
             <publicationStmt>
                <publisher>TolstoyLab</publisher>
                <date when="2015-09-14">14 September 2015</date>
             </publicationStmt>
             <sourceDesc>
                <biblStruct>
                   <analytic>
                      <author>Толстой Л.Н.</author>
                   </analytic>
                   <monogr>
                      <title level="m">Полное собрание сочинений. Том 70</title>
                      <imprint>
                         <pubPlace>Москва</pubPlace>
                         <publisher>Государственное издательство "Художественная литература"</publisher>
                         <date when="1954"/>
                      </imprint>
                   </monogr>
                   <series>
                      <title level="s">Л.Н. Толстой. Полное собрание сочинений</title>
                      <biblScope unit="vol">70</biblScope>
                   </series>
                </biblStruct>
             </sourceDesc>
          </fileDesc>
          <encodingDesc>
             <tagsDecl> </tagsDecl>
          </encodingDesc>
          <profileDesc>
             <correspDesc>
                <correspAction type="sending">
                   <persName ref="PersonList.xml#L_N_Tolstoy">Л. Н. Толстой</persName>
                   <placeName ref="PlacesListxml#PLACE">Ясная Поляна</placeName>
                   <date when="1897-10-05">1897 г. Октября 5.</date>            </correspAction>
                <correspAction type="receiving">
                   <persName ref="PersonList.xml#RECEIVER">Редактору журнала «Русская мысль».</persName>
                </correspAction>
                <correspContext>
                   <ref type="prev"/>
                </correspContext>
             </correspDesc>
          </profileDesc>
       </teiHeader>
       <xenoData><number type="in a volume">187</number></xenoData>

              <text xml:id="RedaktoruzhurnalaRusskayamysl_187">
	<body><div>
		<opener index="false">
187. Редактору журнала «Русская мысль».
1897 г. Октября 5. Я. П.
</opener>
<p rend="Obrashenie left">Милостивый государь,</p>
<p rend="left">Прилагаемые стихи написаны молодым человеком крестьянином.<note xml:id="note1" resp="volume_editor" index="false">Вячеслав Дмитриевич Ляпунов (1873—1905), сын крестьянина. В 1897—1899 г. жил у Толстого в Ясной Поляне, помогая Толстому в переписке и С. А. Толстой в управлении имением. С 1901 г. жил в Крыму, где познакомился с М. Горьким. Его стихотворения собраны в книге «В. Д. Ляпунов, молодой поэт», М. 1912. В сентябре 1897 г., придя в Ясную Поляну, передал Толстому тетрадь своих стихов. Толстой переслал стихи с С. А. Толстой в редакцию «Русской мысли», сопроводив их публикуемым письмом. В «Русской мысли», 1898, I, стр. 86, было напечатано стихотворение «Пахарь» вместе с отрывком из письма Толстого.</note> Стихи по моему мнению очень хороши и не только стоят того, чтобы быть напечатанными, но должны обратить на себя внимание, если будут напечатаны. Молодой человек не просил меня о гонораре, но если вы найдете удобным напечатать стихи, то следуемый за них гонорар пришлите мне для передачи ему. Он человек бедный, и деньги ему нужны.</p>
<p rend="left">С совершенным уважением остаюсь готовым к услугам.</p>
<p rend="right">Лев Толстой.</p>
<p rend="left">5 окт. 1897 г.</p>
<comments><p rend="Textpetit_otstup left">Впервые неполностью опубликовано в журнале «Русская мысль» 1898, I, стр. 86, с неверной датой: «5 апр. 1897 г.»</p>
<p rend="petit left">«Русская мысль» — литературный и политический журнал, основанный в Москве в 1880 г. В. М. Лавровым. В 1890-х годах журнал являлся выразителем взглядов либерально-народнической интеллигенции. Редактором в то время был В. А. Гольцев (1850—1906). О нем см. в т. 64.</p>
<p rend="Textpetit_otstup left"><hi>1 </hi>Вячеслав Дмитриевич Ляпунов (1873—1905), сын крестьянина. В 1897—1899 г. жил у Толстого в Ясной Поляне, помогая Толстому в переписке и С. А. Толстой в управлении имением. С 1901 г. жил в Крыму, где познакомился с М. Горьким. Его стихотворения собраны в книге «В. Д. Ляпунов, молодой поэт», М. 1912. В сентябре 1897 г., придя в Ясную Поляну, передал Толстому тетрадь своих стихов. Толстой переслал стихи с С. А. Толстой в редакцию «Русской мысли», сопроводив их публикуемым письмом. В «Русской мысли», 1898, I, стр. 86, было напечатано стихотворение «Пахарь» вместе с отрывком из письма Толстого.</p>
<p rend="left emptyline"><hi style="opnumber">161</hi> <hi style="npnumber">162</hi></p>
</comments></div></body>
        </text>
        </TEI>