<?xml version='1.0' encoding='UTF-8' standalone='no'?>

<TEI xmlns="http://www.tei-c.org/ns/1.0">
       <teiHeader>
          <fileDesc>
             <titleStmt>
                <title>Письмо №65. Комитету Союза взаимопомощи русских писателей.</title>
             </titleStmt>
             <publicationStmt>
                <publisher>TolstoyLab</publisher>
                <date when="2015-09-14">14 September 2015</date>
             </publicationStmt>
             <sourceDesc>
                <biblStruct>
                   <analytic>
                      <author>Толстой Л.Н.</author>
                   </analytic>
                   <monogr>
                      <title level="m">Полное собрание сочинений. Том 73</title>
                      <imprint>
                         <pubPlace>Москва</pubPlace>
                         <publisher>Государственное издательство "Художественная литература"</publisher>
                         <date when="1954"/>
                      </imprint>
                   </monogr>
                   <series>
                      <title level="s">Л.Н. Толстой. Полное собрание сочинений</title>
                      <biblScope unit="vol">73</biblScope>
                   </series>
                </biblStruct>
             </sourceDesc>
          </fileDesc>
          <encodingDesc>
             <tagsDecl> </tagsDecl>
          </encodingDesc>
          <profileDesc>
             <correspDesc>
                <correspAction type="sending">
                   <persName ref="PersonList.xml#L_N_Tolstoy">Л. Н. Толстой</persName>
                   <placeName ref="PlacesListxml#PLACE">Москва</placeName>
                   <date when="1901-04">1901 г. Апреля</date>            </correspAction>
                <correspAction type="receiving">
                   <persName ref="PersonList.xml#RECEIVER">Комитету Союза взаимопомощи русских писателей.</persName>
                </correspAction>
                <correspContext>
                   <ref type="prev"/>
                </correspContext>
             </correspDesc>
          </profileDesc>
       </teiHeader>
       <xenoData><number type="in a volume">65</number></xenoData>

              <text xml:id="KomitetuSoyuzavzaimopomoshhirusskixpisatelej._65">
	<body><div>
		<opener index="false">
65. Комитету Союза взаимопомощи русских писателей.
1901 г. Апреля начало. Москва.
</opener>
<p rend="Obrashenie left">В Комитет Союза Русских Писателей.</p>
<p rend="left">С искренним сочувствием узнали мы о протесте Петербургских писателей против зверских поступков полиции 4 марта и о последовавшем от Союза Русских Писателей заявлении. Заявление это повлекло за собой закрытие Союза.<note xml:id="note1" resp="volume_editor" index="false"> События 4 марта на площади у Казанского собора в Петербурге (<ref target="file:///Volume_73_L.D.Vyazemskomu_48.xml">см. письмо № 48</ref>) вызвали ряд общественных протестов и петиций. «Союз взаимопомощи русских писателей при русском литературном обществе» обратился 9 марта к министру внутренних дел с декларативным заявлением. Рассказав в нем о том, как некоторые из писателей стали жертвами полицейской расправы с демонстрантами, Союз требовал снятия запрета с обсуждения в печати вопроса о причинах студенческих волнений. В ответ на это заявление петербургский градоначальник 12 марта уведомил комитет Союза взаимопомощи русских писателей о закрытии Союза.</note> Мы думаем, что закрытие это будет скорее полезно, чем вредно для тех целей, которые дороги русским писателям. Закрытием Союза администрация признала себя виновною и, не будучи в состоянии оправдать свои незаконные поступки, совершает еще новый акт насилия, тем самым еще более ослабляя свое и усиливая нравственное влияние борющегося с ней общества. И потому мы от всей души благодарим вас за то, что вы сделали, и надеемся, что деятельность ваша, несмотря на насильственное <hi style="opdelimiter">закрытие</hi><hi style="opnumber">59</hi> <hi style="npnumber">60</hi><hi style="npdelimiter">Союза,</hi> не ослабнет, а окрепнет и продолжится в том же направлении свободы и просвещения, в котором она всегда проявлялась среди лучших русских писателей.</p>
<p rend="left">Лев Толстой <hi>[и другие].</hi></p>
<comments><p rend="Textpetit_otstup left">Текст написан на пишущей машинке, подписи собственноручные. На подлиннике позднейшая пометка: «1901 г. 22 апреля», очевидно, дата получения письма. Датируется по письму к В. Г. Черткову от 30 марта 1901 г. (см. т. 88). Впервые опубликовано в журнале «Минувшие годы» 1908, 9, стр. 1—2, где подпись Толстого воспроизведена факсимильно. Вариант, мало отличающийся от письма, напечатан в «Листках Свободного слова», Christchurch, 1901, 19, стр. 63. В ГМТ хранится черновик-автограф и написанный на пишущей машинке первоначальный текст. Текст этот был исправлен и дополнен Толстым. Первоначальный вариант, очевидно, был составлен не Толстым. Приветствие, кроме Толстого, было подписано восемнадцатью лицами и вручено председателю комитета Союза Петру Исаевичу Вейнбергу.</p>
<p rend="Textpetit_otstup left"><hi>1</hi> События 4 марта на площади у Казанского собора в Петербурге (<ref target="file:///Volume_73_L.D.Vyazemskomu_48.xml">см. письмо № 48</ref>) вызвали ряд общественных протестов и петиций. «Союз взаимопомощи русских писателей при русском литературном обществе» обратился 9 марта к министру внутренних дел с декларативным заявлением. Рассказав в нем о том, как некоторые из писателей стали жертвами полицейской расправы с демонстрантами, Союз требовал снятия запрета с обсуждения в печати вопроса о причинах студенческих волнений. В ответ на это заявление петербургский градоначальник 12 марта уведомил комитет Союза взаимопомощи русских писателей о закрытии Союза.</p>
</comments></div></body>
        </text>
        </TEI>