<?xml version='1.0' encoding='UTF-8' standalone='no'?>

<TEI xmlns="http://www.tei-c.org/ns/1.0">
       <teiHeader>
          <fileDesc>
             <titleStmt>
                <title>Письмо №119. Кавказским духоборам.</title>
             </titleStmt>
             <publicationStmt>
                <publisher>TolstoyLab</publisher>
                <date when="2015-09-14">14 September 2015</date>
             </publicationStmt>
             <sourceDesc>
                <biblStruct>
                   <analytic>
                      <author>Толстой Л.Н.</author>
                   </analytic>
                   <monogr>
                      <title level="m">Полное собрание сочинений. Том 70</title>
                      <imprint>
                         <pubPlace>Москва</pubPlace>
                         <publisher>Государственное издательство "Художественная литература"</publisher>
                         <date when="1954"/>
                      </imprint>
                   </monogr>
                   <series>
                      <title level="s">Л.Н. Толстой. Полное собрание сочинений</title>
                      <biblScope unit="vol">70</biblScope>
                   </series>
                </biblStruct>
				<bibl>Впервые опубликовано в сборнике «Летописи», 2, стр. 216. Датируется по содержанию (<ref target="file:///Volume_70_E.P.Nakashidze_116.xml">см. письмо № 116</ref>).</bibl>
             </sourceDesc>
          </fileDesc>
          <encodingDesc>
             <tagsDecl> </tagsDecl>
          </encodingDesc>
          <profileDesc>
             <correspDesc>
                <correspAction type="sending">
                   <persName ref="PersonList.xml#L_N_Tolstoy">Л. Н. Толстой</persName>
                   <placeName ref="PlacesListxml#PLACE">Ясная Поляна</placeName>
                   <date when="1897-06-20">1897 г. Июня 20?</date>            </correspAction>
                <correspAction type="receiving">
                   <persName ref="PersonList.xml#RECEIVER">Кавказским духоборам.</persName>
                </correspAction>
                <correspContext>
                   <ref type="prev"/>
                </correspContext>
             </correspDesc>
          </profileDesc>
       </teiHeader>
       <xenoData><number type="in a volume">119</number></xenoData>

              <text xml:id="Kavkazskimduxoboram_119">
	<body><div>
		<opener index="false">
119. Кавказским духоборам.
1897 г. Июня 20? Я. П.
</opener>
<p rend="Obrashenie left">Дорогие друзья и братья!</p>
<p rend="left">Слышал я, что вы в Москве, и хочется мне если не на словах, то письмом приветствовать вас и сказать вам, что дело ваше не пропадает даром, а поддерживает силы духа по всех нас и теперь уже видимо приносит много добра людям. Хочется мне сказать вам, что я люблю вас, и жалею вас, и горжусь вами, и желаю <hi style="opdelimiter">подражать</hi><hi style="opnumber">100</hi> <hi style="npnumber">101</hi><hi style="npdelimiter">вам.</hi> Поддержи в вас бог силу любви так, чтобы с смирением и любовью к врагам нести посланный вам крест.</p>
<p rend="right rightindent">Любящий вас</p>
<p rend="right">Л. Толстой.</p>
<comments><p rend="Textpetit_otstup left">Впервые опубликовано в сборнике «Летописи», 2, стр. 216. Датируется по содержанию (<ref target="file:///Volume_70_E.P.Nakashidze_116.xml">см. письмо № 116</ref>).</p>
</comments></div></body>
        </text>
        </TEI>