<?xml version='1.0' encoding='UTF-8' standalone='no'?>

<TEI xmlns="http://www.tei-c.org/ns/1.0">
       <teiHeader>
          <fileDesc>
             <titleStmt>
                <title>Письмо №* 184. В Ученый комитет Министерства народного просвещения.</title>
             </titleStmt>
             <publicationStmt>
                <publisher>TolstoyLab</publisher>
                <date when="2015-09-14">14 September 2015</date>
             </publicationStmt>
             <sourceDesc>
                <biblStruct>
                   <analytic>
                      <author>Толстой Л.Н.</author>
                   </analytic>
                   <monogr>
                      <title level="m">Полное собрание сочинений. Том 62</title>
                      <imprint>
                         <pubPlace>Москва</pubPlace>
                         <publisher>Государственное издательство "Художественная литература"</publisher>
                         <date when="1953"/>
                      </imprint>
                   </monogr>
                   <series>
                      <title level="s">Л.Н. Толстой. Полное собрание сочинений</title>
                      <biblScope unit="vol">62</biblScope>
                   </series>
                </biblStruct>
             </sourceDesc>
          </fileDesc>
          <encodingDesc>
             <tagsDecl> </tagsDecl>
          </encodingDesc>
          <profileDesc>
             <correspDesc>
                <correspAction type="sending">
                   <persName ref="PersonList.xml#L_N_Tolstoy">Л. Н. Толстой</persName>
                   <placeName ref="PlacesListxml#PLACE">Ясная Поляна</placeName>
                   <date when="1875-05-23">1875 г. Мая 23.</date>            </correspAction>
                <correspAction type="receiving">
                   <persName ref="PersonList.xml#RECEIVER">В Ученый комитет Министерства народного просвещения</persName>
                </correspAction>
                <correspContext>
                   <ref type="prev"/>
                </correspContext>
             </correspDesc>
          </profileDesc>
       </teiHeader>
       <xenoData><number type="in a volume">184</number></xenoData>

              <text xml:id="VUchenyjkomitetministerstvanarodnogoprosveshheniya_184">
	<body><div>
		<opener index="false">
* 184. В Ученый комитет Министерства народного просвещения.
1875 г. Мая 23...25. Я. П.</opener>
<p rend="right"><hi>Черновое</hi>.</p>
<p rend="Obrashenie_ left">В Ученый комитет М. Н. П.</p>
<p rend="Obrashenie2 right">Графа Л. Н. Толстого. </p>
<p rend="left">Прилагая при сем вновь составленную мною Азбуку, покорнейше прошу о ее рассмотрении и о соответствующем достоинству книги распоряжении. <hi style="opdelimiter">—</hi><hi style="opnumber">188</hi></p>
<comments><p rend="Textpetit_otstup left"><hi style="npnumber">189</hi><hi style="npdelimiter">Написано</hi> на четвертой странице письма Н. М. Нагорнова к Толстому от 21 мая 1875 г., что принято во внимание при датировке.</p>
<p rend="petit left">При Ученом комитете Министерства народного просвещения существовал с 1869 г. Особый отдел Ученого комитета, имевший задачей рассмотрение учебников и книг для народного чтения. В 1875 г. членами этого отдела были писатели: В. Г. Авсеенко, П. П. Максимович, Н. С. Лесков, поэт А. Н. Майков и Т. А. Маевский.</p>
<p rend="petit left">30 июня А. Н. Майков сделал в комитете доклад о «Новой азбуке», на основании которого было постановлено одобрить и рекомендовать ее для всех учебных заведений, где обучение начинается с азбуки. См. «Журнал Особого отдела Ученого комитета Министерства народного просвещения», 1875, № 224 от 30 июня.</p>
</comments></div></body>
        </text>
        </TEI>