<?xml version='1.0' encoding='UTF-8' standalone='no'?>

<TEI xmlns="http://www.tei-c.org/ns/1.0">
       <teiHeader>
          <fileDesc>
             <titleStmt>
                <title>Письмо №* 289. Р. Б.</title>
             </titleStmt>
             <publicationStmt>
                <publisher>TolstoyLab</publisher>
                <date when="2015-09-14">14 September 2015</date>
             </publicationStmt>
             <sourceDesc>
                <biblStruct>
                   <analytic>
                      <author>Толстой Л.Н.</author>
                   </analytic>
                   <monogr>
                      <title level="m">Полное собрание сочинений. Том 79</title>
                      <imprint>
                         <pubPlace>Москва</pubPlace>
                         <publisher>Государственное издательство "Художественная литература"</publisher>
                         <date when="1955"/>
                      </imprint>
                   </monogr>
                   <series>
                      <title level="s">Л.Н. Толстой. Полное собрание сочинений</title>
                      <biblScope unit="vol">79</biblScope>
                   </series>
                </biblStruct>
				<bibl>Печатается по черновику (машинопись с поправками Толстого).</bibl>
             </sourceDesc>
          </fileDesc>
          <encodingDesc>
             <tagsDecl> </tagsDecl>
          </encodingDesc>
          <profileDesc>
             <correspDesc>
                <correspAction type="draft">
                   <persName ref="PersonList.xml#L_N_Tolstoy">Л. Н. Толстой</persName>
                   <placeName ref="PlacesListxml#PLACE">Кочеты</placeName>
                   <date when="1909-06-21">1909 г. Июня 21.</date>            </correspAction>
                <correspAction type="receiving">
                   <persName ref="PersonList.xml#RECEIVER">Р. Б.</persName>
                </correspAction>
                <correspContext>
                   <ref type="prev"/>
                </correspContext>
             </correspDesc>
          </profileDesc>
       </teiHeader>
       <xenoData><number type="in a volume">289</number></xenoData>

              <text xml:id="R.B._289">
	<body><div>
		<opener index="false">
* 289. Р. Б. Черновое.
1909 г. Июня 21. Кочеты.</opener>
<p rend="right">Кочеты. 21 июня 1909.</p>
<p rend="left">Статья ваша произвела на меня дурное впечатление, главное, тем, что вызвала во мне недоброе чувство к вам, которое я и выразил в то же время в написанном мною письме к вам. Письмо это недоброе я не посылаю,<note xml:id="note1" resp="volume_editor" index="false">Текст первого письма к Р. Б. неизвестен.</note> а все-таки хочется сказать вам, как брату, с которым чувствую себя соединенным общим всем нам и признаваемым всеми не только исповеданиями, но и верами законом любви, — хочется сказать вам то, что я думал о вашем письме, и то, что нашел в нем несправедливым.</p>
<p rend="left">Во-первых, ваше суждение о способах познания само по себе неправильно и — простите меня — есть только софизм, который не может быть убедителен даже для вас самих. Суждение о том, что, для того чтобы познать предмет, нужно сделаться его частью, как самому поехать в Китай, для того чтобы узнать Китай, совершенно несправедливо, потому что и живя в Китае и вне Китая всякий человек познает не тем, что дает на себя воздействовать внешним впечатлениям, а сам <hi style="opdelimiter">воспринимает</hi><hi style="opnumber">239</hi> <hi style="npnumber">240</hi><hi style="npdelimiter">и</hi> упорядочивает их своими умственными способностями, своим разумом. Кроме того, уже из вашего первого положения о том что Христос и истина одно и то же (причем под словом Христос вы понимаете собственно не только евангелие, но и церковь), уже вытекает решение, то, к <choice original_editorial_correction='кот[орому]'><sic>кот</sic><corr>которому</corr></choice> вы хотите притти [?]. Вы говорите, что, для того чтобы понять <choice original_editorial_correction='Хр[иста]'><sic>Хр</sic><corr>Христа</corr></choice>, надо признавать себя меньше <choice original_editorial_correction='Хр[иста]'><sic>Хр</sic><corr>Христа</corr></choice>. <choice original_editorial_correction='Т[олстой]'><sic>Т</sic><corr>Толстой</corr></choice> же не только не признает себя меньше, но не признает себя и равным и <choice original_editorial_correction='Т[олстой]'><sic>Т</sic><corr>Толстой</corr></choice>...<note xml:id="note2" resp="volume_editor" index="false">Со слов: «не только не признает» и до знака сноски — автограф-вставка на обороте л. 1. В конце ее поставлен крестик, указывающий на ее продолжение; однако оно не сохранилось.</note> Это уже совсем нехорошо, и недобро, и неправда. Я не только не относился к Христу так, что считал его ниже себя, но, напротив, как я это неоднократно выражал, ничто в мире не имело на меня такого решающего и изменяющего всё мое мировоззрение и всю мою жизнь влияния, как познанное мною учение Христа. Но именно учение Христа, а не то, что рассказывали о нем люди, <choice original_editorial_correction='к[оторым]'><sic>к</sic><corr>которым</corr></choice> <choice original_editorial_correction='нуж[но]'><sic>нуж</sic><corr>нужно</corr></choice> <choice original_editorial_correction='б[ыло]'><sic>б</sic><corr>было</corr></choice> не его учение, а что-то другое, что я <choice original_editorial_correction='действитель[но]'><sic>действитель</sic><corr>действительно</corr></choice> не мог не выплевывать.<note xml:id="note3" resp="volume_editor" index="false">На стр. 5 брошюры отчеркнуто Толстым место: «Толстой обращается с Христом, как с яблоками. Он берет в руки, вертит со всех сторон, нюхает, смотрит, пробует — и то, что находит в нем не по вкусу, выплевывает, как негодное».</note></p>
<p rend="left">То, &lt;что я&gt; не допускаю того, что противно разуму, т. е. не могу принять все эти рассказы о <choice original_editorial_correction='совершен[ных]'><sic>совершен</sic><corr>совершенных</corr></choice> <hi>1 не разобр. </hi>чудесах за истину, то именно потому, что тот самый разум, которым я познаю величие, мудрость, святость, божественность учения Христа, этот самый разум не допускает признания насыщения пятью хлебами, воскресения, вознесения, воскрешения Лазаря и т. п.</p>
<p rend="left">Опять совершенно несправедливо, и как будто умышленно несправедливо, вы говорите о том, что всё мое отрицание чудесного зиждется на моем непонимании его. Дело не в понимании или непонимании мною или кем бы то ни было, но дело в противоречии с той основой мышления, без которой мы ничего — самых простых, как и самых глубоких и возвышенных мыслей воспринимать не можем. Поразительно в этом случае то, что вы, стараясь показать неправильность моего приписания разуму решающего значения, сами отрицая разум, следовательно и рассуждение, основанное на нем, все ваши доводы основываете именно на этом разуме, т. е. разумом хотите доказать, что не следует верить разуму.</p>
<p rend="left">Боюсь, что я опять впадаю в неприязненное (не неприязненное, а не приязненное)<note xml:id="note4" resp="volume_editor" index="false"> Заключенное в скобки вписано Н. Н. Гусевым со слов Толстого.</note> чувство к вам, и потому прекращаю мои доводы о том, в чем я считаю неправильными выраженные вами суждения, и обращаюсь к самому главному — к тому, что вера каждого верующего человека (я говорю — <hi style="opdelimiter">верующего</hi><hi style="opnumber">240</hi> <hi style="npnumber">241</hi><hi style="npdelimiter">в</hi> очень тесном смысле, так как очень много есть людей, считающихся и сами себя считающих верующими, не будучи таковыми) слагается из сложных, невыразимых духовных процессов, посредством которых человек становится в единении с высшим существом — с богом, и что поэтому всякое вмешательство людей в такое отношение человека с богом не может иметь никакого иного влияния, кроме оскорбления самых важных и святых для него чувств. Вследствие чего я думаю, что обязанность истинно верующего человека заключается в уважении к искренним верованиям других людей, в особенности в воздержании от вмешательства в личные верования, определяющие жизнь всякого другого человека. Если, я когда отступал от этого правила, то я всем сердцем каюсь в этом и прошу прощения у тех, чувство которых я оскорбил этим.</p>
<p rend="left">Затем с искренним желанием быть с вами в добрых отношениях остаюсь любящий вас брат</p>
<comments><p rend="Textpetit_otstup left">Печатается по черновику (машинопись с поправками Толстого).</p>
<p rend="petit left">Об адресате сведений не имеется. При черновике письма Толстого приложена брошюра: Р. Б., «Почему Толстой не понимает Христа (Три неправды)», Сергиев-Посад, 1909 (оттиск из № 5 журнала «Христианин» за 1909 г.; дозволено духовной цензурой 7 мая 1909 г.). На эту статью Р. Б. и отвечает Толстой.</p>
<p rend="Textpetit_otstup left"><hi>1 </hi>Текст первого письма к Р. Б. неизвестен.</p>
<p rend="petit left"><hi>2 </hi>Со слов: «не только не признает» и до знака сноски — автограф-вставка на обороте л. 1. В конце ее поставлен крестик, указывающий на ее продолжение; однако оно не сохранилось.</p>
<p rend="petit left"><hi>3 </hi>На стр. 5 брошюры отчеркнуто Толстым место: «Толстой обращается с Христом, как с яблоками. Он берет в руки, вертит со всех сторон, нюхает, смотрит, пробует — и то, что находит в нем не по вкусу, выплевывает, как негодное».</p>
<p rend="petit left"><hi>4</hi> Заключенное в скобки вписано Н. Н. Гусевым со слов Толстого.</p>
</comments></div></body>
        </text>
        </TEI>