<?xml version='1.0' encoding='UTF-8' standalone='no'?>

<TEI xmlns="http://www.tei-c.org/ns/1.0">
       <teiHeader>
          <fileDesc>
             <titleStmt>
                <title>Письмо №304. Завещание.</title>
             </titleStmt>
             <publicationStmt>
                <publisher>TolstoyLab</publisher>
                <date when="2015-09-14">14 September 2015</date>
             </publicationStmt>
             <sourceDesc>
                <biblStruct>
                   <analytic>
                      <author>Толстой Л.Н.</author>
                   </analytic>
                   <monogr>
                      <title level="m">Полное собрание сочинений. Том 82</title>
                      <imprint>
                         <pubPlace>Москва</pubPlace>
                         <publisher>Государственное издательство "Художественная литература"</publisher>
                         <date when="1956"/>
                      </imprint>
                   </monogr>
                   <series>
                      <title level="s">Л.Н. Толстой. Полное собрание сочинений</title>
                      <biblScope unit="vol">82</biblScope>
                   </series>
                </biblStruct>
             </sourceDesc>
          </fileDesc>
          <encodingDesc>
             <tagsDecl> </tagsDecl>
          </encodingDesc>
          <profileDesc>
             <correspDesc>
                <correspAction type="sending">
                   <persName ref="PersonList.xml#L_N_Tolstoy">Л. Н. Толстой</persName>
                   <placeName ref="PlacesListxml#PLACE">Лес близ деревни Грумонт</placeName>
                   <date when="1910-07-22">1910 г. Июля 22.</date>            </correspAction>
                <correspAction type="receiving">
                   <persName ref="PersonList.xml#RECEIVER">Завещание.</persName>
                </correspAction>
                <correspContext>
                   <ref type="prev"/>
                </correspContext>
             </correspDesc>
          </profileDesc>
       </teiHeader>
       <xenoData><number type="in a volume">304</number></xenoData>

       <text xml:id="Zaveshhanie_304">
	<body><div>
		<opener index="false">
304. Завещание.
1910 г. Июля 22. Лес близ деревни Грумонт.</opener>
<p rend="left">Тысяча девятьсот десятого года, июля (22) дватцать<hi>1</hi> второго дня, я нижеподписавшийся, находясь в здравом уме и твердой памяти, на случай моей смерти, делаю следующее распоряжение: все мои литературные произведения, когда-либо написанные по сие время и какие будут написаны мною до моей смерти, как уже изданные, так и неизданные, как художественные, так и всякие другие, оконченные и неоконченные, драматические и во всякой иной форме, переводы, переделки, дневники, частные письма, черновые наброски, отдельные мысли и заметки, словом всё без исключения мною написанное по день моей смерти, где бы таковое ни находилось и у кого бы ни хранилось, как в рукописях, так равно и напечатанное и притом как право литературной собственности на все без исключения мои произведения, так и самые рукописи и все оставшиеся после меня бумаги завещаю в полную собственность дочери моей Александре Львовне Толстой. В случае же, если дочь моя Александра Львовна Толстая умрет раньше меня, всё вышеозначенное завещаю в полную собственность дочери моей Татьяне Львовне Сухотиной.</p>
<p rend="right">Лев Николаевич Толстой.</p>
<comments><p rend="Textpetit_otstup left">Сим свидетельствую, что настоящее завещание действительно составлено, собственноручно написано и подписано графом Львом Николаевичем Толстым, находящимся в здравом уме и твердой памяти.</p>
<p rend="petit left">Свободный художник Александр Борисович Гольденвейзер. В том же свидетельствую, мещанин Алексей Петрович Сергеенко. В том же свидетельствую, сын подполковника Анатолий Дионисиевич Радынский.</p>
<p rend="petit left">16 ноября 1910 г. Тульский окружной суд в публичном судебном заседании утвердил к исполнению это завещание Толстого.</p>
</comments></div></body>
        </text>
        </TEI>