<?xml version='1.0' encoding='UTF-8' standalone='no'?>

<TEI xmlns="http://www.tei-c.org/ns/1.0">
       <teiHeader>
          <fileDesc>
             <titleStmt>
                <title>Письмо №* 7. Неизвестному.</title>
             </titleStmt>
             <publicationStmt>
                <publisher>TolstoyLab</publisher>
                <date when="2015-09-14">14 September 2015</date>
             </publicationStmt>
             <sourceDesc>
                <biblStruct>
                   <analytic>
                      <author>Толстой Л.Н.</author>
                   </analytic>
                   <monogr>
                      <title level="m">Полное собрание сочинений. Том 72</title>
                      <imprint>
                         <pubPlace>Москва</pubPlace>
                         <publisher>Государственное издательство "Художественная литература"</publisher>
                         <date when="1933"/>
                      </imprint>
                   </monogr>
                   <series>
                      <title level="s">Л.Н. Толстой. Полное собрание сочинений</title>
                      <biblScope unit="vol">72</biblScope>
                   </series>
                </biblStruct>
				<bibl>Печатается по копировальной книге № 2, л. 60, хранящейся в ГТМ. Местонахождение автографа неизвестно. Публикуется впервые.</bibl>
             </sourceDesc>
          </fileDesc>
          <encodingDesc>
             <tagsDecl> </tagsDecl>
          </encodingDesc>
          <profileDesc>
             <correspDesc>
                <correspAction type="sending">
                   <persName ref="PersonList.xml#L_N_Tolstoy">Л. Н. Толстой</persName>
                   <placeName ref="PlacesListxml#PLACE">Москва</placeName>
                   <date when="1899-01-12">1899 г. Января 12.</date>            </correspAction>
                <correspAction type="receiving">
                   <persName ref="PersonList.xml#RECEIVER">Неизвестному.</persName>
                </correspAction>
                <correspContext>
                   <ref type="prev"/>
                </correspContext>
             </correspDesc>
          </profileDesc>
       </teiHeader>
       <xenoData><number type="in a volume">7</number></xenoData>

              <text xml:id="Neizvestnomu_7">
	<body><div>
		<opener index="false">
* 7. Неизвестному.
1899 г. Января 12. Москва.</opener>
<p rend="left">Очень <choice><reg>рад</reg><orig>радъ</orig></choice> бы <choice><reg>был</reg><orig>былъ</orig></choice> исполнить ваше <choice><reg>желание</reg><orig>желанiе</orig></choice>, но считаю <choice><reg>невозможным</reg><orig>невозможнымъ</orig></choice> принимать какое бы то ни было <choice><reg>участие</reg><orig>участiе</orig></choice> <choice><reg>в</reg><orig>въ</orig></choice> <choice><reg>одном</reg><orig>одномъ</orig></choice> <choice><reg>из</reg><orig>изъ</orig></choice> <choice><reg>самых</reg><orig>самыхъ</orig></choice> <choice><reg>жестоких</reg><orig>жестокихъ</orig></choice> и <choice><reg>грубых</reg><orig>грубыхъ</orig></choice> <choice><reg>обманов</reg><orig>обмановъ</orig></choice>, <choice original_editorial_correction='к[оторые]'><sic>к</sic><corr>которые</corr></choice> совершаются <choice><reg>над</reg><orig>надъ</orig></choice> людьми и <choice original_editorial_correction='к[оторое]'><sic>к</sic><corr>которое</corr></choice> называется <choice><reg>крещением</reg><orig>крещенiемъ</orig></choice> <choice><reg>младенцев</reg><orig>младенцевъ</orig></choice>. Ребенка <choice><reg>без</reg><orig>безъ</orig></choice> его <choice><reg>ведома</reg><orig>вѣдома</orig></choice> <choice><reg>зачислят</reg><orig>зачислятъ</orig></choice> <choice><reg>в</reg><orig>въ</orig></choice> <choice><reg>веру</reg><orig>вѣру</orig></choice> (церковную), <choice original_editorial_correction='кот[орая]'><sic>кот</sic><corr>которая</corr></choice> по <choice><reg>всем</reg><orig>всѣмъ</orig></choice> <choice><reg>вероятиям</reg><orig>вѣроятiямъ</orig></choice> <choice><reg>будет</reg><orig>будетъ</orig></choice> <choice><reg>им</reg><orig>имъ</orig></choice> <choice><reg>в</reg><orig>въ</orig></choice> <choice><reg>душе</reg><orig>душѣ</orig></choice> откинута, когда <choice><reg>он</reg><orig>онъ</orig></choice> <choice><reg>выростет</reg><orig>выростетъ</orig></choice> (<choice original_editorial_correction='п[отому]'><sic>п</sic><corr>потому</corr></choice> <choice original_editorial_correction='ч[то]'><sic>ч</sic><corr>что</corr></choice> <choice><reg>вера</reg><orig>вѣра</orig></choice> эта есть <choice><reg>собрание</reg><orig>собранiе</orig></choice> <choice><reg>суеверий</reg><orig>суевѣрiй</orig></choice> и <choice><reg>обманов</reg><orig>обмановъ</orig></choice>), а между <choice><reg>тем</reg><orig>тѣмъ</orig></choice> <choice><reg>переход</reg><orig>переходъ</orig></choice> его <choice><reg>из</reg><orig>изъ</orig></choice> этой <choice><reg>веры</reg><orig>вѣры</orig></choice> <choice><reg>в</reg><orig>въ</orig></choice> другую считается <choice><reg>уголовным</reg><orig>уголовнымъ</orig></choice> <choice><reg>преступлением</reg><orig>преступленiемъ</orig></choice>. Желая добра вашему ребенку, могу желать только того, чтобы его не крестили. За доброе же ваше чувство ко <choice><reg>мне</reg><orig>мнѣ</orig></choice> сердечно благодарю.</p>
<p rend="right"><choice><reg>Лев</reg><orig>Левъ</orig></choice> Толстой.</p>
<p rend="left">12 Ян. 99.</p>
<comments><p rend="Textpetit_otstup left">Печатается по копировальной книге № 2, л. 60, хранящейся в ГТМ. Местонахождение автографа неизвестно. Публикуется впервые.</p>
<p rend="petit left">Кому адресовано письмо, редакцией не установлено.</p>
<p rend="emptyline left"><hi style="opnumber">21</hi> <hi style="npnumber">22</hi></p>
</comments></div></body>
        </text>
        </TEI>