<?xml version='1.0' encoding='UTF-8' standalone='no'?>

<TEI xmlns="http://www.tei-c.org/ns/1.0">
       <teiHeader>
          <fileDesc>
             <titleStmt>
                <title>Письмо №* 90. В редакцию газеты «Харьковский листок».</title>
             </titleStmt>
             <publicationStmt>
                <publisher>TolstoyLab</publisher>
                <date when="2015-09-14">14 September 2015</date>
             </publicationStmt>
             <sourceDesc>
                <biblStruct>
                   <analytic>
                      <author>Толстой Л.Н.</author>
                   </analytic>
                   <monogr>
                      <title level="m">Полное собрание сочинений. Том 76</title>
                      <imprint>
                         <pubPlace>Москва</pubPlace>
                         <publisher>Государственное издательство "Художественная литература"</publisher>
                         <date when="1956"/>
                      </imprint>
                   </monogr>
                   <series>
                      <title level="s">Л.Н. Толстой. Полное собрание сочинений</title>
                      <biblScope unit="vol">76</biblScope>
                   </series>
                </biblStruct>
             </sourceDesc>
          </fileDesc>
          <encodingDesc>
             <tagsDecl> </tagsDecl>
          </encodingDesc>
          <profileDesc>
             <correspDesc>
                <correspAction type="sending">
                   <persName ref="PersonList.xml#L_N_Tolstoy">Л. Н. Толстой</persName>
                   <placeName ref="PlacesListxml#PLACE">Ясная Поляна</placeName>
                   <date when="1905-11-30">1905 г. Ноября 30.</date>            </correspAction>
                <correspAction type="receiving">
                   <persName ref="PersonList.xml#RECEIVER">В редакцию газеты «Харьковский листок».</persName>
                </correspAction>
                <correspContext>
                   <ref type="prev">Ответ на два денежных перевода от редакции «Харьковского листка».</ref>
                </correspContext>
             </correspDesc>
          </profileDesc>
       </teiHeader>
       <xenoData><number type="in a volume">90</number></xenoData>

              <text xml:id="VredakciyugazetyXarkovskijlistok_90">
	<body><div>
		<opener index="false">
* 90. В редакцию газеты «Харьковский листок».
1905 г. Ноября 30. Я. П.</opener>
<p rend="left">Лев Николаевич Толстой получил присланные на его имя для помощи голодающим деньги<note xml:id="note1" resp="volume_editor" index="false"> Дальнейшее, кончая словом «листок», вписано рукою Ю. И. Игумновой.</note> 45 руб. 31 коп. и 19 р. 50 коп. от <choice original_editorial_correction='ред[акции]'><sic>ред</sic><corr>редакции</corr></choice> газеты «Харьковский листок»<note xml:id="note2" resp="volume_editor" index="false"> «Харьковский листок» — ежедневная общественно-политическая литературная и научно-экономическая газета, издававшаяся в Харькове с 1898 г.</note> и благодарит жертвователей от себя за то, что они обратились к нему, и от тех лиц, нужда которых будет облегчена их жертвою. Деньги эти будут употреблены на помощь нуждающимся в Крапивенском уезде.</p>
<p rend="right">Лев Толстой.</p>
<p rend="left">1905, 30 ноя.</p>
<comments><p rend="Textpetit_otstup left">Ответ на два денежных перевода от редакции «Харьковского листка».</p>
<p rend="Textpetit_otstup left"><hi>1</hi> Дальнейшее, кончая словом «листок», вписано рукою Ю. И. Игумновой.</p>
<p rend="petit left"><hi>2</hi> «Харьковский листок» — ежедневная общественно-политическая литературная и научно-экономическая газета, издававшаяся в Харькове с 1898 г.</p>
<p rend="emptyline left"><hi style="opnumber">60</hi> <hi style="npnumber">61</hi></p>
</comments></div></body>
        </text>
        </TEI>