<?xml version='1.0' encoding='UTF-8' standalone='no'?>

<TEI xmlns="http://www.tei-c.org/ns/1.0">
       <teiHeader>
          <fileDesc>
             <titleStmt>
                <title>Письмо №* 430. Расписка.</title>
             </titleStmt>
             <publicationStmt>
                <publisher>TolstoyLab</publisher>
                <date when="2015-09-14">14 September 2015</date>
             </publicationStmt>
             <sourceDesc>
                <biblStruct>
                   <analytic>
                      <author>Толстой Л.Н.</author>
                   </analytic>
                   <monogr>
                      <title level="m">Полное собрание сочинений. Том 61</title>
                      <imprint>
                         <pubPlace>Москва</pubPlace>
                         <publisher>Государственное издательство "Художественная литература"</publisher>
                         <date when="1953"/>
                      </imprint>
                   </monogr>
                   <series>
                      <title level="s">Л.Н. Толстой. Полное собрание сочинений</title>
                      <biblScope unit="vol">61</biblScope>
                   </series>
                </biblStruct>
             </sourceDesc>
          </fileDesc>
          <encodingDesc>
             <tagsDecl> </tagsDecl>
          </encodingDesc>
          <profileDesc>
             <correspDesc>
                <correspAction type="sending">
                   <persName ref="PersonList.xml#L_N_Tolstoy">Л. Н. Толстой</persName>
                   <placeName ref="PlacesListxml#PLACE">Ясная Поляна</placeName>
                   <date when="1863-02-13">1863 г. Февраля 13.</date>            </correspAction>
                <correspAction type="receiving">
                   <persName ref="PersonList.xml#RECEIVER">Расписка</persName>
                </correspAction>
                <correspContext>
                   <ref type="prev"/>
                </correspContext>
             </correspDesc>
          </profileDesc>
       </teiHeader>
       <xenoData><number type="in a volume">430</number></xenoData>

              <text xml:id="Raspiska_430">
	<body><div>
		<opener index="false">
* 430. Расписка.
1863 г. Февраля 13. Я. П.</opener>
<p rend="left">1863 г. Февраля 13 дня Крапивенского уезда приставу 2 стана артиллерии поручик граф Лев Николаевич Толстой дал сию подписку в том, что присланное при предписании его превосходительства господина начальника губернии от 5 января за № 81 извещение г. управляющего питейно-акцизными сборами по делу о Яснополянском питейном доме, выстроенном без моего согласия, мне объявлено, в чем и подписуюсь.</p>
<p rend="right">Поручик граф Лев Николаевич Толстой.</p>
<p rend="Textpetit_otstup left">В должности пристава Васильев.</p>
<comments><p rend="petit left">Подлинник хранится в «Деле канцелярии начальника Тульской губернии по прошению графа Льва Николаевича Толстого о питейном доме в имении его в Ясной Поляне».</p>
<p rend="petit left">Написано рукой писца, подписано Толстым.</p>
<p rend="petit left">Толстой неоднократно ходатайствовал о ликвидации питейного дома, построенного в его отсутствие на его земле еще в 1855 году. Последняя докладная записка по этому делу была подана им тульскому губернатору Дарагану 24 декабря 1862 г., см. т. 60, стр. 509—511. Дараган направил записку Толстого на заключение управляющему питейно-акцизными сборами Языкову, который ответил, «что казне предоставлено право строить кабаки на любой земле, независимо от желания владельцев оной».</p>
<p rend="petit left">5 января 1863 г. тульский губернатор препроводил ответ Языкова крапивенскому исправнику «для объявления по принадлежности», и 13 февраля ответ этот был сообщен Толстому.</p>
<p rend="left"><hi style="opnumber">353</hi> <hi style="npnumber">354</hi></p>
</comments></div></body>
        </text>
        </TEI>