<?xml version='1.0' encoding='UTF-8' standalone='no'?>

<TEI xmlns="http://www.tei-c.org/ns/1.0">
       <teiHeader>
          <fileDesc>
             <titleStmt>
                <title>Письмо №134. В редакцию газеты «Русские ведомости».</title>
             </titleStmt>
             <publicationStmt>
                <publisher>TolstoyLab</publisher>
                <date when="2015-09-14">14 September 2015</date>
             </publicationStmt>
             <sourceDesc>
                <biblStruct>
                   <analytic>
                      <author>Толстой Л.Н.</author>
                   </analytic>
                   <monogr>
                      <title level="m">Полное собрание сочинений. Том 72</title>
                      <imprint>
                         <pubPlace>Москва</pubPlace>
                         <publisher>Государственное издательство "Художественная литература"</publisher>
                         <date when="1933"/>
                      </imprint>
                   </monogr>
                   <series>
                      <title level="s">Л.Н. Толстой. Полное собрание сочинений</title>
                      <biblScope unit="vol">72</biblScope>
                   </series>
                </biblStruct>
				<bibl>Печатается по подлиннику, хранящемуся в АТБ. Обращение и заключительная фраза написаны собственноручно, перечень пожертвований рукой О. К. Толстой. Дата проставлена ею же. Опубликовано в «Русских ведомостях» 1899, № 173 от 25 июня при отчете за период с 30 мая по 10 июня, без подписи и обращения. Списки пожертвований без обращения и подписи напечатаны в 1899 г. в «Русских ведомостях» № 78 от 20 марта, № 99 от 10 апреля, № 102 от 13 апреля, № 112 от 25 апреля, № 122 от 5 мая, № 133 от 16 мая, № 137 от 20 мая, № 139 от 22 мая, № 151 от 3 июня, № 168 от 20 июня, № 172 от 24 июня, № 177 от 29 июня.</bibl>
             </sourceDesc>
          </fileDesc>
          <encodingDesc>
             <tagsDecl> </tagsDecl>
          </encodingDesc>
          <profileDesc>
             <correspDesc>
                <correspAction type="sending">
                   <persName ref="PersonList.xml#L_N_Tolstoy">Л. Н. Толстой</persName>
                   <placeName ref="PlacesListxml#PLACE">Ясная Поляна</placeName>
                   <date when="1899-06-17">1899 г. Июня 17.</date>            </correspAction>
                <correspAction type="receiving">
                   <persName ref="PersonList.xml#RECEIVER">В редакцию газеты «Русские ведомости».</persName>
                </correspAction>
                <correspContext>
                   <ref type="prev"/>
                </correspContext>
             </correspDesc>
          </profileDesc>
       </teiHeader>
       <xenoData><number type="in a volume">134</number></xenoData>

              <text xml:id="VredakciyugazetyRusskievedomosti_134">
	<body><div>
		<opener index="false">
134. В редакцию газеты «Русские ведомости».
1899 г. Июня 17. Я. П.</opener>
<p rend="right">17 <choice><reg>июня</reg><orig>iюня</orig></choice> 1899.</p>
<p rend="center"><choice><reg>В</reg><orig>Въ</orig></choice> <choice><reg>Редакцию</reg><orig>Редакцiю</orig></choice> «<choice><reg>Русских</reg><orig>Русскихъ</orig></choice> <choice><reg>Ведомостей</reg><orig>Вѣдомостей</orig></choice>».</p>
<p rend="left">Покорно прошу <choice><reg>Редакцию</reg><orig>Редакцiю</orig></choice> прибавить <choice><reg>к</reg><orig>къ</orig></choice> посланному мною отчету еще <choice><reg>следующее</reg><orig>слѣдующее</orig></choice>:<note xml:id="note1" resp="volume_editor" index="false"> В газете эта фраза заменена: В письме 17 июня граф Л. Н. Толстой сообщает еще о получении им</note></p>
<p rend="left"><choice><reg>от</reg><orig>отъ</orig></choice> <choice><reg>служащих</reg><orig>служащихъ</orig></choice> <choice><reg>счетного</reg><orig>счетнаго</orig></choice> <choice><reg>отдела</reg><orig>отдѣла</orig></choice> при <choice><reg>постройке</reg><orig>постройкѣ</orig></choice> Забайкальской ж. д. 33 р. 55 к., <choice><reg>от</reg><orig>отъ</orig></choice> Маргариты Посоховой 232 р. 75 к., <choice><reg>через</reg><orig>черезъ</orig></choice> контору «<choice><reg>Русския</reg><orig>Русскiя</orig></choice> <choice><reg>Ведомости</reg><orig>Вѣдомости</orig></choice>» 54 p. 25 к., <choice><reg>через</reg><orig>черезъ</orig></choice> контору «Восточное <choice><reg>Обозрение</reg><orig>Обозрѣнiе</orig></choice>» 76 р. 64 к., <choice><reg>от</reg><orig>отъ</orig></choice> Екат. Шульце 1 р., <choice><reg>от</reg><orig>отъ</orig></choice> <choice><reg>Прокофия</reg><orig>Прокофiя</orig></choice> Чередайко 10 р., <choice><reg>от</reg><orig>отъ</orig></choice> общества <choice><reg>офицеров</reg><orig>офицеровъ</orig></choice>, Бендеры, 75 р., <choice><reg>из</reg><orig>изъ</orig></choice> конторы «Восточное <choice><reg>Обозрение</reg><orig>Обозрѣнiе</orig></choice>» 32 р. 50 к., <choice><reg>от</reg><orig>отъ</orig></choice> А. Б. <choice><reg>Гольмблат</reg><orig>Гольмблатъ</orig></choice>, Вильна, 300 р., <choice><reg>от</reg><orig>отъ</orig></choice> <choice><reg>служащих</reg><orig>служащихъ</orig></choice> на ст. Нарва 10 р., <choice><reg>от</reg><orig>отъ</orig></choice> конторы «Восточное <choice><reg>Обозрение</reg><orig>Обозрѣнiе</orig></choice>» 376 р. 82 к., <choice><reg>от</reg><orig>отъ</orig></choice> Н. <choice><reg>Редигер</reg><orig>Редигеръ</orig></choice>, <choice><reg>Украинский</reg><orig>Украинскiй</orig></choice> <choice><reg>полк</reg><orig>полкъ</orig></choice>, Винница, 1565 р. Итого 2766 р. 88 к.</p>
<p rend="left"><choice><reg>Из</reg><orig>Изъ</orig></choice> <choice><reg>этих</reg><orig>этихъ</orig></choice> <choice><reg>денег</reg><orig>денегъ</orig></choice> 1100 р. отправлены А. С. Пругавину <choice><reg>в</reg><orig>въ</orig></choice> Самару, 1110 <choice><reg>в</reg><orig>въ</orig></choice> Казань П. М. Останкову и 565 р. кн. С. И. Шаховскому.<note xml:id="note2" resp="volume_editor" index="false"><hi> </hi>Последняя фраза напечатана в «Русских ведомостях» иначе: Из этих денег послано: А. С. Пругавину (Самара) 1100 р., П. М. Останкову (Казань) 1100 р., кн. С. И. Шаховскому (Бугульма) 565 р.</note></p>
<p rend="right"><choice><reg>Лев</reg><orig>Левъ</orig></choice> Толстой.</p>
<comments><p rend="Textpetit_otstup left">Печатается по подлиннику, хранящемуся в АТБ. Обращение и заключительная фраза написаны собственноручно, перечень пожертвований рукой О. К. Толстой. Дата проставлена ею же. Опубликовано в «Русских ведомостях» 1899, № 173 от 25 июня при отчете за период с 30 мая по 10 июня, без подписи и обращения. Списки пожертвований без обращения и подписи напечатаны в 1899 г. в «Русских ведомостях» № 78 от 20 марта, № 99 от 10 апреля, № 102 от 13 апреля, № 112 от 25 апреля, № 122 от 5 мая, № 133 от 16 мая, № 137 от 20 мая, № 139 от 22 мая, № 151 от 3 июня, № 168 от 20 июня, № 172 от 24 июня, № 177 от 29 июня.</p>
<p rend="Textpetit_otstup left"><hi>1</hi> В газете эта фраза заменена: В письме 17 июня граф Л. Н. Толстой сообщает еще о получении им</p>
<p rend="petit left"><hi>2</hi><hi> </hi>Последняя фраза напечатана в «Русских ведомостях» иначе: Из этих денег послано: А. С. Пругавину (Самара) 1100 р., П. М. Останкову (Казань) 1100 р., кн. С. И. Шаховскому (Бугульма) 565 р.</p>
<p rend="emptyline left"><hi style="opnumber">146</hi> <hi style="npnumber">147</hi></p>
</comments></div></body>
        </text>
        </TEI>