<?xml version='1.0' encoding='UTF-8' standalone='no'?>

<TEI xmlns="http://www.tei-c.org/ns/1.0">
       <teiHeader>
          <fileDesc>
             <titleStmt>
                <title>Письмо №* 151. Неизвестному (приказчику Ясной Поляны).</title>
             </titleStmt>
             <publicationStmt>
                <publisher>TolstoyLab</publisher>
                <date when="2015-09-14">14 September 2015</date>
             </publicationStmt>
             <sourceDesc>
                <biblStruct>
                   <analytic>
                      <author>Толстой Л.Н.</author>
                   </analytic>
                   <monogr>
                      <title level="m">Полное собрание сочинений. Том 78</title>
                      <imprint>
                         <pubPlace>Москва</pubPlace>
                         <publisher>Государственное издательство "Художественная литература"</publisher>
                         <date when="1956"/>
                      </imprint>
                   </monogr>
                   <series>
                      <title level="s">Л.Н. Толстой. Полное собрание сочинений</title>
                      <biblScope unit="vol">78</biblScope>
                   </series>
                </biblStruct>
             </sourceDesc>
          </fileDesc>
          <encodingDesc>
             <tagsDecl> </tagsDecl>
          </encodingDesc>
          <profileDesc>
             <correspDesc>
                <correspAction type="sending">
                   <persName ref="PersonList.xml#L_N_Tolstoy">Л. Н. Толстой</persName>
                   <placeName ref="PlacesListxml#PLACE">Ясная Поляна</placeName>
                   <date when="1908-05">1908 г. Май</date>            </correspAction>
                <correspAction type="receiving">
                   <persName ref="PersonList.xml#RECEIVER">Неизвестному (приказчику Ясной Поляны).</persName>
                </correspAction>
                <correspContext>
                   <ref type="prev"/>
                </correspContext>
             </correspDesc>
          </profileDesc>
       </teiHeader>
       <xenoData><number type="in a volume">151</number></xenoData>

              <text xml:id="NeizvestnomuPrikazchiku_151">
	<body><div>
		<opener index="false">
* 151. Неизвестному (приказчику Ясной Поляны).
1908 г. Май начало — середина? Я. П.</opener>
<p rend="left">Полагаю, что Софья Андреевна будет недовольна отправлением Абакумова<note xml:id="note1" resp="volume_editor" index="false"> Дополнительных сведений об этом лице редакция не имеет. В Г, 2 упоминается яснополянский крестьянин Абаков.</note> в стан, и потому советую отправку его отложить.</p>
<comments><p rend="Textpetit_otstup left">Датируется по отметке С. А. Толстой на подлиннике: «1908 года, летом. К прикащику в мое отсутствие». Летом 1908 г. С. А. Толстая уезжала из Ясной Поляны дважды: 30 апреля в Москву (вернулась 3 мая) и 14 мая в Москву и затем в Петербург (вернулась 21 мая).</p>
<p rend="Textpetit_otstup left"><hi>1</hi> Дополнительных сведений об этом лице редакция не имеет. В Г, 2 упоминается яснополянский крестьянин Абаков.</p>
</comments></div></body>
        </text>
        </TEI>