<?xml version='1.0' encoding='UTF-8' standalone='no'?>

<TEI xmlns="http://www.tei-c.org/ns/1.0">
       <teiHeader>
          <fileDesc>
             <titleStmt>
                <title>Письмо №* 172. В редакции газет и журналов.</title>
             </titleStmt>
             <publicationStmt>
                <publisher>TolstoyLab</publisher>
                <date when="2015-09-14">14 September 2015</date>
             </publicationStmt>
             <sourceDesc>
                <biblStruct>
                   <analytic>
                      <author>Толстой Л.Н.</author>
                   </analytic>
                   <monogr>
                      <title level="m">Полное собрание сочинений. Том 62</title>
                      <imprint>
                         <pubPlace>Москва</pubPlace>
                         <publisher>Государственное издательство "Художественная литература"</publisher>
                         <date when="1953"/>
                      </imprint>
                   </monogr>
                   <series>
                      <title level="s">Л.Н. Толстой. Полное собрание сочинений</title>
                      <biblScope unit="vol">62</biblScope>
                   </series>
                </biblStruct>
             </sourceDesc>
          </fileDesc>
          <encodingDesc>
             <tagsDecl> </tagsDecl>
          </encodingDesc>
          <profileDesc>
             <correspDesc>
                <correspAction type="sending">
                   <persName ref="PersonList.xml#L_N_Tolstoy">Л. Н. Толстой</persName>
                   <placeName ref="PlacesListxml#PLACE">Ясная Поляна</placeName>
                   <date when="1875-04">1875 г. Апрель</date>            </correspAction>
                <correspAction type="receiving">
                   <persName ref="PersonList.xml#RECEIVER">В редакции газет и журналов</persName>
                </correspAction>
                <correspContext>
                   <ref type="prev"/>
                </correspContext>
             </correspDesc>
          </profileDesc>
       </teiHeader>
       <xenoData><number type="in a volume">172</number></xenoData>

              <text xml:id="Vredakciigazetizhurnalov_172">
	<body><div>
		<opener index="false">
* 172. В редакции газет и журналов.
1875 г. Апрель. Я. П.
</opener><p rend="right"><hi>Черновое 3.</hi></p>

<p rend="Obrashenie left">Милостивый государь</p>
<p rend="left">Убежденный в том, что книги для <choice original_editorial_correction='народ[ных]'><sic>народ</sic><corr>народных</corr></choice> школ не могут быть оценены без посредства влиятельных органов печати, я посылаю вам составленную мною новую книгу для народных школ и покорно прошу в уважаемом вашем издании высказать о ней ваше суждение.</p>
<p rend="left">Я не прошу благоприятного отзыва, <choice original_editorial_correction='кот[орый]'><sic>кот</sic><corr>который</corr></choice> — я убежден — может зависеть только от достоинства книги, но прошу того серьезного суждения, которого книга эта, независимо от труда, положенного мною на нее, заслуживает по своей задаче, если она хотя отчасти удовлетворяет ей.</p>
<p rend="left">Кроме внутреннего содержания, я просил бы вас обратить ваше внимание и на матерьяльную сторону издания. Цена Азбуки доведена до возможнейшего minimum’a, а между тем она дает (считая <choice original_editorial_correction='по-типограф[ски]'><sic>по-типограф</sic><corr>по-типографски</corr></choice> по числу букв) за ту же цену в 3, 4, 5 и 6 раз больше матерьяла для чтения, чем самые <choice original_editorial_correction='употреб[ительные]'><sic>употреб</sic><corr>употребительные</corr></choice> и дешевые, такие же издания.</p>
<p rend="left">Хотя я и уверен, что если книга моя имеет значение для <choice original_editorial_correction='народн[ого]'><sic>народн</sic><corr>народного</corr></choice> <choice original_editorial_correction='образ[ования]'><sic>образ</sic><corr>образования</corr></choice>, вы бы и без моей просьбы обратили на нее внимание, я буду считать за, какой бы он ни был, серьезный отзыв в вашем издании о моей книге себя одинаково вам обязанным.</p>
<p rend="left">Прося принять <choice original_editorial_correction='увер[ение]'><sic>увер</sic><corr>уверение</corr></choice> в <choice original_editorial_correction='совер[шенном]'><sic>совер</sic><corr>совершенном</corr></choice> моем <choice original_editorial_correction='ува[жении]'><sic>ува</sic><corr>уважении</corr></choice>, <choice original_editorial_correction='им[ею]'><sic>им</sic><corr>имею</corr></choice> <choice original_editorial_correction='ч[есть]'><sic>ч</sic><corr>честь</corr></choice> <choice original_editorial_correction='б[ыть]'><sic>б</sic><corr>быть</corr></choice> <choice original_editorial_correction='в[аш]'><sic>в</sic><corr>ваш</corr></choice> <choice original_editorial_correction='п[окорный]'><sic>п</sic><corr>покорный</corr></choice> <choice original_editorial_correction='с[луга]'><sic>с</sic><corr>слуга</corr></choice>.</p>
<comments><p rend="Textpetit_otstup left">Датируется на основании письма № 167, в котором Толстой просит Нагорнова прислать адреса редакторов газет и журналов, для которых «приготовлены письма с приложением «Азбуки» («Новой азбуки»).</p>
<p rend="petit left">Перечень этих газет и журналов Толстым набросан на том же<hi> </hi>листе, где написан первый черновик. Вот <hi style="opdelimiter">он:</hi><hi style="opnumber">179</hi></p>
<p rend="left"><hi style="npnumber">180</hi><hi style="npdelimiter">«1.</hi> <choice original_editorial_correction='Моск[овские]'><sic>Моск</sic><corr>Московские</corr></choice> <choice original_editorial_correction='вед[омости]'><sic>вед</sic><corr>ведомости</corr></choice>.</p>
<p rend="left">2. Голос.</p>
<p rend="left">3. <choice original_editorial_correction='Петерб[ургские]'><sic>Петерб</sic><corr>Петербургские</corr></choice> <choice original_editorial_correction='вед[омости]'><sic>вед</sic><corr>ведомости</corr></choice>.</p>
<p rend="left">4. Гражданин.</p>
<p rend="left">5. <choice original_editorial_correction='Бирж[евые]'><sic>Бирж</sic><corr>Биржевые</corr></choice> <choice original_editorial_correction='вед[омости]'><sic>вед</sic><corr>ведомости</corr></choice>.</p>
<p rend="left">6. Русские <choice original_editorial_correction='вед[омости]'><sic>вед</sic><corr>ведомости</corr></choice>.</p>
<p rend="left">7. <choice original_editorial_correction='Совр[еменные]'><sic>Совр</sic><corr>Современные</corr></choice> известия.</p>
<p rend="left">8. Иллюстрация.</p>
<p rend="left">9. Русский мир.</p>
<p rend="left">10. Семья и школа.</p>
<p rend="left">11. <choice original_editorial_correction='Отеч[ественные]'><sic>Отеч</sic><corr>Отечественные</corr></choice> <choice original_editorial_correction='запи[ски]'><sic>запи</sic><corr>записки</corr></choice>.</p>
<p rend="left">12. <choice original_editorial_correction='Вестн[ик]'><sic>Вестн</sic><corr>Вестник</corr></choice> Европы».<note xml:id="note3" resp="volume_editor" index="false"><hi>Зач.:</hi> 13. «Дело».</note></p>
<p rend="Textpetit_otstup left">Были ли разосланы письма в редакции, неизвестно.</p>
<p rend="Textpetit_otstup left"><hi>1 </hi>З<hi>ачеркнуто:</hi> огромного</p>
<p rend="petit left"><hi>2 </hi><hi>Зач.:</hi> народа и</p>
<p rend="petit left"><hi>3 </hi><hi>Зач.:</hi> 13. «Дело».</p>
</comments></div></body>
        </text>
        </TEI>