<?xml version='1.0' encoding='UTF-8' standalone='no'?>

<TEI xmlns="http://www.tei-c.org/ns/1.0">
       <teiHeader>
          <fileDesc>
             <titleStmt>
                <title>Письмо №* 248. Неизвестному.</title>
             </titleStmt>
             <publicationStmt>
                <publisher>TolstoyLab</publisher>
                <date when="2015-09-14">14 September 2015</date>
             </publicationStmt>
             <sourceDesc>
                <biblStruct>
                   <analytic>
                      <author>Толстой Л.Н.</author>
                   </analytic>
                   <monogr>
                      <title level="m">Полное собрание сочинений. Том 72</title>
                      <imprint>
                         <pubPlace>Москва</pubPlace>
                         <publisher>Государственное издательство "Художественная литература"</publisher>
                         <date when="1933"/>
                      </imprint>
                   </monogr>
                   <series>
                      <title level="s">Л.Н. Толстой. Полное собрание сочинений</title>
                      <biblScope unit="vol">72</biblScope>
                   </series>
                </biblStruct>
				<bibl>Печатается по листу копировальной книги, хранящемуся в AЧ. Публикуется впервые.</bibl>
             </sourceDesc>
          </fileDesc>
          <encodingDesc>
             <tagsDecl> </tagsDecl>
          </encodingDesc>
          <profileDesc>
             <correspDesc>
                <correspAction type="sending">
                   <persName ref="PersonList.xml#L_N_Tolstoy">Л. Н. Толстой</persName>
                   <placeName ref="PlacesListxml#PLACE">Москва</placeName>
                   <date when="1900-02-18">1900 г. Февраля 18.</date>            </correspAction>
                <correspAction type="receiving">
                   <persName ref="PersonList.xml#RECEIVER">Неизвестному.</persName>
                </correspAction>
                <correspContext>
                   <ref type="prev"/>
                </correspContext>
             </correspDesc>
          </profileDesc>
       </teiHeader>
       <xenoData><number type="in a volume">248</number></xenoData>

              <text xml:id="Neizvestnomu_248">
	<body><div>
		<opener index="false">
* 248. Неизвестному.
1900 г. Февраля 18. Москва.</opener>
<p rend="left">Я давно <choice><reg>уж</reg><orig>ужъ</orig></choice> <choice><reg>получил</reg><orig>получилъ</orig></choice> ваше письмо, но, <choice><reg>взглянув</reg><orig>взглянувъ</orig></choice> на тетрадь <choice><reg>стихов</reg><orig>стиховъ</orig></choice>, <choice><reg>отложил</reg><orig>отложилъ</orig></choice> его не читая. Нынче же, пересматривая письма, <choice><reg>прочел</reg><orig>прочелъ</orig></choice> ваши <choice><reg>стихотворения</reg><orig>стихотворенiя</orig></choice> и нахожу, что у <choice><reg>вас</reg><orig>васъ</orig></choice> есть и искренность <choice><reg>содержания</reg><orig>содержанiя</orig></choice> и способность <choice><reg>верного</reg><orig>вѣрнаго</orig></choice> и <choice><reg>сильного</reg><orig>сильнаго</orig></choice> <choice><reg>выражения</reg><orig>выраженiя</orig></choice>. Первое и два <choice><reg>из</reg><orig>изъ</orig></choice> <choice><reg>последних</reg><orig>послѣднихъ</orig></choice> <choice><reg>мне</reg><orig>мнѣ</orig></choice> понравились. Постараюсь <choice><reg>их</reg><orig>ихъ</orig></choice> отдать <choice><reg>в</reg><orig>въ</orig></choice> печать. Боюсь, что нецензурно. Советую — именно <choice original_editorial_correction='п[отому]'><sic>п</sic><corr>потому</corr></choice>, <choice original_editorial_correction='ч[то]'><sic>ч</sic><corr>что</corr></choice> у <choice><reg>вас</reg><orig>васъ</orig></choice> есть дарованье, писать <choice><reg>как</reg><orig>какъ</orig></choice> можно меньше.</p>
<p rend="right">Л. Толстой.</p>
<p rend="left">18 Февр. 1900.</p>
<comments><p rend="Textpetit_otstup left">Печатается по листу копировальной книги, хранящемуся в AЧ. Публикуется впервые.</p>
<p rend="petit left">Кому адресовано письмо, редакцией не установлено.</p>
</comments></div></body>
        </text>
        </TEI>