<?xml version='1.0' encoding='UTF-8' standalone='no'?>

<TEI xmlns="http://www.tei-c.org/ns/1.0">
       <teiHeader>
          <fileDesc>
             <titleStmt>
                <title>Письмо №29. Редактору «Русских ведомостей».</title>
             </titleStmt>
             <publicationStmt>
                <publisher>TolstoyLab</publisher>
                <date when="2015-09-14">14 September 2015</date>
             </publicationStmt>
             <sourceDesc>
                <biblStruct>
                   <analytic>
                      <author>Толстой Л.Н.</author>
                   </analytic>
                   <monogr>
                      <title level="m">Полное собрание сочинений. Том 71</title>
                      <imprint>
                         <pubPlace>Москва</pubPlace>
                         <publisher>Государственное издательство "Художественная литература"</publisher>
                         <date when="1954"/>
                      </imprint>
                   </monogr>
                   <series>
                      <title level="s">Л.Н. Толстой. Полное собрание сочинений</title>
                      <biblScope unit="vol">71</biblScope>
                   </series>
                </biblStruct>
				<bibl>Печатается по публикации в «Русских ведомостях» 1898, № 39 от 8 февраля. В АТ сохранился черновик этого письма.</bibl>
             </sourceDesc>
          </fileDesc>
          <encodingDesc>
             <tagsDecl> </tagsDecl>
          </encodingDesc>
          <profileDesc>
             <correspDesc>
                <correspAction type="sending">
                   <persName ref="PersonList.xml#L_N_Tolstoy">Л. Н. Толстой</persName>
                   <placeName ref="PlacesListxml#PLACE">Москва</placeName>
                   <date when="1898-02-04">1898 г. Февраля 4.</date>            </correspAction>
                <correspAction type="receiving">
                   <persName ref="PersonList.xml#RECEIVER">Редактору «Русских ведомостей».</persName>
                </correspAction>
                <correspContext>
                   <ref type="prev"/>
                </correspContext>
             </correspDesc>
          </profileDesc>
       </teiHeader>
       <xenoData><number type="in a volume">29</number></xenoData>

              <text xml:id="RedaktoruRusskixvedomostej_29">
	<body><div>
		<opener index="false">
29. Редактору «Русских ведомостей».
1898 г. Февраля 4. Москва.
</opener>
<p rend="Obrashenie left">М. Г.</p>
<p rend="left">Полагаю, что напечатание прилагаемого частного письма от лица, очевидно хорошо знающего крестьянство и верно описывающего его положение в своей местности, — было бы полезно. Положение крестьян в описываемой местности не составляет исключения: таково же, как мне хорошо известно, положение крестьян в некоторых местностях Козловского, Елецкого, Новосильского, Чернского, Ефремовского, Землянского, Нижнедевицкого и других уездов черноземной полосы. Лицо, писавшее письмо, и не думало о напечатании его и только по просьбе своих друзей согласилось на это.</p>
<p rend="left">Правда, что положение большинства нашего крестьянства таково, что очень трудно иногда бывает провести черту между тем, что можно назвать голодом и нормальным состоянием, и что та помощь, которая особенно нужна в нынешнем году, была также нужна, хотя и в меньшей степени, и в прошлом, и во всякое время; правда, что благотворительная помощь населению очень трудна, так как часто вызывает желание воспользоваться помощью и тех, которые могли бы продышать и без этой помощи; правда, что то, что могут сделать частные люди, только <hi style="opdelimiter">капля</hi><hi style="opnumber">270</hi> <hi style="npnumber">271</hi><hi style="npdelimiter">в</hi> море крестьянской нужды; правда и то, что помощь в виде столовых, удешевления продажи хлеба или раздачи ею, прокормления скота и т. п. суть только паллиативы и не устраняют основных причин бедствия. Всё это правда, но правда и то, что вовремя оказанная помощь может спасти жизнь старика, ребенка, может заменить отчаяние, враждебность заброшенного человека чувством веры в добро и братство людей. И что важнее всего, несомненно правда то, что всякий человек нашего круга, который, вместо того, чтобы не только думать об увеселениях: театрах, концертах, подписных обедах, бегах, выставках и т. п., подумает о той крайней, сравнительно с городской показной жизнью, нужде, в которой сейчас, в эту самую минуту, живут многие и многие из наших братьев, — что такой человек, если он постарается, хоть как бы то ни было, неумело, пожертвовать хоть малейшей долей своих удовольствий, помочь этой нужде, — несомненно поможет самому себе в самом важном на свете деле,— в разумном понимании смысла жизни и в исполнении в ней своего человеческого назначения.</p>
<p rend="right">Лев Толстой.</p>
<p rend="left">4 февраля 1898 г.</p>
<comments><p rend="Textpetit_otstup left">Печатается по публикации в «Русских ведомостях» 1898, № 39 от 8 февраля. В АТ сохранился черновик этого письма.</p>
<p rend="petit left">«Русские ведомости» — либерально-буржуазная газета в Москве, основанная 3 сентября 1863 г. и существовавшая до 1918 г. С 1891 г. редакторы-издатели А. С. Посников и В. М. Соболевский.</p>
<p rend="petit left">Письмо Толстого к редактору «Русских ведомостей» было вызвано письмом З. С. Соколовой к Е. П. Полянской о положении крестьян и надвигающемся голоде в Воронежской губернии.</p>
<p rend="petit left">Зинаида Сергеевна Соколова, рожд. Алексеева (р. 1865), сестра К. С. Станиславского, впоследствии режиссер Государственного оперного театра им. К. С. Станиславского, в 1893—1915 гг. жила со своим мужем, врачом К. К. Соколовым (1857—1919) в сельце Никольском, Воронежской губ. С осени 1897 г., когда уже явно сказывались симптомы надвигающегося голода, Соколова написала несколько писем о положении крестьян своей знакомой, артистке Московского Малого театра Екатерине Павловне Полянской, не раз приезжавшей к Соколовым в Никольское для участия в организуемых ими спектаклях для крестьян. Своими письмами, которые она просила предать гласности, она думала вызвать сбор пожертвований. Одно из этих писем и было передано Полянской Толстому. Толстой вместе со своим письмом переслал письмо Соколовой в редакцию «Русских ведомостей», где оно и было напечатано вслед за письмом Толстого.</p>
<p rend="petit left">О письме Соколовой Толстой упоминает в статье «Голод или не голод?» (окончена 4 июля 1898 г.). См. т. 29.</p>
<p rend="left emptyline"><hi style="opnumber">271</hi> <hi style="npnumber">272</hi></p>
</comments></div></body>
        </text>
        </TEI>