<?xml version='1.0' encoding='UTF-8' standalone='no'?>

<TEI xmlns="http://www.tei-c.org/ns/1.0">
       <teiHeader>
          <fileDesc>
             <titleStmt>
                <title>Письмо №* 367. Неизвестному.</title>
             </titleStmt>
             <publicationStmt>
                <publisher>TolstoyLab</publisher>
                <date when="2015-09-14">14 September 2015</date>
             </publicationStmt>
             <sourceDesc>
                <biblStruct>
                   <analytic>
                      <author>Толстой Л.Н.</author>
                   </analytic>
                   <monogr>
                      <title level="m">Полное собрание сочинений. Том 72</title>
                      <imprint>
                         <pubPlace>Москва</pubPlace>
                         <publisher>Государственное издательство "Художественная литература"</publisher>
                         <date when="1933"/>
                      </imprint>
                   </monogr>
                   <series>
                      <title level="s">Л.Н. Толстой. Полное собрание сочинений</title>
                      <biblScope unit="vol">72</biblScope>
                   </series>
                </biblStruct>
				<bibl>Печатается по копировальной книге № 3, л. 86, хранящейся в ГТМ. Местонахождение автографа неизвестно. Основание датировки: в копировальной книге сделана у письма пометка рукой О. К. Толстой: «14 сент. 1900». Публикуется впервые.</bibl>
             </sourceDesc>
          </fileDesc>
          <encodingDesc>
             <tagsDecl> </tagsDecl>
          </encodingDesc>
          <profileDesc>
             <correspDesc>
                <correspAction type="sending">
                   <persName ref="PersonList.xml#L_N_Tolstoy">Л. Н. Толстой</persName>
                   <placeName ref="PlacesListxml#PLACE">Ясная Поляна</placeName>
                   <date when="1900-09-14">1900 г. Сентября 14?</date>            </correspAction>
                <correspAction type="receiving">
                   <persName ref="PersonList.xml#RECEIVER">Неизвестному.</persName>
                </correspAction>
                <correspContext>
                   <ref type="prev"/>
                </correspContext>
             </correspDesc>
          </profileDesc>
       </teiHeader>
       <xenoData><number type="in a volume">367</number></xenoData>

              <text xml:id="Neizvestnomu_367">
	<body><div>
		<opener index="false">
* 367. Неизвестному.
1900 г. Сентября 14? Я. П.</opener>
<p rend="left">Все, чтò я знаю, я <choice><reg>высказал</reg><orig>высказалъ</orig></choice> <choice><reg>в</reg><orig>въ</orig></choice> <choice><reg>моих</reg><orig>моихъ</orig></choice> <choice><reg>сочинениях</reg><orig>сочиненiяхъ</orig></choice>. Если же вопросы ваши не <choice><reg>находят</reg><orig>находятъ</orig></choice> <choice><reg>в</reg><orig>въ</orig></choice> <choice><reg>них</reg><orig>нихъ</orig></choice> <choice><reg>ответов</reg><orig>отвѣтовъ</orig></choice>, то боюсь, что не <choice><reg>в</reg><orig>въ</orig></choice> <choice><reg>состоянии</reg><orig>состоянiи</orig></choice> буду <choice><reg>ответить</reg><orig>отвѣтить</orig></choice> на <choice><reg>них</reg><orig>нихъ</orig></choice>.</p>
<p rend="right">Л. Т.</p>
<comments><p rend="Textpetit_otstup left">Печатается по копировальной книге № 3, л. 86, хранящейся в ГТМ. Местонахождение автографа неизвестно. Основание датировки: в копировальной книге сделана у письма пометка рукой О. К. Толстой: «14 сент. 1900». Публикуется впервые.</p>
<p rend="petit left">Кому адресовано письмо, редакцией не установлено.</p>
</comments></div></body>
        </text>
        </TEI>