<?xml version='1.0' encoding='UTF-8' standalone='no'?>

<TEI xmlns="http://www.tei-c.org/ns/1.0">
       <teiHeader>
          <fileDesc>
             <titleStmt>
                <title>Письмо №151. В редакцию «North American Newspaper».</title>
             </titleStmt>
             <publicationStmt>
                <publisher>TolstoyLab</publisher>
                <date when="2015-09-14">14 September 2015</date>
             </publicationStmt>
             <sourceDesc>
                <biblStruct>
                   <analytic>
                      <author>Толстой Л.Н.</author>
                   </analytic>
                   <monogr>
                      <title level="m">Полное собрание сочинений. Том 74</title>
                      <imprint>
                         <pubPlace>Москва</pubPlace>
                         <publisher>Государственное издательство "Художественная литература"</publisher>
                         <date when="1954"/>
                      </imprint>
                   </monogr>
                   <series>
                      <title level="s">Л.Н. Толстой. Полное собрание сочинений</title>
                      <biblScope unit="vol">74</biblScope>
                   </series>
                </biblStruct>
             </sourceDesc>
          </fileDesc>
          <encodingDesc>
             <tagsDecl> </tagsDecl>
          </encodingDesc>
          <profileDesc>
             <correspDesc>
                <correspAction type="sending">
                   <persName ref="PersonList.xml#L_N_Tolstoy">Л. Н. Толстой</persName>
                   <placeName ref="PlacesListxml#PLACE">Ясная Поляна</placeName>
                   <date when="1903-05-10">1903 г. Мая 10.</date>            </correspAction>
                <correspAction type="receiving">
                   <persName ref="PersonList.xml#RECEIVER">В редакцию «North American Newspaper».</persName>
                </correspAction>
                <correspContext>
                   <ref type="prev">Ответ на телеграмму «North American Newspaper» (Филадельфия), полученную в Туле 7 мая (перевод с английского): «Виновата ли Россия в кишиневском погроме? Ответ тридцать слов оплачен».</ref>
                </correspContext>
             </correspDesc>
          </profileDesc>
       </teiHeader>
       <xenoData><number type="in a volume">151</number></xenoData>

              <text xml:id="VredakciyuNorthAmericanNewspaper_151">
	<body><div>
		<opener index="false">
151. В редакцию «North American Newspaper».

1903г. Мая 10. Я. П.</opener>
<p rend="left">Guilty is governement firstly excluding Jews as a separate east from common rights, secondly inculcating by force to russian people an idolatrous faith instead of Christianity.</p>
<p rend="right">Tolstoy.</p>
<lb/>
<p rend="left">Виновато русское правительство, первое: выделением евреев в особую касту, лишенную общих прав, второе: насильственным внушением народу идолопоклонства под видом христианства.</p>
<p rend="right">Толстой.</p>
<comments><p rend="Textpetit_otstup left">Первоначально Толстой написал телеграмму по-русски, затем по его поручению был сделан перевод на английский язык, и Толстой переписал измененный им текст перевода на том же листе. На телеграф отправлена копия (отпечатана в копировальной книге № 5, л. 193). Вместо перевода печатается русский текст автографа. В переводе на русский язык опубликовано в «Свободном слове» 1903, 5, столб. 28. Датируется по содержанию.</p>
<p rend="petit left">Ответ на телеграмму «North American Newspaper» (Филадельфия), полученную в Туле 7 мая (перевод с английского): «Виновата ли Россия в кишиневском погроме? Ответ тридцать слов оплачен».</p>
</comments></div></body>
        </text>
        </TEI>