<?xml version='1.0' encoding='UTF-8' standalone='no'?>

<TEI xmlns="http://www.tei-c.org/ns/1.0">
       <teiHeader>
          <fileDesc>
             <titleStmt>
                <title>Письмо №* 435. В Тульское губернское правление.</title>
             </titleStmt>
             <publicationStmt>
                <publisher>TolstoyLab</publisher>
                <date when="2015-09-14">14 September 2015</date>
             </publicationStmt>
             <sourceDesc>
                <biblStruct>
                   <analytic>
                      <author>Толстой Л.Н.</author>
                   </analytic>
                   <monogr>
                      <title level="m">Полное собрание сочинений. Том 61</title>
                      <imprint>
                         <pubPlace>Москва</pubPlace>
                         <publisher>Государственное издательство "Художественная литература"</publisher>
                         <date when="1953"/>
                      </imprint>
                   </monogr>
                   <series>
                      <title level="s">Л.Н. Толстой. Полное собрание сочинений</title>
                      <biblScope unit="vol">61</biblScope>
                   </series>
                </biblStruct>
             </sourceDesc>
          </fileDesc>
          <encodingDesc>
             <tagsDecl> </tagsDecl>
          </encodingDesc>
          <profileDesc>
             <correspDesc>
                <correspAction type="sending">
                   <persName ref="PersonList.xml#L_N_Tolstoy">Л. Н. Толстой</persName>
                   <placeName ref="PlacesListxml#PLACE">Ясная Поляна</placeName>
                   <date when="1864-01-17">1864 г. Января 17.</date>            </correspAction>
                <correspAction type="receiving">
                   <persName ref="PersonList.xml#RECEIVER">В Тульское губернское правление</persName>
                </correspAction>
                <correspContext>
                   <ref type="prev"/>
                </correspContext>
             </correspDesc>
          </profileDesc>
       </teiHeader>
       <xenoData><number type="in a volume">435</number></xenoData>

              <text xml:id="V_Tulskoe_gubernskoe_pravlenie_435">
	<body><div>
		<opener index="false">
* 435. В Тульское губернское правление.
1864 г. Января 17. Я. П.</opener>
<p rend="right">Просят штабс-капитан Сергей</p>
<p rend="right">и поручик Лев Николаевы Тол-</p>
<p rend="right">стые, а о чем, тому следуют</p>
<p rend="right">пункты:</p>
<p rend="subtitle centerline">
1.
</p>
<p rend="left">Тульское губернское правление, согласно отношения Московской управы благочиния от 21 сентября минувшего года за № 76, 283, сделало распоряжение о взыскании с нас процентов, высчитанных управою благочиния по заемному обязательству, выданному покойным братом нашим графом Дмитрием Николаевым Толстым майору Дохтурову. — Зная, что заемное обязательство выдано было г. Дохтурову без процентов и посему считая распоряжение Управы о взыскании с нас процентов неправильным, мы всеподданнейше просим, дабы повелено было истребовать от Московской управы благочиния сведение, на каком основании и по какому решению судебного места присуждено с нас взыскание процентов, тогда как заемное обязательство дано было г. Дохтурову братом нашим без процентов, а следующие по оному деньги уже уплачены.</p>
<p rend="left">Января 7 дня 1864 г.</p>
<p rend="left">К поданию надлежит в Тульское губернское правление. Прошение со слов просителя набело переписывал коллежский секретарь Иван Сахаров.</p>
<p rend="left">К сему прошению за себя и по доверенности брата моего, штабс-капитана графа Сергея Николаевича Толстого, граф Лев Николаев сын Толстой руку приложил. —</p>
<p rend="Textpetit_otstup left">К прошению штабс-капитана граф Сергей Николаев сын Толстой руку приложил. Прошение сие доверяется подать коллежскому секретарю Ивану Ивановичу Сахарову. Подписывал же сие прошение граф Сергей Толстой, потому что я в настоящее время нахожусь в городе Туле. —</p>
<p rend="petit left">Жительство просители имеют Крапивенского уезда в селе Пирогове и сельце Ясной <hi style="opdelimiter">Поляне.</hi><hi style="opnumber">358</hi></p>
<comments><p rend="petit left"><hi style="npnumber">359</hi><hi style="npdelimiter">Подлинник</hi> хранится в деле Тульского губернского правления, № 127.</p>
<p rend="petit left">После доверенности С. Н. Толстого и передоверенности П. Е. Воробьеву — рукой Толстого:</p>
<p rend="left">С подлинным верно. Поручик граф Лев Николаев Толстой.</p>
<p rend="petit left">Крапивенского уезда пристав 2 стана сим удостоверяет, что копия эта с подлинною доверенностью верна.</p>
<p rend="petit right">В должности пристава —</p>
<p rend="petit right">Васильев.</p>
</comments></div></body>
        </text>
        </TEI>