<?xml version='1.0' encoding='UTF-8' standalone='no'?>

<TEI xmlns="http://www.tei-c.org/ns/1.0">
       <teiHeader>
          <fileDesc>
             <titleStmt>
                <title>Письмо №120. В редакцию газеты «Новости дня».</title>
             </titleStmt>
             <publicationStmt>
                <publisher>TolstoyLab</publisher>
                <date when="2015-09-14">14 September 2015</date>
             </publicationStmt>
             <sourceDesc>
                <biblStruct>
                   <analytic>
                      <author>Толстой Л.Н.</author>
                   </analytic>
                   <monogr>
                      <title level="m">Полное собрание сочинений. Том 76</title>
                      <imprint>
                         <pubPlace>Москва</pubPlace>
                         <publisher>Государственное издательство "Художественная литература"</publisher>
                         <date when="1956"/>
                      </imprint>
                   </monogr>
                   <series>
                      <title level="s">Л.Н. Толстой. Полное собрание сочинений</title>
                      <biblScope unit="vol">76</biblScope>
                   </series>
                </biblStruct>
				<bibl>Печатается по публикации в газете «Новости дня» 1906, № 8102 от 20 января. Черновик письма хранится в ГМТ.</bibl>
             </sourceDesc>
          </fileDesc>
          <encodingDesc>
             <tagsDecl> </tagsDecl>
          </encodingDesc>
          <profileDesc>
             <correspDesc>
                <correspAction type="sending">
                   <persName ref="PersonList.xml#L_N_Tolstoy">Л. Н. Толстой</persName>
                   <placeName ref="PlacesListxml#PLACE">Ясная Поляна</placeName>
                   <date when="1906-01-16">1906 г. Января 16.</date>            </correspAction>
                <correspAction type="receiving">
                   <persName ref="PersonList.xml#RECEIVER">В редакцию газеты «Новости дня».</persName>
                </correspAction>
                <correspContext>
                   <ref type="prev"/>
                </correspContext>
             </correspDesc>
          </profileDesc>
       </teiHeader>
       <xenoData><number type="in a volume">120</number></xenoData>

              <text xml:id="VredakciyugazetyNovostidnya_120">
	<body><div>
		<opener index="false">
120. В редакцию газеты «Новости дня».
1906 г. Января 16. Я. П.
</opener>
<p rend="Obrashenie left"><choice original_editorial_correction='Г[осподи]н'><sic>Гн</sic><corr>Господин</corr></choice> редактор!</p>
<p rend="left">Я получил сегодня очень замечательное и по мысли и по содержанию письмо от неизвестного мне г. Шейермана<note xml:id="note1" resp="volume_editor" index="false"> «Открытое письмо гг. землевладельцам» Владимира Александровича Шейермана опубликовано вместе с письмом Толстого в газете «Новости дня» с пропуском двух абзацев.</note> с просьбой содействовать помещению этого письма в газетах, Г. Шейерман пишет мне, что<note xml:id="note2" resp="volume_editor" index="false"> <hi>В черновике:</hi> либеральные</note> две газеты,<note xml:id="note3" resp="volume_editor" index="false"> «Русское слово» и «Русские ведомости».</note> в которые он посылал письмо, отказались напечатать его. Мне же кажется, что письмо это, кроме того, что представляет знаменательное явление времени, подобное тем, которые происходили при освобождении крестьян, письмо это, мне кажется, может и даже должно иметь самое благотворное влияние как на землевладельцев, служа им указанием на ту серьезную и прекрасную деятельность, которая предстоит и возможна им, так и на крестьян, — показывая им то, что несправедливость исключительного землевладения сознается не ими одними, но и <hi style="opdelimiter">землевладельцами.</hi><hi style="opnumber">84</hi></p>
<p rend="left"><hi style="npnumber">85</hi><hi style="npdelimiter">Полагая,</hi> что вы, милостивый государь, не откажете дать место письму г. <choice original_editorial_correction='Ш[ейермана]'><sic>Ш</sic><corr>Шейермана</corr></choice> в вашей газете, остаюсь с совершенным уважением, готовый к услугам</p>
<p rend="right">Лев Толстой.</p>
<p rend="left">16-го января 1906 г.</p>
<comments><p rend="Textpetit_otstup left">Печатается по публикации в газете «Новости дня» 1906, № 8102 от 20 января. Черновик письма хранится в ГМТ.</p>
<p rend="Textpetit_otstup left"><hi>1</hi> «Открытое письмо гг. землевладельцам» Владимира Александровича Шейермана опубликовано вместе с письмом Толстого в газете «Новости дня» с пропуском двух абзацев.</p>
<p rend="petit left"><hi>2</hi> <hi>В черновике:</hi> либеральные</p>
<p rend="petit left"><hi>3</hi> «Русское слово» и «Русские ведомости».</p>
</comments></div></body>
        </text>
        </TEI>