<?xml version='1.0' encoding='UTF-8' standalone='no'?>

<TEI xmlns="http://www.tei-c.org/ns/1.0">
       <teiHeader>
          <fileDesc>
             <titleStmt>
                <title>Письмо №* 85. В редакции иностранных газет.</title>
             </titleStmt>
             <publicationStmt>
                <publisher>TolstoyLab</publisher>
                <date when="2015-09-14">14 September 2015</date>
             </publicationStmt>
             <sourceDesc>
                <biblStruct>
                   <analytic>
                      <author>Толстой Л.Н.</author>
                   </analytic>
                   <monogr>
                      <title level="m">Полное собрание сочинений. Том 72</title>
                      <imprint>
                         <pubPlace>Москва</pubPlace>
                         <publisher>Государственное издательство "Художественная литература"</publisher>
                         <date when="1933"/>
                      </imprint>
                   </monogr>
                   <series>
                      <title level="s">Л.Н. Толстой. Полное собрание сочинений</title>
                      <biblScope unit="vol">72</biblScope>
                   </series>
                </biblStruct>
				<bibl>Печатается по подлиннику, хранящемуся в AЧ. Написано и датировано рукой Т. Л. Толстой, подпись собственноручная. Дата Толстого нового стиля. В России публикуется впервые, о публикации за границей сведений не имеется.</bibl>
             </sourceDesc>
          </fileDesc>
          <encodingDesc>
             <tagsDecl> </tagsDecl>
          </encodingDesc>
          <profileDesc>
             <correspDesc>
                <correspAction type="sending">
                   <persName ref="PersonList.xml#L_N_Tolstoy">Л. Н. Толстой</persName>
                   <placeName ref="PlacesListxml#PLACE">Москва</placeName>
                   <date when="1899-04-13">1899 г. Апреля 13</date>            </correspAction>
                <correspAction type="receiving">
                   <persName ref="PersonList.xml#RECEIVER">В редакции иностранных газет.</persName>
                </correspAction>
                <correspContext>
                   <ref type="prev"/>
                </correspContext>
             </correspDesc>
          </profileDesc>
       </teiHeader>
       <xenoData><number type="in a volume">85</number></xenoData>

              <text xml:id="Vredakciiinostrannyxgazet_85">
	<body><div>
		<opener index="false">
* 85. В редакции иностранных газет.
1899 г. Апреля 13/25. Москва.</opener>
<p rend="left">In view of the mutilation which my novel «Resurrection» has undergone at the hands of the Editor of the «Cosmopolitan» in which its publication has been begun, this being utterly contrary to my clearly expressed desire conveyed to the Editor by my friend V. Tchertkoff through whom the MS was delivered, I find myself compelled to disown the authorship of the work as it has appeared on the pages of the «Cosmopolitan».</p>
<p rend="right">Leo Tolstoy.</p>
<p rend="left">25 April 99 Moscow.</p>
<comments><p rend="Textpetit_otstup left">В виду искажения, которому подвергся мой роман «Воскресение» в руках редактора «Cosmopolitan», где началось печатание его, и так как это совершенно противоречит моему ясно выраженному желанию, сообщенному редактору другом моим В. Чертковым, я вынужден лишить моей авторизации издание этого произведения в том виде, в каком оно появилось на страницах «Cosmopolitan».</p>
<p rend="petit right">Лев Толстой.</p>
<p rend="petit left">25 Апреля 99. Москва.</p>
<p rend="Textpetit_otstup left">Печатается по подлиннику, хранящемуся в AЧ. Написано и датировано рукой Т. Л. Толстой, подпись собственноручная. Дата Толстого нового стиля. В России публикуется впервые, о публикации за границей сведений не имеется.</p>
<p rend="petit left">Текст этого заявления был прислан Толстому В. Г. Чертковым. Право первой публикации «Воскресения» на английском языке в Америке В. Г. Чертков предоставил журналу «The Cosmopolitan Magazine». Несмотря на принятое обязательство строго придерживаться оригинала, издатель в угоду буржуазной морали допустил ряд переделок и вставок. Так, например, найдя неприличной сцену соблазнения Катюши, он переделал ее, сочинив новую обстановку всего эпизода. Получив этот номер журнала, Чертков телеграфно порвал контракт, вернув чек на полученный задаток. Издатель оправдывался, угрожал судом и не желал подчиниться запрещению, так как оно исходило не от автора. Заявление Толстого приостановило дальнейшую публикацию «Воскресения» в этом <hi style="opdelimiter">журнале.</hi><hi style="opnumber">115</hi> <hi style="npnumber">116</hi><hi style="npdelimiter">В.</hi> Г. Чертков не помнит, было ли заявление напечатано в газетах, или он ограничился отсылкой письма издателю. Впоследствии журнал выпустил «Воскресение» отдельной книгой с теми же искажениями. После разрыва контракта с «Cosmopolitan» В. Г. Чертков, при содействии Эрнеста Кросби, передал право первой публикации американскому издательству «Dodd, Mead &amp; С°». Толстой писал В. Г. Черткову 13 апреля: «Посылаю вам, дорогой друг, подписанное письмо в Американские газеты; только, признаюсь, лучше бы было, если бы можно было обойтись без него. Так неприятно ссориться, кого-то — кого я и не знаю — обижать. Да и можно ли в газетах добиться и высказать правду. В этом мире всегда более наглый и бессовестный aura le dernier mot [будет иметь последнее слово]. Как бы не было так и здесь. То же, что вы возвратили чек и остановили печатание, очень хорошо». 5 мая ему же: «С американским издателем делайте, как находите нужным. Я лично не запретил бы. В будущем нельзя же запретить». См. письма №№ 107, 128 и 146.</p>
</comments></div></body>
        </text>
        </TEI>