<?xml version='1.0' encoding='UTF-8' standalone='no'?>

<TEI xmlns="http://www.tei-c.org/ns/1.0">
       <teiHeader>
          <fileDesc>
             <titleStmt>
                <title>Письмо №* 91. Неизвестному.</title>
             </titleStmt>
             <publicationStmt>
                <publisher>TolstoyLab</publisher>
                <date when="2015-09-14">14 September 2015</date>
             </publicationStmt>
             <sourceDesc>
                <biblStruct>
                   <analytic>
                      <author>Толстой Л.Н.</author>
                   </analytic>
                   <monogr>
                      <title level="m">Полное собрание сочинений. Том 66</title>
                      <imprint>
                         <pubPlace>Москва</pubPlace>
                         <publisher>Государственное издательство "Художественная литература"</publisher>
                         <date when="1953"/>
                      </imprint>
                   </monogr>
                   <series>
                      <title level="s">Л.Н. Толстой. Полное собрание сочинений</title>
                      <biblScope unit="vol">66</biblScope>
                   </series>
                </biblStruct>
             </sourceDesc>
          </fileDesc>
          <encodingDesc>
             <tagsDecl> </tagsDecl>
          </encodingDesc>
          <profileDesc>
             <correspDesc>
                <correspAction type="sending">
                   <persName ref="PersonList.xml#L_N_Tolstoy">Л. Н. Толстой</persName>
                   <placeName ref="PlacesListxml#PLACE">Бегичевка</placeName>
                   <date when="1891-11-22">1891 г. Ноября 22.</date>            </correspAction>
                <correspAction type="receiving">
                   <persName ref="PersonList.xml#RECEIVER">Неизвестному.</persName>
                </correspAction>
                <correspContext>
                   <ref type="prev"/>
                </correspContext>
             </correspDesc>
          </profileDesc>
       </teiHeader>
       <xenoData><number type="in a volume">91</number></xenoData>

              <text xml:id="Neizvestnomu_91">
	<body><div>
		<opener index="false">
* 91. Неизвестному.
1891 г. Ноября 22. Бегичевка.</opener>
<p rend="left">Дела здесь очень много,<note xml:id="note1" resp="volume_editor" index="false"> Имеется в виду работа по оказанию помощи голодающим.</note> и предложение ваше мы принимаем с радостью.</p>
<p rend="left">Приезжайте сюда и тогда выберете занятие.</p>
<p rend="right">Лев Толстой.</p>
<p rend="left">22 ноября.</p>
<comments><p rend="Textpetit_otstup left"><hi>1 </hi> Имеется в виду работа по оказанию помощи голодающим.</p>
</comments></div></body>
        </text>
        </TEI>