<?xml version='1.0' encoding='UTF-8' standalone='no'?>

<TEI xmlns="http://www.tei-c.org/ns/1.0">
       <teiHeader>
          <fileDesc>
             <titleStmt>
                <title>Письмо №598. Неизвестному. (Юноше).</title>
             </titleStmt>
             <publicationStmt>
                <publisher>TolstoyLab</publisher>
                <date when="2015-09-14">14 September 2015</date>
             </publicationStmt>
             <sourceDesc>
                <biblStruct>
                   <analytic>
                      <author>Толстой Л.Н.</author>
                   </analytic>
                   <monogr>
                      <title level="m">Полное собрание сочинений. Том 63</title>
                      <imprint>
                         <pubPlace>Москва</pubPlace>
                         <publisher>Государственное издательство "Художественная литература"</publisher>
                         <date when="1934"/>
                      </imprint>
                   </monogr>
                   <series>
                      <title level="s">Л.Н. Толстой. Полное собрание сочинений</title>
                      <biblScope unit="vol">63</biblScope>
                   </series>
                </biblStruct>
				<bibl>Печатается по копии, хранящейся в AЧ. Впервые опубликовано во «Всемирном вестнике» 1907, 6, стр. 114—119. Датируется, предположительно, на основании пометки на копии: «1886?».</bibl>
             </sourceDesc>
          </fileDesc>
          <encodingDesc>
             <tagsDecl> </tagsDecl>
          </encodingDesc>
          <profileDesc>
             <correspDesc>
                <correspAction type="sending">
                   <persName ref="PersonList.xml#L_N_Tolstoy">Л. Н. Толстой</persName>
                   <placeName ref="PlacesListxml#PLACE"/>
                   <date when="1886">1886? г.</date>            </correspAction>
                <correspAction type="receiving">
                   <persName ref="PersonList.xml#RECEIVER">Неизвестному. (Юноше)</persName>
                </correspAction>
                <correspContext>
                   <ref type="prev"/>
                </correspContext>
             </correspDesc>
          </profileDesc>
       </teiHeader>
       <xenoData><number type="in a volume">598</number></xenoData>

              <text xml:id="Neizvestnomu_598">
	<body><div>
		<opener index="false">
598. Неизвестному. (Юноше).
1886? г.
</opener>
<p rend="Obrashenie left">Милый юноша,</p>
<p rend="left">Письмо ваше — не несмотря, a <choice><reg>вследствие</reg><orig>вслѣдствiе</orig></choice> вашей молодости, <choice><reg>так</reg><orig>такъ</orig></choice> серьезно и <choice><reg>так</reg><orig>такъ</orig></choice> сердечно, что <choice><reg>как</reg><orig>какъ</orig></choice> ни трудно и ни неудобно <choice><reg>мне</reg><orig>мнѣ</orig></choice> <choice><reg>отвечать</reg><orig>отвѣчать</orig></choice> на него <choice><reg>коротким</reg><orig>короткимъ</orig></choice> <choice><reg>письмом</reg><orig>письмомъ</orig></choice>, я попытаюсь это <choice><reg>сделать</reg><orig>сдѣлать</orig></choice>. Вы пишете, что <choice><reg>вам</reg><orig>вамъ</orig></choice> не нужна защита необходимости <choice><reg>веры</reg><orig>вѣры</orig></choice>, что вы сознаете эту необходимость. Это прекрасно. Благодарите за это Бога. У <choice><reg>вас</reg><orig>васъ</orig></choice> есть то, чего никто не <choice><reg>может</reg><orig>можетъ</orig></choice> дать, — <choice><reg>как</reg><orig>какъ</orig></choice> <choice><reg>сказал</reg><orig>сказалъ</orig></choice> <choice><reg>Христос</reg><orig>Христосъ</orig></choice>. «Никто не <choice><reg>придет</reg><orig>придетъ</orig></choice> ко <choice><reg>мне</reg><orig>мнѣ</orig></choice>, <choice><reg>как</reg><orig>какъ</orig></choice> только <choice><reg>тот</reg><orig>тотъ</orig></choice>, кого <choice><reg>привлечет</reg><orig>привлечетъ</orig></choice> <choice><reg>Отец</reg><orig>Отецъ</orig></choice>». Но вы говорите, во что <choice><reg>верить</reg><orig>вѣрить</orig></choice>? Вы говорите: <choice><reg>христианство</reg><orig>христiанство</orig></choice>, но какое?</p>
<p rend="left"><choice><reg>Может</reg><orig>Можетъ</orig></choice> быть два <choice><reg>предложения</reg><orig>предложенiя</orig></choice>: <choice><reg>Христос</reg><orig>Христосъ</orig></choice> — <choice><reg>Бог</reg><orig>Богъ</orig></choice> — <choice><reg>сын</reg><orig>сынъ</orig></choice> Бога, <choice><reg>сошедший</reg><orig>сошедшiй</orig></choice> на землю, чтобы спасти и <choice><reg>просветить</reg><orig>просвѣтить</orig></choice> людей и, — <choice><reg>Христос</reg><orig>Христосъ</orig></choice> <choice><reg>человек</reg><orig>человѣкъ</orig></choice>, <choice><reg>один</reg><orig>одинъ</orig></choice> <choice><reg>из</reg><orig>изъ</orig></choice> <choice><reg>тех</reg><orig>тѣхъ</orig></choice>, <choice><reg>в</reg><orig>въ</orig></choice> <choice><reg>которого</reg><orig>котораго</orig></choice> воплотилась высшая божественная мудрость, <choice><reg>живший</reg><orig>жившiй</orig></choice> 1800 <choice><reg>лет</reg><orig>лѣтъ</orig></choice> <choice><reg>назад</reg><orig>назадъ</orig></choice> и <choice><reg>изложивший</reg><orig>изложившiй</orig></choice> такое <choice><reg>учение</reg><orig>ученiе</orig></choice>, которое охватило <choice><reg>человечество</reg><orig>человѣчество</orig></choice>, — перерабатывало и <choice><reg>перерабатывает</reg><orig>перерабатываетъ</orig></choice> его. <choice><reg>Допустим</reg><orig>Допустимъ</orig></choice> сначала первое <choice><reg>предположение</reg><orig>предположенiе</orig></choice>, которое мною никогда <choice><reg>вполне</reg><orig>вполнѣ</orig></choice> не допускалось и которое, я думаю, <choice><reg>вам</reg><orig>вамъ</orig></choice> <choice><reg>неприятно</reg><orig>непрiятно</orig></choice> допускать. Но <choice><reg>допустим</reg><orig>допустимъ</orig></choice> его. <choice><reg>Христос</reg><orig>Христосъ</orig></choice> <choice><reg>великий</reg><orig>великiй</orig></choice> <choice><reg>мудрец</reg><orig>мудрецъ</orig></choice> и учитель, но не <choice><reg>мудрец</reg><orig>мудрецъ</orig></choice> и учитель только на <choice><reg>словах</reg><orig>словахъ</orig></choice>, но <choice><reg>мудрец</reg><orig>мудрецъ</orig></choice> и учитель <choice><reg>в</reg><orig>въ</orig></choice> жизни и смерти. Есть ли какая-нибудь возможность исказить <choice><reg>учение</reg><orig>ученiе</orig></choice> такого <choice><reg>человека</reg><orig>человѣка</orig></choice>? <choice><reg>Как</reg><orig>Какъ</orig></choice> исказить, <choice><reg>положим</reg><orig>положимъ</orig></choice>, <choice><reg>учение</reg><orig>ученiе</orig></choice> Сократа? Пускай <choice><reg>искажают</reg><orig>искажаютъ</orig></choice> и <choice><reg>перетолковывают</reg><orig>перетолковываютъ</orig></choice> его, <choice><reg>как</reg><orig>какъ</orig></choice> <choice><reg>хотят</reg><orig>хотятъ</orig></choice>. <choice><reg>Тот</reg><orig>Тотъ</orig></choice>, кто <choice><reg>поймет</reg><orig>пойметъ</orig></choice> <choice><reg>дух</reg><orig>духъ</orig></choice> <choice><reg>учения</reg><orig>ученiя</orig></choice> Сократа, <choice><reg>тот</reg><orig>тотъ</orig></choice> <choice><reg>без</reg><orig>безъ</orig></choice> <choice><reg>всякого</reg><orig>всякаго</orig></choice> <choice><reg>усилия</reg><orig>усилiя</orig></choice> и труда <choice><reg>откинет</reg><orig>откинетъ</orig></choice> <choice><reg>искажения</reg><orig>искаженiя</orig></choice> и оставить то, чтò <choice><reg>составляет</reg><orig>составляетъ</orig></choice> сущность <choice><reg>учения</reg><orig>ученiя</orig></choice>. <choice><reg>Ведь</reg><orig>Вѣдь</orig></choice> <choice><reg>великий</reg><orig>великiй</orig></choice> учитель только потому и <choice><reg>великий</reg><orig>великiй</orig></choice> учитель, что <choice><reg>он</reg><orig>онъ</orig></choice> <choice><reg>прост</reg><orig>простъ</orig></choice>, <choice><reg>ясен</reg><orig>ясенъ</orig></choice>, не <choice><reg>двусмыслен</reg><orig>двусмысленъ</orig></choice> и не <choice><reg>подвержен</reg><orig>подверженъ</orig></choice> <choice><reg>искажениям</reg><orig>искаженiямъ</orig></choice>, <choice><reg>как</reg><orig>какъ</orig></choice> <choice><reg>бриллиант</reg><orig>бриллiантъ</orig></choice> не <choice><reg>может</reg><orig>можетъ</orig></choice> быть <choice><reg>стерт</reg><orig>стертъ</orig></choice> <choice><reg>ничем</reg><orig>ничѣмъ</orig></choice>, чтò <choice><reg>слабее</reg><orig>слабѣе</orig></choice> его. По этой же самой <hi style="opdelimiter"><choice><reg>причине</reg><orig>причинѣ</orig></choice></hi><hi style="opnumber">444</hi> <hi style="npnumber">445</hi><hi style="npdelimiter">и</hi> <choice><reg>различных</reg><orig>различныхъ</orig></choice> <choice><reg>толкований</reg><orig>толкованiй</orig></choice> <choice><reg>великого</reg><orig>великаго</orig></choice> учителя не <choice><reg>может</reg><orig>можетъ</orig></choice> быть. <choice><reg>Он</reg><orig>Онъ</orig></choice> <choice><reg>тем</reg><orig>тѣмъ</orig></choice> и <choice><reg>велик</reg><orig>великъ</orig></choice>, что <choice><reg>он</reg><orig>онъ</orig></choice> разбросанное, расплывающееся <choice><reg>привел</reg><orig>привелъ</orig></choice> <choice><reg>к</reg><orig>къ</orig></choice> единству. <choice><reg>Как</reg><orig>Какъ</orig></choice> же <choice><reg>может</reg><orig>можетъ</orig></choice> его <choice><reg>учение</reg><orig>ученiе</orig></choice> распасться на <choice><reg>разные</reg><orig>разныя</orig></choice> секты. Если распадется на <choice><reg>разные</reg><orig>разныя</orig></choice> секты великое <choice><reg>учение</reg><orig>ученiе</orig></choice>, то это <choice><reg>значит</reg><orig>значитъ</orig></choice> только то, что распадается что-то такое ложное, называемое <choice><reg>именем</reg><orig>именемъ</orig></choice> <choice><reg>великого</reg><orig>великаго</orig></choice> учителя, но не самое <choice><reg>учение</reg><orig>ученiе</orig></choice>. Если бы великое (признаваемое мною <choice><reg>великим</reg><orig>великимъ</orig></choice>) <choice><reg>учение</reg><orig>ученiе</orig></choice> представлялось <choice><reg>мне</reg><orig>мнѣ</orig></choice> <choice><reg>искаженным</reg><orig>искаженнымъ</orig></choice> или распадающимся на множество <choice><reg>сект</reg><orig>сектъ</orig></choice>, что же бы я <choice><reg>мог</reg><orig>могъ</orig></choice> <choice><reg>сделать</reg><orig>сдѣлать</orig></choice> иное, <choice><reg>как</reg><orig>какъ</orig></choice> не взять самое <choice><reg>учение</reg><orig>ученiе</orig></choice>, самое близкое <choice><reg>к</reg><orig>къ</orig></choice> учителю, <choice><reg>где</reg><orig>гдѣ</orig></choice> больше всего его <choice><reg>собственных</reg><orig>собственныхъ</orig></choice> <choice><reg>слов</reg><orig>словъ</orig></choice> и не начать читать его, вникая <choice><reg>в</reg><orig>въ</orig></choice> его <choice><reg>смысл</reg><orig>смыслъ</orig></choice>. Если <choice><reg>учение</reg><orig>ученiе</orig></choice> искажено и распалось на множество <choice><reg>толков</reg><orig>толковъ</orig></choice>, то одно <choice><reg>из</reg><orig>изъ</orig></choice> <choice><reg>двух</reg><orig>двухъ</orig></choice>: или самое <choice><reg>учение</reg><orig>ученiе</orig></choice> ничтожно, или я не знаю <choice><reg>великого</reg><orig>великаго</orig></choice> <choice><reg>учения</reg><orig>ученiя</orig></choice>. И потому, <choice><reg>в</reg><orig>въ</orig></choice> <choice><reg>случае</reg><orig>случаѣ</orig></choice> <choice><reg>предположения</reg><orig>предположенiя</orig></choice> того, что <choice><reg>Христос</reg><orig>Христосъ</orig></choice> мудрый <choice><reg>человек</reg><orig>человѣкъ</orig></choice>, необходимо совершенно свободно читать <choice><reg>Евангелие</reg><orig>Евангелiе</orig></choice> <choice><reg>4-х</reg><orig>4-хъ</orig></choice> <choice><reg>Евангелистов</reg><orig>Евангелистовъ</orig></choice> и <choice><reg>без</reg><orig>безъ</orig></choice> <choice><reg>самоуверенности</reg><orig>самоувѣренности</orig></choice>, и <choice><reg>без</reg><orig>безъ</orig></choice> ложной робости читать эту книгу, <choice><reg>как</reg><orig>какъ</orig></choice> мы <choice><reg>читаем</reg><orig>читаемъ</orig></choice> книги <choice><reg>мудрецов</reg><orig>мудрецовъ</orig></choice>. И тогда <choice><reg>тотчас</reg><orig>тотчасъ</orig></choice> же окажется <choice><reg>величие</reg><orig>величiе</orig></choice> <choice><reg>учения</reg><orig>ученiя</orig></choice>, <choice><reg>отпадут</reg><orig>отпадутъ</orig></choice> сами собой <choice><reg>искажения</reg><orig>искаженiя</orig></choice> и <choice><reg>станет</reg><orig>станетъ</orig></choice> очевидно, что <choice><reg>распадение</reg><orig>распаденiе</orig></choice> на толки происходить не <choice><reg>в</reg><orig>въ</orig></choice> <choice><reg>самом</reg><orig>самомъ</orig></choice> <choice><reg>учении</reg><orig>ученiи</orig></choice>, а <choice><reg>в</reg><orig>въ</orig></choice> искусственной области, находящейся <choice><reg>вне</reg><orig>внѣ</orig></choice> его. Необходимость самому просто и наивно читать <choice><reg>4-х</reg><orig>4-хъ</orig></choice> <choice><reg>Евангелистов</reg><orig>Евангелистовъ</orig></choice>, <choice><reg>выделяя</reg><orig>выдѣляя</orig></choice> <choice><reg>из</reg><orig>изъ</orig></choice> <choice><reg>них</reg><orig>нихъ</orig></choice> слова <choice><reg>самого</reg><orig>самаго</orig></choice> Христа, <choice><reg>будет</reg><orig>будетъ</orig></choice> еще <choice><reg>очевиднее</reg><orig>очевиднѣе</orig></choice> при <choice><reg>первом</reg><orig>первомъ</orig></choice> <choice original_editorial_correction='пред[по]ложении'><sic>предложении</sic><corr>предположении</corr></choice>. <choice><reg>Христос-Бог</reg><orig>Христосъ-Богъ</orig></choice>, <choice><reg>сошел</reg><orig>сошелъ</orig></choice> <choice><reg>один</reg><orig>одинъ</orig></choice> <choice><reg>раз</reg><orig>разъ</orig></choice> во все <choice><reg>продолжение</reg><orig>продолженiе</orig></choice> жизни <choice><reg>мира</reg><orig>мiра</orig></choice> на землю, чтобы открыть <choice><reg>людям</reg><orig>людямъ</orig></choice> <choice><reg>их</reg><orig>ихъ</orig></choice> <choice><reg>спасение</reg><orig>спасенiе</orig></choice>. <choice><reg>Сошел</reg><orig>Сошелъ</orig></choice> <choice><reg>он</reg><orig>онъ</orig></choice> по любви <choice><reg>к</reg><orig>къ</orig></choice> <choice><reg>людям</reg><orig>людямъ</orig></choice>; <choice><reg>жил</reg><orig>жилъ</orig></choice> и <choice><reg>учил</reg><orig>училъ</orig></choice>, и <choice><reg>умер</reg><orig>умеръ</orig></choice>, любя людей. Мы <choice><reg>с</reg><orig>съ</orig></choice> вами люди. Мы <choice><reg>страдаем</reg><orig>страдаемъ</orig></choice>, мучаемся, ища <choice><reg>спасения</reg><orig>спасенiя</orig></choice> и не <choice><reg>находим</reg><orig>находимъ</orig></choice> его. <choice><reg>Зачем</reg><orig>Зачѣмъ</orig></choice> же <choice><reg>сходил</reg><orig>сходилъ</orig></choice> <choice><reg>Христос</reg><orig>Христосъ</orig></choice> <choice><reg>в</reg><orig>въ</orig></choice> <choice><reg>мир</reg><orig>мiръ</orig></choice>? <choice><reg>Тут</reg><orig>Тутъ</orig></choice> что-то не то. <choice><reg>Разве</reg><orig>Развѣ</orig></choice> <choice><reg>мог</reg><orig>могъ</orig></choice> <choice><reg>Бог</reg><orig>Богъ</orig></choice>, сойдя <choice><reg>в</reg><orig>въ</orig></choice> <choice><reg>мир</reg><orig>мiръ</orig></choice> для <choice><reg>нас</reg><orig>насъ</orig></choice>, забыть <choice><reg>нас</reg><orig>насъ</orig></choice> <choice><reg>с</reg><orig>съ</orig></choice> вами? Или <choice><reg>он</reg><orig>онъ</orig></choice> не <choice><reg>умел</reg><orig>умѣлъ</orig></choice> <choice><reg>так</reg><orig>такъ</orig></choice> сказать, чтобы <choice><reg>нам</reg><orig>намъ</orig></choice> было понятно? А <choice><reg>он</reg><orig>онъ</orig></choice> <choice><reg>говорил</reg><orig>говорилъ</orig></choice>, и мы <choice><reg>имеем</reg><orig>имѣемъ</orig></choice> <choice><reg>перед</reg><orig>передъ</orig></choice> собой его слова. Они <choice><reg>перед</reg><orig>передъ</orig></choice> нами точно <choice><reg>так</reg><orig>такъ</orig></choice> же, <choice><reg>как</reg><orig>какъ</orig></choice> они были <choice><reg>перед</reg><orig>передъ</orig></choice> <choice><reg>теми</reg><orig>тѣми</orig></choice>, которые слушали его <choice><reg>проповедь</reg><orig>проповѣдь</orig></choice> на <choice><reg>горе</reg><orig>горѣ</orig></choice>. Отчего же <choice><reg>те</reg><orig>тѣ</orig></choice> все поняли и не сказали, что это неясно, не требовали у него <choice><reg>разъяснений</reg><orig>разъясненiй</orig></choice>, а все поняли и сказали, что они никогда не слыхали ничего <choice><reg>подобного</reg><orig>подобнаго</orig></choice>, что <choice><reg>он</reg><orig>онъ</orig></choice> <choice><reg>учит</reg><orig>учитъ</orig></choice> <choice><reg>как</reg><orig>какъ</orig></choice> εξονσίαν (власть <choice><reg>имеющий</reg><orig>имѣющiй</orig></choice>)?<note xml:id="note1" resp="volume_editor" index="false"> Судя по русскому переводу в скобках, Толстой имеет в виду место из Евангелия от Матфея гл. 7, стих 29. Слово это — ῏εξονσίαν (власть, <hi style="opdelimiter">мощь,</hi><hi style="opnumber">447</hi> <hi style="npnumber">448</hi><hi style="npdelimiter">свобода,</hi> право); но Толстой опускает следующее за ним слово ἔχων (имеющий), поэтому текст получается бессмысленный, т. к. слово «власть» стоит вне контекста, в <hi>винительном</hi> падеже. Либо по смыслу следовало бы поставить скобку после слова «власть», а не после «имеющий» — тогда оно просто является переводом греческого слова (прим. М. Е. Грабарь-Пассек).</note> Отчего же, или непонятно, или мы боимся, что мы распадемся на секты? Очевидно, оттого, что мы <choice><reg>слушаем</reg><orig>слушаемъ</orig></choice> не Его, а <choice><reg>тех</reg><orig>тѣхъ</orig></choice>, которые стали на его <choice><reg>место</reg><orig>мѣсто</orig></choice>. <choice><reg>Так</reg><orig>Такъ</orig></choice> что и <choice><reg>в</reg><orig>въ</orig></choice> <choice><reg>первом</reg><orig>первомъ</orig></choice> <choice><reg>предположении</reg><orig>предположенiи</orig></choice> <hi style="opdelimiter">остается</hi><hi style="opnumber">445</hi> <hi style="npnumber">446</hi><hi style="npdelimiter">одно</hi> — внимать Его <choice><reg>словам</reg><orig>словамъ</orig></choice> <choice><reg>с</reg><orig>съ</orig></choice> <choice><reg>детской</reg><orig>дѣтской</orig></choice> простотой <choice><reg>так</reg><orig>такъ</orig></choice>, <choice><reg>как</reg><orig>какъ</orig></choice> <choice><reg>ребенок</reg><orig>ребенокъ</orig></choice> <choice><reg>слушает</reg><orig>слушаетъ</orig></choice> мать <choice><reg>с</reg><orig>съ</orig></choice> полной <choice><reg>уверенностью</reg><orig>увѣренностью</orig></choice>, что мать любя его <choice><reg>сумеет</reg><orig>сумѣетъ</orig></choice> сказать ему все ясно и понятно и что только одна мать <choice><reg>скажет</reg><orig>скажетъ</orig></choice> ему истинную правду и все, чтò нужно для его блага. И <choice><reg>стоит</reg><orig>стоитъ</orig></choice> начать <choice><reg>так</reg><orig>такъ</orig></choice> читать — <choice><reg>откинув</reg><orig>откинувъ</orig></choice> хоть на время — сначала <choice><reg>всякие</reg><orig>всякiя</orig></choice> <choice><reg>соображения</reg><orig>соображенiя</orig></choice> о <choice><reg>том</reg><orig>томъ</orig></choice>, чтò другими считается <choice><reg>божественным</reg><orig>божественнымъ</orig></choice>, <choice><reg>справедливым</reg><orig>справедливымъ</orig></choice>, <choice><reg>законным</reg><orig>законнымъ</orig></choice>, — чтобы стало совершенно ясно, что <choice><reg>Бог</reg><orig>Богъ</orig></choice> не <choice><reg>обманул</reg><orig>обманулъ</orig></choice> <choice><reg>нас</reg><orig>насъ</orig></choice>, что <choice><reg>он</reg><orig>онъ</orig></choice> точно <choice><reg>дал</reg><orig>далъ</orig></choice> <choice><reg>нам</reg><orig>намъ</orig></choice> <choice><reg>спасение</reg><orig>спасенiе</orig></choice> и <choice><reg>открыл</reg><orig>открылъ</orig></choice> <choice><reg>нам</reg><orig>намъ</orig></choice> истину <choice><reg>так</reg><orig>такъ</orig></choice> же <choice><reg>несомненно</reg><orig>несомнѣнно</orig></choice> и понятно, <choice><reg>как</reg><orig>какъ</orig></choice> открываются <choice><reg>нам</reg><orig>намъ</orig></choice> <choice><reg>математическия</reg><orig>математическiя</orig></choice> истины, когда мы <choice><reg>познаем</reg><orig>познаемъ</orig></choice> <choice><reg>их</reg><orig>ихъ</orig></choice>. При <choice><reg>таком</reg><orig>такомъ</orig></choice> <choice><reg>чтении</reg><orig>чтенiи</orig></choice> только откроется <choice><reg>дух</reg><orig>духъ</orig></choice> <choice><reg>учения</reg><orig>ученiя</orig></choice> Христа, т. е. то общее начало, которое <choice><reg>проникает</reg><orig>проникаетъ</orig></choice> все и которое <choice><reg>будет</reg><orig>будетъ</orig></choice> руководить <choice><reg>в</reg><orig>въ</orig></choice> <choice><reg>понимании</reg><orig>пониманiи</orig></choice> или <choice><reg>непонимании</reg><orig>непониманiи</orig></choice> <choice><reg>темных</reg><orig>темныхъ</orig></choice> <choice><reg>мест</reg><orig>мѣстъ</orig></choice>. Я говорю: «<choice><reg>непонимание</reg><orig>непониманiе</orig></choice>», потому что <choice><reg>непонимание</reg><orig>непониманiе</orig></choice> <choice><reg>темных</reg><orig>темныхъ</orig></choice> <choice><reg>мест</reg><orig>мѣстъ</orig></choice> для <choice><reg>человека</reg><orig>человѣка</orig></choice>, <choice><reg>проникнутого</reg><orig>проникнутаго</orig></choice> <choice><reg>духом</reg><orig>духомъ</orig></choice> <choice><reg>учения</reg><orig>ученiя</orig></choice>, не <choice><reg>мешает</reg><orig>мѣшаетъ</orig></choice> ясному, полному <choice><reg>пониманию</reg><orig>пониманiю</orig></choice> <choice><reg>ясных</reg><orig>ясныхъ</orig></choice> <choice><reg>мест</reg><orig>мѣстъ</orig></choice>. Темное <choice><reg>место</reg><orig>мѣсто</orig></choice> <choice><reg>означает</reg><orig>означаетъ</orig></choice> для <choice><reg>человека</reg><orig>человѣка</orig></choice>, <choice><reg>проникнутого</reg><orig>проникнутаго</orig></choice> <choice><reg>духом</reg><orig>духомъ</orig></choice> <choice><reg>учения</reg><orig>ученiя</orig></choice>, только то, что <choice><reg>писание</reg><orig>писанiе</orig></choice> на <choice><reg>бумаге</reg><orig>бумагѣ</orig></choice> есть <choice><reg>дело</reg><orig>дѣло</orig></choice> <choice><reg>рук</reg><orig>рукъ</orig></choice> <choice><reg>человеческих</reg><orig>человѣческихъ</orig></choice> и подвержено <choice><reg>ошибкам</reg><orig>ошибкамъ</orig></choice>, но <choice><reg>никак</reg><orig>никакъ</orig></choice> не <choice><reg>может</reg><orig>можетъ</orig></choice> ввести его <choice><reg>в</reg><orig>въ</orig></choice> <choice><reg>заблуждение</reg><orig>заблужденiе</orig></choice> о <choice><reg>значении</reg><orig>значенiи</orig></choice> <choice><reg>ясных</reg><orig>ясныхъ</orig></choice> <choice><reg>мест</reg><orig>мѣстъ</orig></choice>. — Только <choice><reg>человек</reg><orig>человѣкъ</orig></choice>, <choice><reg>ищущий</reg><orig>ищущiй</orig></choice> буквы, а не духа, который <choice><reg>живит</reg><orig>живитъ</orig></choice>, <choice><reg>может</reg><orig>можетъ</orig></choice> приписывать произвольное <choice><reg>значение</reg><orig>значенiе</orig></choice>, часто противное духу <choice><reg>учения</reg><orig>ученiя</orig></choice>, <choice><reg>темным</reg><orig>темнымъ</orig></choice> <choice><reg>местам</reg><orig>мѣстамъ</orig></choice>. <choice><reg>Темные</reg><orig>Темныя</orig></choice> <choice><reg>места</reg><orig>мѣста</orig></choice> не <choice><reg>могут</reg><orig>могутъ</orig></choice> <choice><reg>мешать</reg><orig>мѣшать</orig></choice> <choice><reg>пониманию</reg><orig>пониманiю</orig></choice> <choice><reg>учения</reg><orig>ученiя</orig></choice>; <choice><reg>слишком</reg><orig>слишкомъ</orig></choice> много <choice><reg>ясных</reg><orig>ясныхъ</orig></choice>, <choice><reg>божественно-светлых</reg><orig>божественно-свѣтлыхъ</orig></choice> <choice><reg>мест</reg><orig>мѣстъ</orig></choice>, <choice><reg>неподверженных</reg><orig>неподверженныхъ</orig></choice> <choice><reg>никаким</reg><orig>никакимъ</orig></choice> <choice><reg>перетолкованиям</reg><orig>перетолкованiямъ</orig></choice> и <choice><reg>всех</reg><orig>всѣхъ</orig></choice> <choice><reg>связанных</reg><orig>связанныхъ</orig></choice> между собою <choice><reg>одним</reg><orig>однимъ</orig></choice> <choice><reg>началом</reg><orig>началомъ</orig></choice> и непосредственно <choice><reg>восторженных</reg><orig>восторженныхъ</orig></choice> <choice><reg>сознанием</reg><orig>сознанiемъ</orig></choice> истины, <choice><reg>отзывающих</reg><orig>отзывающихъ</orig></choice> <choice><reg>в</reg><orig>въ</orig></choice> <choice><reg>сердце</reg><orig>сердцѣ</orig></choice> <choice><reg>каждого</reg><orig>каждаго</orig></choice> <choice><reg>человека</reg><orig>человѣка</orig></choice>, чтобы <choice><reg>темные</reg><orig>темныя</orig></choice> <choice><reg>места</reg><orig>мѣста</orig></choice> могли <choice><reg>мешать</reg><orig>мѣшать</orig></choice> <choice><reg>пониманию</reg><orig>пониманiю</orig></choice>. <choice><reg>Мешает</reg><orig>Мѣшаетъ</orig></choice> <choice><reg>пониманию</reg><orig>пониманiю</orig></choice> другое, то, чтò сказано <choice><reg>в</reg><orig>въ</orig></choice> <choice><reg>Евангелии</reg><orig>Евангелiи</orig></choice>: «и не шли <choice><reg>к</reg><orig>къ</orig></choice> <choice><reg>свету</reg><orig>свѣту</orig></choice>, потому что <choice><reg>дела</reg><orig>дѣла</orig></choice> <choice><reg>их</reg><orig>ихъ</orig></choice> были злы». <choice><reg>Мешает</reg><orig>Мѣшаетъ</orig></choice> <choice><reg>пониманию</reg><orig>пониманiю</orig></choice> <choice><reg>учения</reg><orig>ученiя</orig></choice> Христа то, что <choice><reg>дела</reg><orig>дѣла</orig></choice> того <choice><reg>мира</reg><orig>мiра</orig></choice>, среди <choice><reg>которого</reg><orig>котораго</orig></choice> мы выросли и <choice><reg>живем</reg><orig>живемъ</orig></choice>, <choice><reg>мира</reg><orig>мiра</orig></choice>, <choice><reg>имеющего</reg><orig>имѣющаго</orig></choice> дерзость называть себя <choice><reg>христианским</reg><orig>христiанскимъ</orig></choice>, — что <choice><reg>дела</reg><orig>дѣла</orig></choice> этого <choice><reg>мира</reg><orig>мiра</orig></choice> очень злы, и мы не <choice><reg>хотим</reg><orig>хотимъ</orig></choice> <choice><reg>видеть</reg><orig>видѣть</orig></choice> того, чтò <choice><reg>обличает</reg><orig>обличаетъ</orig></choice> <choice><reg>нас</reg><orig>насъ</orig></choice>, чтò <choice><reg>требует</reg><orig>требуетъ</orig></choice> <choice><reg>от</reg><orig>отъ</orig></choice> <choice><reg>нас</reg><orig>насъ</orig></choice> <choice><reg>отречения</reg><orig>отреченiя</orig></choice> <choice><reg>от</reg><orig>отъ</orig></choice> того, чтò мы возлюбили, <choice><reg>требует</reg><orig>требуетъ</orig></choice> <choice><reg>от</reg><orig>отъ</orig></choice> <choice><reg>нас</reg><orig>насъ</orig></choice> того креста, который <choice><reg>Христос</reg><orig>Христосъ</orig></choice> признаваль <choice><reg>необходимым</reg><orig>необходимымъ</orig></choice> <choice><reg>условием</reg><orig>условiемъ</orig></choice> жизни своего ученика. <choice><reg>Учение</reg><orig>Ученiе</orig></choice> Христа <choice><reg>так</reg><orig>такъ</orig></choice> же просто, ясно и <choice><reg>несомненно</reg><orig>несомнѣнно</orig></choice>, <choice><reg>как</reg><orig>какъ</orig></choice> и то, что <choice><reg>все</reg><orig>всѣ</orig></choice> прямые углы равны между собою, но я <choice><reg>видел</reg><orig>видѣлъ</orig></choice> <choice><reg>человека</reg><orig>человѣка</orig></choice>, <choice><reg>построившего</reg><orig>построившаго</orig></choice> кривой <choice><reg>дом</reg><orig>домъ</orig></choice> и потому <choice><reg>отрицавшего</reg><orig>отрицавшаго</orig></choice> эту истину. — Чтобы <hi style="opdelimiter">принять</hi><hi style="opnumber">446</hi> <hi style="npnumber">447</hi><hi style="npdelimiter"><choice><reg>учение</reg><orig>ученiе</orig></choice></hi> Христа, надо прежде всего сказать себѣ, что то, чтò я изучаю, это высшій законъ, законъ Бога, и что потому я этимъ закономъ мѣряю всѣ другіе законы, какіе я знаю; а не наоборотъ: отыскивать въ законѣ Бога то, чтò подтверждаетъ нашъ человѣческій законъ, впередъ уже признавъ ихъ священными. Только тотъ пойметъ ученіе Христа, кто прежде изученія его ясно установить въ своей душѣ значеніе того, чего онъ ищетъ, тотъ, кто признаетъ священнымъ только свою душу, какъ душу человѣческую и ея отношенія къ Богу. — Насъ пріучили къ тому, что мы можемъ быть христіанами, такъ, само собой, съ крещенія, т. е., почти съ рожденія, безъ труда, безъ отреченія отъ себя. Христосъ сказалъ: «Л. 14, 33. — Кто не отрѣшится отъ всего, чтò имѣетъ, не можетъ быть моимъ ученикомъ». Но такихъ христіанъ не было, не бываетъ, и не можетъ быть. Царство Божіе нудится, силою берется всегда, и иначе не можетъ быть. Нельзя служить Богу и маммону, нельзя быть немножко христіаниномъ, держаться христіанства для удобства, для приличія, для утѣшенія въ тяжелыя минуты въ жизни. Христіанство есть ученіе о жизни истинной. Христосъ говоритъ: вѣрующій въ меня получитъ жизнь. Не вѣрующій не имѣетъ жизни. И потому вѣра въ Христа измѣняетъ всю жизнь человѣка и налагаетъ на него то, чтò Христосъ называетъ крестомъ. Крестъ этотъ представляется чѣмъ-то тяжелымъ и страшнымъ для людей невѣрующихъ. Для вѣрующихъ-же крестъ этотъ тотчасъ же становится благомъ. Не знаю, сказалъ ли я что-нибудь нужное вамъ; боюсь, что нѣтъ. Я очень желалъ бы, потому что полюбилъ васъ по вашему письму. Я думаю, что вы достанете нѣкоторыя мои писанія о религіозныхъ вопросахъ и тогда вамъ можетъ уясниться то, чтò непонятно теперь. Ищите и найдете. Вѣдь это такъ просто. Всѣ потребности, заложенныя въ человѣкѣ, получаютъ удовлетвореніе. Какъ же можетъ быть, чтобы высшая потребность вѣры не имѣла его? Стоитъ только откинуть ложныя представленія.</p>
<comments><p rend="Textpetit_otstup left">Печатается по копии, хранящейся в AЧ. Впервые опубликовано во «Всемирном вестнике» 1907, 6, стр. 114—119. Датируется, предположительно, на основании пометки на копии: «1886?».</p>
<p rend="petit left">Личности адресата выяснить не удалось. Письмо, на которое отвечает Толстой, неизвестно.</p>
<p rend="Textpetit_otstup left"><hi>1</hi> Судя по русскому переводу в скобках, Толстой имеет в виду место из Евангелия от Матфея гл. 7, стих 29. Слово это — ῏εξονσίαν (власть, <hi style="opdelimiter">мощь,</hi><hi style="opnumber">447</hi> <hi style="npnumber">448</hi><hi style="npdelimiter">свобода,</hi> право); но Толстой опускает следующее за ним слово ἔχων (имеющий), поэтому текст получается бессмысленный, т. к. слово «власть» стоит вне контекста, в <hi>винительном</hi> падеже. Либо по смыслу следовало бы поставить скобку после слова «власть», а не после «имеющий» — тогда оно просто является переводом греческого слова (прим. М. Е. Грабарь-Пассек).</p>
</comments></div></body>
        </text>
        </TEI>