<?xml version='1.0' encoding='UTF-8' standalone='no'?>

<TEI xmlns="http://www.tei-c.org/ns/1.0">
       <teiHeader>
          <fileDesc>
             <titleStmt>
                <title>Письмо №* 196. Циркулярный ответ на просительные письма.</title>
             </titleStmt>
             <publicationStmt>
                <publisher>TolstoyLab</publisher>
                <date when="2015-09-14">14 September 2015</date>
             </publicationStmt>
             <sourceDesc>
                <biblStruct>
                   <analytic>
                      <author>Толстой Л.Н.</author>
                   </analytic>
                   <monogr>
                      <title level="m">Полное собрание сочинений. Том 79</title>
                      <imprint>
                         <pubPlace>Москва</pubPlace>
                         <publisher>Государственное издательство "Художественная литература"</publisher>
                         <date when="1955"/>
                      </imprint>
                   </monogr>
                   <series>
                      <title level="s">Л.Н. Толстой. Полное собрание сочинений</title>
                      <biblScope unit="vol">79</biblScope>
                   </series>
                </biblStruct>
				<bibl>Печатается по шапирографной копии из AЧ.</bibl>
             </sourceDesc>
          </fileDesc>
          <encodingDesc>
             <tagsDecl> </tagsDecl>
          </encodingDesc>
          <profileDesc>
             <correspDesc>
                <correspAction type="sending">
                   <persName ref="PersonList.xml#L_N_Tolstoy">Л. Н. Толстой</persName>
                   <placeName ref="PlacesListxml#PLACE">Ясная Поляна</placeName>
                   <date when="1909-04-24">1909 г. Апреля 24.</date>            </correspAction>
                <correspAction type="receiving">
                   <persName ref="PersonList.xml#RECEIVER">Циркулярный ответ на просительные письма.</persName>
                </correspAction>
                <correspContext>
                   <ref type="prev"/>
                </correspContext>
             </correspDesc>
          </profileDesc>
       </teiHeader>
       <xenoData><number type="in a volume">196</number></xenoData>

              <text xml:id="Cirkulyarnyjotvetnaprositelnyepisma_196">
	<body><div>
		<opener index="false">
* 196. Циркулярный ответ на просительные письма.
1909 г. Апреля 24. Я. П.</opener>
<p rend="left">Никак не могу исполнить вашего желания, во 1-х, потому, что те небольшие деньги, которые находятся в моем распоряжении, далеко недостаточны для помощи известным мне лицам и, во 2-х, потому, что если бы я имел миллионы, я все-таки раздавал бы их не по обращаемым ко мне от неизвестных лиц просьбам в денежной помощи, доходящим до 1000 рублей ежедневно, а только нуждающимся лицам, которых я знаю так много, что едва ли когда-нибудь остались свободны деньги для неизвестных мне просителей.</p>
<p rend="left">24 апр. 09.<note xml:id="note1" resp="volume_editor" index="false"> Дата проставлена H. Н. Гусевым.</note></p>
<comments><p rend="Textpetit_otstup left">Печатается по шапирографной копии из AЧ.</p>
<p rend="petit left">Ответ, составленный Толстым, рассылался за его подписью адресатам, просившим под различными предлогами денежной помощи. В архиве ГМТ сохранились тысячи таких писем, составляющих отдел под названием: «Просительные письма».</p>
<p rend="Textpetit_otstup left"><hi>1</hi> Дата проставлена H. Н. Гусевым.</p>
<p rend="emptyline left"><hi style="opnumber">169</hi> <hi style="npnumber">170</hi></p>
</comments></div></body>
        </text>
        </TEI>