<?xml version='1.0' encoding='UTF-8' standalone='no'?>

<TEI xmlns="http://www.tei-c.org/ns/1.0">
       <teiHeader>
          <fileDesc>
             <titleStmt>
                <title>Письмо №* 409. Директору «La Scena Illustrata».</title>
             </titleStmt>
             <publicationStmt>
                <publisher>TolstoyLab</publisher>
                <date when="2015-09-14">14 September 2015</date>
             </publicationStmt>
             <sourceDesc>
                <biblStruct>
                   <analytic>
                      <author>Толстой Л.Н.</author>
                   </analytic>
                   <monogr>
                      <title level="m">Полное собрание сочинений. Том 72</title>
                      <imprint>
                         <pubPlace>Москва</pubPlace>
                         <publisher>Государственное издательство "Художественная литература"</publisher>
                         <date when="1933"/>
                      </imprint>
                   </monogr>
                   <series>
                      <title level="s">Л.Н. Толстой. Полное собрание сочинений</title>
                      <biblScope unit="vol">72</biblScope>
                   </series>
                </biblStruct>
				<bibl>Печатается по копии Т. Л. Сухотиной, находящейся в ее архиве. Местонахождение подлинника неизвестно. Очевидно, телеграмма. В России публикуется впервые, о публикации за границей сведений не имеется.</bibl>
             </sourceDesc>
          </fileDesc>
          <encodingDesc>
             <tagsDecl> </tagsDecl>
          </encodingDesc>
          <profileDesc>
             <correspDesc>
                <correspAction type="sending">
                   <persName ref="PersonList.xml#L_N_Tolstoy">Л. Н. Толстой</persName>
                   <placeName ref="PlacesListxml#PLACE">Кочеты</placeName>
                   <date when="1900-10-31">1900 г. Октября 31.</date>            </correspAction>
                <correspAction type="receiving">
                   <persName ref="PersonList.xml#RECEIVER">Директору «La Scena Illustrata».</persName>
                </correspAction>
                <correspContext>
                   <ref type="prev"/>
                </correspContext>
             </correspDesc>
          </profileDesc>
       </teiHeader>
       <xenoData><number type="in a volume">409</number></xenoData>

              <text xml:id="DirektoruLaScenaIllustrata_409">
	<body><div>
		<opener index="false">
* 409. Директору «La Scena Illustrata».

1900г. Октября 31. Кочеты.</opener>
<p rend="left">Je remercie le vénérable Maestro Verdi pour le pur plaisir que j’ai éprouvé dès ma première jeunesse à écouter sa belle musique.</p>
<p rend="right">Léon Tolstoy.</p>
<p rend="left">31 Oct. 1900.</p>
<comments><p rend="Textpetit_otstup left">Благодарю высокочтимого маестро Верди за то чистое наслаждение, которое я испытывал с моей ранней юности, слушая его прекрасную музыку.</p>
<p rend="petit right">Лев Толстой.</p>
<p rend="petit left">31 Окт. 1900.</p>
<p rend="Textpetit_otstup left">Печатается по копии Т. Л. Сухотиной, находящейся в ее архиве. Местонахождение подлинника неизвестно. Очевидно, телеграмма. В России публикуется впервые, о публикации за границей сведений не имеется.</p>
<p rend="petit left">Дополнительных материалов, относящихся к комментируемому письму, в архиве не обнаружено. Очевидно, директор «La Scena Illustrata» прислал телеграфный запрос (с оплаченным ответом) об отношении Толстого к итальянскому композитору, автору ряда опер, Джузеппе Верди (1813—1901).</p>
</comments></div></body>
        </text>
        </TEI>