<?xml version='1.0' encoding='UTF-8' standalone='no'?>

<TEI xmlns="http://www.tei-c.org/ns/1.0">
       <teiHeader>
          <fileDesc>
             <titleStmt>
                <title>Письмо №452. Д. А. Хидкову.</title>
             </titleStmt>
             <publicationStmt>
                <publisher>TolstoyLab</publisher>
                <date when="2015-09-14">14 September 2015</date>
             </publicationStmt>
             <sourceDesc>
                <biblStruct>
                   <analytic>
                      <author>Толстой Л.Н.</author>
                   </analytic>
                   <monogr>
                      <title level="m">Полное собрание сочинений. Том 66</title>
                      <imprint>
                         <pubPlace>Москва</pubPlace>
                         <publisher>Государственное издательство "Художественная литература"</publisher>
                         <date when="1953"/>
                      </imprint>
                   </monogr>
                   <series>
                      <title level="s">Л.Н. Толстой. Полное собрание сочинений</title>
                      <biblScope unit="vol">66</biblScope>
                   </series>
                </biblStruct>
				<bibl>Впервые опубликовано в сборнике «Летописи», 2, стр. 110—112. Дата машинописной копии из AЧ.</bibl>
             </sourceDesc>
          </fileDesc>
          <encodingDesc>
             <tagsDecl> </tagsDecl>
          </encodingDesc>
          <profileDesc>
             <correspDesc>
                <correspAction type="sending">
                   <persName ref="PersonList.xml#L_N_Tolstoy">Л. Н. Толстой</persName>
                   <placeName ref="PlacesListxml#PLACE">Ясная Поляна</placeName>
                   <date when="1893-05-15">1893 г. Мая 15.</date>            </correspAction>
                <correspAction type="receiving">
                   <persName ref="PersonList.xml#RECEIVER">Д. А. Хидкову.</persName>
                </correspAction>
                <correspContext>
                   <ref type="prev"/>
                </correspContext>
             </correspDesc>
          </profileDesc>
       </teiHeader>
       <xenoData><number type="in a volume">452</number></xenoData>

              <text xml:id="D.A.Xilkovu_452">
	<body><div>
		<opener index="false">
452. Д. А. Хидкову.
1893 г. Мая 15. Я. П.</opener>
<p rend="left">Написал вам, Дмитрий Александрович, из Москвы коротенькое письмо, да и то адрес поставил не полный, и потому оно может не дойти до вас. Не писал, как хотелось, подробно, <choice original_editorial_correction='п[отому]'><sic>п</sic><corr>потому</corr></choice> <choice original_editorial_correction='ч[то]'><sic>ч</sic><corr>что</corr></choice> всё это последнее время, особенно последнее время, так был поглощен окончанием своей книги, что весь уходил в нее. Теперь, кажется, кончил, отослал и, хотя желал бы дополнять и уяснять, но не хочу больше этого делать. Если бог велит, что имею сказать, выскажется в другом месте.</p>
<p rend="left">Удивительное дело, что то, что вы пишете в конце вашего письма о так называемой свободе воли, составляло главную мысль окончания моей работы, к <choice original_editorial_correction='к[оторой]'><sic>к</sic><corr>которой</corr></choice> с одной стороны <hi style="opdelimiter">и</hi><hi style="opnumber">324</hi> <hi style="npnumber">325</hi><hi style="npdelimiter">свелся</hi> вывод книги. Я так же смотрю, как вы. Бог даст, прочтете в моей книге, но постараюсь коротко сказать.</p>
<p rend="left"><note xml:id="note1" resp="volume_editor" index="false">Абзац редактора.</note>Истина всё больше и больше открывается людям, и свойство жизни людей таково, что они все приходят к истине — волей или неволей освещаются ей. И свобода человека состоит только в том, чтобы признать охотно, радостно открывшуюся ему истину, или быть против своей воли увлеченным другими людьми, принявшими ее. От признания же истины, высшей или низшей степени истины, зависят и все поступки человека. (<choice original_editorial_correction='Челов[ек]'><sic>Челов</sic><corr>Человек</corr></choice> делает то, что делает, только <choice original_editorial_correction='п[отому]'><sic>п</sic><corr>потому</corr></choice>, <choice original_editorial_correction='ч[то]'><sic>ч</sic><corr>что</corr></choice> считает это истиной, или <choice original_editorial_correction='п[отому]'><sic>п</sic><corr>потому</corr></choice>, <choice original_editorial_correction='ч[то]'><sic>ч</sic><corr>что</corr></choice> так привык прежде считать это истиной, что не может отстать от этого). Людям же кажется, что они свободны в поступках. Люди не свободны в поступках, а в том, что вызывает их, в коснении в том, что прежде <choice original_editorial_correction='б[ыло]'><sic>б</sic><corr>было</corr></choice> признано истиной, или в признании открывшейся высшей степени истины. Как со стороны может казаться, что машинист свободен двигать колесами тендера взад или вперед, тогда как он свободен только в управлении паром. И как неизбежно следует движение за действием пара, так же неизбежно и следуют поступки за признанием истины. (Разумеется, это <choice original_editorial_correction='говорит[ся]'><sic>говорит</sic><corr>говорится</corr></choice> о внутреннем, а не внешнем, искреннем признании истины.)</p>
<p rend="left">Вот вкратце то, что я говорю там, и вы видите, что это совсем то же, что говорите и вы.</p>
<p rend="left">Из этого же вытекает и то, что для истинного движения жизни не только не нужна, но вредна внешняя суетливая деятельность. Деятельность нужна только, как проверка того, верны ли мои выводы, и кроме того есть неизбежное условие истины. Ничегонеделание, без увеселений, доставляемых трудами других людей, есть самое тяжелое состояние, если оно не наполнено внутренней работой; и потому если только быть вне условий роскоши и чужого труда, нечего бояться этой праздности. Человечеству наверно в милион раз сделало и делает больше вреда трудолюбие, чем праздность.</p>
<p rend="left"><note xml:id="note2" resp="volume_editor" index="false">Абзац редактора.</note>Вчера читал в <choice original_editorial_correction='Рус[ских]'><sic>Рус</sic><corr>Русских</corr></choice> <choice original_editorial_correction='Вед[омостях]'><sic>Вед</sic><corr>Ведомостях</corr></choice> речь Zola<note xml:id="note3" resp="volume_editor" index="false">Эмиль Золя (Zola, 1840—1902), выдающийся французский писатель. Автор ряда реалистических романов.</note> к студентам против проявляющегося в них расположения к мистицизму, как он называет религиозные течения в новой <choice original_editorial_correction='франц[узской]'><sic>франц</sic><corr>французской</corr></choice> молодежи: Desjardins,<note xml:id="note4" resp="volume_editor" index="false">Поль Дежарден (Desjardins, р. 1859), французский литератор, профессор риторики.</note> Lavisse,<note xml:id="note5" resp="volume_editor" index="false"> Эрнест Лависс (Lavisse, 1842—1923), французский буржуазный историк, академик, профессор Сорбонны. Один из директоров журнала «La Revue de Paris».</note> Olard<note xml:id="note6" resp="volume_editor" index="false"> Франсуа Виктор Альфонс Олар (Aulard, 1849—1928), французский историк буржуазно-демократического направления. Толстой ошибочно причислил его к руководителям «религиозных течений» в среде молодежи, в то время как в корреспонденции говорится, что Золя в своей речи «решительно принял сторону Олара» против Дежардена, Лависса и др.</note> и др. И против этого он им рекомендует науку и труд, не объясняя того, что мы должны называть и признавать наукой, и, главное, <hi style="opdelimiter">какой</hi><hi style="opnumber">325</hi> <hi style="npnumber">326</hi><hi style="npdelimiter">труд.</hi> Труд, le travail, это единственный идол людей, желающих освободиться от требований христианства, <choice original_editorial_correction='к[оторые]'><sic>к</sic><corr>которые</corr></choice> заявляются со всех сторон, и людям так нужно, так хочется затуманиться, что они не видят даже всей очевидной глупости проповеди <hi>науки</hi>, не определяя того, что должно называть наукой, и <hi>труда</hi>, не определяя того, в чем он должен состоять.</p>
<p rend="left">Знаете ли вы Лаодзи? У него есть удивительные вещи именно об этой высшей выставляемой им добродетели, <choice original_editorial_correction='кот[орая]'><sic>кот</sic><corr>которая</corr></choice> состоит в «non agir».<note xml:id="note7" resp="volume_editor" index="false">[неделание.]</note> (Если вам интересно прочитать его, и вы не читали, напишите Попову <choice original_editorial_correction='Евг[ению]'><sic>Евг</sic><corr>Евгению</corr></choice> <choice original_editorial_correction='Ив[ановичу]'><sic>Ив</sic><corr>Ивановичу</corr></choice>, да вы знаете. Он теперь в Москве, но на-днях будет у Черткова. Он перевел его. И у него и <choice original_editorial_correction='франц[узский]'><sic>франц</sic><corr>французский</corr></choice> и <choice original_editorial_correction='немец[кий]'><sic>немец</sic><corr>немецкий</corr></choice> перевод.<note xml:id="note8" resp="volume_editor" index="false">Е. И. Попов перевел «Тао-те-кинг» по следующим двум книгам: французскому переводу С. Жюльена (см. прим. 39 к письму № 56), немецкому переводу Виктора фон Штрауса Lao-Tse, «Tao-te-King». Übersetzt und commentiert von V. von Strauss, Leipzig 1870. В сентябре — октябре 1893 г. Толстой занялся исправлением этого перевода, сначала совместно с Поповым, а после его отъезда в Москву (12 октября) — без него. См. т. 31.</note>)</p>
<p rend="left">Он, т. е. Лаодзи, прямо выводит всё зло мира из «agir», из заботы людей о своем и чужом мнимом добре. И как ни странно это, нельзя не согласиться с этим: голод наш оттого, что мы очень озабочены пропитанием, всё распахали; болезни наши оттого, что мы очень заботимся о здоровье — наша расслабленность; необеспеченность и опасность нашей жизни оттого, что мы заботимся о безопасности — наши правительства, полиция, войска; рабство наше <choice original_editorial_correction='п[отому]'><sic>п</sic><corr>потому</corr></choice>, <choice original_editorial_correction='ч[то]'><sic>ч</sic><corr>что</corr></choice> мы заботимся о свободе — наши обязанности участия в правлении; невежество наше <choice original_editorial_correction='п[отому]'><sic>п</sic><corr>потому</corr></choice>, <choice original_editorial_correction='ч[то]'><sic>ч</sic><corr>что</corr></choice> заботимся о просвещении — наша церковная проповедь лжи и суеверия.</p>
<p rend="left"><note xml:id="note9" resp="volume_editor" index="false">Абзац редактора.</note>Я уже имею откровение Христа и потому не довольствуюсь откровением истины Лаодзи, но не могу не видеть всю глубину и правду этой забытой нами истины. И нельзя забывать то, что мы слишком часто забываем, что нельзя начать делать доброе, не перестав делать злое, прямо <choice><reg>противоположное</reg><orig>противуположное</orig></choice> этому доброму: нельзя землевладельцу помогать голодающему народу; нельзя судье, царю, правителю, военному противодействовать убийствам и насилиям; не говорю уже суеверному православному противодействовать суевериям и т. п. Мы все так погрязли в зле, так привыкли к нему, что та мертвая точка, на <choice original_editorial_correction='к[оторой]'><sic>к</sic><corr>которой</corr></choice> не будет еще добра, но не будет и зла, есть для всех нас та ближайшая веха по пути идеала, к <choice original_editorial_correction='к[оторой]'><sic>к</sic><corr>которой</corr></choice> мы пока еще должны стремиться. А то в этом-то и страшное зло, что люди, по уши погрязшие в зло, воображают себе, что они святые, и потому не делают ни малейшего усилия выбраться из <hi style="opdelimiter">зла.</hi><hi style="opnumber">326</hi></p>
<p rend="left"><hi style="npnumber">327</hi><hi style="npdelimiter"><note xml:id="note10" resp="volume_editor" index="false">Абзац редактора.</note>Я постоянно</hi> слышу от развратно, роскошно живущих людей — судейских, офицеров, <choice original_editorial_correction='земск[их]'><sic>земск</sic><corr>земских</corr></choice> начальников — наивные упреки нашим друзьям, ничего не требующим от людей, при всяком случае готовым служить людям, за то, что они ничего не делают, т. е. не заняты тем, чтобы сажать в тюрьмы, убивать, сечь людей. Le travail — это единственная добродетель, <choice original_editorial_correction='к[оторая]'><sic>к</sic><corr>которая</corr></choice> признается теперь большинством людей, а это не только не добродетель, а средство скрыть от себя свою низость и отсутствие всяких добродетелей, вроде охоты, вина, табаку. (Неужели вы еще не отстали от него? Если нет, то наверное курение имеет для вас особенное значение. И, как у каждого из нас, есть своя особенная выдающаяся шишка. Другие удивляются, как я не избавлюсь от нее, а я удивляюсь, как он не избавится от своей. Я не удивляюсь теперь, а знаю, что у каждого свой крест, разумея под крестом то, что мне тяжело стало вследствие признания высшей степени истины, т. е. борьбу между тем, что, вследствие прежнего признания истины, стало привычкой, с признанием высшей степени истины.)</p>
<p rend="left">Так вот, <choice original_editorial_correction='Д[митрий]'><sic>Д</sic><corr>Дмитрий</corr></choice> <choice original_editorial_correction='А[лександрович]'><sic>А</sic><corr>Александрович</corr></choice>, вы видите, как мы, не сговариваясь, одинаково думаем о предметах. И это меня очень радует.</p>
<p rend="left"><note xml:id="note11" resp="volume_editor" index="false">Абзац редактора.</note>О том, что вы пишете вначале об отношениях к людям, разно верующим, я вчера писал Бодянскому, а именно вот что: что, если бы мы только держались твердо того правила, чтобы, соединяясь с каждым человеком в том, в чем мы согласны, не требовать от него признания того, в чем он не согласен, и просили бы его не требовать того же от нас, то мы никогда бы и не нарушали главного завета Христа — единения, и были бы, не произнося слова Христос, гораздо более христианами, чем если бы мы какими бы то ни было средствами заставили людей сказать, что они поверили в Христа и разные догматы, приписываемые ему, в <choice original_editorial_correction='к[оторые]'><sic>к</sic><corr>которые</corr></choice> они не поверили.</p>
<p rend="left">Видите, что и в этом мы согласны. Меня навело на мысль об этом одно письмо (кажется Н. Дудченко), в <choice original_editorial_correction='к[отором]'><sic>к</sic><corr>котором</corr></choice> рассказывается о том, как ссыльные спорят о вере.<note xml:id="note12" resp="volume_editor" index="false">Это письмо неизвестно.</note> Это ужасно грустно и жалко. Я смотрю на ссыльных и на вас в том числе, как вы знаете, как бывший военный, мы смотрели, бывало, на те войска, <choice original_editorial_correction='кот[орые]'><sic>кот</sic><corr>которые</corr></choice> уже вступили в бой: и завидно, и жутко. Главное же, тем, <choice original_editorial_correction='к[оторые]'><sic>к</sic><corr>которые</corr></choice> вступили в бой, надо чувствовать, что вся предшествующая жизнь была только <hi style="opdelimiter">приготовлением</hi><hi style="opnumber">327</hi> <hi style="npnumber">328</hi><hi style="npdelimiter">к</hi> этому, что теперь-то наступило время показать свою правду и сослужить всю службу пославшему нас. Мне казалось бы, что люди в гонении должны чувствовать тот подъем духа, <choice original_editorial_correction='кот[орый]'><sic>кот</sic><corr>который</corr></choice> чувствовался, бывало, под пулями и ядрами. И подъему этому нельзя давать падать и переходить в уныние: не допускать того, чтобы то, что дано нам, как радость, перешло бы в горе и страдание.</p>
<p rend="left">Пока прощайте. Пишите, пожалуйста, почаще и побольше о себе. Я, окончив свою работу, особенно тягочусь своей жизнью среди развратной, бессмысленной роскоши и часто унываю и завидую вам. Видно, не надо этого.</p>
<p rend="left">Ну, да это длинная тема.</p>
<p rend="left">До другого раза.</p>
<p rend="right">Л. Толстой.</p>
<comments><p rend="Textpetit_otstup left">Впервые опубликовано в сборнике «Летописи», 2, стр. 110—112. Дата машинописной копии из AЧ.</p>
<p rend="petit left">Письмо Хилкова, на которое отвечает Толстой, неизвестно.</p>
<p rend="Textpetit_otstup left"><hi>1 </hi>Абзац редактора.</p>
<p rend="petit left"><hi>2 </hi>Эмиль Золя (Zola, 1840—1902), выдающийся французский писатель. Автор ряда реалистических романов.</p>
<p rend="petit left">Толстой читал корреспонденцию из Парижа: К., «Золя и студенчество (От нашего корреспондента)» — «Русские ведомости» 1893, № 128 от 12 мая. В корреспонденции напечатано подробное содержание речи Золя, которую Толстой привел полностью в своей статье «Неделание».</p>
<p rend="petit left"><hi>3 </hi>Поль Дежарден (Desjardins, р. 1859), французский литератор, профессор риторики.</p>
<p rend="petit left"><hi>4</hi> Эрнест Лависс (Lavisse, 1842—1923), французский буржуазный историк, академик, профессор Сорбонны. Один из директоров журнала «La Revue de Paris».</p>
<p rend="petit left"><hi>5</hi> Франсуа Виктор Альфонс Олар (Aulard, 1849—1928), французский историк буржуазно-демократического направления. Толстой ошибочно причислил его к руководителям «религиозных течений» в среде молодежи, в то время как в корреспонденции говорится, что Золя в своей речи «решительно принял сторону Олара» против Дежардена, Лависса и др.</p>
<p rend="petit left"><hi>6 </hi>[неделание.]</p>
<p rend="petit left"><hi>7 </hi>Е. И. Попов перевел «Тао-те-кинг» по следующим двум книгам: французскому переводу С. Жюльена (см. прим. 39 к письму № 56), немецкому переводу Виктора фон Штрауса Lao-Tse, «Tao-te-King». Übersetzt und commentiert von V. von Strauss, Leipzig 1870. В сентябре — октябре 1893 г. Толстой занялся исправлением этого перевода, сначала совместно с Поповым, а после его отъезда в Москву (12 октября) — без него. См. т. 31.</p>
<p rend="petit left"><hi>8 </hi>Абзац редактора.</p>
<p rend="petit left"><hi>9 </hi>Это письмо неизвестно.</p>
<p rend="left secend"><hi style="opnumber">328</hi> <hi style="npnumber">329</hi></p>
</comments></div></body>
        </text>
        </TEI>