<?xml version='1.0' encoding='UTF-8' standalone='no'?>

<TEI xmlns="http://www.tei-c.org/ns/1.0">
       <teiHeader>
          <fileDesc>
             <titleStmt>
                <title>Письмо №* 227. Неизвестному.</title>
             </titleStmt>
             <publicationStmt>
                <publisher>TolstoyLab</publisher>
                <date when="2015-09-14">14 September 2015</date>
             </publicationStmt>
             <sourceDesc>
                <biblStruct>
                   <analytic>
                      <author>Толстой Л.Н.</author>
                   </analytic>
                   <monogr>
                      <title level="m">Полное собрание сочинений. Том 63</title>
                      <imprint>
                         <pubPlace>Москва</pubPlace>
                         <publisher>Государственное издательство "Художественная литература"</publisher>
                         <date when="1934"/>
                      </imprint>
                   </monogr>
                   <series>
                      <title level="s">Л.Н. Толстой. Полное собрание сочинений</title>
                      <biblScope unit="vol">63</biblScope>
                   </series>
                </biblStruct>
				<bibl>Печатается по черновику-автографу, хранящемуся в ГТМ. Публикуется впервые. Датируется на основании зачеркнутых слов в письме: «в июне ожидаю родов жены». Из детей Толстых в июне родилась одна Александра Львовна (18 июня 1884 г.).</bibl>
             </sourceDesc>
          </fileDesc>
          <encodingDesc>
             <tagsDecl> </tagsDecl>
          </encodingDesc>
          <profileDesc>
             <correspDesc>
                <correspAction type="draft">
                   <persName ref="PersonList.xml#L_N_Tolstoy">Л. Н. Толстой</persName>
                   <placeName ref="PlacesListxml#PLACE">Ясная Поляна</placeName>
                   <date from="1884-01" to="1884-01">1884 г. Январь —</date>            </correspAction>
                <correspAction type="receiving">
                   <persName ref="PersonList.xml#RECEIVER">Неизвестному</persName>
                </correspAction>
                <correspContext>
                   <ref type="prev"/>
                </correspContext>
             </correspDesc>
          </profileDesc>
       </teiHeader>
       <xenoData><number type="in a volume">227</number></xenoData>

              <text xml:id="Neizvestnomu_227">
	<body><div>
		<opener index="false">
* 227. Неизвестному. Черновое.
1884 г. Январь — май. Я. П.
</opener>
<p rend="Obrashenie left">Dear Sir!</p>
<p rend="left">Я не заслуживаю благодарности за мое <choice><reg>приглашение</reg><orig>приглашенiе</orig></choice>, <choice original_editorial_correction='п[отому]'><sic>п</sic><corr>потому</corr></choice> <choice original_editorial_correction='ч[то]'><sic>ч</sic><corr>что</corr></choice> ваше <choice><reg>пребывание</reg><orig>пребыванiе</orig></choice> у <choice><reg>нас</reg><orig>насъ</orig></choice> <choice><reg>будет</reg><orig>будетъ</orig></choice><note xml:id="note1" resp="volume_editor" index="false"><hi>Зачеркнуто:</hi> <choice><reg>вам</reg><orig>вамъ</orig></choice></note> <choice><reg>мне</reg><orig>мнѣ</orig></choice> <choice><reg>наверно</reg><orig>навѣрно</orig></choice> много <choice><reg>удоволъствия</reg><orig>удоволъствiя</orig></choice>. <choice><reg>Кроме</reg><orig>Кромѣ</orig></choice> того, что я могу быть <choice><reg>вам</reg><orig>вамъ</orig></choice> <choice><reg>полезен</reg><orig>полезенъ</orig></choice>.</p>
<p rend="left">Только прошу <choice><reg>вас</reg><orig>васъ</orig></choice> <choice><reg>об</reg><orig>объ</orig></choice> <choice><reg>одном</reg><orig>одномъ</orig></choice>: позволить <choice><reg>мне</reg><orig>мнѣ</orig></choice> быть <choice><reg>с</reg><orig>съ</orig></choice> вами совершенно <choice><reg>искренним</reg><orig>искреннимъ</orig></choice> и просить <choice><reg>вас</reg><orig>васъ</orig></choice> о <choice><reg>том</reg><orig>томъ</orig></choice> же.</p>
<p rend="left"><choice><reg>Место</reg><orig>Мѣсто</orig></choice> у <choice><reg>нас</reg><orig>насъ</orig></choice> <choice><reg>в</reg><orig>въ</orig></choice> <choice><reg>деревне</reg><orig>деревнѣ</orig></choice> прекрасное, семейство <choice><reg>надеюсь</reg><orig>надѣюсь</orig></choice> не <choice><reg>неприятное</reg><orig>непрiятное</orig></choice>, пища хорошая и вообще <choice><reg>может</reg><orig>можетъ</orig></choice> быть сообразована <choice><reg>с</reg><orig>съ</orig></choice> вашими вкусами, но семейство наше очень велико и у <choice><reg>нас</reg><orig>насъ</orig></choice> <choice><reg>помещение</reg><orig>помѣщенiе</orig></choice> <choice><reg>может</reg><orig>можетъ</orig></choice> быть не <choice><reg>так</reg><orig>такъ</orig></choice> удобно, <choice><reg>как</reg><orig>какъ</orig></choice> бы вы желали.<note xml:id="note2" resp="volume_editor" index="false"><hi>Зач.:</hi> <choice><reg>Кроме</reg><orig>Кромѣ</orig></choice> того <choice><reg>в</reg><orig>въ</orig></choice> <choice><reg>Іюне</reg><orig>Іюнѣ</orig></choice> я ожидаю <choice><reg>родов</reg><orig>родовъ</orig></choice> жены.</note></p>
<p rend="left"><choice><reg>Вот</reg><orig>Вотъ</orig></choice> относительно <choice><reg>этого</reg><orig>этаго</orig></choice> то я и прошу вашей полной искренности. — Если бы случилось по чему нибудь, что <choice><reg>вам</reg><orig>вамъ</orig></choice> неудобно жить у меня, то прямо скажите это и мы <choice><reg>устроим</reg><orig>устроимъ</orig></choice> иначе.</p>
<p rend="petit left">Печатается по черновику-автографу, хранящемуся в ГТМ. Публикуется впервые. Датируется на основании зачеркнутых слов в письме: «в июне ожидаю родов жены». Из детей Толстых в июне родилась одна Александра Львовна (18 июня 1884 г.).</p>
<p rend="petit left">Личность адресата выяснить не удалось. Письмо, на которое отвечает Толстой, неизвестно.</p>
<comments><p rend="Textpetit_otstup left"><hi>1 </hi><hi>Зачеркнуто:</hi> <choice><reg>вам</reg><orig>вамъ</orig></choice></p>
<p rend="petit left"><hi>2</hi><hi>Зач.:</hi> <choice><reg>Кроме</reg><orig>Кромѣ</orig></choice> того <choice><reg>в</reg><orig>въ</orig></choice> <choice><reg>Іюне</reg><orig>Іюнѣ</orig></choice> я ожидаю <choice><reg>родов</reg><orig>родовъ</orig></choice> жены.</p>
<p rend="left"><hi style="opnumber">174</hi> <hi style="npnumber">175</hi></p>
</comments></div></body>
        </text>
        </TEI>