<?xml version='1.0' encoding='UTF-8' standalone='no'?>

<TEI xmlns="http://www.tei-c.org/ns/1.0">
       <teiHeader>
          <fileDesc>
             <titleStmt>
                <title>Письмо №248. Литературному фонду.</title>
             </titleStmt>
             <publicationStmt>
                <publisher>TolstoyLab</publisher>
                <date when="2015-09-14">14 September 2015</date>
             </publicationStmt>
             <sourceDesc>
                <biblStruct>
                   <analytic>
                      <author>Толстой Л.Н.</author>
                   </analytic>
                   <monogr>
                      <title level="m">Полное собрание сочинений. Том 80</title>
                      <imprint>
                         <pubPlace>Москва</pubPlace>
                         <publisher>Государственное издательство "Художественная литература"</publisher>
                         <date when="1955"/>
                      </imprint>
                   </monogr>
                   <series>
                      <title level="s">Л.Н. Толстой. Полное собрание сочинений</title>
                      <biblScope unit="vol">80</biblScope>
                   </series>
                </biblStruct>
				<bibl>Печатается по факсимиле с автографа, воспроизведенному в газете «Речь» 1912, № 306 от 7 ноября. Впервые опубликовано 9 ноября 1909 г. в столичных газетах. Дата Толстого ошибочна. Основания датировки: письмо к М. А. Стаховичу от 4 ноября (<ref target="file:///Volume_80_M.A.Staxovichu_247.xml">см. письмо № 247</ref>) и запись в <hi style="opdelimiter">дневнике</hi><hi style="opnumber">172</hi> <hi style="npnumber">173</hi><hi style="npdelimiter">Д.</hi> П Маковицкого 5 ноября 1909 г.: «Лев Николаевич говорил о пятидесятилетии Литературного фонда, которому вчера послал поздравление».</bibl>
             </sourceDesc>
          </fileDesc>
          <encodingDesc>
             <tagsDecl> </tagsDecl>
          </encodingDesc>
          <profileDesc>
             <correspDesc>
                <correspAction type="sending">
                   <persName ref="PersonList.xml#L_N_Tolstoy">Л. Н. Толстой</persName>
                   <placeName ref="PlacesListxml#PLACE">Ясная Поляна</placeName>
                   <date when="1909-11-04">1909 г. Ноября 4</date>            </correspAction>
                <correspAction type="receiving">
                   <persName ref="PersonList.xml#RECEIVER">Литературному фонду.</persName>
                </correspAction>
                <correspContext>
                   <ref type="prev"/>
                </correspContext>
             </correspDesc>
          </profileDesc>
       </teiHeader>
       <xenoData><number type="in a volume">248</number></xenoData>

              <text xml:id="Literaturnomufondu_248">
	<body><div>
		<opener index="false">
248. Литературному фонду.
1909 г. Ноября 4, Я. П.</opener>
<p rend="left">Вспоминаю основателей и приветствую сотоварищей литературного фонда. Сочувствую его доброй <choice original_editorial_correction='пятидес[ят]илетней'><sic>пятидесилетней</sic><corr>пятидесятилетней</corr></choice> деятельности. Рад буду внести свою лепту в предполагаемом сборнике.<note xml:id="note1" resp="volume_editor" index="false">В указанном выше юбилейном сборнике Фонда помещены произведения Толстого: «Единая заповедь», «Разговор с прохожим» и «Песни на деревне». См. тт. 37 и 38 и в т. 89 письмо к В. Г. Черткову от 16 ноября 1909 г.</note></p>
<p rend="right">Лев Толстой.</p>
<p rend="left">5. XI. 09.</p>
<comments><p rend="Textpetit_otstup left">Печатается по факсимиле с автографа, воспроизведенному в газете «Речь» 1912, № 306 от 7 ноября. Впервые опубликовано 9 ноября 1909 г. в столичных газетах. Дата Толстого ошибочна. Основания датировки: письмо к М. А. Стаховичу от 4 ноября (<ref target="file:///Volume_80_M.A.Staxovichu_247.xml">см. письмо № 247</ref>) и запись в <hi style="opdelimiter">дневнике</hi><hi style="opnumber">172</hi> <hi style="npnumber">173</hi><hi style="npdelimiter">Д.</hi> П Маковицкого 5 ноября 1909 г.: «Лев Николаевич говорил о пятидесятилетии Литературного фонда, которому вчера послал поздравление».</p>
<p rend="petit left">О Литературном фонде (Обществе для пособия нуждающимся литераторам и ученым) см. т. 47, стр. 395—396.</p>
<p rend="petit left">Комментируемое письмо было оглашено 8 ноября на торжественном собрании Литературного фонда в Петербурге, в зале городской думы. «Энтузиазм собрания достиг высшего предела, когда М. А. Стахович, приветствуя Фонд от имени Толстовского общества, сказал, что великий писатель земли русской прислал свое письменное приветствие. Собрание с затаенным дыханием выслушивает [это письмо]» («Юбилейный сборник Литературного фонда. 1859—1909», стр. 599). От имени собрания Толстому была послана телеграмма: «Ваш теплый привет Литературному фонду вызвал бурю восторга среди собравшихся чествовать его пятидесятилетие. Единодушно шлем спасибо за доброе слово» (опубликовано в газетах вместе с письмом Толстого. См. столичные газеты от 9 и 10 ноября 1909 г.).</p>
<p rend="Textpetit_otstup left"><hi>1 </hi>В указанном выше юбилейном сборнике Фонда помещены произведения Толстого: «Единая заповедь», «Разговор с прохожим» и «Песни на деревне». См. тт. 37 и 38 и в т. 89 письмо к В. Г. Черткову от 16 ноября 1909 г.</p>
</comments></div></body>
        </text>
        </TEI>