<?xml version='1.0' encoding='UTF-8' standalone='no'?>

<TEI xmlns="http://www.tei-c.org/ns/1.0">
       <teiHeader>
          <fileDesc>
             <titleStmt>
                <title>Письмо №* 455. Неизвестному.</title>
             </titleStmt>
             <publicationStmt>
                <publisher>TolstoyLab</publisher>
                <date when="2015-09-14">14 September 2015</date>
             </publicationStmt>
             <sourceDesc>
                <biblStruct>
                   <analytic>
                      <author>Толстой Л.Н.</author>
                   </analytic>
                   <monogr>
                      <title level="m">Полное собрание сочинений. Том 64</title>
                      <imprint>
                         <pubPlace>Москва</pubPlace>
                         <publisher>Государственное издательство "Художественная литература"</publisher>
                         <date when="1954"/>
                      </imprint>
                   </monogr>
                   <series>
                      <title level="s">Л.Н. Толстой. Полное собрание сочинений</title>
                      <biblScope unit="vol">64</biblScope>
                   </series>
                </biblStruct>
             </sourceDesc>
          </fileDesc>
          <encodingDesc>
             <tagsDecl> </tagsDecl>
          </encodingDesc>
          <profileDesc>
             <correspDesc>
                <correspAction type="sending">
                   <persName ref="PersonList.xml#L_N_Tolstoy">Л. Н. Толстой</persName>
                   <placeName ref="PlacesListxml#PLACE">Ясная Поляна</placeName>
                   <date when="1889-11-05">1889 г. Ноября 5.</date>            </correspAction>
                <correspAction type="receiving">
                   <persName ref="PersonList.xml#RECEIVER">Неизвестному.</persName>
                </correspAction>
                <correspContext>
                   <ref type="prev"/>
                </correspContext>
             </correspDesc>
          </profileDesc>
       </teiHeader>
       <xenoData><number type="in a volume">455</number></xenoData>

              <text xml:id="Neizvestnomu_455">
	<body><div>
		<opener index="false">
* 455. Неизвестному.
1889 г. Ноября 5. Я. П.</opener>
<p rend="left">Я чувствую, что вы много перестрадали нравственно, и мне хотелось понять вас, но с одной стороны вы были расстроены, с другой я не сумел достаточно добро обратиться с вами; и я только догадывался, но не понял то, что происходит в вас.</p>
<p rend="left">Я пережил тот же переворот, который описываете в своем письме, и знаю, что после того совершенного изменения, которое происходит внутри, кажется, что необходимо должно произойти соответствующее изменение и внешней жизни. Но это несправедливо. Внутренняя перемена делает то, что человек относится иначе к внешнему, так что те же внешние условия получают совершенно другое значение.</p>
<p rend="left">Со мной, по крайней мере, было это. Мне хотелось всё изменить; но оказалось, что изменить всего я не мог, именно на основании тех самых основ, во имя которых я хотел изменить, т. е. я хотел устроить себе такую жизнь, в которой я мог бы любовно служить людям, но для этого я должен был нарушить любовные отношения, прежде установившиеся, и заменить их ненавистью. И кончилось тем, что я не изменил свою внешнюю жизнь, но мое отношение к этой жизни невольно изменилось, вследствие моей внутренней перемены. И вот прошло несколько лет, и я увидал, что то, что мне так хотелось изменить, — незачем изменять. Желал бы очень, чтобы вы испытали то же <hi style="opdelimiter">самое.</hi><hi style="opnumber">327</hi></p>
<p rend="left"><hi style="npnumber">328</hi><hi style="npdelimiter">Главное</hi> же, не знаю, говорил ли я вам про это, — это то, чтобы понимать то, что сказано (<choice original_editorial_correction='М[ат]ф[ей'><sic>Мф[ей</sic><corr>Матфей</corr></choice>], XXV), что и я, и вы (и не говорите, что между мною и вами есть разница), жизнь наша не дана нам для нашего увеселения или радости, а мы рабы, орудия, органы бога, которым предназначено делать его дело (а дело, кажущееся незаметным, которое вы сделаете, может быть в тысячу раз важнее громких дел нам известных), и, ежели мы делаем это дело, нам хорошо, где бы ни были, в каких бы условиях ни были, больные или здоровые, старые или молодые. Дело же его есть одно: возрастить порученный мне талант, божественную искру, возращать же его нельзя иначе, как любя ближних и служа им, как и сказано в конце той же главы.</p>
<comments><p rend="Textpetit_otstup left">Отрывок письма, печатается по копии. Дата копии.</p>
</comments></div></body>
        </text>
        </TEI>