<?xml version='1.0' encoding='UTF-8' standalone='no'?>

<TEI xmlns="http://www.tei-c.org/ns/1.0">
       <teiHeader>
          <fileDesc>
             <titleStmt>
                <title>Письмо №153. В редакции газет.</title>
             </titleStmt>
             <publicationStmt>
                <publisher>TolstoyLab</publisher>
                <date when="2015-09-14">14 September 2015</date>
             </publicationStmt>
             <sourceDesc>
                <biblStruct>
                   <analytic>
                      <author>Толстой Л.Н.</author>
                   </analytic>
                   <monogr>
                      <title level="m">Полное собрание сочинений. Том 82</title>
                      <imprint>
                         <pubPlace>Москва</pubPlace>
                         <publisher>Государственное издательство "Художественная литература"</publisher>
                         <date when="1956"/>
                      </imprint>
                   </monogr>
                   <series>
                      <title level="s">Л.Н. Толстой. Полное собрание сочинений</title>
                      <biblScope unit="vol">82</biblScope>
                   </series>
                </biblStruct>
				<bibl>Печатается по копии. На копии сделана приписка: «Таких текстов с собственноручной подписью Льва Николаевича было послано <hi style="opdelimiter">Перперу</hi><hi style="opnumber">120</hi> <hi style="npnumber">121</hi><hi style="npdelimiter">в</hi> Кишенев 4, чтобы разослать газетам, которые сам выберет». Кроме того, на конверте помета Толстого: Послать просьбу о печатании объявлений <choice original_editorial_correction='Рус[ское]'><sic>Рус</sic><corr>Русское</corr></choice> <choice original_editorial_correction='сл[ово]'><sic>сл</sic><corr>слово</corr></choice>, <choice original_editorial_correction='Р[усские]'><sic>Р</sic><corr>Русские</corr></choice> <choice original_editorial_correction='в[едомости]'><sic>в</sic><corr>ведомости</corr></choice>, <choice original_editorial_correction='Р[ечь]'><sic>Р</sic><corr>Речь</corr></choice>. Впервые опубликовано в журнале «Вегетарианское обозрение», 1910, 8, стр. 6.</bibl>
             </sourceDesc>
          </fileDesc>
          <encodingDesc>
             <tagsDecl> </tagsDecl>
          </encodingDesc>
          <profileDesc>
             <correspDesc>
                <correspAction type="sending">
                   <persName ref="PersonList.xml#L_N_Tolstoy">Л. Н. Толстой</persName>
                   <placeName ref="PlacesListxml#PLACE">Кочеты</placeName>
                   <date when="1910-08-24">1910 г. Августа 24.</date>            </correspAction>
                <correspAction type="receiving">
                   <persName ref="PersonList.xml#RECEIVER">В редакции газет.</persName>
                </correspAction>
                <correspContext>
                   <ref type="prev"/>
                </correspContext>
             </correspDesc>
          </profileDesc>
       </teiHeader>
       <xenoData><number type="in a volume">153</number></xenoData>

       <text xml:id="Vredakciigazet_153">
	<body><div>
		<opener index="false">
153. В редакции газет.
1910 г. Августа 24. Кочеты.</opener>
<p rend="left">Редактор сочувственного мне периодического издания «Вегетарианского Обозрения» просит меня о содействии его журналу. Позволяю себе обратиться к вам с просьбой, не говорю разменяться объявлениями в его и вашем издании, но прямо прошу бесплатно напечатать его объявление.</p>
<p rend="left">Исполнением моей просьбы очень обяжете готового к услугам Льва Толстого.</p>
<p rend="left">24 авг. 1910 г.</p>
<p rend="left">Кочеты.</p>
<comments><p rend="Textpetit_otstup left">Печатается по копии. На копии сделана приписка: «Таких текстов с собственноручной подписью Льва Николаевича было послано <hi style="opdelimiter">Перперу</hi><hi style="opnumber">120</hi> <hi style="npnumber">121</hi><hi style="npdelimiter">в</hi> Кишенев 4, чтобы разослать газетам, которые сам выберет». Кроме того, на конверте помета Толстого: Послать просьбу о печатании объявлений <choice original_editorial_correction='Рус[ское]'><sic>Рус</sic><corr>Русское</corr></choice> <choice original_editorial_correction='сл[ово]'><sic>сл</sic><corr>слово</corr></choice>, <choice original_editorial_correction='Р[усские]'><sic>Р</sic><corr>Русские</corr></choice> <choice original_editorial_correction='в[едомости]'><sic>в</sic><corr>ведомости</corr></choice>, <choice original_editorial_correction='Р[ечь]'><sic>Р</sic><corr>Речь</corr></choice>. Впервые опубликовано в журнале «Вегетарианское обозрение», 1910, 8, стр. 6.</p>
<p rend="petit left">Письмо в редакции газет было написано в ответ на просьбу редактора кишиневского журнала «Вегетарианское обозрение» И. И. Перпера (<ref target="file:///Volume_81_I.I.Perperu_176.xml">см. т. 81, письмо № 176</ref>). Письма Толстого были посланы И. И. Перпером в «Русские ведомости», «Речь», «Русское слово» и «Биржевые ведомости», причем первые две газеты напечатали объявление о «Вегетарианском обозрении» по пяти раз на первой странице, вторые две объявления не напечатали». См. Иос. Перпер, «Лев Николаевич и «Вегетарианское обозрение» — «Вегетарианское обозрение» 1911, 8, стр. 6.</p>
</comments></div></body>
        </text>
        </TEI>