<?xml version='1.0' encoding='UTF-8' standalone='no'?>

<TEI xmlns="http://www.tei-c.org/ns/1.0">
       <teiHeader>
          <fileDesc>
             <titleStmt>
                <title>Письмо №428. В Главное управление по делам печати.</title>
             </titleStmt>
             <publicationStmt>
                <publisher>TolstoyLab</publisher>
                <date when="2015-09-14">14 September 2015</date>
             </publicationStmt>
             <sourceDesc>
                <biblStruct>
                   <analytic>
                      <author>Толстой Л.Н.</author>
                   </analytic>
                   <monogr>
                      <title level="m">Полное собрание сочинений. Том 64</title>
                      <imprint>
                         <pubPlace>Москва</pubPlace>
                         <publisher>Государственное издательство "Художественная литература"</publisher>
                         <date when="1954"/>
                      </imprint>
                   </monogr>
                   <series>
                      <title level="s">Л.Н. Толстой. Полное собрание сочинений</title>
                      <biblScope unit="vol">64</biblScope>
                   </series>
                </biblStruct>
				<bibl>Печатается по тексту, впервые опубликованному в «Красной нови» 1928, № 11.</bibl>
             </sourceDesc>
          </fileDesc>
          <encodingDesc>
             <tagsDecl> </tagsDecl>
          </encodingDesc>
          <profileDesc>
             <correspDesc>
                <correspAction type="sending">
                   <persName ref="PersonList.xml#L_N_Tolstoy">Л. Н. Толстой</persName>
                   <placeName ref="PlacesListxml#PLACE">Ясная Поляна</placeName>
                   <date when="1889-09-25">1889 г. Сентября 25.</date>            </correspAction>
                <correspAction type="receiving">
                   <persName ref="PersonList.xml#RECEIVER">В Главное управление по делам печати.</persName>
                </correspAction>
                <correspContext>
                   <ref type="prev"/>
                </correspContext>
             </correspDesc>
          </profileDesc>
       </teiHeader>
       <xenoData><number type="in a volume">428</number></xenoData>

              <text xml:id="V_Glavnoe_upravlenie_po_delam_pechati_428">
	<body><div>
		<opener index="false">
428. В Главное управление по делам печати.
1889 г. Сентября 25. Я. П.</opener>
<p rend="left">В этом виде пьеса эта разрешается мною для представления.</p>
<p rend="right">Лев Толстой.</p>
<p rend="left">25 сентября 1889 г.</p>
<comments><p rend="Textpetit_otstup left">Печатается по тексту, впервые опубликованному в «Красной нови» 1928, № 11.</p>
<p rend="petit left">Написано на рукописи переделки драмы «Власть тьмы» (из-за цензурных условий) А. Морозовым. Однако и в переделанном виде драма была запрещена к постановке. См. т. 26, стр. 724.</p>
<p rend="left" style="margin-bottom: -1.5em;"><hi style="opnumber">306</hi> <hi style="npnumber">307</hi></p>
</comments></div></body>
        </text>
        </TEI>