<?xml version='1.0' encoding='UTF-8' standalone='no'?>

<TEI xmlns="http://www.tei-c.org/ns/1.0">
       <teiHeader>
          <fileDesc>
             <titleStmt>
                <title>Письмо №* 393. В редакцию журнала «Новый путь».</title>
             </titleStmt>
             <publicationStmt>
                <publisher>TolstoyLab</publisher>
                <date when="2015-09-14">14 September 2015</date>
             </publicationStmt>
             <sourceDesc>
                <biblStruct>
                   <analytic>
                      <author>Толстой Л.Н.</author>
                   </analytic>
                   <monogr>
                      <title level="m">Полное собрание сочинений. Том 73</title>
                      <imprint>
                         <pubPlace>Москва</pubPlace>
                         <publisher>Государственное издательство "Художественная литература"</publisher>
                         <date when="1954"/>
                      </imprint>
                   </monogr>
                   <series>
                      <title level="s">Л.Н. Толстой. Полное собрание сочинений</title>
                      <biblScope unit="vol">73</biblScope>
                   </series>
                </biblStruct>
             </sourceDesc>
          </fileDesc>
          <encodingDesc>
             <tagsDecl> </tagsDecl>
          </encodingDesc>
          <profileDesc>
             <correspDesc>
                <correspAction type="sending">
                   <persName ref="PersonList.xml#L_N_Tolstoy">Л. Н. Толстой</persName>
                   <placeName ref="PlacesListxml#PLACE">Ясная Поляна</placeName>
                   <date when="1902-11-25">1902 г. Ноября 25.</date>            </correspAction>
                <correspAction type="receiving">
                   <persName ref="PersonList.xml#RECEIVER">В редакцию журнала «Новый путь».</persName>
                </correspAction>
                <correspContext>
                   <ref type="prev"/>
                </correspContext>
             </correspDesc>
          </profileDesc>
       </teiHeader>
       <xenoData><number type="in a volume">393</number></xenoData>

              <text xml:id="VredakciyuzhurnalaNovyjput._393">
	<body><div>
		<opener index="false">
* 393. В редакцию журнала «Новый путь».
1902 г. Ноября 25. Я. П.</opener>
<p rend="left">Согласен на напечатание этих писем в журнале «Новый Путь».</p>
<p rend="right">Лев Толстой.</p>
<p rend="left">25 ноября 1902.</p>
<comments><p rend="Textpetit_otstup left">Редакция журнала «Новый путь» прислала Толстому гранки с набором пяти писем Толстого к М. А. Новоселову 1886, 1888 и 1889 гг., которые намечены были к опубликованию в разделе «Литературный архив». Телеграммой от 24 ноября редакция сообщила, что цензура не позволяет публикацию без разрешения Толстого.</p>
</comments></div></body>
        </text>
        </TEI>