<?xml version='1.0' encoding='UTF-8' standalone='no'?>

<TEI xmlns="http://www.tei-c.org/ns/1.0">
       <teiHeader>
          <fileDesc>
             <titleStmt>
                <title>Письмо №* 366. Эйльмеру Мооду (Aylmer Mande).</title>
             </titleStmt>
             <publicationStmt>
                <publisher>TolstoyLab</publisher>
                <date when="2015-09-14">14 September 2015</date>
             </publicationStmt>
             <sourceDesc>
                <biblStruct>
                   <analytic>
                      <author>Толстой Л.Н.</author>
                   </analytic>
                   <monogr>
                      <title level="m">Полное собрание сочинений. Том 72</title>
                      <imprint>
                         <pubPlace>Москва</pubPlace>
                         <publisher>Государственное издательство "Художественная литература"</publisher>
                         <date when="1933"/>
                      </imprint>
                   </monogr>
                   <series>
                      <title level="s">Л.Н. Толстой. Полное собрание сочинений</title>
                      <biblScope unit="vol">72</biblScope>
                   </series>
                </biblStruct>
				<bibl>Печатается по фотокопии с автографа, находящегося у адресата. Открытка. Датируется по почтовому штемпелю: «Почтовый вагон, 11 сентября 1900». Публикуется впервые.</bibl>
             </sourceDesc>
          </fileDesc>
          <encodingDesc>
             <tagsDecl> </tagsDecl>
          </encodingDesc>
          <profileDesc>
             <correspDesc>
                <correspAction type="sending">
                   <persName ref="PersonList.xml#L_N_Tolstoy">Л. Н. Толстой</persName>
                   <placeName ref="PlacesListxml#PLACE">Ясная Поляна</placeName>
                   <date when="1900-09-11">1900 г. Сентября 11?</date>            </correspAction>
                <correspAction type="receiving">
                   <persName ref="PersonList.xml#RECEIVER">Эйльмеру Мооду (Aylmer Mande).</persName>
                </correspAction>
                <correspContext>
                   <ref type="prev">Ответ на запросы Эйльмера Моода о переводах статьи «Рабство нашего времени». 16 сентября н. ст. 1900 г. в открытом письме Моод писал (перевод с английского): «В главе IX вы говорите: «Можно себе представить освобождение земли по проекту Генри Джорджа. Мы также <hi style="opdelimiter">можем</hi><hi style="opnumber">451</hi> <hi style="npnumber">452</hi><hi style="npdelimiter">представить</hi> себе уничтожение налогов и перенесение их на богатых» и т. д. Но ведь проект единого налога <hi>включает</hi> уничтожение всех других налогов. Позволите ли вы перевести последнюю часть этого места так: «With reference to taxes besides the single tax plan, we may imagine the abolition of taxes or their transference from the poor to the rich» etc. [«Относительно же налогов, помимо проекта единого налога, мы можем представить себе уничтожение налогов или перенесение их с бедных на богатых» и т. д.]. Обращаю ваше внимание на предпоследнюю фразу, гл. X: не совсем ясно, чтò значит «это». <hi>Смысл</hi> ясен, но грамматическое построение не точно». На другой день: «Пожалуйста, простите меня, что так часто беспокою вас относительно перевода. Я уже дважды писал о нем и надеюсь, что вы получили и оба письма и открытку. В гл. X: «Так например, в России отбирается от народа ⅓ всего дохода». Означают ли эти слова, что ⅓ всего государственного дохода собирается с крестьян? Судя по идущим вслед за этим <hi>1</hi>/<sub>5</sub> или<hi> 49</hi>/<sub>50</sub>, несомненно означающим доход <hi>государства</hi>, я заключаю, что то же самое подразумевается и в первом случае, но можно понять и так, что ⅓ всего народного дохода отбирается налогами. Пожалуйста, известите меня, чтò правильнее. В полученной мною копии, в гл. X, подчеркнуто <hi>два</hi> места: 1) <hi>о налогах</hi> и 2) <hi>о собственности.</hi> По аналогии, думаю, что следует подчеркнуть и стоящее раньше выражение о <hi>земле».</hi> </ref>
                </correspContext>
             </correspDesc>
          </profileDesc>
       </teiHeader>
       <xenoData><number type="in a volume">366</number></xenoData>

              <text xml:id="EjlmeruMooduAylmerMaude_366">
	<body><div>
		<opener index="false">
* 366. Эйльмеру Мооду (Aylmer Mande).
1900 г. Сентября 11? Я. П.</opener>
<p rend="left">I just received your card and letter. 1) Chap. IX. Could not you say: «we can also imagine the direct abolition of taxes or their <choice original_editorial_correction='transf[erence]'><sic>transf</sic><corr>transference</corr></choice> from the poor to the rich, besides the single Tax plan»?<note xml:id="note1" resp="volume_editor" index="false"> Речь идет о третьем абзаце девятой главы «Рабства нашего времени»: «...также можно себе представить и уничтожение податей, перенесение их на богатых, как это и совершается теперь в некоторых странах...». В переводе Моода, в книге «The Slavery of our Times», by Leo Tolstoy. Translated from the Russian MS, by Aylmer Maude. With Introduction by Translator. «The Free Age Press», Maldon, 1900, стр. 72, это место переведено так: «We can also besides the Single-Tax plan, imagine the direct abolition of taxes, or that they should be transferred from the poor to the rich, as is being done now in some countries».</note> If not, let it be as you propose. The not clear meaning of <hi>это</hi> I can not correct.<note xml:id="note2" resp="volume_editor" index="false"> Последняя фраза предпоследнего абзаца девятой главы: «Если же, работая у капиталиста, он мог бы установить с ним свободные отношения, такие, при которых ему не нужно было бы отдавать свою свободу, то неизбежно усвоенные им привычки новых потребностей заставят его сделать это». Переведено: «If working for a capitalist, he might set up free relations with him, and not be obliged to sell his liberty, yet the new requirements wich he assimilates deprive him of any such possibility» (там же, стр. 74).</note> I have not the manuscript. Tchertkoff can do it. In Ch. X I mean the income of the whole people.<hi>3 </hi>All the rest as you propose.<note xml:id="note3" resp="volume_editor" index="false"> Указанные Моодом фразы напечатаны курсивом и в русском и в английском изданиях.</note></p>
<p rend="right">Yours L. T.</p>
<lb/>
<p rend="left"><hi>На обороте:</hi> Англия. England. Gr. Baddow, Chelmsford, Essex. Aylmer Maude.</p>
<comments><p rend="Textpetit_otstup left">Я только что получил вашу открытку и письмо. 1) Глава IX: Не могли бы вы сказать: «мы также можем себе представить прямое уничтожение налогов или перенесение их с бедных на богатых, помимо проекта единого налога»?<note xml:id="note4" resp="volume_editor" index="false"> Речь идет о третьем абзаце девятой главы «Рабства нашего времени»: «...также можно себе представить и уничтожение податей, перенесение их на богатых, как это и совершается теперь в некоторых странах...». В переводе Моода, в книге «The Slavery of our Times», by Leo Tolstoy. Translated from the Russian MS, by Aylmer Maude. With Introduction by Translator. «The Free Age Press», Maldon, 1900, стр. 72, это место переведено так: «We can also besides the Single-Tax plan, imagine the direct abolition of taxes, or that they should be transferred from the poor to the rich, as is being done now in some countries».</note> Если нет, то пусть будет согласно вашему предложению. Неясный смысл слова <hi>это</hi> я не могу исправить.<note xml:id="note5" resp="volume_editor" index="false"> Последняя фраза предпоследнего абзаца девятой главы: «Если же, работая у капиталиста, он мог бы установить с ним свободные отношения, такие, при которых ему не нужно было бы отдавать свою свободу, то неизбежно усвоенные им привычки новых потребностей заставят его сделать это». Переведено: «If working for a capitalist, he might set up free relations with him, and not be obliged to sell his liberty, yet the new requirements wich he assimilates deprive him of any such possibility» (там же, стр. 74).</note> У меня нет рукописи. Чертков же сможет это сделать. В главе X я подразумеваю доход всего народа.<note xml:id="note6" resp="volume_editor" index="false"> Девятый абзац десятой главы: «Так например, в России отбирается от народа треть всего дохода, а на самую главную нужду, на народное образование, употребляется <hi>1</hi>/<sub>50</sub> часть всего дохода, и то на такое образование, которое больше вредит народу, одуряя его, чем приносит ему пользу. Остальные же <hi>49</hi>/<sub>50</sub> употребляются на ненужные и вредные для народа дела, как вооружение войска, стратегические дороги, крепости, тюрьмы, содержание духовенства, на жалованье военным и статским чиновникам, т. е. на содержание тех людей, которые поддерживают возможность отбирать эти деньги у народа». Переведено: «For instance, in Russia one third of the peasants’ whole income is taken in taxes, but only one fiftieth of <hi style="opdelimiter">the</hi><hi style="opnumber">452</hi> <hi style="npnumber">453</hi><hi style="npdelimiter">State</hi> revenue is spent on their greatest need, the education of the people; and even that amount is spent on a kind of education wich, by stupefying the people, harms them more than it benefits them. The other forty-nine-fiftieth are spent on unnecessary things, harmful for the people, such as equipping the army, building strategical railways, forts and prisons, or supporting the priesthood and the court, and on salaries for those people who make it possible to take the money from the people» (там же, стр. 79).</note> Всё остальное так, как вы предлагаете.<note xml:id="note7" resp="volume_editor" index="false"> Указанные Моодом фразы напечатаны курсивом и в русском и в английском изданиях.</note></p>
<p rend="petit right">Ваш Л. Т.</p>
<p rend="Textpetit_otstup left">Печатается по фотокопии с автографа, находящегося у адресата. Открытка. Датируется по почтовому штемпелю: «Почтовый вагон, 11 сентября 1900». Публикуется впервые.</p>
<p rend="petit left">Ответ на запросы Эйльмера Моода о переводах статьи «Рабство нашего времени». 16 сентября н. ст. 1900 г. в открытом письме Моод писал (перевод с английского): «В главе IX вы говорите: «Можно себе представить освобождение земли по проекту Генри Джорджа. Мы также <hi style="opdelimiter">можем</hi><hi style="opnumber">451</hi> <hi style="npnumber">452</hi><hi style="npdelimiter">представить</hi> себе уничтожение налогов и перенесение их на богатых» и т. д. Но ведь проект единого налога <hi>включает</hi> уничтожение всех других налогов. Позволите ли вы перевести последнюю часть этого места так: «With reference to taxes besides the single tax plan, we may imagine the abolition of taxes or their transference from the poor to the rich» etc. [«Относительно же налогов, помимо проекта единого налога, мы можем представить себе уничтожение налогов или перенесение их с бедных на богатых» и т. д.]. Обращаю ваше внимание на предпоследнюю фразу, гл. X: не совсем ясно, чтò значит «это». <hi>Смысл</hi> ясен, но грамматическое построение не точно». На другой день: «Пожалуйста, простите меня, что так часто беспокою вас относительно перевода. Я уже дважды писал о нем и надеюсь, что вы получили и оба письма и открытку. В гл. X: «Так например, в России отбирается от народа ⅓ всего дохода». Означают ли эти слова, что ⅓ всего государственного дохода собирается с крестьян? Судя по идущим вслед за этим <hi>1</hi>/<sub>5</sub> или<hi> 49</hi>/<sub>50</sub>, несомненно означающим доход <hi>государства</hi>, я заключаю, что то же самое подразумевается и в первом случае, но можно понять и так, что ⅓ всего народного дохода отбирается налогами. Пожалуйста, известите меня, чтò правильнее. В полученной мною копии, в гл. X, подчеркнуто <hi>два</hi> места: 1) <hi>о налогах</hi> и 2) <hi>о собственности.</hi> По аналогии, думаю, что следует подчеркнуть и стоящее раньше выражение о <hi>земле».</hi> </p>
<p rend="Textpetit_otstup left"><hi>1</hi> Речь идет о третьем абзаце девятой главы «Рабства нашего времени»: «...также можно себе представить и уничтожение податей, перенесение их на богатых, как это и совершается теперь в некоторых странах...». В переводе Моода, в книге «The Slavery of our Times», by Leo Tolstoy. Translated from the Russian MS, by Aylmer Maude. With Introduction by Translator. «The Free Age Press», Maldon, 1900, стр. 72, это место переведено так: «We can also besides the Single-Tax plan, imagine the direct abolition of taxes, or that they should be transferred from the poor to the rich, as is being done now in some countries».</p>
<p rend="petit left"><hi>2</hi> Последняя фраза предпоследнего абзаца девятой главы: «Если же, работая у капиталиста, он мог бы установить с ним свободные отношения, такие, при которых ему не нужно было бы отдавать свою свободу, то неизбежно усвоенные им привычки новых потребностей заставят его сделать это». Переведено: «If working for a capitalist, he might set up free relations with him, and not be obliged to sell his liberty, yet the new requirements wich he assimilates deprive him of any such possibility» (там же, стр. 74).</p>
<p rend="petit left"><hi>3</hi> Девятый абзац десятой главы: «Так например, в России отбирается от народа треть всего дохода, а на самую главную нужду, на народное образование, употребляется <hi>1</hi>/<sub>50</sub> часть всего дохода, и то на такое образование, которое больше вредит народу, одуряя его, чем приносит ему пользу. Остальные же <hi>49</hi>/<sub>50</sub> употребляются на ненужные и вредные для народа дела, как вооружение войска, стратегические дороги, крепости, тюрьмы, содержание духовенства, на жалованье военным и статским чиновникам, т. е. на содержание тех людей, которые поддерживают возможность отбирать эти деньги у народа». Переведено: «For instance, in Russia one third of the peasants’ whole income is taken in taxes, but only one fiftieth of <hi style="opdelimiter">the</hi><hi style="opnumber">452</hi> <hi style="npnumber">453</hi><hi style="npdelimiter">State</hi> revenue is spent on their greatest need, the education of the people; and even that amount is spent on a kind of education wich, by stupefying the people, harms them more than it benefits them. The other forty-nine-fiftieth are spent on unnecessary things, harmful for the people, such as equipping the army, building strategical railways, forts and prisons, or supporting the priesthood and the court, and on salaries for those people who make it possible to take the money from the people» (там же, стр. 79).</p>
<p rend="petit left"><hi>4</hi> Указанные Моодом фразы напечатаны курсивом и в русском и в английском изданиях.</p>
</comments></div></body>
        </text>
        </TEI>