<?xml version='1.0' encoding='UTF-8' standalone='no'?>

<TEI xmlns="http://www.tei-c.org/ns/1.0">
       <teiHeader>
          <fileDesc>
             <titleStmt>
                <title>Письмо №* 259. Н. А. Ференцеву.</title>
             </titleStmt>
             <publicationStmt>
                <publisher>TolstoyLab</publisher>
                <date when="2015-09-14">14 September 2015</date>
             </publicationStmt>
             <sourceDesc>
                <biblStruct>
                   <analytic>
                      <author>Толстой Л.Н.</author>
                   </analytic>
                   <monogr>
                      <title level="m">Полное собрание сочинений. Том 78</title>
                      <imprint>
                         <pubPlace>Москва</pubPlace>
                         <publisher>Государственное издательство "Художественная литература"</publisher>
                         <date when="1956"/>
                      </imprint>
                   </monogr>
                   <series>
                      <title level="s">Л.Н. Толстой. Полное собрание сочинений</title>
                      <biblScope unit="vol">78</biblScope>
                   </series>
                </biblStruct>
				<bibl>Печатается по черновику-автографу, написанному на листе из запиской книжки. Основание датировки: написано на одном листе с началом письма в редакции газет от 21 сентября 1908 <hi style="opdelimiter">г.</hi><hi style="opnumber">235</hi></bibl>
             </sourceDesc>
          </fileDesc>
          <encodingDesc>
             <tagsDecl> </tagsDecl>
          </encodingDesc>
          <profileDesc>
             <correspDesc>
                <correspAction type="sending">
                   <persName ref="PersonList.xml#L_N_Tolstoy">Л. Н. Толстой</persName>
                   <placeName ref="PlacesListxml#PLACE">Ясная Поляна</placeName>
                   <date when="1908-09-21">1908 г. Сентября 21?</date>            </correspAction>
                <correspAction type="receiving">
                   <persName ref="PersonList.xml#RECEIVER">Н. А. Ференцеву..</persName>
                </correspAction>
                <correspContext>
                   <ref type="prev"/>
                </correspContext>
             </correspDesc>
          </profileDesc>
       </teiHeader>
       <xenoData><number type="in a volume">259</number></xenoData>

              <text xml:id="N.A.Ferencevu_259">
	<body><div>
		<opener index="false">
* 259. Н. А. Ференцеву. Неотправленное.
1908 г. Сентября 21? Я. П.</opener>
<p rend="left">Прошу вас возвратить мне добытую вами через горничную карточку моей дочери и прекратить<note xml:id="note1" resp="volume_editor" index="false"><hi>Зачеркнуто:</hi> могущее иметь для вас неприятные последствия.</note> писание ей ничем не<note xml:id="note2" resp="volume_editor" index="false"><hi>Зач.:</hi> вызванных</note> оправдываемых, бессмысленно<note xml:id="note3" resp="volume_editor" index="false"> <hi>Зач.:</hi> оскорбительных</note> неприличных писем, представляющихся мне поступком или невменяемого, или очень злого человека.</p>
<comments><p rend="Textpetit_otstup left">Печатается по черновику-автографу, написанному на листе из запиской книжки. Основание датировки: написано на одном листе с началом письма в редакции газет от 21 сентября 1908 <hi style="opdelimiter">г.</hi><hi style="opnumber">235</hi></p>
<p rend="petit left"><hi style="npnumber">236</hi><hi style="npdelimiter">Николай</hi> Андреевич Ференцев — житель Тулы, служащий. Впоследствии переехал в Петербург. Других сведений о нем и об этом эпизоде, касающемся A. Л. Толстой, редакция не имеет.</p>
<p rend="Textpetit_otstup left"><hi>1 </hi><hi>Зачеркнуто:</hi> могущее иметь для вас неприятные последствия.</p>
<p rend="petit left"><hi>2 </hi><hi>Зач.:</hi> вызванных</p>
<p rend="petit left"><hi>3</hi> <hi>Зач.:</hi> оскорбительных</p>
</comments></div></body>
        </text>
        </TEI>