<?xml version='1.0' encoding='UTF-8' standalone='no'?>

<TEI xmlns="http://www.tei-c.org/ns/1.0">
       <teiHeader>
          <fileDesc>
             <titleStmt>
                <title>Письмо №* 152. В редакцию «North American Newspaper».</title>
             </titleStmt>
             <publicationStmt>
                <publisher>TolstoyLab</publisher>
                <date when="2015-09-14">14 September 2015</date>
             </publicationStmt>
             <sourceDesc>
                <biblStruct>
                   <analytic>
                      <author>Толстой Л.Н.</author>
                   </analytic>
                   <monogr>
                      <title level="m">Полное собрание сочинений. Том 74</title>
                      <imprint>
                         <pubPlace>Москва</pubPlace>
                         <publisher>Государственное издательство "Художественная литература"</publisher>
                         <date when="1954"/>
                      </imprint>
                   </monogr>
                   <series>
                      <title level="s">Л.Н. Толстой. Полное собрание сочинений</title>
                      <biblScope unit="vol">74</biblScope>
                   </series>
                </biblStruct>
				<bibl>Печатается по листу копировальной книги.</bibl>
             </sourceDesc>
          </fileDesc>
          <encodingDesc>
             <tagsDecl> </tagsDecl>
          </encodingDesc>
          <profileDesc>
             <correspDesc>
                <correspAction type="sending">
                   <persName ref="PersonList.xml#L_N_Tolstoy">Л. Н. Толстой</persName>
                   <placeName ref="PlacesListxml#PLACE">Ясная Поляна</placeName>
                   <date when="1903-05-10">1903 г. Мая 10</date>            </correspAction>
                <correspAction type="receiving">
                   <persName ref="PersonList.xml#RECEIVER">В редакцию «North American Newspaper».</persName>
                </correspAction>
                <correspContext>
                   <ref type="prev"/>
                </correspContext>
             </correspDesc>
          </profileDesc>
       </teiHeader>
       <xenoData><number type="in a volume">152</number></xenoData>

              <text xml:id="a_152">
	<body><div>
		<opener index="false">
* 152. В редакцию «North American Newspaper».

1903г. Мая 10/23. Я. П.
</opener>
<p rend="Obrashenie left">Dear Sir,</p>
<p rend="left">I have sent to day by telegraph my answer to your question; but being affraid that my answer will not reach you, I repeat it by letter. It is as <hi style="opdelimiter">follows:</hi><hi style="opnumber">125</hi></p>
<p rend="left"><hi style="npnumber">126</hi><hi style="npdelimiter"><hi>Guilty</hi></hi> <hi>is governement firstly excluding Jews as a separate cast from common rights, secondly inculcating by force to russian people an idolatrous faith instead of Christianity</hi>.</p>
<p rend="right rightindent">Yours truly</p>
<p rend="right">Leo Tolstoy.</p>
<p rend="left">1903. 23 Mai.</p>
<lb/>
<p rend="Obrashenie petit left">Милостивый государь,</p>
<p rend="petit left">Послал сегодня телеграфом мой ответ на ваш вопрос, но, боясь, что он не дойдет до вас, повторяю его в письме. Ответ этот следующий:</p>
<p rend="left"><hi>Виновато правительство, первое: выделением евреев в особую касту, лишенную общих прав; второе: насильственным внушением народу идолопоклонства под видом христианства.</hi></p>
<p rend="petit right rightindent">Искренно ваш</p>
<p rend="petit right">Лев Толстой.</p>
<p rend="petit left">1903. 23 мая.</p>
<comments><p rend="Textpetit_otstup left">Печатается по листу копировальной книги.</p>
</comments></div></body>
        </text>
        </TEI>