<?xml version='1.0' encoding='UTF-8' standalone='no'?>

<TEI xmlns="http://www.tei-c.org/ns/1.0">
       <teiHeader>
          <fileDesc>
             <titleStmt>
                <title>Письмо №345. Эдьмеру Мооду (Aylmer Maude).</title>
             </titleStmt>
             <publicationStmt>
                <publisher>TolstoyLab</publisher>
                <date when="2015-09-14">14 September 2015</date>
             </publicationStmt>
             <sourceDesc>
                <biblStruct>
                   <analytic>
                      <author>Толстой Л.Н.</author>
                   </analytic>
                   <monogr>
                      <title level="m">Полное собрание сочинений. Том 71</title>
                      <imprint>
                         <pubPlace>Москва</pubPlace>
                         <publisher>Государственное издательство "Художественная литература"</publisher>
                         <date when="1954"/>
                      </imprint>
                   </monogr>
                   <series>
                      <title level="s">Л.Н. Толстой. Полное собрание сочинений</title>
                      <biblScope unit="vol">71</biblScope>
                   </series>
                </biblStruct>
				<bibl>Печатается по фотокопии. Впервые опубликовано в книге: «Aylmer Maude. The Life of Tolstoy», II, London 1910, стр. 560, и по-русски в ПТС, I, № 201.</bibl>
             </sourceDesc>
          </fileDesc>
          <encodingDesc>
             <tagsDecl> </tagsDecl>
          </encodingDesc>
          <profileDesc>
             <correspDesc>
                <correspAction type="sending">
                   <persName ref="PersonList.xml#L_N_Tolstoy">Л. Н. Толстой</persName>
                   <placeName ref="PlacesListxml#PLACE">Москва</placeName>
                   <date when="1898-12-12">1898 г. Декабря 12.</date>            </correspAction>
                <correspAction type="receiving">
                   <persName ref="PersonList.xml#RECEIVER">Эдьмеру Мооду (Aylmer Maude).</persName>
                </correspAction>
                <correspContext>
                   <ref type="prev">Ответ на письмо Моода от 10 декабря нов. ст., написанное на пароходе по дороге из Бостона в Ливерпуль, в котором Моод сообщал свои впечатления от знакомств в Америке и между прочим писал о Хоуэлсе (Howells), старике-американце из Нью-Йорка, во многом разделявшем взгляды Толстого.</ref>
                </correspContext>
             </correspDesc>
          </profileDesc>
       </teiHeader>
       <xenoData><number type="in a volume">345</number></xenoData>

              <text xml:id="E.MooduA.Maude_345">
	<body><div>
		<opener index="false">
345. Эдьмеру Мооду (Aylmer Maude).
1898 г. Декабря 12. Москва.
</opener>
<p rend="Obrashenie left">Дорогой друг Моод,</p>
<p rend="left">Сейчас получил ваше второе письмо с парохода, в котором вы пишете мне про Howells’a и др. Howells мне особенно симпатичен по всему, что я знаю о нем. Что вы знаете и думаете про Christian Commonwealth?<note xml:id="note1" resp="volume_editor" index="false"> См. прим. к письму № 50.</note> Меня очень интересует это общество. Чем больше я живу, тем больше убеждаюсь, что наше чрезмерное умственное развитие много мешает нам в деле жизни. Сын мой спросил раз мужика, отчего он не стал жить у соседа помещика? Мужик отвечал: у него жить нельзя. — Отчего? — Дюже умен. — И я думаю, что большинство наших неудач происходит от того, что мы дюже умны. Как просто и легко достигают духоборы того, что кажется нам недосягаемо с нашим умом и ученостью. Боюсь, что в этом будет состоять и в Commonwealth препятствие к достижению их цели. В последнем № <hi style="opdelimiter">я</hi><hi style="opnumber">512</hi> <hi style="npnumber">513</hi><hi style="npdelimiter">прочел</hi> рассуждение о том, что патриотизм <choice original_editorial_correction='мож[ет]'><sic>мож</sic><corr>может</corr></choice> <choice original_editorial_correction='бы[ть]'><sic>бы</sic><corr>быть</corr></choice> хорошим.<note xml:id="note2" resp="volume_editor" index="false"> Толстой имеет в виду одну из статей в журнале «The Social Gospel» за 1898 г.</note> Это грустно.</p>
<p rend="left">Чертков пишет, что он не хочет и не может больше заниматься делом духоборов, часть <choice original_editorial_correction='кот[орого]'><sic>кот</sic><corr>которого</corr></choice> составляет издание и продажа переводов моей повести.<note xml:id="note3" resp="volume_editor" index="false"> 7 декабря В. Г. Чертков писал, что Моод вернулся из Канады, и просил Толстого написать Мооду письмо, с тем чтобы он взял на себя всё дело заграничного издания «Воскресения», а также и сношения с Канадой по делу духоборов. См. т. 88.</note> Archer, сколько я помню, уезжает в Канаду, и потому невольно мы все возлагаем надежду на вас. Как ни совестно просить вас после того, как вы только что окончили свой труд для общего дела, взять на себя новый труд, мы не можем не делать этого. Если вы согласитесь, то я буду стараться избавлять вас, насколько могу, от лишнего труда в той мере, в <choice original_editorial_correction='кот[орой]'><sic>кот</sic><corr>которой</corr></choice> это мне здесь возможно.</p>
<p rend="left">Кажется, что теперь самое трудное перейдено и пойдет под гору.</p>
<p rend="left">Так вот, любезный друг, пожалуйста не откажите помогать нам и поскорее ответьте, чтобы успокоить нас.</p>
<p rend="left">Передайте мой братский привет вашей жене.</p>
<p rend="right">Любящий вас</p>
<lb/>
<p rend="left">12 дек. </p>
<p rend="right">Лев Толстой.</p>
<comments><p rend="Textpetit_otstup left">Печатается по фотокопии. Впервые опубликовано в книге: «Aylmer Maude. The Life of Tolstoy», II, London 1910, стр. 560, и по-русски в ПТС, I, № 201.</p>
<p rend="petit left">Ответ на письмо Моода от 10 декабря нов. ст., написанное на пароходе по дороге из Бостона в Ливерпуль, в котором Моод сообщал свои впечатления от знакомств в Америке и между прочим писал о Хоуэлсе (Howells), старике-американце из Нью-Йорка, во многом разделявшем взгляды Толстого.</p>
<p rend="Textpetit_otstup left"><hi>1</hi> См. прим. к письму № 50.</p>
<p rend="petit left"><hi>2</hi> Толстой имеет в виду одну из статей в журнале «The Social Gospel» за 1898 г.</p>
<p rend="petit left"><hi>3</hi> 7 декабря В. Г. Чертков писал, что Моод вернулся из Канады, и просил Толстого написать Мооду письмо, с тем чтобы он взял на себя всё дело заграничного издания «Воскресения», а также и сношения с Канадой по делу духоборов. См. т. 88.</p>
</comments></div></body>
        </text>
        </TEI>