<?xml version='1.0' encoding='UTF-8' standalone='no'?>

<TEI xmlns="http://www.tei-c.org/ns/1.0">
       <teiHeader>
          <fileDesc>
             <titleStmt>
                <title>Письмо №191. Неизвестному.</title>
             </titleStmt>
             <publicationStmt>
                <publisher>TolstoyLab</publisher>
                <date when="2015-09-14">14 September 2015</date>
             </publicationStmt>
             <sourceDesc>
                <biblStruct>
                   <analytic>
                      <author>Толстой Л.Н.</author>
                   </analytic>
                   <monogr>
                      <title level="m">Полное собрание сочинений. Том 63</title>
                      <imprint>
                         <pubPlace>Москва</pubPlace>
                         <publisher>Государственное издательство "Художественная литература"</publisher>
                         <date when="1934"/>
                      </imprint>
                   </monogr>
                   <series>
                      <title level="s">Л.Н. Толстой. Полное собрание сочинений</title>
                      <biblScope unit="vol">63</biblScope>
                   </series>
                </biblStruct>
				<bibl>Печатается по автографу, хранящемуся в ГТМ. Написано на полулисте писчей бумаги, согнутом вдвое. Исписано две с четвертью страницы. Четвертую страницу занимает отрывок из статьи «В чем моя вера?». Впервые опубликовано Н. Н. Гусевым в TT I, стр. 26—27. Датируется на основании следующих соображений. Дело Мельницкого разбиралось в Московской судебной палате 4—8 ноября 1882 г В этом же письме Толстой говорит о нем, как о давно прошедшем и, между прочим, замечает: «Это было давно — более года». Следовательно письмо Толстого по этому поводу было написано не ранее декабря 1883 г.</bibl>
             </sourceDesc>
          </fileDesc>
          <encodingDesc>
             <tagsDecl> </tagsDecl>
          </encodingDesc>
          <profileDesc>
             <correspDesc>
                <correspAction type="draft">
                   <persName ref="PersonList.xml#L_N_Tolstoy">Л. Н. Толстой</persName>
                   <placeName ref="PlacesListxml#PLACE"/>
                   <date from="1883-12" to="1883-01">1883 г. Декабрь — 1884 г. Январь?</date>            </correspAction>
                <correspAction type="receiving">
                   <persName ref="PersonList.xml#RECEIVER">Неизвестному</persName>
                </correspAction>
                <correspContext>
                   <ref type="prev"/>
                </correspContext>
             </correspDesc>
          </profileDesc>
       </teiHeader>
       <xenoData><number type="in a volume">191</number></xenoData>

              <text xml:id="Neizvestnomu_191">
	<body><div>
		<opener index="false">
191. Неизвестному. Черновое.
1883 г. Декабрь — 1884 г. Январь?
</opener>
<p rend="Obrashenie left"><choice original_editorial_correction='М[илостивый]'><sic>М</sic><corr>Милостивый</corr></choice> <choice original_editorial_correction='Г[осударь]'><sic>Г</sic><corr>Государь</corr></choice>,</p>
<p rend="left">Вы <choice><reg>хотели</reg><orig>хотѣли</orig></choice> знать, почему <choice><reg>дело</reg><orig>дѣло</orig></choice> <choice><reg>Мельницкого</reg><orig>Мельницкаго</orig></choice><note xml:id="note1" resp="volume_editor" index="false"> «Дело Мельницкого» — в печати известно, как «дело Мельницкого и Литвинова». Суть дела такова. Мельницкий, Федор Илиодорович, казначей Московского воспитательного дома, 3 ноября 1881 г. отправился в сопровождении счетчика Литвинова в Московскую контору Государственного банка, для получения трехсот тридцати девяти тысяч рублей на нужды Воспитательного дома. Получив эту сумму, он отсчитал тридцать одну с половиной тысячи рублей (необходимые на покрытие текущих нужд), и отправил ее со счетчиком Литвиновым; сам же, уложив оставшиеся деньги в кожаный саквояж, направился в Купеческий банк, чтобы внести эти деньги на текущий счет Воспитательного дома. По дороге, почувствовав головокружение, сел. Когда же через некоторое время пришел в себя, он заметил, что саквояжа нет. Тут же он отправился и заявил о происшедшем прокурору Судебной палаты и оберполицейместеру, прося арестовать его. Так освещалось дело по показаниям самого Ф. И. Мельницкого. Однако исследования по этому делу, охватившие его поведение за всю его служебную жизнь, привели к мысли о том, что Ф. И. Мельницкий симулировал свое ограбление, передав саквояж с деньгами своему сыну Б. Ф. Мельницкому. Ряд злоупотреблений и преступлений по службе, выяснившихся в процессе следствия, дали основания к аресту. Дело Ф. И. Мельницкого разбиралось в Московской судебной палате 4—8 ноября 1882 г. Приговором суда он был присужден к ссылке в Томскую губернию и лишению всех особенных прав. Литвинов был оправдан.</note> <choice><reg>так</reg><orig>такъ</orig></choice> интересовало меня, что я <choice><reg>сказал</reg><orig>сказалъ</orig></choice> Г. Одарченко,<note xml:id="note2" resp="volume_editor" index="false"> Константин Филиппович Одарченко (ум. 12 апреля 1905 г.) — московский присяжный поверенный, экономист, автор книг по вопросам земского самоуправления. Был лично знаком с Толстым. См. его воспоминания: «Разговоры с Л. Н. Толстым» — «Русский труд», 1898, 31.</note> что охотно бы <choice><reg>взял</reg><orig>взялъ</orig></choice> на себя защиту <choice><reg>Мельницкого</reg><orig>Мельницкаго</orig></choice> — вы <choice><reg>хотели</reg><orig>хотѣли</orig></choice> знать, чтò именно я <choice><reg>думал</reg><orig>думалъ</orig></choice> сказать по этому случаю. — Это было давно, — <choice><reg>более</reg><orig>болѣе</orig></choice> года; я уже <choice><reg>забыл</reg><orig>забылъ</orig></choice> <choice><reg>тот</reg><orig>тотъ</orig></choice> <choice><reg>ход</reg><orig>ходъ</orig></choice> мыслей; и теперь, вспоминая, могу <choice><reg>восстановить</reg><orig>возстановить</orig></choice> только главное, а именно:</p>
<p rend="left"><choice><reg>Вопервых</reg><orig>Вопервыхъ</orig></choice>, <choice><reg>поступок</reg><orig>поступокъ</orig></choice> <choice><reg>Мельницкого</reg><orig>Мельницкаго</orig></choice> отца никогда не представлялся <choice><reg>мне</reg><orig>мнѣ</orig></choice> <choice><reg>таким</reg><orig>такимъ</orig></choice> <choice><reg>возмутительным</reg><orig>возмутительнымъ</orig></choice>, <choice><reg>каким</reg><orig>какимъ</orig></choice> <choice><reg>он</reg><orig>онъ</orig></choice> выставлялся <choice><reg>общественным</reg><orig>общественнымъ</orig></choice> <choice><reg>мнением</reg><orig>мнѣнiемъ</orig></choice>. <choice><reg>Поступок</reg><orig>Поступокъ</orig></choice> <choice><reg>этот</reg><orig>этотъ</orig></choice> <choice><reg>мне</reg><orig>мнѣ</orig></choice> представляется прежде всего «<choice><reg>умным</reg><orig>умнымъ</orig></choice>»,<note xml:id="note3" resp="volume_editor" index="false"> <hi>Слово:</hi> <choice><reg>умным</reg><orig>умнымъ</orig></choice> <hi>написано над зачеркнутым:</hi> <choice><reg>мудрым</reg><orig>мудрымъ</orig></choice></note> именно <choice><reg>умным</reg><orig>умнымъ</orig></choice>, <choice><reg>каким</reg><orig>какимъ</orig></choice> <choice><reg>представляет</reg><orig>представляетъ</orig></choice> <choice><reg>нам</reg><orig>намъ</orig></choice> <choice original_editorial_correction='Хр[истос]'><sic>Хр</sic><corr><choice><reg>Христос</reg><orig>Христосъ</orig></choice></corr></choice> <choice><reg>поступок</reg><orig>поступокъ</orig></choice> <choice><reg>неверного</reg><orig>невѣрнаго</orig></choice> управителя, говоря, что сыны <choice><reg>мира</reg><orig>мiра</orig></choice> сего <choice><reg>умнее</reg><orig>умнѣе</orig></choice> <choice><reg>сынов</reg><orig>сыновъ</orig></choice> <choice><reg>света</reg><orig>свѣта</orig></choice> <choice><reg>в</reg><orig>въ</orig></choice> <choice><reg>своем</reg><orig>своемъ</orig></choice> <choice><reg>роде</reg><orig>родѣ</orig></choice>. Преступность же <choice><reg>этого</reg><orig>этаго</orig></choice> поступка <choice><reg>перед</reg><orig>передъ</orig></choice> <choice><reg>судом</reg><orig>судомъ</orig></choice> <choice><reg>сынов</reg><orig>сыновъ</orig></choice> <choice><reg>мира</reg><orig>мiра</orig></choice> я <choice><reg>решительно</reg><orig>рѣшительно</orig></choice> не <choice><reg>мог</reg><orig>могъ</orig></choice> <choice><reg>видеть</reg><orig>видѣть</orig></choice>. — Осуждали и <choice><reg>осуждают</reg><orig>осуждаютъ</orig></choice> <choice><reg>Мельницкого</reg><orig>Мельницкаго</orig></choice> сыны <choice><reg>мира</reg><orig>мiра</orig></choice>, т. е. <choice><reg>те</reg><orig>тѣ</orig></choice> самые люди, <choice><reg>деятельность</reg><orig>дѣятельность</orig></choice> <choice><reg>которых</reg><orig>которыхъ</orig></choice> всю <choice><reg>их</reg><orig>ихъ</orig></choice> жизнь направлена <choice><reg>к</reg><orig>къ</orig></choice> <choice><reg>приобретению</reg><orig>прiобрѣтенiю</orig></choice> <choice><reg>палат</reg><orig>палатъ</orig></choice> <choice><reg>каменных</reg><orig>каменныхъ</orig></choice>, <choice><reg>как</reg><orig>какъ</orig></choice> мы <choice><reg>все</reg><orig>всѣ</orig></choice> <choice><reg>знаем</reg><orig>знаемъ</orig></choice>, не <choice><reg>от</reg><orig>отъ</orig></choice> <choice><reg>трудов</reg><orig>трудовъ</orig></choice> <choice><reg>праведных</reg><orig>праведныхъ</orig></choice>. <choice><reg>Христос</reg><orig>Христосъ</orig></choice> при <choice><reg>суде</reg><orig>судѣ</orig></choice> блудницы <choice><reg>сказал</reg><orig>сказалъ</orig></choice>: пусть <choice><reg>тот</reg><orig>тотъ</orig></choice>, кто <choice><reg>без</reg><orig>безъ</orig></choice> <choice><reg>греха</reg><orig>грѣха</orig></choice>, <choice><reg>бросит</reg><orig>броситъ</orig></choice> первый камень. Еще можно допустить, <choice><reg>чтоб</reg><orig>чтобъ</orig></choice> нашлись <choice><reg>в</reg><orig>въ</orig></choice> <choice><reg>среде</reg><orig>средѣ</orig></choice> <choice><reg>судивших</reg><orig>судившихъ</orig></choice> люди, невиновные <choice><reg>в</reg><orig>въ</orig></choice> <choice><reg>прелюбодеянии</reg><orig>прелюбодѣянiи</orig></choice>; но неужели <choice><reg>в</reg><orig>въ</orig></choice> <choice><reg>нашем</reg><orig>нашемъ</orig></choice> <choice><reg>обществе</reg><orig>обществѣ</orig></choice> можно предположить <choice><reg>таких</reg><orig>такихъ</orig></choice> <choice><reg>присяжных</reg><orig>присяжныхъ</orig></choice>, которые бы <choice><reg>приобрели</reg><orig>прiобрѣли</orig></choice> и <choice><reg>приобретали</reg><orig>прiобрѣтали</orig></choice> все трудами праведными.<note xml:id="note4" resp="volume_editor" index="false"> <hi>Зачеркнуто:</hi> Возьмите всю <choice><reg>лестницу</reg><orig>лѣстницу</orig></choice></note> Спросите людей <choice><reg>от</reg><orig>отъ</orig></choice> <choice><reg>околодочного</reg><orig>околодочнаго</orig></choice> до сенатора, и <choice><reg>от</reg><orig>отъ</orig></choice> прикащика магазина до <choice><reg>миллионера</reg><orig>миллiонера</orig></choice> купца, <choice><reg>от</reg><orig>отъ</orig></choice><note xml:id="note5" resp="volume_editor" index="false"> <hi>Зач.:</hi> бар</note> кулака-мужика до <choice><reg>крупного</reg><orig>крупнаго</orig></choice> <choice><reg>землевладельца</reg><orig>землевладѣльца</orig></choice>, что <choice><reg>приобретая</reg><orig>прiобрѣтая</orig></choice> свое <choice><reg>имение</reg><orig>имѣнiе</orig></choice>, они всегда <choice><reg>приобретали</reg><orig>прiобрѣтали</orig></choice> праведно? И <choice><reg>всякий</reg><orig>всякiй</orig></choice> <choice><reg>человек</reg><orig>человѣкъ</orig></choice> <choice><reg>с</reg><orig>съ</orig></choice> <choice><reg>совестью</reg><orig>совѣстью</orig></choice> <choice><reg>скажет</reg><orig>скажетъ</orig></choice>, что <choice><reg>нет</reg><orig>нѣтъ</orig></choice>. Только <choice><reg>все</reg><orig>всѣ</orig></choice> мы <choice><reg>приобретали</reg><orig>прiобрѣтали</orig></choice> и <choice><reg>приобретаем</reg><orig>прiобрѣтаемъ</orig></choice> немножко неправедными <choice><reg>делами</reg><orig>дѣлами</orig></choice>, мы, <choice><reg>как</reg><orig>какъ</orig></choice> курочка, <choice><reg>клюем</reg><orig>клюемъ</orig></choice> по зернушку неправедность и <choice><reg>делаем</reg><orig>дѣлаемъ</orig></choice> это безопасно; a <choice original_editorial_correction='Мел[ьницкий]'><sic>Мел</sic><corr><choice><reg>Мельницкий</reg><orig>Мельницкiй</orig></choice></corr></choice> сразу и <choice><reg>один</reg><orig>одинъ</orig></choice> <choice><reg>раз</reg><orig>разъ</orig></choice> <choice><reg>в</reg><orig>въ</orig></choice> жизни <choice><reg>сделал</reg><orig>сдѣлалъ</orig></choice> то, чтò мы <choice><reg>делали</reg><orig>дѣлали</orig></choice> всю жизнь, и <choice><reg>сделал</reg><orig>сдѣлалъ</orig></choice> это <choice><reg>с</reg><orig>съ</orig></choice> великой опасностью. И не могу не сказать, что его <choice><reg>поступок</reg><orig>поступокъ</orig></choice> <choice><reg>нравственнее</reg><orig>нравственнѣе</orig></choice>. И <choice><reg>все</reg><orig>всѣ</orig></choice> поняли, что его <choice><reg>поступок</reg><orig>поступокъ</orig></choice> <choice><reg>умнее</reg><orig>умнѣе</orig></choice>, если бы <choice><reg>он</reg><orig>онъ</orig></choice> удался, и <choice><reg>всем</reg><orig>всѣмъ</orig></choice> стало завидно. Только <choice><reg>этим</reg><orig>этимъ</orig></choice> я могу <choice original_editorial_correction='объя[с]нить'><sic>объянить</sic><corr>объяснить</corr></choice> <choice><reg>негодование</reg><orig>негодованiе</orig></choice> <choice><reg>многих</reg><orig>многихъ</orig></choice> людей общества на <choice><reg>поступок</reg><orig>поступокъ</orig></choice> <choice original_editorial_correction='Мельниц[кого]'><sic>Мельниц</sic><corr><choice><reg>Мельницкого</reg><orig>Мельницкаго</orig></choice></corr></choice>. «Я <hi style="opdelimiter"><choice><reg>плутовал</reg><orig>плутовалъ</orig></choice></hi><hi style="opnumber">153</hi> <hi style="npnumber">154</hi><hi style="npdelimiter">всю</hi> жизнь и <choice><reg>нажил</reg><orig>нажилъ</orig></choice> только немножко, а <choice><reg>этот</reg><orig>этотъ</orig></choice> не <choice><reg>плутовал</reg><orig>плутовалъ</orig></choice> всю жизнь, а <choice><reg>в</reg><orig>въ</orig></choice> <choice><reg>один</reg><orig>одинъ</orig></choice> <choice><reg>раз</reg><orig>разъ</orig></choice> <choice><reg>ухватил</reg><orig>ухватилъ</orig></choice> больше, <choice><reg>чем</reg><orig>чѣмъ</orig></choice> я». —</p>
<comments><p rend="Textpetit_otstup left">Печатается по автографу, хранящемуся в ГТМ. Написано на полулисте писчей бумаги, согнутом вдвое. Исписано две с четвертью страницы. Четвертую страницу занимает отрывок из статьи «В чем моя вера?». Впервые опубликовано Н. Н. Гусевым в TT I, стр. 26—27. Датируется на основании следующих соображений. Дело Мельницкого разбиралось в Московской судебной палате 4—8 ноября 1882 г В этом же письме Толстой говорит о нем, как о давно прошедшем и, между прочим, замечает: «Это было давно — более года». Следовательно письмо Толстого по этому поводу было написано не ранее декабря 1883 г.</p>
<p rend="Textpetit_otstup left"><hi>1</hi> «Дело Мельницкого» — в печати известно, как «дело Мельницкого и Литвинова». Суть дела такова. Мельницкий, Федор Илиодорович, казначей Московского воспитательного дома, 3 ноября 1881 г. отправился в сопровождении счетчика Литвинова в Московскую контору Государственного банка, для получения трехсот тридцати девяти тысяч рублей на нужды Воспитательного дома. Получив эту сумму, он отсчитал тридцать одну с половиной тысячи рублей (необходимые на покрытие текущих нужд), и отправил ее со счетчиком Литвиновым; сам же, уложив оставшиеся деньги в кожаный саквояж, направился в Купеческий банк, чтобы внести эти деньги на текущий счет Воспитательного дома. По дороге, почувствовав головокружение, сел. Когда же через некоторое время пришел в себя, он заметил, что саквояжа нет. Тут же он отправился и заявил о происшедшем прокурору Судебной палаты и оберполицейместеру, прося арестовать его. Так освещалось дело по показаниям самого Ф. И. Мельницкого. Однако исследования по этому делу, охватившие его поведение за всю его служебную жизнь, привели к мысли о том, что Ф. И. Мельницкий симулировал свое ограбление, передав саквояж с деньгами своему сыну Б. Ф. Мельницкому. Ряд злоупотреблений и преступлений по службе, выяснившихся в процессе следствия, дали основания к аресту. Дело Ф. И. Мельницкого разбиралось в Московской судебной палате 4—8 ноября 1882 г. Приговором суда он был присужден к ссылке в Томскую губернию и лишению всех особенных прав. Литвинов был оправдан.</p>
<p rend="petit left"><hi>2</hi> Константин Филиппович Одарченко (ум. 12 апреля 1905 г.) — московский присяжный поверенный, экономист, автор книг по вопросам земского самоуправления. Был лично знаком с Толстым. См. его воспоминания: «Разговоры с Л. Н. Толстым» — «Русский труд», 1898, 31.</p>
<p rend="petit left"><hi>3</hi> <hi>Слово:</hi> <choice><reg>умным</reg><orig>умнымъ</orig></choice> <hi>написано над зачеркнутым:</hi> <choice><reg>мудрым</reg><orig>мудрымъ</orig></choice></p>
<p rend="petit left"><hi>4</hi> <hi>Зачеркнуто:</hi> Возьмите всю <choice><reg>лестницу</reg><orig>лѣстницу</orig></choice></p>
<p rend="petit left"><hi>5</hi> <hi>Зач.:</hi> бар</p>
</comments></div></body>
        </text>
        </TEI>