<?xml version='1.0' encoding='UTF-8' standalone='no'?>

<TEI xmlns="http://www.tei-c.org/ns/1.0">
       <teiHeader>
          <fileDesc>
             <titleStmt>
                <title>Письмо №* 303. В тульское отделение Государственного банка.</title>
             </titleStmt>
             <publicationStmt>
                <publisher>TolstoyLab</publisher>
                <date when="2015-09-14">14 September 2015</date>
             </publicationStmt>
             <sourceDesc>
                <biblStruct>
                   <analytic>
                      <author>Толстой Л.Н.</author>
                   </analytic>
                   <monogr>
                      <title level="m">Полное собрание сочинений. Том 82</title>
                      <imprint>
                         <pubPlace>Москва</pubPlace>
                         <publisher>Государственное издательство "Художественная литература"</publisher>
                         <date when="1956"/>
                      </imprint>
                   </monogr>
                   <series>
                      <title level="s">Л.Н. Толстой. Полное собрание сочинений</title>
                      <biblScope unit="vol">82</biblScope>
                   </series>
                </biblStruct>
				<bibl>Печатается по машинописным подлинникам, сохранившимся в двух экземплярах.</bibl>
             </sourceDesc>
          </fileDesc>
          <encodingDesc>
             <tagsDecl> </tagsDecl>
          </encodingDesc>
          <profileDesc>
             <correspDesc>
                <correspAction type="sending">
                   <persName ref="PersonList.xml#L_N_Tolstoy">Л. Н. Толстой</persName>
                   <placeName ref="PlacesListxml#PLACE">Ясная Поляна</placeName>
                   <date when="1910-07-16">1910 г. Июля 16.</date>            </correspAction>
                <correspAction type="receiving">
                   <persName ref="PersonList.xml#RECEIVER">В тульское отделение Государственного банка.</persName>
                </correspAction>
                <correspContext>
                   <ref type="prev"/>
                </correspContext>
             </correspDesc>
          </profileDesc>
       </teiHeader>
       <xenoData><number type="in a volume">303</number></xenoData>

       <text xml:id="VTulskoeotdelenieGosudarstvennogobanka_303">
	<body><div>
		<opener index="false">
* 303. В тульское отделение Государственного банка.
1910 г. Июля 16. Я. П.</opener>
<p rend="left">Посылаю в Тульское Отделение Государственного Банка на хранение ящик с своими рукописями и прошу выдать их обратно только лично мне или зятю моему Михаилу Сергеевичу <hi>Сухотину</hi>, а по смерти моей моим наследникам.</p>
<p rend="right">Лев Толстой.</p>
<p rend="left">16-го июля 1910 года.</p>
<p rend="left">Ясная Поляна.</p>
<comments><p rend="Textpetit_otstup left">Печатается по машинописным подлинникам, сохранившимся в двух экземплярах.</p>
<p rend="petit left">Тетради Дневников Толстого, начиная с 1900 г., были переданы на хранение А. Б. Гольденвейзеру, которым они были положены в несгораемый сейф московского отделения банка «Лионский кредит». Оттуда они были взяты А. Б. Гольденвейзером 2 июля 1910 г. и 3 июля 1910 г. переданы В. Г. Черткову, находившемуся в Телятинках (см. А. Б. Гольденвейзер, «Вблизи Толстого», стр. 87 и 88). В связи с требованием Софьи Андреевны по распоряжению Толстого тетради Дневников 14 июля были взяты у Черткова, но переданы не ей, а Александре Львовне Толстой, которая отдала их Татьяне Львовне Сухотиной, находившейся в это время в Ясной Поляне. Т. Л. Сухотина лично отвезла их 16 июля в тульское отделение Государственного банка, и на основании публикуемого здесь заявления тетради Дневников были ею положены на хранение на имя Толстого в несгораемый сейф банка.</p>
<p rend="petit left">См. т. 89 и т. 58, прим. 1014.</p>
<p rend="emptyline left"><hi style="opnumber">226</hi> <hi style="npnumber">227</hi></p>
</comments></div></body>
        </text>
        </TEI>