<?xml version='1.0' encoding='UTF-8' standalone='no'?>

<TEI xmlns="http://www.tei-c.org/ns/1.0">
       <teiHeader>
          <fileDesc>
             <titleStmt>
                <title>Письмо №42. Неизвестному.</title>
             </titleStmt>
             <publicationStmt>
                <publisher>TolstoyLab</publisher>
                <date when="2015-09-14">14 September 2015</date>
             </publicationStmt>
             <sourceDesc>
                <biblStruct>
                   <analytic>
                      <author>Толстой Л.Н.</author>
                   </analytic>
                   <monogr>
                      <title level="m">Полное собрание сочинений. Том 65</title>
                      <imprint>
                         <pubPlace>Москва</pubPlace>
                         <publisher>Государственное издательство "Художественная литература"</publisher>
                         <date when="1953"/>
                      </imprint>
                   </monogr>
                   <series>
                      <title level="s">Л.Н. Толстой. Полное собрание сочинений</title>
                      <biblScope unit="vol">65</biblScope>
                   </series>
                </biblStruct>
				<bibl>Печатается по рукописной копии. Впервые опубликовано в сборнике «Летописи», 12, стр. 38. Дата копии.</bibl>
             </sourceDesc>
          </fileDesc>
          <encodingDesc>
             <tagsDecl> </tagsDecl>
          </encodingDesc>
          <profileDesc>
             <correspDesc>
                <correspAction type="sending">
                   <persName ref="PersonList.xml#L_N_Tolstoy">Л. Н. Толстой</persName>
                   <placeName ref="PlacesListxml#PLACE">Ясная Поляна</placeName>
                   <date when="1890-03-20">1890 г. Марта 20.</date>            </correspAction>
                <correspAction type="receiving">
                   <persName ref="PersonList.xml#RECEIVER">Неизвестному.</persName>
                </correspAction>
                <correspContext>
                   <ref type="prev"/>
                </correspContext>
             </correspDesc>
          </profileDesc>
       </teiHeader>
       <xenoData><number type="in a volume">42</number></xenoData>

              <text xml:id="Neizvestnomu_42">
	<body><div>
		<opener index="false">
42. Неизвестному.
1890 г. Марта 20. Я. П.</opener>
<p rend="left">Жизнь ваша, судя по вашему письму и по тому, как я помню вас, очень хорошая. Не тяготитесь ею, а благодарите за нее бога. Можно сомневаться о том, полезно или нет чтение рабочему народу, но когда приходят просить почитать и вы даете Достоевского вместо Гуака,<note xml:id="note1" resp="volume_editor" index="false"> Лубочная повесть «Гуак, или непреоборимая верность». Многократно издавалась книгопродавцами Т. А. Губановым, Е. И. Коноваловой и К<hi>0</hi>, А. Д. Сазоновым, И. Д. Сытиным и др.</note> которого бы они читали, <hi style="opdelimiter">нет</hi><hi style="opnumber">50</hi> <hi style="npnumber">51</hi><hi style="npdelimiter">места</hi> сомнению. То-то и хорошо в вашей жизни. Помогай вам бог.</p>
<p rend="left">Книг не знаю, каких вам нужно. Напишите список того, что бы желали иметь, и, может быть, я найду или достану.</p>
<comments><p rend="Textpetit_otstup left">Печатается по рукописной копии. Впервые опубликовано в сборнике «Летописи», 12, стр. 38. Дата копии.</p>
<p rend="petit left">Письмо и адресат, вызвавшие ответ Толстого, неизвестны.</p>
<p rend="Textpetit_otstup left"><hi>1</hi> Лубочная повесть «Гуак, или непреоборимая верность». Многократно издавалась книгопродавцами Т. А. Губановым, Е. И. Коноваловой и К<hi>0</hi>, А. Д. Сазоновым, И. Д. Сытиным и др.</p>
</comments></div></body>
        </text>
        </TEI>