<?xml version='1.0' encoding='UTF-8' standalone='no'?>

<TEI xmlns="http://www.tei-c.org/ns/1.0">
       <teiHeader>
          <fileDesc>
             <titleStmt>
                <title>Письмо №229. Неизвестному (стрелковому прапорщику).</title>
             </titleStmt>
             <publicationStmt>
                <publisher>TolstoyLab</publisher>
                <date when="2015-09-14">14 September 2015</date>
             </publicationStmt>
             <sourceDesc>
                <biblStruct>
                   <analytic>
                      <author>Толстой Л.Н.</author>
                   </analytic>
                   <monogr>
                      <title level="m">Полное собрание сочинений. Том 63</title>
                      <imprint>
                         <pubPlace>Москва</pubPlace>
                         <publisher>Государственное издательство "Художественная литература"</publisher>
                         <date when="1934"/>
                      </imprint>
                   </monogr>
                   <series>
                      <title level="s">Л.Н. Толстой. Полное собрание сочинений</title>
                      <biblScope unit="vol">63</biblScope>
                   </series>
                </biblStruct>
				<bibl>Печатается по копии, хранящейся в AЧ. Впервые опубликовано А. К. Чертковой в TT, I, стр. 40—41. Датируется на основании записи в Дневнике Толстого от 6/18 июня 1884 г. (об этом см. ниже).</bibl>
             </sourceDesc>
          </fileDesc>
          <encodingDesc>
             <tagsDecl> </tagsDecl>
          </encodingDesc>
          <profileDesc>
             <correspDesc>
                <correspAction type="sending">
                   <persName ref="PersonList.xml#L_N_Tolstoy">Л. Н. Толстой</persName>
                   <placeName ref="PlacesListxml#PLACE">Ясная Поляна</placeName>
                   <date when="1884-06-06">1884 г. Июня 6?</date>            </correspAction>
                <correspAction type="receiving">
                   <persName ref="PersonList.xml#RECEIVER">Неизвестному (стрелковому прапорщику)</persName>
                </correspAction>
                <correspContext>
                   <ref type="prev"/>
                </correspContext>
             </correspDesc>
          </profileDesc>
       </teiHeader>
       <xenoData><number type="in a volume">229</number></xenoData>

              <text xml:id="l_229">
	<body><div>
		<opener index="false">
229. Неизвестному (стрелковому прапорщику). Неотправленное?
1884 г. Июня 6? Я. П.</opener>
<p rend="left">Если я <choice><reg>мог</reg><orig>могъ</orig></choice> написать то, чтò <choice><reg>изменило</reg><orig>измѣнило</orig></choice> <choice><reg>ваш</reg><orig>вашъ</orig></choice> <choice><reg>взгляд</reg><orig>взглядъ</orig></choice> на жизнь, и если вы могли <choice><reg>так</reg><orig>такъ</orig></choice> понять то, чтò я <choice><reg>написал</reg><orig>написалъ</orig></choice>, то это только потому, что это не мои (Льва Николаевича) мысли, а это истина Божеская, которая <choice><reg>лежит</reg><orig>лежитъ</orig></choice> <choice><reg>в</reg><orig>въ</orig></choice> <choice><reg>сердце</reg><orig>сердцѣ</orig></choice> <choice><reg>вашем</reg><orig>вашемъ</orig></choice>, <choice><reg>в</reg><orig>въ</orig></choice> <choice><reg>моем</reg><orig>моемъ</orig></choice>, <choice><reg>в</reg><orig>въ</orig></choice> <choice><reg>сердце</reg><orig>сердцѣ</orig></choice> <choice><reg>всех</reg><orig>всѣхъ</orig></choice> людей. Если же я бы <choice><reg>написал</reg><orig>написалъ</orig></choice> <choice><reg>вам</reg><orig>вамъ</orig></choice>, чтò <choice><reg>вам</reg><orig>вамъ</orig></choice> <choice><reg>делать</reg><orig>дѣлать</orig></choice> <choice><reg>в</reg><orig>въ</orig></choice> <choice><reg>тех</reg><orig>тѣхъ</orig></choice> <choice><reg>условиях</reg><orig>условiяхъ</orig></choice>, <choice><reg>в</reg><orig>въ</orig></choice> <choice><reg>которых</reg><orig>которыхъ</orig></choice> вы находитесь, я бы <choice><reg>написал</reg><orig>написалъ</orig></choice> <choice><reg>вам</reg><orig>вамъ</orig></choice> свои, <choice original_editorial_correction='Л[ьва]'><sic>Л</sic><corr>Льва</corr></choice> <choice original_editorial_correction='Н[иколаевича]'><sic>Н</sic><corr>Николаевича</corr></choice>, мысли, <choice><reg>которые</reg><orig>которыя</orig></choice> не <choice><reg>имеют</reg><orig>имѣютъ</orig></choice> никакого <choice><reg>значения</reg><orig>значенiя</orig></choice> и, <choice><reg>вероятно</reg><orig>вѣроятно</orig></choice>, были бы <choice><reg>вздор</reg><orig>вздоръ</orig></choice>. — <choice><reg>Христос</reg><orig>Христосъ</orig></choice> <choice><reg>сказал</reg><orig>сказалъ</orig></choice>: «Пошлю <choice><reg>вам</reg><orig>вамъ</orig></choice> духа истины, и <choice><reg>он</reg><orig>онъ</orig></choice> <choice><reg>научит</reg><orig>научитъ</orig></choice> <choice><reg>вас</reg><orig>васъ</orig></choice> всему». И <choice><reg>Он</reg><orig>Онъ</orig></choice> точно <choice><reg>научает</reg><orig>научаетъ</orig></choice> <choice><reg>каждого</reg><orig>каждаго</orig></choice> <choice><reg>человека</reg><orig>человѣка</orig></choice>, <choice><reg>в</reg><orig>въ</orig></choice> <choice><reg>каких</reg><orig>какихъ</orig></choice> бы <choice><reg>условиях</reg><orig>условiяхъ</orig></choice> <choice><reg>он</reg><orig>онъ</orig></choice> не находился, если <choice><reg>этот</reg><orig>этотъ</orig></choice> <choice><reg>человек</reg><orig>человѣкъ</orig></choice> <choice><reg>искренен</reg><orig>искрененъ</orig></choice>. По письму же вашему я вижу, что вы <choice><reg>человек</reg><orig>человѣкъ</orig></choice> <choice><reg>искренний</reg><orig>искреннiй</orig></choice>: вы поняли просто и прямо и отнесли <choice><reg>к</reg><orig>къ</orig></choice> <choice><reg>себе</reg><orig>себѣ</orig></choice> и своему <choice><reg>положению</reg><orig>положенiю</orig></choice> <choice><reg>требования</reg><orig>требованiя</orig></choice> истины. <choice><reg>Человек</reg><orig>Человѣкъ</orig></choice>, <choice><reg>верующий</reg><orig>вѣрующiй</orig></choice> <choice><reg>учению</reg><orig>ученiю</orig></choice> Христа, не <choice><reg>может</reg><orig>можетъ</orig></choice> составлять <choice><reg>себе</reg><orig>себѣ</orig></choice> плана жизни. <choice><reg>В</reg><orig>Въ</orig></choice> каждую минуту <choice><reg>он</reg><orig>онъ</orig></choice> старается <choice><reg>делать</reg><orig>дѣлать</orig></choice> то, чтò ему <choice><reg>велит</reg><orig>велитъ</orig></choice> <choice><reg>Бог</reg><orig>Богъ</orig></choice>, исполнять волю Отца, и <choice><reg>знает</reg><orig>знаетъ</orig></choice>, что <choice><reg>кроме</reg><orig>кромѣ</orig></choice> добра ничего <choice><reg>из</reg><orig>изъ</orig></choice> этого выйти не <choice><reg>может</reg><orig>можетъ</orig></choice>.</p>
<p rend="left">Вы говорите, что вы находитесь <choice><reg>в</reg><orig>въ</orig></choice> <choice><reg>ложном</reg><orig>ложномъ</orig></choice> <choice><reg>положении</reg><orig>положенiи</orig></choice>. <choice><reg>Всякий</reg><orig>Всякiй</orig></choice> находится <choice><reg>в</reg><orig>въ</orig></choice> <choice><reg>нем</reg><orig>немъ</orig></choice> <choice><reg>в</reg><orig>въ</orig></choice> <choice><reg>нашем</reg><orig>нашемъ</orig></choice> <choice><reg>мире</reg><orig>мiрѣ</orig></choice>; но <choice><reg>ученик</reg><orig>ученикъ</orig></choice> Христа <choice><reg>сознает</reg><orig>сознаетъ</orig></choice> это свое ложное <choice><reg>положение</reg><orig>положенiе</orig></choice> и стремится <choice><reg>каждым</reg><orig>каждымъ</orig></choice> <choice><reg>шагом</reg><orig>шагомъ</orig></choice>, <choice><reg>каждым</reg><orig>каждымъ</orig></choice> <choice><reg>часом</reg><orig>часомъ</orig></choice>, <choice><reg>каждым</reg><orig>каждымъ</orig></choice> <choice><reg>словом</reg><orig>словомъ</orig></choice> выйти <choice><reg>из</reg><orig>изъ</orig></choice> него. Вся жизнь наша есть <choice><reg>труд</reg><orig>трудъ</orig></choice> <choice><reg>освобождения</reg><orig>освобожденiя</orig></choice> себя и <choice><reg>других</reg><orig>другихъ</orig></choice> <choice><reg>из</reg><orig>изъ</orig></choice> этого <choice><reg>ложного</reg><orig>ложнаго</orig></choice> <choice><reg>положения</reg><orig>положенiя</orig></choice>. Не надо думать, что <choice><reg>христианин</reg><orig>христiанинъ</orig></choice> <choice><reg>может</reg><orig>можетъ</orig></choice> выйти <choice><reg>из</reg><orig>изъ</orig></choice> <choice><reg>соблазнов</reg><orig>соблазновъ</orig></choice> <choice><reg>мира</reg><orig>мiра</orig></choice> и жить <choice><reg>вне</reg><orig>внѣ</orig></choice> <choice><reg>их</reg><orig>ихъ</orig></choice>. Жизнь <choice><reg>христианина</reg><orig>христiанина</orig></choice> есть борьба <choice><reg>с</reg><orig>съ</orig></choice> соблазнами, <choice><reg>освобождение</reg><orig>освобожденiе</orig></choice> себя и <choice><reg>других</reg><orig>другихъ</orig></choice> <choice><reg>от</reg><orig>отъ</orig></choice> <choice><reg>них</reg><orig>нихъ</orig></choice> — это <choice><reg>труд</reg><orig>трудъ</orig></choice> жизни <choice><reg>христианина</reg><orig>христiанина</orig></choice>, и радостный, блаженный <choice><reg>труд</reg><orig>трудъ</orig></choice>, если <choice><reg>человек</reg><orig>человѣкъ</orig></choice> <choice><reg>поймет</reg><orig>пойметъ</orig></choice>, что это его задача жизни. Радостный <choice><reg>труд</reg><orig>трудъ</orig></choice> потому, что каждый <choice><reg>шаг</reg><orig>шагъ</orig></choice> на <choice><reg>этом</reg><orig>этомъ</orig></choice> пути <choice><reg>плодотворен</reg><orig>плодотворенъ</orig></choice>, <choice><reg>приближает</reg><orig>приближаетъ</orig></choice> <choice><reg>к</reg><orig>къ</orig></choice> <choice><reg>цели</reg><orig>цѣли</orig></choice>, <choice><reg>к</reg><orig>къ</orig></choice> царству <choice><reg>Божию</reg><orig>Божiю</orig></choice> и <choice><reg>к</reg><orig>къ</orig></choice> Богу. Я испытываю это уже <choice><reg>несколько</reg><orig>нѣсколько</orig></choice> <choice><reg>лет</reg><orig>лѣтъ</orig></choice>. Я (<choice><reg>так</reg><orig>такъ</orig></choice> же, <choice><reg>как</reg><orig>какъ</orig></choice> и вы) находился <choice><reg>в</reg><orig>въ</orig></choice> <choice><reg>самых</reg><orig>самыхъ</orig></choice> <choice><reg>ложных</reg><orig>ложныхъ</orig></choice> <choice><reg>условиях</reg><orig>условiяхъ</orig></choice> жизни и (<choice><reg>так</reg><orig>такъ</orig></choice> же, <choice><reg>как</reg><orig>какъ</orig></choice> и вы) <choice><reg>искал</reg><orig>искалъ</orig></choice> <choice><reg>средств</reg><orig>средствъ</orig></choice> освободиться сразу <choice><reg>от</reg><orig>отъ</orig></choice> зла и, не находя <choice><reg>их</reg><orig>ихъ</orig></choice>, <choice><reg>страдал</reg><orig>страдалъ</orig></choice> <choice><reg>от</reg><orig>отъ</orig></choice> этого, но теперь, когда я вижу, что задача моей жизни <choice><reg>в</reg><orig>въ</orig></choice> <choice><reg>том</reg><orig>томъ</orig></choice>, <hi style="opdelimiter">чтобы</hi><hi style="opnumber">175</hi> <hi style="npnumber">176</hi><hi style="npdelimiter">освобождаться</hi> <choice><reg>от</reg><orig>отъ</orig></choice> <choice><reg>соблазнов</reg><orig>соблазновъ</orig></choice>, я по <choice><reg>мере</reg><orig>мѣрѣ</orig></choice> <choice><reg>сил</reg><orig>силъ</orig></choice> <choice><reg>своих</reg><orig>своихъ</orig></choice> освобождаюсь <choice><reg>от</reg><orig>отъ</orig></choice> <choice><reg>них</reg><orig>нихъ</orig></choice> и, хотя теперь продолжаю жить <choice><reg>в</reg><orig>въ</orig></choice> <choice><reg>соблазнах</reg><orig>соблазнахъ</orig></choice>, я чувствую <choice><reg>спокойствие</reg><orig>спокойствiе</orig></choice>, <choice><reg>имею</reg><orig>имѣю</orig></choice> <choice><reg>определенную</reg><orig>опредѣленную</orig></choice> <choice><reg>цель</reg><orig>цѣль</orig></choice> <choice><reg>в</reg><orig>въ</orig></choice> жизни и чувствую радость, оглядываясь <choice><reg>назад</reg><orig>назадъ</orig></choice> на то зло, <choice><reg>от</reg><orig>отъ</orig></choice> <choice><reg>которого</reg><orig>котораго</orig></choice> я уже освободился.</p>
<p rend="left">Для <choice><reg>вас</reg><orig>васъ</orig></choice> теперь первый <choice><reg>вопрос</reg><orig>вопросъ</orig></choice> — военная служба. <choice><reg>Разумеется</reg><orig>Разумѣется</orig></choice>, нельзя продолжать служить, и вы выйдете <choice><reg>из</reg><orig>изъ</orig></choice> службы, если вы искренни; но жизнь ваша не <choice><reg>может</reg><orig>можетъ</orig></choice> никогда устроиться <choice><reg>так</reg><orig>такъ</orig></choice>, чтобы вы были <choice><reg>вне</reg><orig>внѣ</orig></choice> зла — явятся <choice><reg>другие</reg><orig>другiе</orig></choice> соблазны: брачной жизни, собственности, <choice><reg>с</reg><orig>съ</orig></choice> которыми вы опять будете бороться и <choice><reg>от</reg><orig>отъ</orig></choice> <choice><reg>которых</reg><orig>которыхъ</orig></choice> вы также освободитесь, если вы <choice><reg>искренний</reg><orig>искреннiй</orig></choice> <choice><reg>человек</reg><orig>человѣкъ</orig></choice>, и <choice><reg>требования</reg><orig>требованiя</orig></choice> истины для <choice><reg>вас</reg><orig>васъ</orig></choice> также ясны относительно <choice><reg>этих</reg><orig>этихъ</orig></choice> <choice><reg>соблазнов</reg><orig>соблазновъ</orig></choice>, <choice><reg>как</reg><orig>какъ</orig></choice> и относительно военной службы. Если вы будете писать <choice><reg>мне</reg><orig>мнѣ</orig></choice>, адресуйте <choice><reg>в</reg><orig>въ</orig></choice> Тулу. Очень <choice><reg>рад</reg><orig>радъ</orig></choice> буду <choice><reg>получению</reg><orig>полученiю</orig></choice> вашего письма и очень <choice><reg>желал</reg><orig>желалъ</orig></choice> бы узнать <choice><reg>вас</reg><orig>васъ</orig></choice> ближе.</p>
<comments><p rend="Textpetit_otstup left">Печатается по копии, хранящейся в AЧ. Впервые опубликовано А. К. Чертковой в TT, I, стр. 40—41. Датируется на основании записи в Дневнике Толстого от 6/18 июня 1884 г. (об этом см. ниже).</p>
<p rend="petit left">Личность адресата выяснить не удалось. Письмо, на которое здесь отвечает Толстой, неизвестно. В дневнике Толстого 5 июня 1884 г. есть упоминание о письме офицера: «Письмо Черткова и офицера». Возможно, что об этом письме и говорится здесь. В письме Толстого к В. Г. Черткову от 6? июня 1884 г. также есть упоминание об этом письме (хотя и косвенное): «Вчера вместе с вашим письмом получил письмо, которое вам посылаю.... Письмо очень хорошее, простое, ясное. Одно, что я по письму не могу вполне понять человека (по личному общению я могу всегда решить главный вопрос искренности). Если вам можно, повидайте его. Я сейчас попытаюсь написать ему» (AЧ). Что здесь речь идет именно о письме офицера, явствует из ответного письма В. Г. Черткова от 15 июня 1884 г. (Лондон), где последний писал: «Сегодня получил от вас письмо (с письмом к вам от стрелкового прапорщика) и как раз кстати.... Письмо прапорщика действительно отрадное, и я уверен, что таких людей должно постепенно набираться много и много. В Петербурге непременно с ним познакомлюсь» (AЧ).</p>
<p rend="petit left">В дневнике от 6/18 июня 1884 г. Толстой уже записывает: «писал письма.... к офицеру — не послал» (AЧ).</p>
</comments></div></body>
        </text>
        </TEI>