<?xml version='1.0' encoding='UTF-8' standalone='no'?>

<TEI xmlns="http://www.tei-c.org/ns/1.0">
       <teiHeader>
          <fileDesc>
             <titleStmt>
                <title>Письмо №* 150. Братскому издательскому товариществу (То the Brotherhood Publishing Company).</title>
             </titleStmt>
             <publicationStmt>
                <publisher>TolstoyLab</publisher>
                <date when="2015-09-14">14 September 2015</date>
             </publicationStmt>
             <sourceDesc>
                <biblStruct>
                   <analytic>
                      <author>Толстой Л.Н.</author>
                   </analytic>
                   <monogr>
                      <title level="m">Полное собрание сочинений. Том 68</title>
                      <imprint>
                         <pubPlace>Москва</pubPlace>
                         <publisher>Государственное издательство "Художественная литература"</publisher>
                         <date when="1954"/>
                      </imprint>
                   </monogr>
                   <series>
                      <title level="s">Л.Н. Толстой. Полное собрание сочинений</title>
                      <biblScope unit="vol">68</biblScope>
                   </series>
                </biblStruct>
				<bibl>Печатается по рукописному подлиннику, написанному рукою Кенворти, подпись — рукою Толстого.</bibl>
             </sourceDesc>
          </fileDesc>
          <encodingDesc>
             <tagsDecl> </tagsDecl>
          </encodingDesc>
          <profileDesc>
             <correspDesc>
                <correspAction type="sending">
                   <persName ref="PersonList.xml#L_N_Tolstoy">Л. Н. Толстой</persName>
                   <placeName ref="PlacesListxml#PLACE">Москва</placeName>
                   <date when="1895-08">1895 г. Конец августа.</date>            </correspAction>
                <correspAction type="receiving">
                   <persName ref="PersonList.xml#RECEIVER">Братскому издательскому товариществу (То the Brotherhood Publishing Company).</persName>
                </correspAction>
                <correspContext>
                   <ref type="prev"/>
                </correspContext>
             </correspDesc>
          </profileDesc>
       </teiHeader>
       <xenoData><number type="in a volume">150</number></xenoData>

              <text xml:id="Bratskomuizdatelskomutovarishhestvu_150">
	<body><div>
		<opener index="false">
* 150. Братскому издательскому товариществу (То the Brotherhood Publishing Company).

1895г. Конец августа. Москва.
</opener>
<p rend="Obrashenie left">Sirs,</p>
<p rend="left">I here by certify, that this rendering of my work «What I Believe», now published bu you, is adequately made, and is issued with my consent and approval.</p>
<p rend="right">Yours truly</p>
<lb/>
<p rend="notindent">Moscow </p>
<p rend="right">Leo Tolstoy.</p>
<p rend="left">Aug. 1895.</p>
<lb/>
<p rend="Obrashenie petit left">Милостивые государи,</p>
<p rend="petit left">Сим удостоверяю, что означенный перевод моего сочинения «В чем моя вера?»,<note xml:id="note1" resp="volume_editor" index="false"> «What I believe?» Translation from the Russian by Constantin Popoff, London, 1885— английский перевод книги «В чем моя вера?», сделанный Константином Поповым.</note> ныне изданный вами, выполнен правильно и вышел с моего согласия и одобрения.</p>
<p rend="petit right">Искренно ваш Лев Толстой.</p>
<p rend="petit left">Москва</p>
<p rend="petit left">Авг. 1895.</p>
<comments><p rend="Textpetit_otstup left">Печатается по рукописному подлиннику, написанному рукою Кенворти, подпись — рукою Толстого.</p>
<p rend="Textpetit_otstup left"><hi>1</hi> «What I believe?» Translation from the Russian by Constantin Popoff, London, 1885— английский перевод книги «В чем моя вера?», сделанный Константином Поповым.</p>
<p rend="left emptyline"><hi style="opnumber">153</hi> <hi style="npnumber">154</hi></p>
</comments></div></body>
        </text>
        </TEI>