<?xml version='1.0' encoding='UTF-8' standalone='no'?>

<TEI xmlns="http://www.tei-c.org/ns/1.0">
       <teiHeader>
          <fileDesc>
             <titleStmt>
                <title>Письмо №114. В редакцию газеты «Русские ведомости».</title>
             </titleStmt>
             <publicationStmt>
                <publisher>TolstoyLab</publisher>
                <date when="2015-09-14">14 September 2015</date>
             </publicationStmt>
             <sourceDesc>
                <biblStruct>
                   <analytic>
                      <author>Толстой Л.Н.</author>
                   </analytic>
                   <monogr>
                      <title level="m">Полное собрание сочинений. Том 72</title>
                      <imprint>
                         <pubPlace>Москва</pubPlace>
                         <publisher>Государственное издательство "Художественная литература"</publisher>
                         <date when="1933"/>
                      </imprint>
                   </monogr>
                   <series>
                      <title level="s">Л.Н. Толстой. Полное собрание сочинений</title>
                      <biblScope unit="vol">72</biblScope>
                   </series>
                </biblStruct>
             </sourceDesc>
          </fileDesc>
          <encodingDesc>
             <tagsDecl> </tagsDecl>
          </encodingDesc>
          <profileDesc>
             <correspDesc>
                <correspAction type="sending">
                   <persName ref="PersonList.xml#L_N_Tolstoy">Л. Н. Толстой</persName>
                   <placeName ref="PlacesListxml#PLACE">Ясная Поляна</placeName>
                   <date when="1899-05-29">1899 г. Мая 29.</date>            </correspAction>
                <correspAction type="receiving">
                   <persName ref="PersonList.xml#RECEIVER">В редакцию газеты «Русские ведомости».</persName>
                </correspAction>
                <correspContext>
                   <ref type="prev"/>
                </correspContext>
             </correspDesc>
          </profileDesc>
       </teiHeader>
       <xenoData><number type="in a volume">114</number></xenoData>

              <text xml:id="VredakciyugazetyRusskievedomosti_114">
	<body><div>
		<opener index="false">
114. В редакцию газеты «Русские ведомости».
1899 г. Мая 29. Я. П.</opener>
<p rend="left">Покорно прошу <choice><reg>редакцию</reg><orig>редакцiю</orig></choice> «<choice><reg>Русских</reg><orig>Русскихъ</orig></choice> <choice><reg>Ведомостей</reg><orig>Вѣдомостей</orig></choice>» напечатать <choice><reg>отчет</reg><orig>отчетъ</orig></choice> о <choice><reg>полученных</reg><orig>полученныхъ</orig></choice> мною <choice><reg>с</reg><orig>съ</orig></choice> 15-го мая <choice><reg>пожертвованиях</reg><orig>пожертвованiяхъ</orig></choice> <choice><reg>в</reg><orig>въ</orig></choice> пользу <choice><reg>голодающих</reg><orig>голодающихъ</orig></choice> и <choice><reg>об</reg><orig>объ</orig></choice> <choice><reg>их</reg><orig>ихъ</orig></choice> <choice><reg>распределении</reg><orig>распредѣленiи</orig></choice>:</p>
<p rend="left"><choice><reg>от</reg><orig>отъ</orig></choice> Stadling 50 р., <choice><reg>от</reg><orig>отъ</orig></choice> <choice><reg>Марии</reg><orig>Марiи</orig></choice> Бороженской 25 р., <choice><reg>от</reg><orig>отъ</orig></choice> Вас. Як. Балакшева 95 р. 61 к., <choice><reg>от</reg><orig>отъ</orig></choice> <choice><reg>управляющего</reg><orig>управляющаго</orig></choice> нижегородской казенной палатой Ник. Ник. Нечаева 20 р. 95 к., <choice><reg>от</reg><orig>отъ</orig></choice> Мани и Оли 3 р., <choice><reg>из</reg><orig>изъ</orig></choice> банкирской конторы А. П. Андреева <choice><reg>в</reg><orig>въ</orig></choice> <choice><reg>Екатеринбурге</reg><orig>Екатеринбургѣ</orig></choice> 200 р., <choice><reg>из</reg><orig>изъ</orig></choice> конторы «<choice><reg>Русских</reg><orig>Русскихъ</orig></choice> <choice><reg>Ведомостей</reg><orig>Вѣдомостей</orig></choice>» 72 р. 86 к., <choice><reg>от</reg><orig>отъ</orig></choice> <choice><reg>кондукторов</reg><orig>кондукторовъ</orig></choice> Риго-орловской жел. дор. <choice><reg>через</reg><orig>черезъ</orig></choice> Д. М. Поливанова 50 р., <choice><reg>из</reg><orig>изъ</orig></choice> <choice><reg>редакции</reg><orig>редакцiи</orig></choice> «<choice><reg>Восточного</reg><orig>Восточнаго</orig></choice> <choice><reg>Обозрения</reg><orig>Обозрѣнiя</orig></choice>» <choice><reg>в</reg><orig>въ</orig></choice> <choice><reg>Иркутске</reg><orig>Иркутскѣ</orig></choice> 226 р., <choice><reg>от</reg><orig>отъ</orig></choice> пастора Гейне 70 р., от товарища прокурора Ник. Алекс. Муравьева 50 р., <choice><reg>из</reg><orig>изъ</orig></choice> <choice><reg>редакции</reg><orig>редакцiи</orig></choice> «Нивы» 20 р. Итого 883 р. 42 к. <choice><reg>Из</reg><orig>Изъ</orig></choice> <choice><reg>этих</reg><orig>этихъ</orig></choice> <choice><reg>денег</reg><orig>денегъ</orig></choice> половина послана <choice><reg>в</reg><orig>въ</orig></choice> г. Самару, А. С. Пругавину, другая половина — <choice><reg>в</reg><orig>въ</orig></choice> г. Казань, П. М. Останкову.<note xml:id="note1" resp="volume_editor" index="false"> Петр Матвеевич Останков (1842—1911) — председатель Казанской губернской земской управы в 1866—1899 гг. В 1899 г. Толстой писал Останкову по поводу голода, но эти письма погибли у семьи адресата. Копий писем не сохранилось.</note></p>
<p rend="right"><choice><reg>Лев</reg><orig>Левъ</orig></choice> Толстой.</p>
<p rend="left">29-го <hi style="opdelimiter">мая.</hi><hi style="opnumber">131</hi></p>
<comments><p rend="Textpetit_otstup left"><hi style="npnumber">132</hi><hi style="npdelimiter">Перепечатывается</hi> из газеты «Русские ведомости» 1899, № 153 от 5 июня. Местонахождение подлинника неизвестно. Датируется по той же газете.</p>
<p rend="Textpetit_otstup left"><hi>1</hi> Петр Матвеевич Останков (1842—1911) — председатель Казанской губернской земской управы в 1866—1899 гг. В 1899 г. Толстой писал Останкову по поводу голода, но эти письма погибли у семьи адресата. Копий писем не сохранилось.</p>
</comments></div></body>
        </text>
        </TEI>