<?xml version='1.0' encoding='UTF-8' standalone='no'?>

<TEI xmlns="http://www.tei-c.org/ns/1.0">
       <teiHeader>
          <fileDesc>
             <titleStmt>
                <title>Письмо №* 439. Старшему нотариусу Тульского окружного суда.</title>
             </titleStmt>
             <publicationStmt>
                <publisher>TolstoyLab</publisher>
                <date when="2015-09-14">14 September 2015</date>
             </publicationStmt>
             <sourceDesc>
                <biblStruct>
                   <analytic>
                      <author>Толстой Л.Н.</author>
                   </analytic>
                   <monogr>
                      <title level="m">Полное собрание сочинений. Том 61</title>
                      <imprint>
                         <pubPlace>Москва</pubPlace>
                         <publisher>Государственное издательство "Художественная литература"</publisher>
                         <date when="1953"/>
                      </imprint>
                   </monogr>
                   <series>
                      <title level="s">Л.Н. Толстой. Полное собрание сочинений</title>
                      <biblScope unit="vol">61</biblScope>
                   </series>
                </biblStruct>
             </sourceDesc>
          </fileDesc>
          <encodingDesc>
             <tagsDecl> </tagsDecl>
          </encodingDesc>
          <profileDesc>
             <correspDesc>
                <correspAction type="sending">
                   <persName ref="PersonList.xml#L_N_Tolstoy">Л. Н. Толстой</persName>
                   <placeName ref="PlacesListxml#PLACE">Тула</placeName>
                   <date when="1869-04-08">1869 г. Апреля 8.</date>            </correspAction>
                <correspAction type="receiving">
                   <persName ref="PersonList.xml#RECEIVER">Старшему нотариусу Тульского окружного суда</persName>
                </correspAction>
                <correspContext>
                   <ref type="prev"/>
                </correspContext>
             </correspDesc>
          </profileDesc>
       </teiHeader>
       <xenoData><number type="in a volume">439</number></xenoData>

              <text xml:id="Starshemu_notariusu_Tulskogo_okruzhnogo_suda_439">
	<body><div>
		<opener index="false">
* 439. Старшему нотариусу Тульского окружного суда.
1869 г. Апреля 8. Тула.</opener>
<p rend="left">Господину старшему нотариусу Тульского окружного суда.</p>
<p rend="right">Артиллерии поручика графа</p>
<p rend="right">Льва Николаевича Толстого,</p>
<p rend="center"><hi style="Razradka">Прошение</hi>.</p>
<p rend="left">После смерти родного брата моего штабс-капитана графа Николая Николаевича Толстого достались мне по наследству в общее владение с братом моим штабс-капитаном Сергеем Николаевичем Толстым недвижимые имения, во-1-х, Тульской губ. Чернского уезда в селе Никольском, Вяземское тож, с деревнею Платицыной, во-2-х, Курской губернии Суджанского уезда в деревне Щербачевой, Ржава тож.</p>
<p rend="left">По предстоящим сделкам для сооружения крепостного акта, нужно мне иметь предварительную справку на те имения, т. е. не состоят ли оные под запрещением, а равно нет ли каких иных запрещений, относящихся к личности брата Николая Толстого.</p>
<p rend="left">Покорнейше прошу, по сделании оной по книгам, выдать мне таковую с надлежащим засвидетельствованием.</p>
<p rend="right">Поручик граф Лев Николаевич Толстой.</p>
<p rend="left">Апреля 8 1869 <hi style="opdelimiter">г.</hi><hi style="opnumber">365</hi></p>
<comments><p rend="Textpetit_otstup left"><hi style="npnumber">366</hi><hi style="npdelimiter">Печатается</hi> по автографу, находящемуся в Московском областном государственном архиве.</p>
<p rend="petit left">Старшим нотариусом Тульского окружного суда был Яков Федорович Белобородов.</p>
<p rend="petit left">На прошении написана справка от 7 августа 1869 г. о запрещениях на имения.</p>
</comments></div></body>
        </text>
        </TEI>