<?xml version='1.0' encoding='UTF-8' standalone='no'?>

<TEI xmlns="http://www.tei-c.org/ns/1.0">
       <teiHeader>
          <fileDesc>
             <titleStmt>
                <title>Письмо №* 76. Неизвестному («Алчущему»).</title>
             </titleStmt>
             <publicationStmt>
                <publisher>TolstoyLab</publisher>
                <date when="2015-09-14">14 September 2015</date>
             </publicationStmt>
             <sourceDesc>
                <biblStruct>
                   <analytic>
                      <author>Толстой Л.Н.</author>
                   </analytic>
                   <monogr>
                      <title level="m">Полное собрание сочинений. Том 81</title>
                      <imprint>
                         <pubPlace>Москва</pubPlace>
                         <publisher>Государственное издательство "Художественная литература"</publisher>
                         <date when="1956"/>
                      </imprint>
                   </monogr>
                   <series>
                      <title level="s">Л.Н. Толстой. Полное собрание сочинений</title>
                      <biblScope unit="vol">81</biblScope>
                   </series>
                </biblStruct>
				<bibl>Печатается по копии, сверенной с черновиком-автографом, написанным на конверте письма «Алчущего». Сверху черновика Толстым написано: (На открытке).</bibl>
             </sourceDesc>
          </fileDesc>
          <encodingDesc>
             <tagsDecl> </tagsDecl>
          </encodingDesc>
          <profileDesc>
             <correspDesc>
                <correspAction type="sending">
                   <persName ref="PersonList.xml#L_N_Tolstoy">Л. Н. Толстой</persName>
                   <placeName ref="PlacesListxml#PLACE">Ясная Поляна</placeName>
                   <date when="1910-01-23">1910 г. Января 23.</date>            </correspAction>
                <correspAction type="receiving">
                   <persName ref="PersonList.xml#RECEIVER">Неизвестному («Алчущему»).</persName>
                </correspAction>
                <correspContext>
                   <ref type="prev"/>
                </correspContext>
             </correspDesc>
          </profileDesc>
       </teiHeader>
       <xenoData><number type="in a volume">76</number></xenoData>

       <text xml:id="NeizvestnomuAlchushhemu_76">
	<body><div>
		<opener index="false">
* 76. Неизвестному («Алчущему»).
1910 г. Января 23. Я. П.</opener>
<p rend="left">Для того, чтобы себя исправить, надо прежде всего перестать<note xml:id="note1" resp="volume_editor" index="false"> <hi>В черновике зачеркнуто: </hi>осуждать.</note> видеть в людях одно дурное и осуждать их, а видеть в себе всё дурное и все силы употреблять на искоренение в себе этого дурного.</p>
<p rend="left">23-го января 10 г.</p>
<p rend="left">Ясная Поляна.</p>
<comments><p rend="Textpetit_otstup left">Печатается по копии, сверенной с черновиком-автографом, написанным на конверте письма «Алчущего». Сверху черновика Толстым написано: (На открытке).</p>
<p rend="petit left">Неизвестный корреспондент (р. 1892), подписавшийся «Алчущий», в письме из г. Винницы Подольской губ. от 20 января 1910 г. писал Толстому, что он «слишком рано увидал людскую пошлость, наглость и клевету». Он спрашивал: «как жить? Что нужно для того, чтобы себя исправить, чтобы чувствовать, что ты исполнил свой долг, свое человеческое достоинство и выйти из тьмы к свету, из грязи в чистое место?»</p>
<p rend="Textpetit_otstup left"><hi>1</hi> <hi>В черновике зачеркнуто: </hi>осуждать.</p>
<p rend="petit left">На письмо Толстого «Алчущий» ответил, новым письмом от 2 февраля 1910 г. На конверте этого письма Толстой пометил: <choice original_editorial_correction='Б[ез]'><sic>Б</sic><corr>Без</corr></choice> <choice original_editorial_correction='о[твета]'><sic>о</sic><corr>ответа</corr></choice>.</p>
</comments></div></body>
        </text>
        </TEI>