<?xml version='1.0' encoding='UTF-8' standalone='no'?>

<TEI xmlns="http://www.tei-c.org/ns/1.0">
       <teiHeader>
          <fileDesc>
             <titleStmt>
                <title>Письмо №* 123. Неизвестной.</title>
             </titleStmt>
             <publicationStmt>
                <publisher>TolstoyLab</publisher>
                <date when="2015-09-14">14 September 2015</date>
             </publicationStmt>
             <sourceDesc>
                <biblStruct>
                   <analytic>
                      <author>Толстой Л.Н.</author>
                   </analytic>
                   <monogr>
                      <title level="m">Полное собрание сочинений. Том 77</title>
                      <imprint>
                         <pubPlace>Москва</pubPlace>
                         <publisher>Государственное издательство "Художественная литература"</publisher>
                         <date when="1956"/>
                      </imprint>
                   </monogr>
                   <series>
                      <title level="s">Л.Н. Толстой. Полное собрание сочинений</title>
                      <biblScope unit="vol">77</biblScope>
                   </series>
                </biblStruct>
				<bibl>Печатается по копировальной книге № 7, л. 336.</bibl>
             </sourceDesc>
          </fileDesc>
          <encodingDesc>
             <tagsDecl> </tagsDecl>
          </encodingDesc>
          <profileDesc>
             <correspDesc>
                <correspAction type="sending">
                   <persName ref="PersonList.xml#L_N_Tolstoy">Л. Н. Толстой</persName>
                   <placeName ref="PlacesListxml#PLACE">Ясная Поляна</placeName>
                   <date when="1907-05-17">1907 г. Мая 17.</date>            </correspAction>
                <correspAction type="receiving">
                   <persName ref="PersonList.xml#RECEIVER">Неизвестной.</persName>
                </correspAction>
                <correspContext>
                   <ref type="prev">Ответ на письмо неизвестной (подпись: Ваша незнакомка) от 15 мая 1907 г. (почт. шт.). Корреспондентка спрашивала, «доброе дело или подлость», отчаявшись после десятилетней брачной жизни иметь собственного ребенка, взять чужого от бедной женщины или из воспитательного дома и так обмануть горячо любимого мужа, жаждущего потомства, чтобы он принял чужого ребенка за своего. Просила ответить в Москву до востребования предъявительнице трехрублевого билета с номером, указанным в письме.</ref>
                </correspContext>
             </correspDesc>
          </profileDesc>
       </teiHeader>
       <xenoData><number type="in a volume">123</number></xenoData>

              <text xml:id="Neizvestnoj_123">
	<body><div>
		<opener index="false">
* 123. Неизвестной.
1907 г. Мая 17. Я. П.</opener>
<p rend="left">То, что думаете сделать, нехорошо и наверное но даст радости ни вам, ни вашему мужу и едва ли и тому ребенку.</p>
<p rend="left">Мое мнение то, что если вам тяжело без детей, то возьмите с ведома и согласия мужа ребенка, и не для своего блага или удовольствия, а из сострадания и любви к ребенку.</p>
<p rend="right">Л. Толстой.</p>
<p rend="left">1907. 17 мая.</p>
<comments><p rend="Textpetit_otstup left">Печатается по копировальной книге № 7, л. 336.</p>
<p rend="petit left">Ответ на письмо неизвестной (подпись: Ваша незнакомка) от 15 мая 1907 г. (почт. шт.). Корреспондентка спрашивала, «доброе дело или подлость», отчаявшись после десятилетней брачной жизни иметь собственного ребенка, взять чужого от бедной женщины или из воспитательного дома и так обмануть горячо любимого мужа, жаждущего потомства, чтобы он принял чужого ребенка за своего. Просила ответить в Москву до востребования предъявительнице трехрублевого билета с номером, указанным в письме.</p>
<p rend="left emptyline"><hi style="opnumber">110</hi> <hi style="npnumber">111</hi></p>
</comments></div></body>
        </text>
        </TEI>