<?xml version='1.0' encoding='UTF-8' standalone='no'?>

<TEI xmlns="http://www.tei-c.org/ns/1.0">
       <teiHeader>
          <fileDesc>
             <titleStmt>
                <title>Письмо №305. Объяснительная записка к завещанию.</title>
             </titleStmt>
             <publicationStmt>
                <publisher>TolstoyLab</publisher>
                <date when="2015-09-14">14 September 2015</date>
             </publicationStmt>
             <sourceDesc>
                <biblStruct>
                   <analytic>
                      <author>Толстой Л.Н.</author>
                   </analytic>
                   <monogr>
                      <title level="m">Полное собрание сочинений. Том 82</title>
                      <imprint>
                         <pubPlace>Москва</pubPlace>
                         <publisher>Государственное издательство "Художественная литература"</publisher>
                         <date when="1956"/>
                      </imprint>
                   </monogr>
                   <series>
                      <title level="s">Л.Н. Толстой. Полное собрание сочинений</title>
                      <biblScope unit="vol">82</biblScope>
                   </series>
                </biblStruct>
             </sourceDesc>
          </fileDesc>
          <encodingDesc>
             <tagsDecl> </tagsDecl>
          </encodingDesc>
          <profileDesc>
             <correspDesc>
                <correspAction type="sending">
                   <persName ref="PersonList.xml#L_N_Tolstoy">Л. Н. Толстой</persName>
                   <placeName ref="PlacesListxml#PLACE">Ясная Поляна</placeName>
                   <date when="1910-07-31">1910 г. Июля 31.</date>            </correspAction>
                <correspAction type="receiving">
                   <persName ref="PersonList.xml#RECEIVER">Объяснительная записка к завещанию.</persName>
                </correspAction>
                <correspContext>
                   <ref type="prev"/>
                </correspContext>
             </correspDesc>
          </profileDesc>
       </teiHeader>
       <xenoData><number type="in a volume">305</number></xenoData>

       <text xml:id="Obyasnitelnayazapiskakzaveshhaniyu_305">
	<body><div>
		<opener index="false">
305. Объяснительная записка к завещанию.

1910г. Июля 31. Я. П.</opener>
<comments><p rend="Textpetit_otstup left">Так как Л. Н. Толстой написал завещание, по которому оставляет после своей смерти все свои писания «в собственность» своей дочери Александре Львовне Толстой, а в случае ее смерти раньше его смерти Татьяне Львовне Сухотиной, то необходимо объяснить, почему, сам <hi style="opdelimiter">не</hi><hi style="opnumber">227</hi> <hi style="npnumber">228</hi><hi style="npdelimiter">признавая</hi> собственности, он составил подобное завещание, а во-вторых, как он желает, чтобы было поступлено с его писаниями после его смерти.</p>
<p rend="petit left">К «формальному» завещанию, имеющему юридическую силу, Лев Николаевич прибег не ради утверждения за кем бы то ни было собственности на его писания, а, наоборот, для того, чтобы предупредить возможность обращения их после его смерти в чью-либо частную собственность.</p>
<p rend="petit left">Для того, чтобы предохранить тех, кому он поручил распорядиться его писаниями согласно его указаниям, от возможности отнятия у них этих писаний на основании законов о наследстве, Льву Николаевичу представлялся только один путь: написать обставленное всеми требуемыми законом формальностями завещание на имя таких лиц, в которых он уверен, что они в точности исполнят его указания о том, как поступить с его писаниями. Единственная, следовательно, цель написанного им «формального» завещания заключается в том, чтобы воспрепятствовать предъявлению со стороны кого-либо из его семейных их юридических прав на эти писания в том случае, если эти семейные, пренебрегая волей Льва Николаевича относительно его писаний, пожелали бы обратить их в свою личную собственность.</p>
<p rend="petit left">Воля же Льва Николаевича относительно своих писаний такова:</p>
<p rend="petit left">Он желает, чтобы:</p>
<p rend="petit left">1) Все его сочинения, литературные произведения и писания всякого рода, как уже где-либо напечатанные, так и еще не изданные, не составляли после его смерти <hi>ничьей частной собственности</hi>, а могли бы быть издаваемы и перепечатываемы всеми, кто этого захочет.</p>
<p rend="petit left">2) Чтобы все рукописи и бумаги (в том числе: дневники, черновики, письма и проч. и проч.), которые останутся после него, были переданы В. Г. Черткову с тем, чтобы последний, после смерти Льва Николаевича, занялся пересмотром их и изданием того, что он в них найдет желательным для опубликования, причем в материальном отношении Лев Николаевич просит В. Г. Черткова вести дело на тех же основаниях, на каких он издавал писания Льва Николаевича при жизни последнего.</p>
<p rend="petit left">3) Чтобы В. Г. Чертков выбрал такое лицо или лица, которым передал бы это уполномочие на случай его, Черткова, смерти с тем, чтобы и эта лицо или эти лица поступили также на случай своей смерти, и так далее до минования в этом надобности.<note xml:id="note1" resp="volume_editor" index="false"> В конце 1927 г. В. Г. Чертков образовал «Комитет по исполнению воли Л. Н. Толстого» на случай его, Черткова, смерти или на <hi style="opdelimiter">случай</hi><hi style="opnumber">230</hi> <hi style="npnumber">231</hi><hi style="npdelimiter">невозможности</hi> для него вести дела главной редакции. В состав комитета В. Г. Чертков избрал следующих пять лиц: Александра Борисовича Гольденвейзера, Николая Константиновича Муравьева, Николая Сергеевича Родионова, Ольгу Константиновну Толстую, Владимира Владимировича Черткова. Позднее включил в состав комитета Николая Николаевича Гусева. Положение об этом комитете на основании постановления Совета Народных Комиссаров РСФСР от 12 октября 1928 г. было утверждено 2 июля 1928 г. Наркомпросом РСФСР.</note></p>
<p rend="petit left">4) Чтобы те лица, кому Лев Николаевич завещал «формальную» собственность на все его писания, завещали эту собственность дальнейшим лицам, избранным по соглашению с В. Г. Чертковым или теми, кому перейдет вышеупомянутое уполномочие Черткова, и так далее до минования в этом надобности.</p>
<lb/>
<p rend="left">Совершенно согласен с содержанием этого заявления, составленного по моей просьбе и в точности выражающее мое желание.</p>
<p rend="right">Лев Толстой. 31 июля 1910 <hi style="opdelimiter">г.</hi><hi style="opnumber">228</hi></p>
<p rend="Textpetit_otstup left"><hi style="npnumber">229</hi><hi style="npdelimiter">Завещание</hi> печатается по фотокопии с подлинника-автографа. Впервые опубликовано в газете «Русское слово» 1910, № 266 от 18 ноября.</p>
<p rend="petit left">Объяснительная записка к завещанию печатается по машинописному подлиннику. Последний абзац представляет собою автограф Толстого. Объяснительная записка впервые опубликована В. Г. Чертковым в его статье «О завещательных распоряжениях Л. Н. Толстого». Приложение I к «Дневнику Льва Николаевича Толстого, I, 1895—1899», изд. первое, под редакцией В. Г. Черткова, М. 1916, стр. 248 и 249.</p>
<p rend="petit left">К мысли написать формальное, юридическое завещание Толстой пришел не сразу. Первоначально он предполагал ограничиться своим частным волеизъявлением, неоднократно высказанным как устно, так и письменно в своих Дневниках и письмах. Но в последние два года жизни Толстой наблюдал несочувствие со стороны некоторых членов своей семьи к основной мысли завещания — полному отказу от авторских прав на свои писания и безвозмездному предоставлению их всем, и поэтому он не был уверен в осуществлении своей воли после смерти. Вследствие этого Толстой решил прибегнуть к такому способу осуществления его воли, который не вызывал бы никаких сомнений и дал бы возможность легко и беспрепятственно осуществить на деле его заветное желание.</p>
<p rend="petit left">Первое завещание Толстой написал 27 марта 1895 г. в виде записи в Дневнике. Опубликовано полностью в Дневнике 1895 г., т. 53, стр. 14—16. По поводу этого завещания см. письмо зятя Толстого H. Л. Оболенского к В. Г. Черткову, опубликованное В. Г. Чертковым в его книге «Уход Толстого», М. 1922, стр. 114—117.</p>
<p rend="petit left">Второе завещание — письмо Толстого к В. Г. Черткову от 13/26 мая 1904 г. (<ref target="file:///Volume_88_maya13_719.xml">см т. 88, письмо № 719</ref>) — было опубликовано факсимильно в Приложении I к первому изданию «Дневника Льва Николаевича Толстого, I, 1895—1899», М. 1916, стр. 257 и 258.</p>
<p rend="petit left">В этом письме Толстой поручил В. Г. Черткову вместе с С. А. Толстой «взять на себя труд пересмотреть и разобрать оставшиеся после него» бумаги «и распорядиться ими, как вы найдете нужным». В письме этом, в частности, Толстой высказывается о своих Дневниках, которым он придает больше значения, чем «другим бумагам».</p>
<p rend="petit left">Третье завещательное распоряжение Толстой сделал в дневниковой записи 11 августа 1908 г., продиктовав ее H. Н. Гусеву, который записал ее стенографически (см. т. 56, стр. 144). Впервые было опубликовано в воспоминаниях H. Н. Гусева «Два года с Л. Н. Толстым», изд. «Посредник», М. 1912, стр. 183.</p>
<p rend="petit left">24 июля 1909 г. Толстой обратился к гостившему в Ясной Поляне юристу Ивану Васильевичу Денисенко, мужу своей племянницы Елены Сергеевны Денисенко, с просьбой составить такую бумагу, которая бы обеспечивала предоставление после его смерти всех писаний во всеобщую собственность. Об этом см. т. 57, стр. 100 и прим. 469, Б, IV, стр. 218 и 219, и В. Г. Чертков, «Уход Толстого», М. 1922, стр. 35 и 36.</p>
<p rend="petit left">Четвертое завещательное распоряжение (первое формальное) было собственноручно написано Толстым 18 сентября 1909 г. во время пребывания своего в Крекшине у В. Г. Черткова. Текст этого <hi style="opdelimiter">завещания</hi><hi style="opnumber">229</hi> <hi style="npnumber">230</hi><hi style="npdelimiter">см.</hi> в т. 80, стр. 267. Факсимильное воспроизведение в Приложении I к первому изданию «Дневника Льва Николаевича Толстого, I, 1895—1899», М. 1916, стр. 259. Но так как по гражданским законам царской России всякую собственность можно было завещать только физическому или юридическому лицу, но нельзя было завещать всему народу, то с юридической стороны это завещание не имело силы.</p>
<p rend="petit left">В пятый раз было написано завещание Толстого 1 ноября 1909 г. По этому завещанию, вследствие того, что В. Г. Чертков просил не назначать его юридическим наследником писаний Толстого, Лев Николаевич назначил своей юридической наследницей младшую дочь Александру Львовну, но в завещании он не указал, кому должно было перейти его литературное наследство в случае смерти А. Л. Толстой, вследствие чего и это завещание с формальной стороны могло быть признано недействительным. См. об этом т. 57, запись от 1 ноября 1909 г., стр. 163 и прим. 839.</p>
<p rend="petit left">Наконец, в шестой раз Толстой решил, во избежание недоразумений с его литературным наследством после его смерти, написать формальное духовное завещание с соблюдением всех требований гражданского закона. Текст такого завещания составил Н. К. Муравьев. Завещание было переписано собственноручно Толстым 22 июля 1910 г. Но так как обстановка в Ясной Поляне, вследствие болезненного состояния С. А. Толстой, не позволяла открыто заняться оформлением завещания, то Толстой вынужден был писать свое завещание в лесу близ деревни Грумонт.</p>
<p rend="petit left">Об этом см. т. 58, запись от 22 июля, стр. 8.3, и прим. 1066, А. Б. Гольденвейзер, «Вблизи Толстого», стр. 152—155, и А. П. Сергеенко, «Как писалось завещание Л. Н. Толстого», ТЕ, стр. 76.</p>
<p rend="petit left">Так как по желанию Л. Н. Толстого фактическим душеприказчиком всего его литературного наследства должен был быть В. Г. Чертков, то он предполагал в этом смысле написать дополнительную к официальному завещанию сопроводительную записку.</p>
<p rend="petit left">В. Г Чертков, желая помочь Толстому, по его просьбе составил от имени третьего лица такую записку, и Толстой 31 июля 1910 г. подписал ее, сопроводив своим автографом.</p>
<p rend="petit left">Подробнее об этом см. статью В. Г. Черткова «О завещательных распоряжениях Л. Н. Толстого» — Приложение I к первому изданию «Дневника Льва Николаевича Толстого, I, 1895—1899», стр. 247—249. Факсимиле этого завещательного распоряжения см. там же, стр. 261 и 262.</p>
<p rend="Textpetit_otstup left"><hi>1</hi> А. П. Сергеенко в своих воспоминаниях «Как писалось завещание Л. Н. Толстого» (ТЕ, стр. 77), пишет: «Лев Николаевич стал писать «Тысяча девятьсот десятого года, июля дватцать второго дня». Он сейчас же заметил описку, которую сделал, написав «двадцать» через букву «т», и хотел ее переправить или взять чистый лист, но раздумал, заметив улыбаясь: «Ну, пускай думают, что я был неграмотный». Затем прибавил: «Я поставлю еще цифрами, чтобы не было сомнения». И после слона «июля» вставил в скобках «22» цифрами».</p>
<p rend="petit left"><hi>2</hi> В конце 1927 г. В. Г. Чертков образовал «Комитет по исполнению воли Л. Н. Толстого» на случай его, Черткова, смерти или на <hi style="opdelimiter">случай</hi><hi style="opnumber">230</hi> <hi style="npnumber">231</hi><hi style="npdelimiter">невозможности</hi> для него вести дела главной редакции. В состав комитета В. Г. Чертков избрал следующих пять лиц: Александра Борисовича Гольденвейзера, Николая Константиновича Муравьева, Николая Сергеевича Родионова, Ольгу Константиновну Толстую, Владимира Владимировича Черткова. Позднее включил в состав комитета Николая Николаевича Гусева. Положение об этом комитете на основании постановления Совета Народных Комиссаров РСФСР от 12 октября 1928 г. было утверждено 2 июля 1928 г. Наркомпросом РСФСР.</p>
<p> </p>
</comments></div></body>
        </text>
        </TEI>