<?xml version='1.0' encoding='UTF-8' standalone='no'?>

<TEI xmlns="http://www.tei-c.org/ns/1.0">
       <teiHeader>
          <fileDesc>
             <titleStmt>
                <title>Письмо №* 181. Неизвестной (Теодоре).</title>
             </titleStmt>
             <publicationStmt>
                <publisher>TolstoyLab</publisher>
                <date when="2015-09-14">14 September 2015</date>
             </publicationStmt>
             <sourceDesc>
                <biblStruct>
                   <analytic>
                      <author>Толстой Л.Н.</author>
                   </analytic>
                   <monogr>
                      <title level="m">Полное собрание сочинений. Том 80</title>
                      <imprint>
                         <pubPlace>Москва</pubPlace>
                         <publisher>Государственное издательство "Художественная литература"</publisher>
                         <date when="1955"/>
                      </imprint>
                   </monogr>
                   <series>
                      <title level="s">Л.Н. Толстой. Полное собрание сочинений</title>
                      <biblScope unit="vol">80</biblScope>
                   </series>
                </biblStruct>
				<bibl>Печатается по машинописной копии. Основание датировки: копия отпечатана на одном листе с копией ярлыка на посуду с вином, составленного для депутата Челышева 7 октября 1909 г.</bibl>
             </sourceDesc>
          </fileDesc>
          <encodingDesc>
             <tagsDecl> </tagsDecl>
          </encodingDesc>
          <profileDesc>
             <correspDesc>
                <correspAction type="sending">
                   <persName ref="PersonList.xml#L_N_Tolstoy">Л. Н. Толстой</persName>
                   <placeName ref="PlacesListxml#PLACE">Ясная Поляна</placeName>
                   <date when="1909-10">1909 г. Октября</date>            </correspAction>
                <correspAction type="receiving">
                   <persName ref="PersonList.xml#RECEIVER">Неизвестной (Теодоре).</persName>
                </correspAction>
                <correspContext>
                   <ref type="prev"/>
                </correspContext>
             </correspDesc>
          </profileDesc>
       </teiHeader>
       <xenoData><number type="in a volume">181</number></xenoData>

       <text xml:id="NeizvestnojTeodore_181">
	<body><div>
		<opener index="false">
* 181. Неизвестной (Теодоре).
1909 г. Октября начало. Я. П.</opener>
<p rend="left">Цель жизни для всех людей, как мужчин, так и женщин, одна: духовное совершенствование, т. е. увеличение в себе любви одинаковой ко всем людям, любви, проявляющейся в делах, словах и мыслях.</p>
<p rend="left">Приближение к такому совершенству, очевидно, легче для человека свободного, бессемейного, но оно одинаково возможно и для семейного, для мужчины так же, как и для женщины.</p>
<comments><p rend="Textpetit_otstup left">Печатается по машинописной копии. Основание датировки: копия отпечатана на одном листе с копией ярлыка на посуду с вином, составленного для депутата Челышева 7 октября 1909 г.</p>
<p rend="petit left">Письмо адресата в архиве не найдено. Вероятно, оно было подписано одним именем, которое и перенесено на копию комментируемого письма.</p>
</comments></div></body>
        </text>
        </TEI>