<?xml version='1.0' encoding='UTF-8' standalone='no'?>

<TEI xmlns="http://www.tei-c.org/ns/1.0">
       <teiHeader>
          <fileDesc>
             <titleStmt>
                <title>Письмо №* 10. Неизвестному («Невежде-полуграмотному»).</title>
             </titleStmt>
             <publicationStmt>
                <publisher>TolstoyLab</publisher>
                <date when="2015-09-14">14 September 2015</date>
             </publicationStmt>
             <sourceDesc>
                <biblStruct>
                   <analytic>
                      <author>Толстой Л.Н.</author>
                   </analytic>
                   <monogr>
                      <title level="m">Полное собрание сочинений. Том 80</title>
                      <imprint>
                         <pubPlace>Москва</pubPlace>
                         <publisher>Государственное издательство "Художественная литература"</publisher>
                         <date when="1955"/>
                      </imprint>
                   </monogr>
                   <series>
                      <title level="s">Л.Н. Толстой. Полное собрание сочинений</title>
                      <biblScope unit="vol">80</biblScope>
                   </series>
                </biblStruct>
             </sourceDesc>
          </fileDesc>
          <encodingDesc>
             <tagsDecl> </tagsDecl>
          </encodingDesc>
          <profileDesc>
             <correspDesc>
                <correspAction type="sending">
                   <persName ref="PersonList.xml#L_N_Tolstoy">Л. Н. Толстой</persName>
                   <placeName ref="PlacesListxml#PLACE">Ясная Поляна</placeName>
                   <date when="1909-07-08">1909 г. Июля 8.</date>            </correspAction>
                <correspAction type="receiving">
                   <persName ref="PersonList.xml#RECEIVER">Неизвестному («Невежде-полуграмотному»).</persName>
                </correspAction>
                <correspContext>
                   <ref type="prev">Ответ на письмо неизвестного (подписи нет, адрес: Ростов н/Д, до востребования, Невежде-полуграмотному) от 5 июля 1909 г. (почт. шт.). Корреспондент писал о том, что прочитанное им в произведениях Толстого толкование евангелия глубоко возмутило его.</ref>
                </correspContext>
             </correspDesc>
          </profileDesc>
       </teiHeader>
       <xenoData><number type="in a volume">10</number></xenoData>

       <text xml:id="NeizvestnomuNevezhde-polugramotnomu_10">
	<body><div>
		<opener index="false">
* 10. Неизвестному («Невежде-полуграмотному»).
1909 г. Июля 8. Я. П.</opener>
<p rend="right">Ясная Поляна,</p>
<p rend="right">8 июля 1909.</p>
<p rend="left">Вы пишете:</p>
<p rend="left">«Научите меня таким словом познать бога моего, поклоняться ему, пред которым сжалось бы сердце мое и сказал бы в глубине души моей: да, с этими словами я могу смело достигнуть той благодати, которую Христос передал апостолам для проповедования народу закона<note xml:id="note1" resp="volume_editor" index="false"> <hi>Исправлено по письму корреспондента. В дубликате</hi>: закону</note> для спасения души и тела».</p>
<p rend="left">Я не могу учить вас никаким словом. Может это сделать только Христос, и слово это сказано<note xml:id="note2" resp="volume_editor" index="false"> <hi>Исправлено по черновику. В дубликате</hi>: указано</note> им в евангелии. И вы и без моего указания найдете это слово, если будете искать учение Христа, самого Христа, а не рассказы о нем и не толкования его учения апостолами и церковью. От всей души желаю вам этого, и вы найдете ту благодать, которую ищете, хотя она и не согласна с той, какую обещает церковь, если вы точно ищете благодати и истины, а не спокойствия своего, не решаясь обдумать и проверить данным вам от бога разумом то, чему вас учили с детства и во что веруют все <hi style="opdelimiter">окружающие.</hi><hi style="opnumber">9</hi></p>
<comments><p rend="Textpetit_otstup left"><hi style="npnumber">10</hi><hi style="npdelimiter">Печатается</hi> по дубликату подлинника (собственноручные поправки Толстого внесены рукой H. H. Гусева).</p>
<p rend="petit left">Ответ на письмо неизвестного (подписи нет, адрес: Ростов н/Д, до востребования, Невежде-полуграмотному) от 5 июля 1909 г. (почт. шт.). Корреспондент писал о том, что прочитанное им в произведениях Толстого толкование евангелия глубоко возмутило его.</p>
<p rend="Textpetit_otstup left"><hi>1</hi> <hi>Исправлено по письму корреспондента. В дубликате</hi>: закону</p>
<p rend="petit left"><hi>2</hi> <hi>Исправлено по черновику. В дубликате</hi>: указано</p>
</comments></div></body>
        </text>
        </TEI>