<?xml version='1.0' encoding='UTF-8' standalone='no'?>

<TEI xmlns="http://www.tei-c.org/ns/1.0">
       <teiHeader>
          <fileDesc>
             <titleStmt>
                <title>Письмо №* 182. Неизвестному.</title>
             </titleStmt>
             <publicationStmt>
                <publisher>TolstoyLab</publisher>
                <date when="2015-09-14">14 September 2015</date>
             </publicationStmt>
             <sourceDesc>
                <biblStruct>
                   <analytic>
                      <author>Толстой Л.Н.</author>
                   </analytic>
                   <monogr>
                      <title level="m">Полное собрание сочинений. Том 69</title>
                      <imprint>
                         <pubPlace>Москва</pubPlace>
                         <publisher>Государственное издательство "Художественная литература"</publisher>
                         <date when="1954"/>
                      </imprint>
                   </monogr>
                   <series>
                      <title level="s">Л.Н. Толстой. Полное собрание сочинений</title>
                      <biblScope unit="vol">69</biblScope>
                   </series>
                </biblStruct>
				<bibl>Печатается по машинописной копии. Дата копии.</bibl>
             </sourceDesc>
          </fileDesc>
          <encodingDesc>
             <tagsDecl> </tagsDecl>
          </encodingDesc>
          <profileDesc>
             <correspDesc>
                <correspAction type="sending">
                   <persName ref="PersonList.xml#L_N_Tolstoy">Л. Н. Толстой</persName>
                   <placeName ref="PlacesListxml#PLACE">Москва</placeName>
                   <date when="1896-11-23">1896 в. Ноября (?) 23.</date>            </correspAction>
                <correspAction type="receiving">
                   <persName ref="PersonList.xml#RECEIVER">Неизвестному.</persName>
                </correspAction>
                <correspContext>
                   <ref type="prev"/>
                </correspContext>
             </correspDesc>
          </profileDesc>
       </teiHeader>
       <xenoData><number type="in a volume">182</number></xenoData>

              <text xml:id="Neizvestnomu_182">
	<body><div>
		<opener index="false">
* 182. Неизвестному.
1896 в. Ноября (?) 23. Москва.
</opener><p rend="left">Очень сожалею, что не могу исполнить вашего желания. Адрес В. Г. Ч.<note xml:id="note1" resp="volume_editor" index="false"> Владимира Григорьевича Черткова.</note> — Россоша, Воронежской губ.</p>
<p rend="right">Л. Т.</p>
<p rend="petit left">Печатается по машинописной копии. Дата копии.</p>
<p rend="petit left">Адресат остался нераскрытым. Его письмо, на которое отвечает Толстой, неизвестно.</p>
<comments><p rend="Textpetit_otstup left"><hi>1 </hi> Владимира Григорьевича Черткова.</p>
</comments></div></body>
        </text>
        </TEI>