<?xml version='1.0' encoding='UTF-8' standalone='no'?>

<TEI xmlns="http://www.tei-c.org/ns/1.0">
       <teiHeader>
          <fileDesc>
             <titleStmt>
                <title>Письмо №* 129. М. П. Балакину.</title>
             </titleStmt>
             <publicationStmt>
                <publisher>TolstoyLab</publisher>
                <date when="2015-09-14">14 September 2015</date>
             </publicationStmt>
             <sourceDesc>
                <biblStruct>
                   <analytic>
                      <author>Толстой Л.Н.</author>
                   </analytic>
                   <monogr>
                      <title level="m">Полное собрание сочинений. Том 79</title>
                      <imprint>
                         <pubPlace>Москва</pubPlace>
                         <publisher>Государственное издательство "Художественная литература"</publisher>
                         <date when="1955"/>
                      </imprint>
                   </monogr>
                   <series>
                      <title level="s">Л.Н. Толстой. Полное собрание сочинений</title>
                      <biblScope unit="vol">79</biblScope>
                   </series>
                </biblStruct>
             </sourceDesc>
          </fileDesc>
          <encodingDesc>
             <tagsDecl> </tagsDecl>
          </encodingDesc>
          <profileDesc>
             <correspDesc>
                <correspAction type="sending">
                   <persName ref="PersonList.xml#L_N_Tolstoy">Л. Н. Толстой</persName>
                   <placeName ref="PlacesListxml#PLACE">Ясная Поляна</placeName>
                   <date when="1909-03-15">1909 г. Марта 15.</date>            </correspAction>
                <correspAction type="receiving">
                   <persName ref="PersonList.xml#RECEIVER">М. П. Балакину.</persName>
                </correspAction>
                <correspContext>
                   <ref type="prev"/>
                </correspContext>
             </correspDesc>
          </profileDesc>
       </teiHeader>
       <xenoData><number type="in a volume">129</number></xenoData>

              <text xml:id="M.P.Balakinu_129">
	<body><div>
		<opener index="false">
* 129. М. П. Балакину.
1909 г. Марта 15. Я. П.</opener>
<p rend="right">Ясная Поляна. 15 марта 09 г.</p>
<p rend="left">Время и движение, пространство и вещество суть только формы нашего ограничения, отделенности от «Всего». И потому движение, прогресс всего человечества не имеет реального значения. Реально только наше духовное совершенствование, которое не есть движение, а только освобождение от того, что скрывает совершенство, что отделяет нас от него, от бога. Такие ответы я даю сам себе на ваш вопрос. Лучше не <hi style="opdelimiter">умею.</hi><hi style="opnumber">116</hi></p>
<comments><p rend="Textpetit_otstup left"><hi style="npnumber">117</hi><hi style="npdelimiter">Печатается</hi> по машинописной копии, вклеенной в копировальную книгу № 8, л. 544. Сверено с черновиком-автографом, написанным на конверте письма адресата.</p>
<p rend="petit left">Михаил Прохорович Балакин (р. 1890) — рабочий-ремесленник, знакомый В. Г. Черткова; позднее — сельский учитель.</p>
<p rend="petit left">В письме от 9 февраля из Москвы спрашивал Толстого, можно ли рассматривать «общественное движение как положительное свойство общественного мнения».</p>
</comments></div></body>
        </text>
        </TEI>