<?xml version='1.0' encoding='UTF-8' standalone='no'?>

<TEI xmlns="http://www.tei-c.org/ns/1.0">
       <teiHeader>
          <fileDesc>
             <titleStmt>
                <title>Письмо №64. Обращение к заключенным за отказ<lb/>от воинской повинности.</title>
             </titleStmt>
             <publicationStmt>
                <publisher>TolstoyLab</publisher>
                <date when="2015-09-14">14 September 2015</date>
             </publicationStmt>
             <sourceDesc>
                <biblStruct>
                   <analytic>
                      <author>Толстой Л.Н.</author>
                   </analytic>
                   <monogr>
                      <title level="m">Полное собрание сочинений. Том 79</title>
                      <imprint>
                         <pubPlace>Москва</pubPlace>
                         <publisher>Государственное издательство "Художественная литература"</publisher>
                         <date when="1955"/>
                      </imprint>
                   </monogr>
                   <series>
                      <title level="s">Л.Н. Толстой. Полное собрание сочинений</title>
                      <biblScope unit="vol">79</biblScope>
                   </series>
                </biblStruct>
				<bibl>Печатается по копировальной книге № 8, лл. 486—488 (машинописная копия). Сверено с черновиками, хранящимися в ГМТ. Впервые опубликовано в книге H.H. Гусева «Лев Толстой против государства и церкви». Берлин, [1913], стр. 66—68, и в журнале «Голос Толстого и Единение» 1918, № 3(9), стр. 1—2.</bibl>
             </sourceDesc>
          </fileDesc>
          <encodingDesc>
             <tagsDecl> </tagsDecl>
          </encodingDesc>
          <profileDesc>
             <correspDesc>
                <correspAction type="sending">
                   <persName ref="PersonList.xml#L_N_Tolstoy">Л. Н. Толстой</persName>
                   <placeName ref="PlacesListxml#PLACE">Ясная Поляна</placeName>
                   <date when="1909-02-10">1909 г. Февраля 10.</date>            </correspAction>
                <correspAction type="receiving">
                   <persName ref="PersonList.xml#RECEIVER">к заключенным за отказ от воинской повинности.</persName>
                </correspAction>
                <correspContext>
                   <ref type="prev"/>
                </correspContext>
             </correspDesc>
          </profileDesc>
       </teiHeader>
       <xenoData><number type="in a volume">64</number></xenoData>

              <text xml:id="Obrashheniekzaklyuchennymzaotkazotvoinskojpovinnosti_64">
	<body><div>
		<opener index="false">
64. Обращение к заключенным за отказ<lb/>от воинской повинности.
1909 г. Февраля 10. Я. П.</opener>
<p rend="left">Привет вам, страдающие за общее наше, всего человечества, дело, братья.</p>
<p rend="left">Несчастные, заблудшие люди, не понимая того, что они делают, мучают вас, и миллионы и миллионы людей старательно закрывают глаза на то, что делается с вами, для того чтобы не видеть того простого и ясного вопроса, который, хотят ли они или не хотят этого, с такой яркостью стоит теперь перед всем человечеством и в особенности перед той частью его, которая называет себя христианами.</p>
<p rend="left">Вас мало, вы единицы на миллионы, но сила не на их, а на вашей стороне, и они смутно чуют это и потому стараются <hi style="opdelimiter">не</hi><hi style="opnumber">64</hi> <hi style="npnumber">65</hi><hi style="npdelimiter">видеть,</hi> не признавать вопроса, делать вид, что и нет никакого вопроса, но вы своим прямым ответом на вопрос, ответом, подтверждаемым вами страданиями, так освещаете вопрос, что они уже не могут не видеть это.</p>
<p rend="left">Простой и ясный вопрос ведь в том: какой из двух законов признаешь ты для себя обязательным, ты, каждый человек нашего времени: закон ли бога, т. е. своей совести, или закон человеческий, т. е. закон государства? Веришь ли ты своду законов или евангелию? Какие повеления считаешь для себя более обязательными: повеления ли бога или воинского устава?</p>
<p rend="left">Заблудшие люди думали уйти от этого вопроса, хотели скрыть, замять его, но вы своим ясным ответом на вопрос неотвратимо поставили его перед всеми. Нельзя уже притворяться, что нет вопроса, а надо так или иначе отвечать на него. И от этого-то, как ни мало вас, пускай они до смерти замучают вас, победа неизбежно останется на вашей стороне, на стороне истины, добра, простого, здравого смысла. От этого-то так и велико, огромно то дело, которое вы делаете своими столь незаметными для мирской жизни страданиями, и вот это-то мы, разделяющие ваши взгляды, радующиеся на вас, ободряемые вами, и хотим высказать вам.</p>
<p rend="left">Не думайте, чтобы целью этого нашего послания, которое я пишу не только от своего лица, но и от лица всех тех, кто чувствует по отношению к вам то же что и я, — а таких, как я знаю, очень много, — не думайте, чтобы целью нашей было желание поддержать ваши силы в предстоящем вам испытании. Мы знаем, что руководить и поощрять вас не может мнение людское, так как делаете вы то, чтò делаете, только потому, что считаете это перед богом делом своей жизни, и одинаково будете делать то, чтò делаете, независимо от того, будут ли люди хвалить или порицать вас за то, чтò вы делаете.</p>
<p rend="left">Не думайте тоже и того, чтобы мы, боясь того, чтобы вы своим отступлением не ослабили силу совершаемого вами великого, не только для всех нас, но и для будущих поколений дела, желали бы утвердить вас в вашем решении. Мы далеки от этой мысли. Мы знаем, что то великое дело, которое вы делаете, раньше или позже, но неизбежно совершится, и потому, как бы слабы ни были телесные силы некоторых из вас, как бы ни было непродолжительно ваше обличение обмана и борьба с <hi style="opdelimiter">ним,</hi><hi style="opnumber">65</hi> <hi style="npnumber">66</hi><hi style="npdelimiter">мы</hi> одинаково ценим эту борьбу и любим вас за нее, продолжалась ли она дни или годы.</p>
<p rend="left">И потому цель наша в этом обращении к вам одна: высказать вам, как тем, которые только в последнее время подверглись неволе и насилиям, так и тем, которые с непоколебимой твердостью, спокойствием и прощением к своим мучителям несли и несут эти испытания годами, — цель наша одна: высказать те наши чувства уважения, любви и благодарности к вам за то духовное освобождение, которому вы так самоотверженно и верно служите своими телесными страданиями.</p>
<p rend="left">Помогай вам бог с прежней кротостью, терпением и прощением к тем несчастным, заблудшим людям, которые тщетно стараются сделать вам зло, нести добровольно принятые на себя страдания.</p>
<p rend="left">Всей душой любящий и почитающий вас брат ваш</p>
<p rend="right">Лев Толстой.</p>
<p rend="left">10 февраля 1909 г.</p>
<comments><p rend="Textpetit_otstup left">Печатается по копировальной книге № 8, лл. 486—488 (машинописная копия). Сверено с черновиками, хранящимися в ГМТ. Впервые опубликовано в книге H.H. Гусева «Лев Толстой против государства и церкви». Берлин, [1913], стр. 66—68, и в журнале «Голос Толстого и Единение» 1918, № 3(9), стр. 1—2.</p>
</comments></div></body>
        </text>
        </TEI>