<?xml version='1.0' encoding='UTF-8' standalone='no'?>

<TEI xmlns="http://www.tei-c.org/ns/1.0">
       <teiHeader>
          <fileDesc>
             <titleStmt>
                <title>Письмо №* 72. NN (К-ву).</title>
             </titleStmt>
             <publicationStmt>
                <publisher>TolstoyLab</publisher>
                <date when="2015-09-14">14 September 2015</date>
             </publicationStmt>
             <sourceDesc>
                <biblStruct>
                   <analytic>
                      <author>Толстой Л.Н.</author>
                   </analytic>
                   <monogr>
                      <title level="m">Полное собрание сочинений. Том 78</title>
                      <imprint>
                         <pubPlace>Москва</pubPlace>
                         <publisher>Государственное издательство "Художественная литература"</publisher>
                         <date when="1956"/>
                      </imprint>
                   </monogr>
                   <series>
                      <title level="s">Л.Н. Толстой. Полное собрание сочинений</title>
                      <biblScope unit="vol">78</biblScope>
                   </series>
                </biblStruct>
				<bibl>Печатается по копировальной книге № 8, л. 145. Подлинник написан и датирован рукой H. H. Гусева, подпись и нижняя дата собственноручные. Продиктовано в фонограф.</bibl>
             </sourceDesc>
          </fileDesc>
          <encodingDesc>
             <tagsDecl> </tagsDecl>
          </encodingDesc>
          <profileDesc>
             <correspDesc>
                <correspAction type="sending">
                   <persName ref="PersonList.xml#L_N_Tolstoy">Л. Н. Толстой</persName>
                   <placeName ref="PlacesListxml#PLACE">Ясная Поляна</placeName>
                   <date when="1908-03-11">1908 г. Марта 11</date>            </correspAction>
                <correspAction type="receiving">
                   <persName ref="PersonList.xml#RECEIVER">NN (К-ву).</persName>
                </correspAction>
                <correspContext>
                   <ref type="prev"/>
                </correspContext>
             </correspDesc>
          </profileDesc>
       </teiHeader>
       <xenoData><number type="in a volume">72</number></xenoData>

              <text xml:id="NNK-vu_72">
	<body><div>
		<opener index="false">
 * 72. NN (К-ву).
1908 г. Марта 11 Я. П.</opener>
<p rend="right">Ясная Поляна, 11 марта 08.</p>
<p rend="left">Жизнь наша происходит в настоящем. Только настоящее важно, и никакое прошедшее не может помешать настоящему. Напротив, сознание наших грехов в прошедшем <hi style="opdelimiter">поощряет</hi><hi style="opnumber">82</hi> <hi style="npnumber">83</hi><hi style="npdelimiter">нас</hi> к доброй жизни в настоящем. Вот всё, что могу сказать вам в ответ на ваше искреннее, тронувшее меня письмо. Посылаю вам несколько книг, которые, может быть, пригодятся вам.</p>
<p rend="left">В утешение могу сказать вам, что мало есть людей, которые бы не страдали тем же, чем вы пострадали. Не унывайте, а, напротив, стремитесь к большему и большему целомудрию, и я думаю, что вы найдете силы достигнуть этого.</p>
<p rend="right">Лев Толстой.</p>
<p rend="left">1908, 11 марта.</p>
<comments><p rend="Textpetit_otstup left">Печатается по копировальной книге № 8, л. 145. Подлинник написан и датирован рукой H. H. Гусева, подпись и нижняя дата собственноручные. Продиктовано в фонограф.</p>
<p rend="petit left">В письме от 23 февраля 1908 г. (почт. шт.) К-в с отчаянием писал о своих моральных мучениях, вызываемых противоестественным пороком, которому он предается. Он спрашивал: «Как мне выйти из этой тины? Чем заглушить голос моей совести? Какими делами покрыть прошедшие годы моего падения?»</p>
</comments></div></body>
        </text>
        </TEI>