<?xml version='1.0' encoding='UTF-8' standalone='no'?>

<TEI xmlns="http://www.tei-c.org/ns/1.0">
       <teiHeader>
          <fileDesc>
             <titleStmt>
                <title>Письмо №27. В редакции немецких газет.</title>
             </titleStmt>
             <publicationStmt>
                <publisher>TolstoyLab</publisher>
                <date when="2015-09-14">14 September 2015</date>
             </publicationStmt>
             <sourceDesc>
                <biblStruct>
                   <analytic>
                      <author>Толстой Л.Н.</author>
                   </analytic>
                   <monogr>
                      <title level="m">Полное собрание сочинений. Том 73</title>
                      <imprint>
                         <pubPlace>Москва</pubPlace>
                         <publisher>Государственное издательство "Художественная литература"</publisher>
                         <date when="1954"/>
                      </imprint>
                   </monogr>
                   <series>
                      <title level="s">Л.Н. Толстой. Полное собрание сочинений</title>
                      <biblScope unit="vol">73</biblScope>
                   </series>
                </biblStruct>
				<bibl>Печатается по подлиннику, написанному на пишущей машинке, подпись собственноручная. Опубликовано в 1901 г. в немецких газетах. В ГМТ хранится черновик, тоже написанный на машинке, с собственноручными исправлениями и датой. (Это текст, присланный А. К. Чертковой для подписи и почти совпадающий с подлинником.)</bibl>
             </sourceDesc>
          </fileDesc>
          <encodingDesc>
             <tagsDecl> </tagsDecl>
          </encodingDesc>
          <profileDesc>
             <correspDesc>
                <correspAction type="sending">
                   <persName ref="PersonList.xml#L_N_Tolstoy">Л. Н. Толстой</persName>
                   <placeName ref="PlacesListxml#PLACE">Москва</placeName>
                   <date when="1901-02-02">1901 г. Февраля 2.</date>            </correspAction>
                <correspAction type="receiving">
                   <persName ref="PersonList.xml#RECEIVER">В редакции немецких газет.</persName>
                </correspAction>
                <correspContext>
                   <ref type="prev"/>
                </correspContext>
             </correspDesc>
          </profileDesc>
       </teiHeader>
       <xenoData><number type="in a volume">27</number></xenoData>

              <text xml:id="Vredakciinemeckixgazet._27">
	<body><div>
		<opener index="false">
27. В редакции немецких газет.
1901 г. Февраля 2. Москва.</opener>
<p rend="left">Um in der letzten Zeit sich mehrfach wiederholenden Missverständnissen vorzubeugen, thue ich kund, dass ich alle Verhandlungen mit Verlegern und Uebersetzern meiner Werke in den verschiedenen Ländern meinem Freunde Wladimir Tchertkoff übertragen habe.</p>
<p rend="left">W. Tchertkoff hat ohne irgend welchen persönlichen Vortheil einzig und allein aus dem Wunsche die Verbreitung meiner Werke zu fördern, die Vermittelung zwischen mir und denjenigen Personen, welche die Originale der ersten Auflage meiner Werke in ihren wirklichen unveränderten Form zu Uebersetzungszwecken benutzen wollen, freundlichst übernommen und meinem Wunsche gemäss sie den Uebersetzern und Herausgebern unentgeltlich nur unter der Bedingung richtiger und genauer Uebersetzung des durchgesehenen Originals überliefert. Ich bitte W. Tchertkoff in dieser Angelegenheit als meinen unmittelbaren Bevollmächtigten betrachten zu wollen, welcher mein volles Vertrauen geniesst und bitte seine dies bezüglichen Auskünfte und Erklärungen als unbedingt genau und zuverlässig hinzunehmen.</p>
<p rend="right">Leo Toltsoy.</p>
<p rend="left">Moskau, den 2 Februar 1901.</p>
<lb/>
<p rend="petit left">Во избежание многократно повторяющихся в последнее время недоразумений сообщаю, что ведение всех переговоров с издателями и переводчиками моих произведений в различных странах переданы мною моему другу Владимиру Черткову.</p>
<p rend="petit left">В. Чертков любезно принял на себя, безо всякой личной для себя выгоды, а исключительно только из желания содействовать распространению моих сочинений, посредничество между мною и теми лицами, которые желают использовать для переводов оригиналы первых изданий <hi style="opdelimiter">моих</hi><hi style="opnumber">33</hi> <hi style="npnumber">34</hi><hi style="npdelimiter">сочинений</hi> в их настоящем, неизменном виде, и по моему желанию передает их переводчикам и издателям без всякого вознаграждения, но только с условием правильного и точного перевода по проверенному им оригиналу. Прошу считать В. Черткова моим непосредственным уполномоченным, пользующимся моим полным доверием, а все справки и разъяснения, даваемые им по этому делу, — безусловно правильными.</p>
<p rend="petit right">Лев Толстой.</p>
<p rend="petit left">Москва, 2 февраля 1901.</p>
<comments><p rend="Textpetit_otstup left">Печатается по подлиннику, написанному на пишущей машинке, подпись собственноручная. Опубликовано в 1901 г. в немецких газетах. В ГМТ хранится черновик, тоже написанный на машинке, с собственноручными исправлениями и датой. (Это текст, присланный А. К. Чертковой для подписи и почти совпадающий с подлинником.)</p>
<p rend="petit left">Заявление Толстого в немецкие газеты написано по просьбе А. К. Чертковой. Просьба ее была вызвана тем, что после публикации «Воскресения» в 1899 г., из-за вмешательства издателя «Нивы» А. Ф. Маркса, дальнейшая работа Чертковых по изданию произведений Толстого, на немецком языке была очень осложнена. Необходимо было получить непосредственно от Толстого новое подтверждение полномочий.</p>
<p rend="petit left">См. письма к В. Г. Черткову от 19 и 30 января 1901 г., т. 88.</p>
</comments></div></body>
        </text>
        </TEI>