<?xml version='1.0' encoding='UTF-8' standalone='no'?>

<TEI xmlns="http://www.tei-c.org/ns/1.0">
       <teiHeader>
          <fileDesc>
             <titleStmt>
                <title>Письмо №587. N.N. («Тифлисским барышням»).</title>
             </titleStmt>
             <publicationStmt>
                <publisher>TolstoyLab</publisher>
                <date when="2015-09-14">14 September 2015</date>
             </publicationStmt>
             <sourceDesc>
                <biblStruct>
                   <analytic>
                      <author>Толстой Л.Н.</author>
                   </analytic>
                   <monogr>
                      <title level="m">Полное собрание сочинений. Том 63</title>
                      <imprint>
                         <pubPlace>Москва</pubPlace>
                         <publisher>Государственное издательство "Художественная литература"</publisher>
                         <date when="1934"/>
                      </imprint>
                   </monogr>
                   <series>
                      <title level="s">Л.Н. Толстой. Полное собрание сочинений</title>
                      <biblScope unit="vol">63</biblScope>
                   </series>
                </biblStruct>
				<bibl>Печатается по подлиннику (рукой Т. Л. Толстой, с собственноручной подписью Толстого), хранящемуся в ГТМ. Впервые опубликовано в «Новом обозрении» (Тифлис) 1887, № от 12 марта. Дата подлинника неполная: «17 декабря. Москва». Относим его к 1886 г., имея в виду, что в начале 1887 г. оно уже бьло опубликовано.</bibl>
             </sourceDesc>
          </fileDesc>
          <encodingDesc>
             <tagsDecl> </tagsDecl>
          </encodingDesc>
          <profileDesc>
             <correspDesc>
                <correspAction type="sending">
                   <persName ref="PersonList.xml#L_N_Tolstoy">Л. Н. Толстой</persName>
                   <placeName ref="PlacesListxml#PLACE">Москва</placeName>
                   <date when="1886-12-17">1886 г. Декабря 17.</date>            </correspAction>
                <correspAction type="receiving">
                   <persName ref="PersonList.xml#RECEIVER">N.N. («Тифлисским барышням»)</persName>
                </correspAction>
                <correspContext>
                   <ref type="prev"/>
                </correspContext>
             </correspDesc>
          </profileDesc>
       </teiHeader>
       <xenoData><number type="in a volume">587</number></xenoData>

              <text xml:id="l_587">
	<body><div>
		<opener index="false">
587. N.N. («Тифлисским барышням»).
1886 г. Декабря 17. Москва.</opener>
<p rend="left">Вы спрашиваете <choice><reg>дела</reg><orig>дѣла</orig></choice>. <choice><reg>Кроме</reg><orig>Кромѣ</orig></choice> <choice><reg>общего</reg><orig>общаго</orig></choice> <choice><reg>всем</reg><orig>всѣмъ</orig></choice> <choice><reg>нам</reg><orig>намъ</orig></choice> <choice><reg>дела</reg><orig>дѣла</orig></choice>, — стараться уменьшать <choice><reg>те</reg><orig>тѣ</orig></choice> труды, которые употребляются другими на <choice><reg>поддержание</reg><orig>поддержанiе</orig></choice> нашей жизни, сокращая свои <choice><reg>требования</reg><orig>требованiя</orig></choice> и <choice><reg>делая</reg><orig>дѣлая</orig></choice> своими руками, что можешь <choice><reg>сделать</reg><orig>сдѣлать</orig></choice> для себя и для <choice><reg>других</reg><orig>другихъ</orig></choice>, у <choice><reg>приобретших</reg><orig>прiобрѣтшихъ</orig></choice> <choice><reg>знания</reg><orig>знанiя</orig></choice> есть еще <choice><reg>дело</reg><orig>дѣло</orig></choice>: <choice><reg>поделиться</reg><orig>подѣлиться</orig></choice> этими <choice><reg>знаниями</reg><orig>знанiями</orig></choice>, вернуть <choice><reg>их</reg><orig>ихъ</orig></choice> <choice><reg>назад</reg><orig>назадъ</orig></choice> тому народу, который <choice><reg>воспитал</reg><orig>воспиталъ</orig></choice> <choice><reg>нас</reg><orig>насъ</orig></choice>. — И <choice><reg>вот</reg><orig>вотъ</orig></choice> такое <choice><reg>дело</reg><orig>дѣло</orig></choice> есть у меня:</p>
<p rend="left"><choice><reg>Существуют</reg><orig>Существуютъ</orig></choice> <choice><reg>в</reg><orig>въ</orig></choice> <choice><reg>Москве</reg><orig>Москвѣ</orig></choice> издатели <choice><reg>народных</reg><orig>народныхъ</orig></choice> <choice><reg>книг</reg><orig>книгъ</orig></choice>, <choice><reg>азбук</reg><orig>азбукъ</orig></choice>, <choice><reg>арифметик</reg><orig>ариѳметикъ</orig></choice>, <choice><reg>историй</reg><orig>исторiй</orig></choice>, календарей, <choice><reg>картин</reg><orig>картинъ</orig></choice>, <choice><reg>рассказов</reg><orig>разсказовъ</orig></choice>. Все это продается <choice><reg>в</reg><orig>въ</orig></choice> <choice><reg>огромных</reg><orig>огромныхъ</orig></choice> <choice><reg>количествах</reg><orig>количествахъ</orig></choice> <choice><reg>экземпляров</reg><orig>экземпляровъ</orig></choice> независимо <choice><reg>от</reg><orig>отъ</orig></choice> достоинства <choice><reg>содержания</reg><orig>содержанiя</orig></choice>, а только потому, что <choice><reg>приучены</reg><orig>прiучены</orig></choice> покупатели, и есть искусные продавцы. <choice><reg>Один</reg><orig>Одинъ</orig></choice> <choice><reg>из</reg><orig>изъ</orig></choice> <hi style="opdelimiter"><choice><reg>этих</reg><orig>этихъ</orig></choice></hi><hi style="opnumber">428</hi> <hi style="npnumber">429</hi><hi style="npdelimiter">издателей,</hi> <choice><reg>Сытин</reg><orig>Сытинъ</orig></choice>, <choice><reg>мне</reg><orig>мнѣ</orig></choice> знакомый <choice><reg>хороший</reg><orig>хорошiй</orig></choice> <choice><reg>человек</reg><orig>человѣкъ</orig></choice>, <choice><reg>желающий</reg><orig>желающiй</orig></choice> сколь возможно улучшить <choice><reg>содержание</reg><orig>содержанiе</orig></choice> <choice><reg>этих</reg><orig>этихъ</orig></choice> <choice><reg>книг</reg><orig>книгъ</orig></choice>.</p>
<p rend="left">Дѣло же, предлагаемое мною вамъ, слѣдующее: взять одну, или нисколько изъ этихъ книгъ — азбуку-ли, календарь, романъ-ли (особенно нужна работа надъ повѣстями — онѣ дурны и ихъ много расходится) — прочесть и исправить, или вовсе передѣлать. Если вы исправите опечатки, безсмыслицы, тамъ встрѣчающіяся — ошибки и безсмыслицы историческія и географическія, то и то будетъ польза, потому что какъ книга ни плоха, она всетаки будетъ продаваться. Польза будетъ въ томъ, что меньше будетъ вздору и безсмыслицы сообщаться народу. Если вы при этомъ еще выкинете мѣста глупыя или безнравственныя, замѣнивъ ихъ такими, чтобы не нарушался смыслъ, это будетъ еще лучше. Если же вы, подъ тѣмъ же заглавіемъ и пользуясь фабулой, составите свою повѣсть или романъ съ хорошимъ содержаніемъ, то это будетъ уже очень хорошо. Тоже и о календаряхъ, азбукахъ, ариѳметикахъ, исторіяхъ, картинахъ.</p>
<p rend="left">И <choice><reg>так</reg><orig>такъ</orig></choice>, если работа эта <choice><reg>вам</reg><orig>вамъ</orig></choice> нравится, выбирайте <choice><reg>тот</reg><orig>тотъ</orig></choice> <choice><reg>род</reg><orig>родъ</orig></choice>, <choice><reg>в</reg><orig>въ</orig></choice> которомь <choice><reg>вам</reg><orig>вамъ</orig></choice> кажется, что вы можете лучше работать и напишите <choice><reg>мне</reg><orig>мнѣ</orig></choice>. Я вышлю <choice><reg>вам</reg><orig>вамъ</orig></choice> <choice><reg>несколько</reg><orig>нѣсколько</orig></choice> <choice><reg>книг</reg><orig>книгъ</orig></choice>.</p>
<p rend="left">Очень бы <choice><reg>желал</reg><orig>желалъ</orig></choice>, чтобы вы согласились на мое <choice><reg>предложение</reg><orig>предложенiе</orig></choice>. Работа, <choice><reg>несомненно</reg><orig>несомнѣнно</orig></choice>, полезная. Степень пользы <choice><reg>будет</reg><orig>будетъ</orig></choice> <choice><reg>зависеть</reg><orig>зависѣть</orig></choice> <choice><reg>от</reg><orig>отъ</orig></choice> той любви, которую вы положите <choice><reg>в</reg><orig>въ</orig></choice> нее.</p>
<p rend="right"><choice><reg>Ваш</reg><orig>Вашъ</orig></choice> <choice><reg>Лев</reg><orig>Левъ</orig></choice> Толстой.</p>
<p rend="left">17-е Декабря. Москва. <choice><reg>Долго-Хамовнический</reg><orig>Долго-Хамовническiй</orig></choice> <choice original_editorial_correction='пер[еулок]'><sic>пер</sic><corr><choice><reg>переулок</reg><orig>переулокъ</orig></choice></corr></choice>, 15.</p>
<comments><p rend="Textpetit_otstup left">Печатается по подлиннику (рукой Т. Л. Толстой, с собственноручной подписью Толстого), хранящемуся в ГТМ. Впервые опубликовано в «Новом обозрении» (Тифлис) 1887, № от 12 марта. Дата подлинника неполная: «17 декабря. Москва». Относим его к 1886 г., имея в виду, что в начале 1887 г. оно уже бьло опубликовано.</p>
<p rend="petit left">Несколько молодых девушек из среды учащейся молодежи Тифлиса обратились к Толстому с письмом, в котором просили указать им, как наиболее полезно употребить свои силы и знания. Письмо это было анонимно, но прилагался адрес: «Тифлис, Библиотека Де-Капрелевич, в галлерее Арцруни. Для передачи А. А.». Толстой отвечал им настоящим письмом (в печати получившим название, как письмо к «тифлисским барышням»), которое было вскоре напечатано в тифлисской газете «Новое обозрение» и затем перепечатано в «Новом времени» (Петербург, 1887, № от 21 марта). Одна <hi>из</hi> «тифлисских барышень», принявших участие в обращении к Толстому, по поводу этой переписки дала К. С. Шохор-Троцкому следующие сведения: «Это было в Тифлисе в сумрачные <hi style="opdelimiter">реакционные</hi><hi style="opnumber">429</hi> <hi style="npnumber">430</hi><hi style="npdelimiter">восьмидесятые</hi> годы. Группа молодых девушек, только что окончивших гимназию, очутилась перед трудным и для многих мучительным вопросом что делать? Полные сомнений, не зная чему всецело отдаться, они пытали свои неопытные силы во всех видах доступного в то время общественного труда: работали в народных и воскресных школах, в общественных читальнях, музеях. В это время появилась известная статья Л. Н. Толстого «Труд мужчин и женщин». В ней он высказывает мысль, что назначение женщины производить детей и быть матерью. Статья эта внесла смятение в молодые умы. Ища формы, наилучшие способы применения общественного труда, означенная группа молодежи была тверда в одном определенном убеждении — стержнем, основой жизни является общественный труд. И вдруг Лев Николаевич говорит совсем другое... Не находя выхода из обуревавших их сомнений, они решили написать самому Льву Николаевичу. Ответ не заставил себя ждать. Он пресек все мучительные сомнения, положил конец всякой неопределенности. Принять участие в работе, к которой призывал Лев Николаевич, по некоторым причинам не удалось, но письмо его оказало громадное влияние на ход всей дальнейшей жизни писавших» (архив К. С. Шохор-Троцкого).</p>
<p rend="petit left">Результатом опубликования этого письма Толстого явилась целая переписка, касающаяся затронутых Толстым в его письме предметов. Со всех концов России от людей самого различного звания и положения (вплоть до одного старичка, бывшего губернатора) стали поступать письма с просьбами прислать статей или книг для исправления и переделок. Об этом есть неоднократные упоминания и в письмах Толстого (см. письма Толстого: — к А. А. Волжиной от 27 марта 1887 г., в т. 64; к С. А. Толстой от 5 мая 1887 г., в т. 84; к В. Г. Черткову от 2 и 17 февраля 1888 г., в т. 86). В печати же это письмо вызвало ожесточенные нападки со стороны представителей радикальной прессы, оскорбленной таким якобы умалением русской литературы. Н. В. Шелгунов посвятил этому довольно обширную статью, в которой писал об оскорблении, наносимом Толстым русской интеллигенции и, в частности, — литератору, и о «покушении на народный ум». «Для интеллигенции пишут Тургенев, Толстой, Пушкин — ну, а для народа годятся тифлисские барышни. Верно, вполне верно!» — иронически восклицает он в своей статье («Очерки русской жизни», гл. XVI — «Русская мысль» 1887, 5).</p>
</comments></div></body>
        </text>
        </TEI>