<?xml version='1.0' encoding='UTF-8' standalone='no'?>

<TEI xmlns="http://www.tei-c.org/ns/1.0">
       <teiHeader>
          <fileDesc>
             <titleStmt>
                <title>Письмо №300. В Тульское губернское по крестьянским делам присутствие.</title>
             </titleStmt>
             <publicationStmt>
                <publisher>TolstoyLab</publisher>
                <date when="2015-09-14">14 September 2015</date>
             </publicationStmt>
             <sourceDesc>
                <biblStruct>
                   <analytic>
                      <author>Толстой Л.Н.</author>
                   </analytic>
                   <monogr>
                      <title level="m">Полное собрание сочинений. Том 60</title>
                      <imprint>
                         <pubPlace>Москва</pubPlace>
                         <publisher>Государственное издательство "Художественная литература"</publisher>
                         <date when="1949"/>
                      </imprint>
                   </monogr>
                   <series>
                      <title level="s">Л.Н. Толстой. Полное собрание сочинений</title>
                      <biblScope unit="vol">60</biblScope>
                   </series>
                </biblStruct>
				<bibl>Печатается по тексту, опубликованному в «Русской мысли», 1903, IX, стр. 101. См. вступ. прим. к п. № 297. Дата дана Успенским.</bibl>
             </sourceDesc>
          </fileDesc>
          <encodingDesc>
             <tagsDecl> </tagsDecl>
          </encodingDesc>
          <profileDesc>
             <correspDesc>
                <correspAction type="sending">
                   <persName ref="PersonList.xml#L_N_Tolstoy">Л. Н. Толстой</persName>
                   <placeName ref="PlacesListxml#PLACE">Ясная Поляна</placeName>
                   <date when="1861-12-12">1861 г. Декабря 12.</date>            </correspAction>
                <correspAction type="receiving">
                   <persName ref="PersonList.xml#RECEIVER">В Тульское губернское по крестьянским делам присутствие</persName>
                </correspAction>
                <correspContext>
                   <ref type="prev"/>
                </correspContext>
             </correspDesc>
          </profileDesc>
       </teiHeader>
       <xenoData><number type="in a volume">300</number></xenoData>

              <text xml:id="VTulskoegubernskoepokrestyanskimdelamprisutstvie_300">
	<body><div>
		<opener index="false">
300. В Тульское губернское по крестьянским делам присутствие.
1861 г. Декабря 12. Я. П.</opener>
<p rend="left">№ 399.</p>
<p rend="left">Участка моего крестьянские общества волостные: Головеньковское, Трасненское, Ламинцовское,<note xml:id="note1" resp="volume_editor" index="false"> В тексте, опубликованном Успенским, опечатка: Ласнинцовское.</note> Богучаровское и Кобелевское,<note xml:id="note2" resp="volume_editor" index="false"> Кобелево в 22 км. от Ясной Поляны.</note> и сельские: Ясенковское и Бабуринское, изъявивши желание обучать грамоте своих детей, открыли училища, в которые учителями поступили воспитанники разных учебных заведений, а именно: в Головеньковское — воспитанник казанской гимназии Александр Сердобольский,<note xml:id="note3" resp="volume_editor" index="false"> Александр Павлович Сердобольский (ум. в 1890 г.) — воспитанник казанской гимназии, был преподавателем в Головеньковской волостной школе в селе Кривцове, открытой 17 октября 1861 г. Толстой считал его даровитым учителем («Ясная Поляна», II, стр. 39). А. П. Сердобольским помещены две статьи в журнале «Ясная Поляна»: «Головеньковская волостная школа» («Ясная Поляна», V, стр. 34—51, и VI, стр. 5—21). В 1870-х гг. был учителем в Казанской учительской семинарии.</note> в Трасненское — воспитанник пензенской гимназии Иван Авксентьев,<note xml:id="note4" resp="volume_editor" index="false"> Иван Ильич Авксентьев — воспитанник пензенской гимназии; был преподавателем в Тросненской (в 8 км. от Ясной Поляны) и Житовской (в 21 км. от Ясной Поляны, открыта в ноябре 1861 г.) школах. Им написаны две статьи для журнала «Ясная Поляна»: «Житовская школа за два месяца» («Ясная Поляна», I, стр. 43—100) и «Заметки о народном чтении» (V, стр. 5—16). О Житовской школе см. также журнал «Ясная Поляна», II, стр. 40. К Авксентьеву относится следующая запись в Дневнике Толстого под 5 ноября 1862 г.: «Учителя плохи... Иван Ильич надежнее всех» (т. 48).</note> в Ломинцовское — воспитанник калужской гимназии Алексей Шумилин,<note xml:id="note5" resp="volume_editor" index="false"> Алексей Иванович Шумилин — воспитанник калужской гимназии; был преподавателем в Ломинцевской школе. Им написана статья для журнала «Ясная Поляна»: «Книги Ломинцевской волости» («Ясная Поляна», I, стр. 101—103). Его же имел в виду Толстой в следующем месте своей статьи «О свободном возникновении и развитии школ в народе»: «В Л-ой школе ропот народа был сильнее, чем в прочих. Слабость и необщительность учителя, не пытавшегося объяснить крестьянам преимущества своих приемов, и, главное, уступки их требованиям еще более испортили дело» (т. 8, стр. 172).</note> в Богучаровское — воспитанник тульской духовной семинарии Петр Морозов,<note xml:id="note6" resp="volume_editor" index="false"> Петр Васильевич Морозов.</note> в Кобелевское — воспитанник тульской духовной семинарии Борис Головин,<note xml:id="note7" resp="volume_editor" index="false"> Борис Николаевич Головин — воспитанник Тульской духовной семинарии, был преподавателем в Кобелевской волостной школе (Кобелево в 22 км. от Ясной Поляны), а затем в Ясенках (в 6 км. от Ясной Поляны, открыта 1 декабря 1861 г.), сменив учителя М. Ф. Бутовича. В письме к С. А. Рачинскому Толстой писал, что бывшие семинаристы обычно «не выдерживают больше года, запивают или зафранчиваются». Несомненно в число этих семинаристов входил и Головин. Отрицательное отношение к нему проявлялось и со стороны его товарищей. В письме к Толстому от 12 января 1862 г. Сердобольский писал: «Не знаем, что нам делать с Борис Николаевичем (он, как я узнал, плохой учитель)». То же говорит в своей статье «<choice original_editorial_correction='Я[сенковс]кая'><sic>Якая</sic><corr>Ясенковская</corr></choice> школа» М. Бутович («Ясная Поляна», февраль, стр. 63, 64, <hi style="opdelimiter">69).</hi><hi style="opnumber">503</hi></note> в Бабуринское — <hi style="opdelimiter">воспитанник</hi><hi style="opnumber">502</hi> <hi style="npnumber">503</hi><hi style="npdelimiter">кишиневской</hi> гимназии Альфонс Эрленвейн<note xml:id="note8" resp="volume_editor" index="false"> Альфонс Александрович Эрленвейн (1840—1910) — воспитанник кишиневской гимназии, студент Московского университета (1861), учитель в школе, основанной Толстым в Бабурине (1 декабря 1861 г.).</note> и в Ясенское — воспитанник кишиневской гимназии Митрофан Бутович.<note xml:id="note9" resp="volume_editor" index="false"> Митрофан Федорович Бутович — сын лишенного прав состояния и сосланного в Сибирь, студент Московского университета, учитель учрежденной Толстым школы в Ясенках (с конца октября 1861 г.), а впоследствии в Житовской. Был рекомендован Б. Н. Чичериным. Им написаны следующие статьи в журнале «Ясная Поляна»: «Попытка учительства в <choice original_editorial_correction='Я[сенковс]кой'><sic>Якой</sic><corr>Ясенковской</corr></choice> школе» («Ясная Поляна», I, стр. 86—92); «<choice original_editorial_correction='Я[сенковс]кая'><sic>Якая</sic><corr>Ясенковская</corr></choice> школа» (II, стр. 63—76); «Попытка учительства в Житовской школе» (V, стр. 17—33); «О Хмелевцовской школе временно обязанного крестьян. Никифора Лункова» (V, стр. 53—68); «Два месяца в Алябьевской школе» (XI, стр. 5—25).</note> О чем долгом считаю уведомить Тульское губернское по крестьянским делам присутствие.</p>
<comments><p rend="Textpetit_otstup left">Печатается по тексту, опубликованному в «Русской мысли», 1903, IX, стр. 101. См. вступ. прим. к п. № 297. Дата дана Успенским.</p>
<p rend="Textpetit_otstup left"><hi>1</hi> В тексте, опубликованном Успенским, опечатка: Ласнинцовское.</p>
<p rend="petit left"><hi>2</hi> Кобелево в 22 км. от Ясной Поляны.</p>
<p rend="petit left"><hi>3</hi> Александр Павлович Сердобольский (ум. в 1890 г.) — воспитанник казанской гимназии, был преподавателем в Головеньковской волостной школе в селе Кривцове, открытой 17 октября 1861 г. Толстой считал его даровитым учителем («Ясная Поляна», II, стр. 39). А. П. Сердобольским помещены две статьи в журнале «Ясная Поляна»: «Головеньковская волостная школа» («Ясная Поляна», V, стр. 34—51, и VI, стр. 5—21). В 1870-х гг. был учителем в Казанской учительской семинарии.</p>
<p rend="petit left"><hi>4</hi> Иван Ильич Авксентьев — воспитанник пензенской гимназии; был преподавателем в Тросненской (в 8 км. от Ясной Поляны) и Житовской (в 21 км. от Ясной Поляны, открыта в ноябре 1861 г.) школах. Им написаны две статьи для журнала «Ясная Поляна»: «Житовская школа за два месяца» («Ясная Поляна», I, стр. 43—100) и «Заметки о народном чтении» (V, стр. 5—16). О Житовской школе см. также журнал «Ясная Поляна», II, стр. 40. К Авксентьеву относится следующая запись в Дневнике Толстого под 5 ноября 1862 г.: «Учителя плохи... Иван Ильич надежнее всех» (т. 48).</p>
<p rend="petit left"><hi>5</hi> Алексей Иванович Шумилин — воспитанник калужской гимназии; был преподавателем в Ломинцевской школе. Им написана статья для журнала «Ясная Поляна»: «Книги Ломинцевской волости» («Ясная Поляна», I, стр. 101—103). Его же имел в виду Толстой в следующем месте своей статьи «О свободном возникновении и развитии школ в народе»: «В Л-ой школе ропот народа был сильнее, чем в прочих. Слабость и необщительность учителя, не пытавшегося объяснить крестьянам преимущества своих приемов, и, главное, уступки их требованиям еще более испортили дело» (т. 8, стр. 172).</p>
<p rend="petit left"><hi>6</hi> Петр Васильевич Морозов.</p>
<p rend="petit left"><hi>7</hi> Борис Николаевич Головин — воспитанник Тульской духовной семинарии, был преподавателем в Кобелевской волостной школе (Кобелево в 22 км. от Ясной Поляны), а затем в Ясенках (в 6 км. от Ясной Поляны, открыта 1 декабря 1861 г.), сменив учителя М. Ф. Бутовича. В письме к С. А. Рачинскому Толстой писал, что бывшие семинаристы обычно «не выдерживают больше года, запивают или зафранчиваются». Несомненно в число этих семинаристов входил и Головин. Отрицательное отношение к нему проявлялось и со стороны его товарищей. В письме к Толстому от 12 января 1862 г. Сердобольский писал: «Не знаем, что нам делать с Борис Николаевичем (он, как я узнал, плохой учитель)». То же говорит в своей статье «<choice original_editorial_correction='Я[сенковс]кая'><sic>Якая</sic><corr>Ясенковская</corr></choice> школа» М. Бутович («Ясная Поляна», февраль, стр. 63, 64, <hi style="opdelimiter">69).</hi><hi style="opnumber">503</hi></p>
<p rend="petit left"><hi>8</hi> Альфонс Александрович Эрленвейн (1840—1910) — воспитанник кишиневской гимназии, студент Московского университета (1861), учитель в школе, основанной Толстым в Бабурине (1 декабря 1861 г.).</p>
<p rend="petit left"><hi>9</hi> Митрофан Федорович Бутович — сын лишенного прав состояния и сосланного в Сибирь, студент Московского университета, учитель учрежденной Толстым школы в Ясенках (с конца октября 1861 г.), а впоследствии в Житовской. Был рекомендован Б. Н. Чичериным. Им написаны следующие статьи в журнале «Ясная Поляна»: «Попытка учительства в <choice original_editorial_correction='Я[сенковс]кой'><sic>Якой</sic><corr>Ясенковской</corr></choice> школе» («Ясная Поляна», I, стр. 86—92); «<choice original_editorial_correction='Я[сенковс]кая'><sic>Якая</sic><corr>Ясенковская</corr></choice> школа» (II, стр. 63—76); «Попытка учительства в Житовской школе» (V, стр. 17—33); «О Хмелевцовской школе временно обязанного крестьян. Никифора Лункова» (V, стр. 53—68); «Два месяца в Алябьевской школе» (XI, стр. 5—25).</p>
<p rend="petit left">В ответ на это отношение Толстого, а также на отношение от 21 февраля 1862 г. последовало разрешение губернского присутствия открыть означенные училища, «с тем, чтобы преподавание закона божия и главное попечение в этих училищах, на основании 11 и 14 № общих циркуляров Министерства внутренних дел, непременно было вверено священникам, наблюдение за тем возложить на г. мирового посредника».</p>
<p rend="petit left">Весь текст доверенности написан писарской рукой; подпись Толстого собственноручная.</p>
</comments></div></body>
        </text>
        </TEI>