<?xml version='1.0' encoding='UTF-8' standalone='no'?>

<TEI xmlns="http://www.tei-c.org/ns/1.0">
       <teiHeader>
          <fileDesc>
             <titleStmt>
                <title>Письмо №223. В редакцию газеты «The Sunday World».</title>
             </titleStmt>
             <publicationStmt>
                <publisher>TolstoyLab</publisher>
                <date when="2015-09-14">14 September 2015</date>
             </publicationStmt>
             <sourceDesc>
                <biblStruct>
                   <analytic>
                      <author>Толстой Л.Н.</author>
                   </analytic>
                   <monogr>
                      <title level="m">Полное собрание сочинений. Том 71</title>
                      <imprint>
                         <pubPlace>Москва</pubPlace>
                         <publisher>Государственное издательство "Художественная литература"</publisher>
                         <date when="1954"/>
                      </imprint>
                   </monogr>
                   <series>
                      <title level="s">Л.Н. Толстой. Полное собрание сочинений</title>
                      <biblScope unit="vol">71</biblScope>
                   </series>
                </biblStruct>
             </sourceDesc>
          </fileDesc>
          <encodingDesc>
             <tagsDecl> </tagsDecl>
          </encodingDesc>
          <profileDesc>
             <correspDesc>
                <correspAction type="sending">
                   <persName ref="PersonList.xml#L_N_Tolstoy">Л. Н. Толстой</persName>
                   <placeName ref="PlacesListxml#PLACE">Ясная Поляна</placeName>
                   <date from="1898-08-20" to="1898-08-22">1898 г. Августа 20 — 22?</date>            </correspAction>
                <correspAction type="receiving">
                   <persName ref="PersonList.xml#RECEIVER">В редакцию газеты «The Sunday World».</persName>
                </correspAction>
                <correspContext>
                   <ref type="prev">Ответ на телеграмму ньо-йоркской газеты «The Sunday World» от 19 августа (перевод с английского): «Поздравляем по поводу результатов вашей борьбы за всеобщий мир, достигнутых рескриптом царя. Будьте добры ответить. Ответ тридцать слов оплачен».</ref>
                </correspContext>
             </correspDesc>
          </profileDesc>
       </teiHeader>
       <xenoData><number type="in a volume">223</number></xenoData>

              <text xml:id="VredakciyugazetyTheSundayWorld_223">
	<body><div>
		<opener index="false">
223. В редакцию газеты «The Sunday World».
1898 г. Августа 20—22? Я. П.
</opener><p rend="left">Results of declaration will be words. Universal peace can be attained only by selfrespect and desobedience to state requiring taxes and military service for organised violence and murder.</p>
<comments><p rend="Textpetit_otstup left">Следствием декларации будут слова. Всеобщий мир может быть достигнут только самоуважением и неповиновением государству, требующему податей и военной службы для организованного насилия и убийства.</p>
<p rend="Textpetit_otstup left">Телеграмма печатается по копии, вложенной в письмо к В. Г. Черткову от 30 сентября 1898 г. (см. т. 88). Датируется на основании даты телеграммы газеты «The Sunday World», вызвавшей ответ Толстого, и <hi style="opdelimiter">времени</hi><hi style="opnumber">430</hi> <hi style="npnumber">431</hi><hi style="npdelimiter">опубликования</hi> ответа Толстого в названной газете — 4 сентября нов. ст. В русском переводе опубликована П. И. Бирюковым в книге «Биография Льва Николаевича Толстого», III, Гиз, М. 1923, стр. 313</p>
<p rend="petit left">Ответ на телеграмму ньо-йоркской газеты «The Sunday World» от 19 августа (перевод с английского): «Поздравляем по поводу результатов вашей борьбы за всеобщий мир, достигнутых рескриптом царя. Будьте добры ответить. Ответ тридцать слов оплачен».</p>
<p rend="petit left">Запрос касался созывавшейся по инициативе русского правительства мирной конференции в Гааге. Отрицательное отношение Толстого к Гаагской мирной конференции выражено им в письме к группе шведской интеллигенции в январе 1899 г. (см. т. 72, стр. 9—17).</p>
</comments></div></body>
        </text>
        </TEI>