<?xml version='1.0' encoding='UTF-8' standalone='no'?>

<TEI xmlns="http://www.tei-c.org/ns/1.0">
       <teiHeader>
          <fileDesc>
             <titleStmt>
                <title>Письмо №98. В редакцию болгарской газеты «Свободна мисъль».</title>
             </titleStmt>
             <publicationStmt>
                <publisher>TolstoyLab</publisher>
                <date when="2015-09-14">14 September 2015</date>
             </publicationStmt>
             <sourceDesc>
                <biblStruct>
                   <analytic>
                      <author>Толстой Л.Н.</author>
                   </analytic>
                   <monogr>
                      <title level="m">Полное собрание сочинений. Том 73</title>
                      <imprint>
                         <pubPlace>Москва</pubPlace>
                         <publisher>Государственное издательство "Художественная литература"</publisher>
                         <date when="1954"/>
                      </imprint>
                   </monogr>
                   <series>
                      <title level="s">Л.Н. Толстой. Полное собрание сочинений</title>
                      <biblScope unit="vol">73</biblScope>
                   </series>
                </biblStruct>
				<bibl>Печатается по копировальной книге № 4, лл. 87—88. Впервые опубликовано в болгарской газете «Свободна мисъль» в июне 1901 г.; в ПТС, II, стр. 202—203, напечатан, с датой: «1901 г., июнь», другой текст письма, представляющий, очевидно, обратный на русский язык перевод с иностранного текста.</bibl>
             </sourceDesc>
          </fileDesc>
          <encodingDesc>
             <tagsDecl> </tagsDecl>
          </encodingDesc>
          <profileDesc>
             <correspDesc>
                <correspAction type="sending">
                   <persName ref="PersonList.xml#L_N_Tolstoy">Л. Н. Толстой</persName>
                   <placeName ref="PlacesListxml#PLACE">Ясная Поляна</placeName>
                   <date when="1901-05-29">1901 г. Мая 29.</date>            </correspAction>
                <correspAction type="receiving">
                   <persName ref="PersonList.xml#RECEIVER">В редакцию болгарской газеты «Свободна мисъль».</persName>
                </correspAction>
                <correspContext>
                   <ref type="prev"/>
                </correspContext>
             </correspDesc>
          </profileDesc>
       </teiHeader>
       <xenoData><number type="in a volume">98</number></xenoData>

              <text xml:id="VredakciyubolgarskojgazetySvobodnamisl._98">
	<body><div>
		<opener index="false">
98. В редакцию болгарской газеты «Свободна мисъль».

1901г. Мая 29. Я. П.
</opener>
<p rend="Obrashenie left">Милостивый государь,</p>
<p rend="Obrashenie1_ left">Редактор Свободной Мысли.</p>
<p rend="left">Благодарю вас за известие о Шопове. Хотя я не мог вполне понять его защитительную речь,<note xml:id="note1" resp="volume_editor" index="false"> Речь была напечатана на болгарском языке. <ref target="file:///Volume_73_G.S.SHopovu_134.xml">См. письмо № 134</ref>.</note> я все-таки понял то, что он глубоко убежденный в христианской истине человек.</p>
<p rend="left">Он очень молод, и потому страшно за него. Помоги ему бог быть не тою землею, в которой ростки семян быстро всходят, но не могут укорениться, а тою, которая приносит плод сторицею.</p>
<p rend="left">Чем больше я живу и думаю и чем серьезнее думаю, приближаясь к смерти, тем больше я убеждаюсь в том, что войско, т. е. люди, готовые на убийство, есть причина не только всех бедствий, но и всего развращения нравов в нашем мире и что спасение только в том, что делает милый дорогой Шопов. Да подкрепит его бог. Чем больше живу, тем больше <hi style="opdelimiter">изумляюсь</hi><hi style="opnumber">84</hi> <hi style="npnumber">85</hi><hi style="npdelimiter">на</hi> слепоту нашего ученого мира (иногда мне кажется, что это слепота умышленная), который предлагает всевозможные средства спасения людей от их бедствий, но только не то одно, <choice original_editorial_correction='кот[орое]'><sic>кот</sic><corr>которое</corr></choice> наверное спасает их и от бедствий и от ужасного греха убийства, которым держится существующий строй и которым мы пользуемся. Не слепы только правительства, те, которые держатся убийством и потому боятся Шоповых больше, чем всех войск соседей. Вы, вероятно, знаете по-русски, и потому извините меня, что отвечаю вам не на том языке, на <choice original_editorial_correction='кот[ором]'><sic>кот</sic><corr>котором</corr></choice> вы пишете. Если вы имеете сообщение с милым Шоповым, то передайте ему, пожалуйста, мою любовь, благодарность, уважение и один только совет: чтобы он не настаивал на своем отказе, если он делает это для людей, а не для бога, и чтобы руководился только своим отношением к богу. Если вы меня уведомите об его дальнейшей судьбе, буду очень благодарен.</p>
<p rend="left">С совершенным уважением, готовый к услугам</p>
<p rend="right">Лев Толстой.</p>
<p rend="left">1901. 29 мая.</p>
<comments><p rend="Textpetit_otstup left">Печатается по копировальной книге № 4, лл. 87—88. Впервые опубликовано в болгарской газете «Свободна мисъль» в июне 1901 г.; в ПТС, II, стр. 202—203, напечатан, с датой: «1901 г., июнь», другой текст письма, представляющий, очевидно, обратный на русский язык перевод с иностранного текста.</p>
<p rend="petit left">При письме от 14 мая 1901 г. редакция болгарской газеты «Свободна мисъль» прислала Толстому номер газеты, в котором была помещена речь на суде Георгия Стоиловича Шопова (р. 1879), отказавшегося от военной службы.</p>
<p rend="Textpetit_otstup left"><hi>1</hi> Речь была напечатана на болгарском языке. <ref target="file:///Volume_73_G.S.SHopovu_134.xml">См. письмо № 134</ref>.</p>
</comments></div></body>
        </text>
        </TEI>