<?xml version='1.0' encoding='UTF-8' standalone='no'?>

<TEI xmlns="http://www.tei-c.org/ns/1.0">
       <teiHeader>
          <fileDesc>
             <titleStmt>
                <title>Письмо №47. Редактору иностранной газеты.</title>
             </titleStmt>
             <publicationStmt>
                <publisher>TolstoyLab</publisher>
                <date when="2015-09-14">14 September 2015</date>
             </publicationStmt>
             <sourceDesc>
                <biblStruct>
                   <analytic>
                      <author>Толстой Л.Н.</author>
                   </analytic>
                   <monogr>
                      <title level="m">Полное собрание сочинений. Том 67</title>
                      <imprint>
                         <pubPlace>Москва</pubPlace>
                         <publisher>Государственное издательство "Художественная литература"</publisher>
                         <date when="1955"/>
                      </imprint>
                   </monogr>
                   <series>
                      <title level="s">Л.Н. Толстой. Полное собрание сочинений</title>
                      <biblScope unit="vol">67</biblScope>
                   </series>
                </biblStruct>
				<bibl>Печатается по фотокопии с автографа, хранящегося в Национальной библиотеке в Париже. Опубликовано впервые, в переводе Ш. Саломона, в «Journal des Débats» от 8 марта н. ст. 1894 г., с датой: «Moscou, février 1894», под заглавием «Une lettre du comte Tolstoi» («Письмо графа Толстого») и затем в «Летописях», 2, стр. 154. Датируется согласно составленному М. Л. Толстой списку писем Толстого 1894 г. Подлинник заявления был послан Ш. Саломону в Париж для публикации в газетах. <ref target="file:///Volume_67_SHarlyuSalomonuCharlesSalomon_66.xml">См. письмо № 66</ref>.</bibl>
             </sourceDesc>
          </fileDesc>
          <encodingDesc>
             <tagsDecl> </tagsDecl>
          </encodingDesc>
          <profileDesc>
             <correspDesc>
                <correspAction type="sending">
                   <persName ref="PersonList.xml#L_N_Tolstoy">Л. Н. Толстой</persName>
                   <placeName ref="PlacesListxml#PLACE">Москва</placeName>
                   <date when="1894-02-18">1894 г. Февраля 18.</date>            </correspAction>
                <correspAction type="receiving">
                   <persName ref="PersonList.xml#RECEIVER">Редактору иностранной газеты.</persName>
                </correspAction>
                <correspContext>
                   <ref type="prev"/>
                </correspContext>
             </correspDesc>
          </profileDesc>
       </teiHeader>
       <xenoData><number type="in a volume">47</number></xenoData>

              <text xml:id="Redaktoruinostrannojgazety_47">
	<body><div>
		<opener index="false">
47. Редактору иностранной газеты.
1894 г. Февраля 18. Москва.
</opener>
<p rend="Obrashenie left"><choice original_editorial_correction='М[илостивый]'><sic>М</sic><corr>Милостивый</corr></choice> <choice original_editorial_correction='г[осударь]'><sic>г</sic><corr>государь</corr></choice>,</p>
<p rend="left">Прошу в вашей газете дать место следующему моему заявлению. Несколько лет тому назад было сделано мною заявление в русских газетах о том, что так как я не признаю для себя справедливым получать деньги за свои сочинения, то и предоставляю право, без всякого исключения и различия, всем желающим печатать, перепечатывать мои вышедшие и имеющие выйти с 1881 года сочинения в подлиннике, или в переводах, в целости или по частям.<note xml:id="note1" resp="volume_editor" index="false"> Письмо к «Редакторам «Русских ведомостей» и «Новое время» от 16 сентября 1891 г, т.66, стр. 47.</note> Несмотря на это заявление мое, вероятно не дошедшее до иностранных <choice original_editorial_correction='фр[анцузских]'><sic>фр</sic><corr>французских</corr></choice>, <choice original_editorial_correction='англ[ийских]'><sic>англ</sic><corr>английских</corr></choice> и <choice original_editorial_correction='немец[ких]'><sic>немец</sic><corr>немецких</corr></choice> издателей, я часто получаю письма с предложениями печатать за известную плату в журналах и с просьбами дать той или другой издательской фирме исключительное право издания. Бывают даже случаи, когда некоторые издатели приписывают себе это исключительное право и оспаривают его у других, как это теперь произошло в Англии между фирмой Heineman’a и Walter Scotta<note xml:id="note2" resp="volume_editor" index="false"> См. «Список писем, написанных по поручению Толстого», № 4.</note> и в Германии между фирмой Штутгартского и Мюнхенским издателем.<note xml:id="note3" resp="volume_editor" index="false"> См. письма к Р. Лёвенфельду (№ 9) и к В. Генкелю (№ 188).</note> Ввиду этих недоразумений вновь заявляю, что<note xml:id="note4" resp="volume_editor" index="false"> <hi>Зачеркнуто в автографе:</hi> так как я не беру гонорара за</note> я никому не даю исключительного или даже предпочтительного права издания своих сочинений <hi style="opdelimiter">и</hi><hi style="opnumber">42</hi> <hi style="npnumber">43</hi><hi style="npdelimiter">переводов</hi> с них, а безразлично предоставляю его всем тем издателям, которые найдут издание моих сочинений или переводов с них для себя желательным.</p>
<p rend="right">Л. Толстой.</p>
<comments><p rend="Textpetit_otstup left">Печатается по фотокопии с автографа, хранящегося в Национальной библиотеке в Париже. Опубликовано впервые, в переводе Ш. Саломона, в «Journal des Débats» от 8 марта н. ст. 1894 г., с датой: «Moscou, février 1894», под заглавием «Une lettre du comte Tolstoi» («Письмо графа Толстого») и затем в «Летописях», 2, стр. 154. Датируется согласно составленному М. Л. Толстой списку писем Толстого 1894 г. Подлинник заявления был послан Ш. Саломону в Париж для публикации в газетах. <ref target="file:///Volume_67_SHarlyuSalomonuCharlesSalomon_66.xml">См. письмо № 66</ref>.</p>
<p rend="Textpetit_otstup left"><hi>1</hi> Письмо к «Редакторам «Русских ведомостей» и «Новое время» от 16 сентября 1891 г, т.66, стр. 47.</p>
<p rend="petit left"><hi>2</hi> См. «Список писем, написанных по поручению Толстого», № 4.</p>
<p rend="petit left"><hi>3</hi> См. письма к Р. Лёвенфельду (№ 9) и к В. Генкелю (№ 188).</p>
<p rend="petit left"><hi>4</hi> <hi>Зачеркнуто в автографе:</hi> так как я не беру гонорара за</p>
</comments></div></body>
        </text>
        </TEI>