<?xml version='1.0' encoding='UTF-8' standalone='no'?>

<TEI xmlns="http://www.tei-c.org/ns/1.0">
       <teiHeader>
          <fileDesc>
             <titleStmt>
                <title>Письмо №189. Редактору газеты «С.-Петербургские ведомости».</title>
             </titleStmt>
             <publicationStmt>
                <publisher>TolstoyLab</publisher>
                <date when="2015-09-14">14 September 2015</date>
             </publicationStmt>
             <sourceDesc>
                <biblStruct>
                   <analytic>
                      <author>Толстой Л.Н.</author>
                   </analytic>
                   <monogr>
                      <title level="m">Полное собрание сочинений. Том 70</title>
                      <imprint>
                         <pubPlace>Москва</pubPlace>
                         <publisher>Государственное издательство "Художественная литература"</publisher>
                         <date when="1954"/>
                      </imprint>
                   </monogr>
                   <series>
                      <title level="s">Л.Н. Толстой. Полное собрание сочинений</title>
                      <biblScope unit="vol">70</biblScope>
                   </series>
                </biblStruct>
				<bibl>Печатается по копии из АЧ. В АТ сохранились два черновика этот письма; один с обращением: «М. Г. К. Э. Э.» — к Э. Э. Ухтомскому. Впервые опубликовано в «С.-Петербургских ведомостях» 1897, № 282 от 15 октября.</bibl>
             </sourceDesc>
          </fileDesc>
          <encodingDesc>
             <tagsDecl> </tagsDecl>
          </encodingDesc>
          <profileDesc>
             <correspDesc>
                <correspAction type="sending">
                   <persName ref="PersonList.xml#L_N_Tolstoy">Л. Н. Толстой</persName>
                   <placeName ref="PlacesListxml#PLACE">Ясная Поляна</placeName>
                   <date when="1897-10-06">1897 г. Октября 6.</date>            </correspAction>
                <correspAction type="receiving">
                   <persName ref="PersonList.xml#RECEIVER">Редактору газеты «С.-Петербургские ведомости».</persName>
                </correspAction>
                <correspContext>
                   <ref type="prev"/>
                </correspContext>
             </correspDesc>
          </profileDesc>
       </teiHeader>
       <xenoData><number type="in a volume">189</number></xenoData>

              <text xml:id="RedaktorugazetyS.-Peterburgskievedomosti_189">
	<body><div>
		<opener index="false">
189. Редактору газеты «С.-Петербургские ведомости».
1897 г. Октября 6. Я, П.</opener>
<p rend="left">В конце апреля нынешнего года ко мне приехали самарские молокане с просьбою помочь их горю: у них в трех семьях Бузулукского уезда, Алексеевской волости, в деревнях Землянке и Антоновке отобрали от родителей 5-х детей возрастом от 11 до 2 лет.</p>
<p rend="left">Дети отобраны у них на основании 39 <choice original_editorial_correction='ст[атьи]'><sic>ст</sic><corr>статьи</corr></choice> <choice original_editorial_correction='Уст[ава]'><sic>Уст</sic><corr>Устава</corr></choice> о <choice original_editorial_correction='пред[упреждении]'><sic>пред</sic><corr>предупреждении</corr></choice> и <choice original_editorial_correction='прес[ечении]'><sic>прес</sic><corr>пресечении</corr></choice> <choice original_editorial_correction='прест[уплений]'><sic>прест</sic><corr>преступлений</corr></choice>. <hi style="opdelimiter">Молокане</hi><hi style="opnumber">162</hi> <hi style="npnumber">163</hi><hi style="npdelimiter">эти</hi> подавали прошения во все инстанции: я тоже сделал, что сумел, но все наши ходатайства остались безуспешными. И вот, в половине сентября эти люди опять приехали ко мне, умоляя как-нибудь помочь им выручить своих детей.</p>
<p rend="left">В это самое время в газетах шла оживленная полемика о том, действительно ли было предложено на миссионерском съезде в Казани ходатайствовать перед правительством о том, чтобы можно было отбирать детей у раскольников и сектантов: одни газеты доказывали, что такое предложение было сделано и с негодованием осуждали его, другие горячо оправдывали членов съезда, отрицая возможность такого предложения.<hi>1</hi></p>
<p rend="left">Из этой полемики русское общество, да и иностранцы, интересующиеся вопросами отношения русского правительства к сектам, должны понять, что хотя мы и не можем похвастаться полной веротерпимостью, все-таки, такие меры, как отнятие детей у родителей, не мыслимы в русском обществе, в котором одно предположение возможности ходатайства о такой мере вызвало всеобщее негодование, как либеральных, так и самых консервативных и православных органов печати. А между тем дети и не одних этих молокан, а, как мне известно, многих и многих сектантов и раскольников отбираются от них. И делается это по закону, на основании 39 ст., — так что членам съезда совсем не о чем ходатайствовать.</p>
<p rend="left">Возмущаться же, что люди ходатайствуют о том, что уже существует и практикуется, по меньшей мере, неуместно.</p>
<p rend="right">Лев Толстой.</p>
<p rend="left">6 октября.</p>
<p rend="left">Ясная Поляна.</p>
<comments><p rend="Textpetit_otstup left">Печатается по копии из АЧ. В АТ сохранились два черновика этот письма; один с обращением: «М. Г. К. Э. Э.» — к Э. Э. Ухтомскому. Впервые опубликовано в «С.-Петербургских ведомостях» 1897, № 282 от 15 октября.</p>
<p rend="petit left">Редактором-издателем газеты «С.-Петербургские ведомости» с 1896 г. был князь Эспер Эсперович Ухтомский (1861—1921). См. о нем в т. 71.</p>
<p rend="petit left">К Ухтомскому Толстому советовал обратиться В. Г. Чертков в письме от 28 сентября, указывая, что у Ухтомского «теперь как раз с «Новым временем» полемика о заявлении духовенства» что оно не обсуждало такой меры».</p>
<p rend="left emptyline"><hi style="opnumber">163</hi> <hi style="npnumber">164</hi></p>
</comments></div></body>
        </text>
        </TEI>