<?xml version='1.0' encoding='UTF-8' standalone='no'?>

<TEI xmlns="http://www.tei-c.org/ns/1.0">
       <teiHeader>
          <fileDesc>
             <titleStmt>
                <title>Письмо №* 157. И. Н. Алътшуллеру.</title>
             </titleStmt>
             <publicationStmt>
                <publisher>TolstoyLab</publisher>
                <date when="2015-09-14">14 September 2015</date>
             </publicationStmt>
             <sourceDesc>
                <biblStruct>
                   <analytic>
                      <author>Толстой Л.Н.</author>
                   </analytic>
                   <monogr>
                      <title level="m">Полное собрание сочинений. Том 74</title>
                      <imprint>
                         <pubPlace>Москва</pubPlace>
                         <publisher>Государственное издательство "Художественная литература"</publisher>
                         <date when="1954"/>
                      </imprint>
                   </monogr>
                   <series>
                      <title level="s">Л.Н. Толстой. Полное собрание сочинений</title>
                      <biblScope unit="vol">74</biblScope>
                   </series>
                </biblStruct>
				<bibl>Печатается по копировальной книге № 5, л. 201.</bibl>
             </sourceDesc>
          </fileDesc>
          <encodingDesc>
             <tagsDecl> </tagsDecl>
          </encodingDesc>
          <profileDesc>
             <correspDesc>
                <correspAction type="sending">
                   <persName ref="PersonList.xml#L_N_Tolstoy">Л. Н. Толстой</persName>
                   <placeName ref="PlacesListxml#PLACE">Ясная Поляна</placeName>
                   <date when="1903-05-22">1903 г. Мая 22.</date>            </correspAction>
                <correspAction type="receiving">
                   <persName ref="PersonList.xml#RECEIVER">И. Н. Алътшуллеру.</persName>
                </correspAction>
                <correspContext>
                   <ref type="prev"/>
                </correspContext>
             </correspDesc>
          </profileDesc>
       </teiHeader>
       <xenoData><number type="in a volume">157</number></xenoData>

              <text xml:id="I.N.Altshulleru_157">
	<body><div>
		<opener index="false">
* 157. И. Н. Алътшуллеру.

1903г. Мая 22. Я. П.
</opener>
<p rend="Obrashenie left">Дорогой Исаак Наумович,</p>
<p rend="left">Из прилагаемого письма вы увидите, о чем я прошу вас. Если можно, сделайте это. Если нельзя, то я рад случаю напомнить вам о себе и еще раз поблагодарить вас за ваши заботы обо <hi style="opdelimiter">мне.</hi><hi style="opnumber">128</hi></p>
<p rend="left"><hi style="npnumber">129</hi><hi style="npdelimiter">Здоровье</hi> мое так хорошо, как может быть хорошо здоровье 75-летнего человека.</p>
<p rend="left">Все мои вас помнят и любят так же, как и я.</p>
<p rend="right">Лев Толстой.</p>
<p rend="left">22 мая 1903.</p>
<comments><p rend="Textpetit_otstup left">Печатается по копировальной книге № 5, л. 201.</p>
<p rend="petit left">Исаак Наумович Альтшуллер (р. 1870) — ялтинский врач, терапевт. Лечил Толстого в Гаспре.</p>
<p rend="petit left">В чем заключалась просьба Толстого, не установлено. Ответное письмо И. Н. Альтшуллера неизвестно.</p>
</comments></div></body>
        </text>
        </TEI>