<?xml version='1.0' encoding='UTF-8' standalone='no'?>

<TEI xmlns="http://www.tei-c.org/ns/1.0">
       <teiHeader>
          <fileDesc>
             <titleStmt>
                <title>Письмо №344. Неизвестному.</title>
             </titleStmt>
             <publicationStmt>
                <publisher>TolstoyLab</publisher>
                <date when="2015-09-14">14 September 2015</date>
             </publicationStmt>
             <sourceDesc>
                <biblStruct>
                   <analytic>
                      <author>Толстой Л.Н.</author>
                   </analytic>
                   <monogr>
                      <title level="m">Полное собрание сочинений. Том 76</title>
                      <imprint>
                         <pubPlace>Москва</pubPlace>
                         <publisher>Государственное издательство "Художественная литература"</publisher>
                         <date when="1956"/>
                      </imprint>
                   </monogr>
                   <series>
                      <title level="s">Л.Н. Толстой. Полное собрание сочинений</title>
                      <biblScope unit="vol">76</biblScope>
                   </series>
                </biblStruct>
				<bibl>Впервые опубликовано в газете «Русское слово» от 2 октября 1910 г.</bibl>
             </sourceDesc>
          </fileDesc>
          <encodingDesc>
             <tagsDecl> </tagsDecl>
          </encodingDesc>
          <profileDesc>
             <correspDesc>
                <correspAction type="sending">
                   <persName ref="PersonList.xml#L_N_Tolstoy">Л. Н. Толстой</persName>
                   <placeName ref="PlacesListxml#PLACE">Ясная Поляна</placeName>
                   <date when="1906-12-06">1906 г. Декабря 6.</date>            </correspAction>
                <correspAction type="receiving">
                   <persName ref="PersonList.xml#RECEIVER">Неизвестному.</persName>
                </correspAction>
                <correspContext>
                   <ref type="prev"/>
                </correspContext>
             </correspDesc>
          </profileDesc>
       </teiHeader>
       <xenoData><number type="in a volume">344</number></xenoData>

              <text xml:id="Neizvestnomu_344">
	<body><div>
		<opener index="false">
344. Неизвестному.
1906 г. Декабря 6. Я. П.</opener>
<p rend="left">Не советую вам изменять внешние формы вашей жизни. Внешние формы безразличны для усиления требований духовной жизни. И внешние формы неизбежно изменятся соответственно усилению духовных требований. А благо и своей жизни и служение благу других достигается только этим усилением в каких бы то ни было условиях.</p>
<p rend="right">Лев Толстой.</p>
<p rend="left">6 дек. 1906.</p>
<comments><p rend="Textpetit_otstup left">Впервые опубликовано в газете «Русское слово» от 2 октября 1910 г.</p>
<p rend="emptyline left"><hi style="opnumber">254</hi> <hi style="npnumber">255</hi></p>
</comments></div></body>
        </text>
        </TEI>