<?xml version='1.0' encoding='UTF-8' standalone='no'?>

<TEI xmlns="http://www.tei-c.org/ns/1.0">
       <teiHeader>
          <fileDesc>
             <titleStmt>
                <title>Письмо №* 20. Неизвестному (англичанину).</title>
             </titleStmt>
             <publicationStmt>
                <publisher>TolstoyLab</publisher>
                <date when="2015-09-14">14 September 2015</date>
             </publicationStmt>
             <sourceDesc>
                <biblStruct>
                   <analytic>
                      <author>Толстой Л.Н.</author>
                   </analytic>
                   <monogr>
                      <title level="m">Полное собрание сочинений. Том 76</title>
                      <imprint>
                         <pubPlace>Москва</pubPlace>
                         <publisher>Государственное издательство "Художественная литература"</publisher>
                         <date when="1956"/>
                      </imprint>
                   </monogr>
                   <series>
                      <title level="s">Л.Н. Толстой. Полное собрание сочинений</title>
                      <biblScope unit="vol">76</biblScope>
                   </series>
                </biblStruct>
				<bibl>Печатается по рукописной копии в ЯЗ. Подпись воспроизводится предположительно.</bibl>
             </sourceDesc>
          </fileDesc>
          <encodingDesc>
             <tagsDecl> </tagsDecl>
          </encodingDesc>
          <profileDesc>
             <correspDesc>
                <correspAction type="sending">
                   <persName ref="PersonList.xml#L_N_Tolstoy">Л. Н. Толстой</persName>
                   <placeName ref="PlacesListxml#PLACE">Ясная Поляна</placeName>
                   <date when="1905-08-19">1905 г. Августа 19.</date>            </correspAction>
                <correspAction type="receiving">
                   <persName ref="PersonList.xml#RECEIVER">Неизвестному (англичанину).</persName>
                </correspAction>
                <correspContext>
                   <ref type="prev"/>
                </correspContext>
             </correspDesc>
          </profileDesc>
       </teiHeader>
       <xenoData><number type="in a volume">20</number></xenoData>

              <text xml:id="Neizvestnomuanglichaninu_20">
	<body><div>
		<opener index="false">
* 20. Неизвестному (англичанину).
1905 г. Августа 19. Я. П.</opener>
<p rend="left">Сожалею, что не могу вас принять.</p>
<p rend="right">Л. Толстой.</p>
<comments><p rend="Textpetit_otstup left">Печатается по рукописной копии в ЯЗ. Подпись воспроизводится предположительно.</p>
<p rend="petit left">В ЯЗ 19 августа 1905 г. отмечено: «Посетители, желающие приехать: англичанин, рекомендованный Львом Львовичем и Барятинским. Лев Николаевич отказал ему».</p>
</comments></div></body>
        </text>
        </TEI>