<?xml version='1.0' encoding='UTF-8' standalone='no'?>

<TEI xmlns="http://www.tei-c.org/ns/1.0">
       <teiHeader>
          <fileDesc>
             <titleStmt>
                <title>Письмо №* 346. О. К. <choice><reg>Клодт</reg><orig>Клодтъ</orig></choice>.</title>
             </titleStmt>
             <publicationStmt>
                <publisher>TolstoyLab</publisher>
                <date when="2015-09-14">14 September 2015</date>
             </publicationStmt>
             <sourceDesc>
                <biblStruct>
                   <analytic>
                      <author>Толстой Л.Н.</author>
                   </analytic>
                   <monogr>
                      <title level="m">Полное собрание сочинений. Том 72</title>
                      <imprint>
                         <pubPlace>Москва</pubPlace>
                         <publisher>Государственное издательство "Художественная литература"</publisher>
                         <date when="1933"/>
                      </imprint>
                   </monogr>
                   <series>
                      <title level="s">Л.Н. Толстой. Полное собрание сочинений</title>
                      <biblScope unit="vol">72</biblScope>
                   </series>
                </biblStruct>
				<bibl>Печатается по подлиннику, хранящемуся в ГТМ. Написано и датировано рукой А. П. Иванова, подпись собственноручная. Отрывок впервые опубликован К. С. Шохор-Троцким по копии в книге А. Ернефельта «Мое пробуждение», М. 1921, стр. ХХІV.</bibl>
             </sourceDesc>
          </fileDesc>
          <encodingDesc>
             <tagsDecl> </tagsDecl>
          </encodingDesc>
          <profileDesc>
             <correspDesc>
                <correspAction type="sending">
                   <persName ref="PersonList.xml#L_N_Tolstoy">Л. Н. Толстой</persName>
                   <placeName ref="PlacesListxml#PLACE">Ясная Поляна</placeName>
                   <date when="1900-08-02">1900 г. Августа 2.</date>            </correspAction>
                <correspAction type="receiving">
                   <persName ref="PersonList.xml#RECEIVER">О. К. <choice><reg>Клодт</reg><orig>Клодтъ</orig></choice>.</persName>
                </correspAction>
                <correspContext>
                   <ref type="prev"/>
                </correspContext>
             </correspDesc>
          </profileDesc>
       </teiHeader>
       <xenoData><number type="in a volume">346</number></xenoData>

              <text xml:id="O.K.Klodt_346">
	<body><div>
		<opener index="false">
* 346. О. К. <choice><reg>Клодт</reg><orig>Клодтъ</orig></choice>.

1900г. Августа 2. Я. П.</opener>
<p rend="left">Дорогая Ольга Константиновна, <choice><reg>к</reg><orig>къ</orig></choice> <choice><reg>сожалению</reg><orig>сожалѣнiю</orig></choice>, слухи о моей <choice><reg>поездке</reg><orig>поѣздкѣ</orig></choice> за границу несправедливы, и я не могу исполнить моего и вашего <choice><reg>желания</reg><orig>желанiя</orig></choice> <choice><reg>приехать</reg><orig>прiѣхать</orig></choice> <choice><reg>к</reg><orig>къ</orig></choice> <choice><reg>вам</reg><orig>вамъ</orig></choice> и повидать Арвида <choice><reg>в</reg><orig>въ</orig></choice> его <choice><reg>доме</reg><orig>домѣ</orig></choice>.<note xml:id="note1" resp="volume_editor" index="false"> Ответ на письмо Клодт от 20 июля 1900 года. Клодт писала: «Мы прочитали в финской газете, что вы собираетесь за границу. Если это правда, то мы вас очень просим приехать сюда [в Финляндию], а отсюда через Стокгольм мы отпустим вас в Англию [к Черткову], если вы намереваетесь туда съездить».</note> Пишу <choice><reg>вам</reg><orig>вамъ</orig></choice> не <choice><reg>своим</reg><orig>своимъ</orig></choice> <hi style="opdelimiter"><choice><reg>почерком</reg><orig>почеркомъ</orig></choice>,</hi><hi style="opnumber">431</hi> <hi style="npnumber">432</hi><hi style="npdelimiter">потому</hi> что <choice><reg>был</reg><orig>былъ</orig></choice> <choice><reg>нездоров</reg><orig>нездоровъ</orig></choice> и теперь еще <choice><reg>слаб</reg><orig>слабъ</orig></choice>. Я сижу дома и все время <choice><reg>был</reg><orig>былъ</orig></choice> <choice><reg>занят</reg><orig>занятъ</orig></choice> статьею «Рабство нашего времени», которую на <choice><reg>днях</reg><orig>дняхъ</orig></choice> <choice><reg>отослал</reg><orig>отослалъ</orig></choice> <choice><reg>в</reg><orig>въ</orig></choice> <choice><reg>Англию</reg><orig>Англiю</orig></choice>.<note xml:id="note2" resp="volume_editor" index="false"> <ref target="file:///Volume_72_G.A.Rusanovu_335.xml">См. письмо № 335</ref>.</note> <choice><reg>Мне</reg><orig>Мнѣ</orig></choice> кажется, что <choice><reg>мне</reg><orig>мнѣ</orig></choice> удалось сказать кое-что новое о <choice><reg>тех</reg><orig>тѣхъ</orig></choice> <choice><reg>экономических</reg><orig>экономическихъ</orig></choice> <choice><reg>вопросах</reg><orig>вопросахъ</orig></choice>, которые <choice><reg>так</reg><orig>такъ</orig></choice> <choice><reg>занимают</reg><orig>занимаютъ</orig></choice> теперь общество, и <choice><reg>которым</reg><orig>которымъ</orig></choice> посвящена эта статья. Очень <choice><reg>рад</reg><orig>радъ</orig></choice> буду, если она понравится Арвиду, и <choice><reg>он</reg><orig>онъ</orig></choice> <choice><reg>переведет</reg><orig>переведетъ</orig></choice> ее.<note xml:id="note3" resp="volume_editor" index="false"> А. А. Ернефельт переводил на финский и шведский язык многие произведения Толстого.</note> Вы говорите о <choice><reg>тяжелых</reg><orig>тяжелыхъ</orig></choice> <choice><reg>условиях</reg><orig>условiяхъ</orig></choice>, <choice><reg>в</reg><orig>въ</orig></choice> <choice><reg>которых</reg><orig>которыхъ</orig></choice> находится <choice><reg>Арвид</reg><orig>Арвидъ</orig></choice>; <choice><reg>в</reg><orig>въ</orig></choice> <choice><reg>чем</reg><orig>чемъ</orig></choice> состоять они, напишите <choice><reg>мне</reg><orig>мнѣ</orig></choice>.<note xml:id="note4" resp="volume_editor" index="false"> Из письма Клодт к Толстому от 20 июля: «Иногда как-то страшно бывает за него. Что вот не хватит духовной силы, и он согнется под давлением тяжелого запутанного положения, в которое он попал. Но он, мне кажется, твердо верит, что так и должно быть: «Возьми крест свой и следуй за мной!». Я думаю, что дух в нем так окреп и закалился от невзгод, что он выкарабкается и не упадет духом». Ответное письмо Клодт в архиве не обнаружено. По этому поводу Клодт сообщила редакции: «Эта часть моего письма к Толстому касается того момента жизни А. А. Ернефельта, когда, после духовного возрождения, у него возникает новая просветленная жизнь и внутренняя потребность согласовать свою внутреннюю жизнь со внешней, т. е. когда он решается ликвидировать <hi style="opdelimiter">свой</hi><hi style="opnumber">432</hi> <hi style="npnumber">433</hi><hi style="npdelimiter">городской</hi> образ жизни и переселяется в деревню и заживает упорным трудом земледельца, не считаясь с несочувствием этому со стороны жены. Он понес тяжелые материальные лишения, к которым его семья совершенно не была подготовлена».</note> <choice><reg>Рад</reg><orig>Радъ</orig></choice> <choice><reg>был</reg><orig>былъ</orig></choice> узнать <choice><reg>из</reg><orig>изъ</orig></choice> вашего письма, что вы возвращаетесь <choice><reg>в</reg><orig>въ</orig></choice> ту рабочую семью, <choice><reg>в</reg><orig>въ</orig></choice> которой жили.<note xml:id="note5" resp="volume_editor" index="false"> Летом 1900 г., уехав в Финляндию к Ернефельту, О. К. Клодт на два месяца прервала физическую работу на земле и свои занятия с крестьянскими детьми под г. Лугой, где в то время жила (<ref target="file:///Volume_72_O.K.Klodt_176.xml">см. письмо № 176</ref>). Она писала Толстому 20 июля: «Надеюсь, что осенью я опять вернусь туда же и могу продолжать начатую воспитывающую меня жизнь и работу среди особенно тяжелых условий жизни нашего народа, жизнь, которая сначала трудна, но потом придает душевную силу и твердость».</note> Я <choice><reg>вследствие</reg><orig>вслѣдствiе</orig></choice> своей старости и <choice><reg>болезни</reg><orig>болѣзни</orig></choice> и <choice><reg>друтих</reg><orig>друтихъ</orig></choice> <choice><reg>условий</reg><orig>условiй</orig></choice> <choice><reg>лишен</reg><orig>лишенъ</orig></choice> этого <choice><reg>близкого</reg><orig>близкаго</orig></choice> <choice><reg>общения</reg><orig>общенiя</orig></choice> <choice><reg>с</reg><orig>съ</orig></choice> <choice><reg>рабочим</reg><orig>рабочимъ</orig></choice> <choice><reg>людом</reg><orig>людомъ</orig></choice> и очень больно чувствую это <choice><reg>лишение</reg><orig>лишенiе</orig></choice>, <choice><reg>в</reg><orig>въ</orig></choice> особенности теперь, когда я <choice><reg>писал</reg><orig>писалъ</orig></choice> свою статью и все <choice><reg>более</reg><orig>болѣе</orig></choice> и <choice><reg>более</reg><orig>болѣе</orig></choice> <choice><reg>уяснял</reg><orig>уяснялъ</orig></choice> <choice><reg>себе</reg><orig>себѣ</orig></choice> всю преступность и жестокость нашей барской жизни. Прощайте, желаю <choice><reg>вам</reg><orig>вамъ</orig></choice> всего <choice><reg>лучшего</reg><orig>лучшаго</orig></choice>. <choice><reg>Привет</reg><orig>Привѣтъ</orig></choice> Арвиду и его брату.<note xml:id="note6" resp="volume_editor" index="false"> Эро (Эрик) Александрович Ернефельт. <ref target="file:///Volume_72_ArviduErnefeltuArvidJarnefelt_315.xml">См. письмо № 315</ref>.</note></p>
<p rend="right"><choice><reg>Любящий</reg><orig>Любящiй</orig></choice> <choice><reg>вас</reg><orig>васъ</orig></choice> <choice><reg>Лев</reg><orig>Левъ</orig></choice> Толстой.</p>
<p rend="left">2 Авг. 1900.</p>
<comments><p rend="Textpetit_otstup left">Печатается по подлиннику, хранящемуся в ГТМ. Написано и датировано рукой А. П. Иванова, подпись собственноручная. Отрывок впервые опубликован К. С. Шохор-Троцким по копии в книге А. Ернефельта «Мое пробуждение», М. 1921, стр. ХХІV.</p>
<p rend="petit left">Об О. К. Клодт <ref target="file:///Volume_72_O.K.Klodt_176.xml">см. письмо № 176</ref>.</p>
<p rend="Textpetit_otstup left"><hi>1</hi> Ответ на письмо Клодт от 20 июля 1900 года. Клодт писала: «Мы прочитали в финской газете, что вы собираетесь за границу. Если это правда, то мы вас очень просим приехать сюда [в Финляндию], а отсюда через Стокгольм мы отпустим вас в Англию [к Черткову], если вы намереваетесь туда съездить».</p>
<p rend="petit left"><hi>2</hi> <ref target="file:///Volume_72_G.A.Rusanovu_335.xml">См. письмо № 335</ref>.</p>
<p rend="petit left"><hi>3</hi> А. А. Ернефельт переводил на финский и шведский язык многие произведения Толстого.</p>
<p rend="petit left"><hi>4</hi> Из письма Клодт к Толстому от 20 июля: «Иногда как-то страшно бывает за него. Что вот не хватит духовной силы, и он согнется под давлением тяжелого запутанного положения, в которое он попал. Но он, мне кажется, твердо верит, что так и должно быть: «Возьми крест свой и следуй за мной!». Я думаю, что дух в нем так окреп и закалился от невзгод, что он выкарабкается и не упадет духом». Ответное письмо Клодт в архиве не обнаружено. По этому поводу Клодт сообщила редакции: «Эта часть моего письма к Толстому касается того момента жизни А. А. Ернефельта, когда, после духовного возрождения, у него возникает новая просветленная жизнь и внутренняя потребность согласовать свою внутреннюю жизнь со внешней, т. е. когда он решается ликвидировать <hi style="opdelimiter">свой</hi><hi style="opnumber">432</hi> <hi style="npnumber">433</hi><hi style="npdelimiter">городской</hi> образ жизни и переселяется в деревню и заживает упорным трудом земледельца, не считаясь с несочувствием этому со стороны жены. Он понес тяжелые материальные лишения, к которым его семья совершенно не была подготовлена».</p>
<p rend="petit left"><hi>5</hi> Летом 1900 г., уехав в Финляндию к Ернефельту, О. К. Клодт на два месяца прервала физическую работу на земле и свои занятия с крестьянскими детьми под г. Лугой, где в то время жила (<ref target="file:///Volume_72_O.K.Klodt_176.xml">см. письмо № 176</ref>). Она писала Толстому 20 июля: «Надеюсь, что осенью я опять вернусь туда же и могу продолжать начатую воспитывающую меня жизнь и работу среди особенно тяжелых условий жизни нашего народа, жизнь, которая сначала трудна, но потом придает душевную силу и твердость».</p>
<p rend="petit left"><hi>6</hi> Эро (Эрик) Александрович Ернефельт. <ref target="file:///Volume_72_ArviduErnefeltuArvidJarnefelt_315.xml">См. письмо № 315</ref>.</p>
</comments></div></body>
        </text>
        </TEI>