<?xml version='1.0' encoding='UTF-8' standalone='no'?>

<TEI xmlns="http://www.tei-c.org/ns/1.0">
       <teiHeader>
          <fileDesc>
             <titleStmt>
                <title>Письмо №92. Усть-Ноторскому заседателю.</title>
             </titleStmt>
             <publicationStmt>
                <publisher>TolstoyLab</publisher>
                <date when="2015-09-14">14 September 2015</date>
             </publicationStmt>
             <sourceDesc>
                <biblStruct>
                   <analytic>
                      <author>Толстой Л.Н.</author>
                   </analytic>
                   <monogr>
                      <title level="m">Полное собрание сочинений. Том 71</title>
                      <imprint>
                         <pubPlace>Москва</pubPlace>
                         <publisher>Государственное издательство "Художественная литература"</publisher>
                         <date when="1954"/>
                      </imprint>
                   </monogr>
                   <series>
                      <title level="s">Л.Н. Толстой. Полное собрание сочинений</title>
                      <biblScope unit="vol">71</biblScope>
                   </series>
                </biblStruct>
				<bibl>Печатается по листу копировальной книги. Впервые опубликовано в «Литературном наследстве», № 37-38, М. 1939, стр. 286. Дата копии рукой М. Л. Оболенской.</bibl>
             </sourceDesc>
          </fileDesc>
          <encodingDesc>
             <tagsDecl> </tagsDecl>
          </encodingDesc>
          <profileDesc>
             <correspDesc>
                <correspAction type="sending">
                   <persName ref="PersonList.xml#L_N_Tolstoy">Л. Н. Толстой</persName>
                   <placeName ref="PlacesListxml#PLACE">Москва</placeName>
                   <date when="1898-03-24">1898 г. Марта 24.</date>            </correspAction>
                <correspAction type="receiving">
                   <persName ref="PersonList.xml#RECEIVER">Усть-Ноторскому заседателю.</persName>
                </correspAction>
                <correspContext>
                   <ref type="prev"/>
                </correspContext>
             </correspDesc>
          </profileDesc>
       </teiHeader>
       <xenoData><number type="in a volume">92</number></xenoData>

              <text xml:id="Ust-Notorskomuzasedatelyu_92">
	<body><div>
		<opener index="false">
92. Усть-Ноторскому заседателю.
1898 г. Марта 24. Москва.
</opener>
<p rend="Obrashenie left">Г-ну Заседателю Усть-Нотора.</p>
<p rend="Obrashenie1_ left">Милостивый государь,</p>
<p rend="left">Несколько человек, сочувствующих сосланным за отказ от военной службы людям<note xml:id="note1" resp="volume_editor" index="false"> Речь идет о кавказских духоборах, сосланных за отказ от воинской повинности на восемнадцать лет в Якутскую область.</note> в Усть-Нотор, желали бы помочь их нужде и необходимым расходам для обзаведения и <hi style="opdelimiter">собрали</hi><hi style="opnumber">335</hi> <hi style="npnumber">336</hi><hi style="npdelimiter">небольшую</hi> сумму денег, около 200 р., которые желали бы передать сосланным; кроме того, один,<note xml:id="note2" resp="volume_editor" index="false"> Александр Владимирович Жиркевич. <ref target="file:///Volume_71_A.V.ZHirkevichu_38.xml">См. письмо № 38</ref>.</note> знавший Егорова,<note xml:id="note3" resp="volume_editor" index="false"> Егор Иванович Егоров. См. прим. к письму № 51.</note> именно ему просит переслать 15 р. Я слышал, что если сосланным присылаются деньги, то удерживается такое же количество казенного содержания, что деньги, посылаемые им, не облегчают их положения.<note xml:id="note4" resp="volume_editor" index="false"> Об этом писал Толстому H. Е: Федосеев в первом письме без даты (см. прим. к письму № 93).</note></p>
<p rend="left">Цель моего письма состоит в том, чтобы просить вас во имя Христа, если это от вас зависит, передать пересылаемые деньги, не вычитая из казенного содержания. Надеюсь на то, что вы не откажете в моей просьбе и известите меня (Москва, Хамовники, Льву Толстому).<note xml:id="note5" resp="volume_editor" index="false"> Ответного извещения не имеется.</note> Остаюсь с совершенным уважением, готовый к услугам</p>
<p rend="right">Лев Толстой.</p>
<comments><p rend="Textpetit_otstup left">Печатается по листу копировальной книги. Впервые опубликовано в «Литературном наследстве», № 37-38, М. 1939, стр. 286. Дата копии рукой М. Л. Оболенской.</p>
<p rend="petit left">В 1898 г. земским заседателем второго участка в Амге, куда входила Усть-Нотора, был Сергей Иванович Меликов (1863—1929?).</p>
<p rend="Textpetit_otstup left"><hi>1</hi> Речь идет о кавказских духоборах, сосланных за отказ от воинской повинности на восемнадцать лет в Якутскую область.</p>
<p rend="petit left"><hi>2</hi> Александр Владимирович Жиркевич. <ref target="file:///Volume_71_A.V.ZHirkevichu_38.xml">См. письмо № 38</ref>.</p>
<p rend="petit left"><hi>3</hi> Егор Иванович Егоров. См. прим. к письму № 51.</p>
<p rend="petit left"><hi>4</hi> Об этом писал Толстому H. Е: Федосеев в первом письме без даты (см. прим. к письму № 93).</p>
<p rend="petit left"><hi>5</hi> Ответного извещения не имеется.</p>
</comments></div></body>
        </text>
        </TEI>