<?xml version='1.0' encoding='UTF-8' standalone='no'?>

<TEI xmlns="http://www.tei-c.org/ns/1.0">
       <teiHeader>
          <fileDesc>
             <titleStmt>
                <title>Письмо №* 256. N. N.</title>
             </titleStmt>
             <publicationStmt>
                <publisher>TolstoyLab</publisher>
                <date when="2015-09-14">14 September 2015</date>
             </publicationStmt>
             <sourceDesc>
                <biblStruct>
                   <analytic>
                      <author>Толстой Л.Н.</author>
                   </analytic>
                   <monogr>
                      <title level="m">Полное собрание сочинений. Том 67</title>
                      <imprint>
                         <pubPlace>Москва</pubPlace>
                         <publisher>Государственное издательство "Художественная литература"</publisher>
                         <date when="1955"/>
                      </imprint>
                   </monogr>
                   <series>
                      <title level="s">Л.Н. Толстой. Полное собрание сочинений</title>
                      <biblScope unit="vol">67</biblScope>
                   </series>
                </biblStruct>
				<bibl>Печатается по листам 94—98 копировальной книги. Опубликовано впервые (почти полностью) В. Г. Чертковым в книге «О половом вопросе. Мысли Л. Н. Толстого», изд. «Свободное слово», Крайстчёрч, 1899.</bibl>
             </sourceDesc>
          </fileDesc>
          <encodingDesc>
             <tagsDecl> </tagsDecl>
          </encodingDesc>
          <profileDesc>
             <correspDesc>
                <correspAction type="sending">
                   <persName ref="PersonList.xml#L_N_Tolstoy">Л. Н. Толстой</persName>
                   <placeName ref="PlacesListxml#PLACE">Ясная Поляна</placeName>
                   <date when="1894-10-20">1894 г. Октября 20.</date>            </correspAction>
                <correspAction type="receiving">
                   <persName ref="PersonList.xml#RECEIVER">N. N.</persName>
                </correspAction>
                <correspContext>
                   <ref type="prev">Ответ на письмо N. N. от 27 сентября 1892 г.</ref>
                </correspContext>
             </correspDesc>
          </profileDesc>
       </teiHeader>
       <xenoData><number type="in a volume">256</number></xenoData>

              <text xml:id="N.N._256">
	<body><div>
		<opener index="false">
* 256. N. N.
1894 г. Октября 20. Я. П.</opener>
<p rend="left">Получил ваше письмо и очень желал бы правильно ответить на ваши очень часто встречающиеся и действительно неразрешенные недоумения. В библии и Евангелии сказано, что муж и жена не два существа, а одно, и это справедливо, не <hi style="opdelimiter"><choice original_editorial_correction='п[отому]'><sic>п</sic><corr>потому</corr></choice></hi><hi style="opnumber">247</hi> <hi style="npnumber">248</hi><hi style="npdelimiter"><choice original_editorial_correction='ч[то]'><sic>ч</sic><corr>что</corr></choice></hi> это будто бы сказано богом, а <choice original_editorial_correction='п[отому]'><sic>п</sic><corr>потому</corr></choice> <choice original_editorial_correction='ч[то]'><sic>ч</sic><corr>что</corr></choice> это есть утверждение несомненной истины о том, что половое общение двух существ, имеющее последствием деторождение, соединяет эти существа каким-то особенным от всех других соединений таинственным образом, так что эти двое в известном отношении перестают быть двое, а становятся одним существом. И потому я думаю, что стремиться к целомудрию, к прекращению половых отношений, может и должно это совокупное существо, т. е. оба супруга вместе, и тот, кто впереди в этом отношении, должен стараться воздействовать на другого всеми находящимися в его руках средствами: простотою жизни, примером, убеждением. До тех же пор, пока оба не сошлись в одном желании — нести вместе тяжесть грехов своего совокупного существа. Ведь делаем же мы по своим страстям дела нам противные, противные нашей совести; точно так же приходится делать дела, противные нашей совести, если только считать себя не отдельным существом, а частью совокупного существа двух супругов. Дело только в том, чтобы, как при своих личных соблазнах, так и в этом соблазне этого совокупного существа, ни на минуту не признавать грех не грехом, не переставать бороться.</p>
<p rend="left">Вы правы, говоря, что есть обязанности к самому себе, образу и подобию божию, и человек не может и не должен допускать осквернения своего тела, но это относится не к тем брачным отношениям, от <choice original_editorial_correction='кот[орых]'><sic>кот</sic><corr>которых</corr></choice> были и могут быть дети. Рождение детей и воспитание, кормление их уничтожает большую долю тяжести и преступности этих отношений и, кроме того, на долгое время беременности и кормления освобождает от них. Рассуждать о том, благо или не благо рождение детей, не наше дело. Тот, кто установил это искупление за грех нарушения целомудрия, знал, что он делал. Да и, простите меня, если то, что я скажу, покажется вам неприятным: в том, что вы говорите о том, что, рожая детей, становишься всё нервнее и нервнее, выражается нехорошая, грубо эгоистическая черта: вы живете не за тем, чтобы вам быть веселой и здоровой, а затем, чтобы делать то дело, к которому вы приставлены. Дело же это состоит в том, кроме всех важнейших дел вашей внутренней жизни, чтобы, если вы впереди своего мужа в деле целомудрия, помогать ему двигаться на этом пути, и в том, чтобы, если вы сами не исполнили всего, что от вас требуется, дать миру другие существа, которые будут иметь возможность исполнить <hi style="opdelimiter">это.</hi><hi style="opnumber">248</hi></p>
<p rend="left"><hi style="npnumber">249</hi><hi style="npdelimiter">Кроме</hi> того, если существуют между супругами известные отношения, то участвуют в них непременно оба. Если один из супругов более страстен, то другому уже кажется, что он совершенно целомудрен, но это несправедливо. Я думаю, несправедливо и в вашем случае. Вам только не видно своего греха из-за более заметного греха другого. Если бы вы были совершенно чисты в этом отношении, вы бы были равнодушны к тому, где будет искать ваш муж удовлетворения своей страсти, равнодушны в смысле ревности, а только жалели бы его за его падение, но этого нет. Если бы вы потребовали от меня практического совета, как поступить, я сказал бы: Выберите лучшую минуту чистого любовного настроения в вашем муже и скажите ему, как тяжелы, мучительны для вас эти отношения и как страстно вы желаете избавиться от них. Если, как вы пишете, он не согласен с вами, что целомудрие хорошо, и будет настаивать, покоритесь и, если вы будете беременны, чего вы должны желать, потребуйте своей свободы во всё время беременности и кормления. И опять делайте то же и не заботьтесь о том, что выйдет из этого. Кроме хорошего, из этого ни для вас, ни для вашего мужа, ни для ваших детей ничего выдти не может, <choice original_editorial_correction='п[отому]'><sic>п</sic><corr>потому</corr></choice> <choice original_editorial_correction='ч[то]'><sic>ч</sic><corr>что</corr></choice>, поступая так, вы будете искать не своего счастья и спокойствия, а исполнения того, чего хочет от вас бог.</p>
<p rend="left">Простите, если что нехорошо написал, старался перед богом высказать то, что пережил и передумал об этом вопросе.</p>
<p rend="right">Л. Толстой.</p>
<p rend="left">20 октября 1894.</p>
<p rend="left">Извините, что я пишу не величая вас, вы не дали своего имени.</p>
<comments><p rend="Textpetit_otstup left">Печатается по листам 94—98 копировальной книги. Опубликовано впервые (почти полностью) В. Г. Чертковым в книге «О половом вопросе. Мысли Л. Н. Толстого», изд. «Свободное слово», Крайстчёрч, 1899.</p>
<p rend="petit left">Ответ на письмо N. N. от 27 сентября 1892 г.</p>
</comments></div></body>
        </text>
        </TEI>