<?xml version='1.0' encoding='UTF-8' standalone='no'?>

<TEI xmlns="http://www.tei-c.org/ns/1.0">
       <teiHeader>
          <fileDesc>
             <titleStmt>
                <title>Письмо №54. Прошение об определении на военную службу.</title>
             </titleStmt>
             <publicationStmt>
                <publisher>TolstoyLab</publisher>
                <date when="2015-09-14">14 September 2015</date>
             </publicationStmt>
             <sourceDesc>
                <biblStruct>
                   <analytic>
                      <author>Толстой Л.Н.</author>
                   </analytic>
                   <monogr>
                      <title level="m">Полное собрание сочинений. Том 59</title>
                      <imprint>
                         <pubPlace>Москва</pubPlace>
                         <publisher>Государственное издательство "Художественная литература"</publisher>
                         <date when="1935"/>
                      </imprint>
                   </monogr>
                   <series>
                      <title level="s">Л.Н. Толстой. Полное собрание сочинений</title>
                      <biblScope unit="vol">59</biblScope>
                   </series>
                </biblStruct>
				<bibl>Печатается по подлиннику в «деле» военно-исторического архива, хранящегося в Москве в Центрархиве (Ф. М. И. д. № 348 — 1852). Рукою Толстого написано лишь со слов: «К сему прошению Коллежский регистратор...». Публикуется впервые. На обложке не казенного образца, в которую вшиты документы, а в число их и прошение Толстого, значится: «По отношению начальника Артиллерии Кавказского корпуса о происхождении определенного в Батарейную № 4 батарею графа Льва Толстого», л. 3. Из дела можно заключить, что прошение Толстого поступило в Инспекторский Департамент Военного Министерства при рапорте Начальника артиллерии отдельного Кавказского Корпуса за № 431 от 15 февраля 1852 г.</bibl>
             </sourceDesc>
          </fileDesc>
          <encodingDesc>
             <tagsDecl> </tagsDecl>
          </encodingDesc>
          <profileDesc>
             <correspDesc>
                <correspAction type="sending">
                   <persName ref="PersonList.xml#L_N_Tolstoy">Л. Н. Толстой</persName>
                   <placeName ref="PlacesListxml#PLACE">Тифлис</placeName>
                   <date when="1851-12-31">1851 г. Декабря 31.</date>            </correspAction>
                <correspAction type="receiving">
                   <persName ref="PersonList.xml#RECEIVER">Прошение об определении на военную службу</persName>
                </correspAction>
                <correspContext>
                   <ref type="prev"/>
                </correspContext>
             </correspDesc>
          </profileDesc>
       </teiHeader>
       <xenoData><number type="in a volume">54</number></xenoData>

              <text xml:id="Proshenieobopredeleniinavoennuyusluzhbu_54">
	<body><div>
		<opener index="false">
54. Прошение об определении на военную службу.
1851 г. Декабря 31. Тифлис.</opener>
<p rend="left"><choice><reg>Всепресветлейший</reg><orig>Всепресвѣтлѣйшiй</orig></choice>, <choice><reg>державнейший</reg><orig>державнѣйшiй</orig></choice>, <choice><reg>великий</reg><orig>великiй</orig></choice> государь <choice><reg>Император</reg><orig>Императоръ</orig></choice> Николай <choice><reg>Павлович</reg><orig>Павловичъ</orig></choice>, <choice><reg>самодержец</reg><orig>самодержецъ</orig></choice> <choice><reg>Всероссийский</reg><orig>Всероссiйскiй</orig></choice>, государь <choice><reg>всемилостивейший</reg><orig>всемилостивѣйшiй</orig></choice>.</p>
<p rend="Shapka"><choice><reg>Просит</reg><orig>Проситъ</orig></choice> <choice><reg>коллежский</reg><orig>коллежскiй</orig></choice> <choice><reg>регистратор</reg><orig>регистраторъ</orig></choice> <choice><reg>граф</reg><orig>графъ</orig></choice> <choice><reg>Лев</reg><orig>Левъ</orig></choice> <choice><reg>Николаевич</reg><orig>Николаевичъ</orig></choice> <choice><reg>сын</reg><orig>сынъ</orig></choice> Толстой о <choice><reg>нижеследующем</reg><orig>нижеслѣдующемъ</orig></choice>:</p>
<p rend="left">Уволившись <choice><reg>от</reg><orig>отъ</orig></choice> службы <choice><reg>из</reg><orig>изъ</orig></choice> <choice><reg>Тульского</reg><orig>Тульскаго</orig></choice> <choice><reg>Дворянского</reg><orig>Дворянскаго</orig></choice> <choice><reg>Депутатского</reg><orig>Депутатскаго</orig></choice> <choice><reg>Собрания</reg><orig>Собранiя</orig></choice>, — я <choice><reg>имею</reg><orig>имѣю</orig></choice> ревностное <choice><reg>желание</reg><orig>желанiе</orig></choice> вступить <choice><reg>в</reg><orig>въ</orig></choice> военную Вашего <choice><reg>Императорского</reg><orig>Императорскаго</orig></choice> Величества службу; — почему поднося у сего <choice><reg>следующие</reg><orig>слѣдующiе</orig></choice> документы: 1-е, Метрическое <choice><reg>свидетельство</reg><orig>свидѣтельство</orig></choice> о <choice><reg>рождении</reg><orig>рожденiи</orig></choice> и <choice><reg>крещении</reg><orig>крещенiи</orig></choice> за № <choice><reg>252-м</reg><orig>252-мъ</orig></choice>, 2-е, Медицинское <choice><reg>свидетельство</reg><orig>свидѣтельство</orig></choice> о <choice><reg>здоровом</reg><orig>здоровомъ</orig></choice> <choice><reg>телосложении</reg><orig>тѣлосложенiи</orig></choice> <choice><reg>моем</reg><orig>моемъ</orig></choice> и способности <choice><reg>к</reg><orig>къ</orig></choice> военной <choice><reg>службе</reg><orig>службѣ</orig></choice> за № <choice><reg>12-м</reg><orig>12-мъ</orig></choice>, 3-е, <choice><reg>Свидетельство</reg><orig>Свидѣтельство</orig></choice> о <choice><reg>науках</reg><orig>наукахъ</orig></choice>, данное <choice><reg>мне</reg><orig>мнѣ</orig></choice> <choice><reg>из</reg><orig>изъ</orig></choice> <choice><reg>Правления</reg><orig>Правленiя</orig></choice> <choice><reg>Казанского</reg><orig>Казанскаго</orig></choice> Университета за № <choice><reg>999-м</reg><orig>999-мъ</orig></choice>, 4-е, <choice><reg>Свидетельство</reg><orig>Свидѣтельство</orig></choice> <choice><reg>правящего</reg><orig>правящаго</orig></choice> должность <choice><reg>Губернского</reg><orig>Губернскаго</orig></choice> <choice><reg>Тульского</reg><orig>Тульскаго</orig></choice> Предводителя дворянства <choice><reg>в</reg><orig>въ</orig></choice> <choice><reg>том</reg><orig>томъ</orig></choice>, что я <choice><reg>в</reg><orig>въ</orig></choice> <choice><reg>состоянии</reg><orig>состоянiи</orig></choice> содержать себя <choice><reg>в</reg><orig>въ</orig></choice> <choice><reg>пешей</reg><orig>пѣшей</orig></choice> или конной <choice><reg>артиллерии</reg><orig>артиллерiи</orig></choice> и <choice><reg>кавалерии</reg><orig>кавалерiи</orig></choice> за № <choice><reg>599-м</reg><orig>599-мъ</orig></choice>, 5-е, Два <choice><reg>отношения</reg><orig>отношенiя</orig></choice> <choice><reg>Тульского</reg><orig>Тульскаго</orig></choice> <choice><reg>Дворянского</reg><orig>Дворянскаго</orig></choice> <choice><reg>Депутатского</reg><orig>Депутатскаго</orig></choice> <choice><reg>собрания</reg><orig>собранiя</orig></choice> за № <choice><reg>552-м</reg><orig>552-мъ</orig></choice> и <choice><reg>556-м</reg><orig>556-мъ</orig></choice> по предмету <choice><reg>увольнения</reg><orig>увольненiя</orig></choice> меня <choice><reg>от</reg><orig>отъ</orig></choice> гражданской службы, а также <choice><reg>Указ</reg><orig>Указъ</orig></choice> <choice><reg>об</reg><orig>объ</orig></choice> <choice><reg>отставке</reg><orig>отставкѣ</orig></choice> моей за № 93, 6-е, <choice><reg>Копию</reg><orig>Копiю</orig></choice> протокола о <choice><reg>дворянском</reg><orig>дворянскомъ</orig></choice> и <choice><reg>графском</reg><orig>графскомъ</orig></choice> <choice><reg>моем</reg><orig>моемъ</orig></choice> <choice><reg>происхождении</reg><orig>происхожденiи</orig></choice> за № <choice><reg>267-м</reg><orig>267-мъ</orig></choice>, и 7-е, Подписку о непринадлежности <choice><reg>к</reg><orig>къ</orig></choice> <choice><reg>тайным</reg><orig>тайнымъ</orig></choice> <choice><reg>обществам</reg><orig>обществамъ</orig></choice>, — <choice><reg>всеподданнейше</reg><orig>всеподданнѣйше</orig></choice> прошу.</p>
<p rend="left">Дабы <choice><reg>повелено</reg><orig>повелѣно</orig></choice> было сiе мое <choice><reg>прошение</reg><orig>прошенiе</orig></choice> принять и меня <choice><reg>именованного</reg><orig>именованнаго</orig></choice> <choice><reg>определить</reg><orig>опредѣлить</orig></choice> на службу в 20-ю Полевую <choice><reg>Артиллерийскую</reg><orig>Артиллерiйскую</orig></choice> бригаду. — <choice><reg>К</reg><orig>Къ</orig></choice> <choice><reg>поданию</reg><orig>поданiю</orig></choice> <choice><reg>надлежит</reg><orig>надлежитъ</orig></choice> начальнику <choice><reg>Артиллерии</reg><orig>Артиллерiи</orig></choice> <choice><reg>Отдельного</reg><orig>Отдѣльнаго</orig></choice> <choice><reg>Кавказского</reg><orig>Кавказскаго</orig></choice> Корпуса. — Г. <choice><reg>Тифлис</reg><orig>Тифлисъ</orig></choice>, Декабря 31-го дня 1851-го <hi style="opdelimiter">года.</hi><hi style="opnumber">143</hi></p>
<p rend="left"><hi style="npnumber">144</hi><hi style="npdelimiter"><choice><reg>Прошение</reg><orig>Прошенiе</orig></choice></hi> сiе <choice><reg>сочинял</reg><orig>сочинялъ</orig></choice> <choice><reg>сам</reg><orig>самъ</orig></choice> проситель и <choice><reg>набело</reg><orig>набѣло</orig></choice> <choice><reg>переписывал</reg><orig>переписывалъ</orig></choice> 21-й <choice><reg>Артиллерийской</reg><orig>Артиллерiйской</orig></choice> Бригады Горной № 4 батареи <choice><reg>фейерверкер</reg><orig>фейерверкеръ</orig></choice> 2-го класса <choice><reg>Григорий</reg><orig>Григорiй</orig></choice> <choice><reg>Васильев</reg><orig>Васильевъ</orig></choice>, <choice><reg>сын</reg><orig>сынъ</orig></choice> <choice><reg>Домницкий</reg><orig>Домницкiй</orig></choice> 2-й. —</p>
<p rend="left">К сему прошению <choice><reg>Коллежский</reg><orig>Коллежскiй</orig></choice> <choice><reg>Регистратор</reg><orig>Регистраторъ</orig></choice>, <choice><reg>граф</reg><orig>графъ</orig></choice> <choice><reg>Лев</reg><orig>Левъ</orig></choice> <choice><reg>Николаев</reg><orig>Николаевъ</orig></choice> <choice><reg>сын</reg><orig>сынъ</orig></choice> Толстой, руку <choice><reg>приложил</reg><orig>приложилъ</orig></choice>.</p>
<comments><p rend="Textpetit_otstup left">Печатается по подлиннику в «деле» военно-исторического архива, хранящегося в Москве в Центрархиве (Ф. М. И. д. № 348 — 1852). Рукою Толстого написано лишь со слов: «К сему прошению Коллежский регистратор...». Публикуется впервые. На обложке не казенного образца, в которую вшиты документы, а в число их и прошение Толстого, значится: «По отношению начальника Артиллерии Кавказского корпуса о происхождении определенного в Батарейную № 4 батарею графа Льва Толстого», л. 3. Из дела можно заключить, что прошение Толстого поступило в Инспекторский Департамент Военного Министерства при рапорте Начальника артиллерии отдельного Кавказского Корпуса за № 431 от 15 февраля 1852 г.</p>
<p rend="petit left">В этом рапорте указано, что Толстой, согласно его прошениям по выдержании экзамена при Кавказской гренадерской артиллерийской бригаде «определен мною на службу впредь до рассмотрения в инспекторском департаменте Военного Министерства документов о его происхождении, на правах вольноопределяющегося фейерверкером 4-го класса в батарейную № 4 батарею». Перечислив представленные документы и прося разрешить Толстому служить, автор рапорта в заключение удостоверяет: «подписка же, значащаяся в прошении, о непринадлежности ни к каким массонским ложам и другим тайным обществам... оставлена для хранения при делах моего Управления».</p>
<p rend="petit left">На л. 28 отпуск отношения инспекторского департамента от 31 октября 1853 г. за № 28669 на имя Командира 4 батареи 20 артиллерийской бригады, в котором сказано, что «фейерверкера... Толстого следует считать из дворян и именовать графом, согласно с указом Правит. Сената от 11 октября с. г. № 7727 и считать в службе означенного графа Толстого на основании 1 пункта 503 статьи 5-го тома Св. Воен. Постановлений».</p>
</comments></div></body>
        </text>
        </TEI>