<?xml version='1.0' encoding='UTF-8' standalone='no'?>

<TEI xmlns="http://www.tei-c.org/ns/1.0">
       <teiHeader>
          <fileDesc>
             <titleStmt>
                <title>Письмо №* 71. В редакцию газеты «С.-Петербургские ведомости».</title>
             </titleStmt>
             <publicationStmt>
                <publisher>TolstoyLab</publisher>
                <date when="2015-09-14">14 September 2015</date>
             </publicationStmt>
             <sourceDesc>
                <biblStruct>
                   <analytic>
                      <author>Толстой Л.Н.</author>
                   </analytic>
                   <monogr>
                      <title level="m">Полное собрание сочинений. Том 71</title>
                      <imprint>
                         <pubPlace>Москва</pubPlace>
                         <publisher>Государственное издательство "Художественная литература"</publisher>
                         <date when="1954"/>
                      </imprint>
                   </monogr>
                   <series>
                      <title level="s">Л.Н. Толстой. Полное собрание сочинений</title>
                      <biblScope unit="vol">71</biblScope>
                   </series>
                </biblStruct>
				<bibl>Печатается по черновику. Кроме этого черновика, в АТ сохранился первый набросок этого письма и копия рукой С. А. Толстой второго варианта письма. Датируется на основании записи в дневнике С. А. Толстой 17 марта (см. ДСАТ, 1897—1909, стр. 41).</bibl>
             </sourceDesc>
          </fileDesc>
          <encodingDesc>
             <tagsDecl> </tagsDecl>
          </encodingDesc>
          <profileDesc>
             <correspDesc>
                <correspAction type="draft">
                   <persName ref="PersonList.xml#L_N_Tolstoy">Л. Н. Толстой</persName>
                   <placeName ref="PlacesListxml#PLACE">Москва</placeName>
                   <date when="1898-03-17">1898 г. Марта 17.</date>            </correspAction>
                <correspAction type="receiving">
                   <persName ref="PersonList.xml#RECEIVER">В редакцию газеты «С.-Петербургские ведомости».</persName>
                </correspAction>
                <correspContext>
                   <ref type="prev"/>
                </correspContext>
             </correspDesc>
          </profileDesc>
       </teiHeader>
       <xenoData><number type="in a volume">71</number></xenoData>

              <text xml:id="VredakciyugazetyS.-Peterburgskievedomosti_71">
	<body><div>
		<opener index="false">
* 71. В редакцию газеты «С.-Петербургские ведомости».
Черновое.
1898 г. Марта 17. Москва.
</opener>
<p rend="left">Кавказские духоборы большой партии или так называемые постники, население более 10 000 душ, находятся в настоящее время в очень затруднительном положении.</p>
<p rend="left">Вот что они пишут мне:</p>
<p rend="left">«Извещаем вас, что мы подавали прошение на имя ее императорского величества государыни Марии Федоровны. Она его передала в сенат. Сенат решил и передал на распоряжение князя Голицына. Справку при сем предлагаю вам».</p>
<p rend="left">Справка эта следующая:</p>
<p rend="left">«По поводу ходатайства, принесенного на августейшее ее императорского величества государыни императрицы Марии Феодоровны имя духоборами[-постниками, выселенными в 1895 г. из Ахалкалакского в другие уезды Тифлисской губернии, о сгруппировании означенных духоборов-постников на жительстве в одном поселении с освобождением от воинской повинности или же о разрешении всем им выселиться за границу, последовало распоряжение:</p>
<p rend="left">1) Освобождение их от воинской повинности не удовлетворено и 2) духоборы-постники, за исключением, конечно, <hi style="opdelimiter">находящихся</hi><hi style="opnumber">314</hi> <hi style="npnumber">315</hi><hi style="npdelimiter">в</hi> призывном возрасте и не исполнивших воинской повинности, могут быть увольняемы за границу при условии: а) получения заграничного паспорта в установленном порядке, б) выезда из пределов России на собственный счет и в) выдачи при выезде подписки о невозвращении впредь в пределы «империи»,]<note xml:id="note1" resp="volume_editor" index="false"> и <hi>2</hi> Текст, взятый в квадратные скобки, в черновике отсутствует. Листы 3, 5 и б черновика, включающие этот текст, повидимому, были переложены в окончательную редакцию этого письма. Печатается частью по копии из AЧ, частью по соответствующим местам из письма Толстого в иностранные газеты. См. № 81.</note> имея в виду, что в случае неисполнения сего последнего пункта, виновный подвергается высылке в отдаленные местности.</p>
<p rend="left">Ходатайство же их о сгруппировании на жительство в одном селении не уважено.</p>
<p rend="left">Настоящая справка по приказанию г. тифлисского губернатора выдается одному из подавших упомянутое ходатайство духоборов-постников, Василию Потапову, вследствие личной о том просьбы, заявленной губернатору.</p>
<p rend="left">Февраля 21 дня 1898 года, город Тифлис.</p>
<p rend="left">Подлинную подписали: Правитель канцелярии тифлисского губернатора, и. д. старшего помощника его Михайлов».</p>
<p rend="left">Далее тот самый Потапов, которому выдана справка, пишет:</p>
<p rend="left">«Я 10-го февраля ездил в город Тифлис и виделся там [с братом Синджоном, но свидание наше было очень краткое, — сейчас же арестовали меня и его. Меня посадили в тюрьму, а его сейчас же отправили обратно в Англию.</p>
<p rend="left">Я заявил полицмейстеру, что я приехал по делу к губернатору. Он сказал: «Пока посадим в тюрьму, а потом доложим губернатору». 12-го заключили меня в тюрьму, а 18-го меня водили под конвоем из двух солдат к губернатору.</p>
<p rend="left">Правитель канцелярии спросил меня:</p>
<p rend="left">— За что тебя арестовали?</p>
<p rend="left">Я сказал: «Не могу знать».</p>
<p rend="left">— Ты ведь на днях был в Сигнахе?</p>
<p rend="left">— Да, был.</p>
<p rend="left">— А сюда зачем приехал?</p>
<p rend="left">— Намерен видеть губернатора. Мы летом подавали прошение на имя императрицы Марии Феодоровны в Абастумане; я получил через сигнахского уездного начальника ответ на прошение, я просил копию, а он мне отказал, говоря, что без губернатора не может, — поэтому я и приехал.</p>
<p rend="left">Он доложил губернатору, губернатор позвал меня; я разъяснил ему всё, как было дело. Он сказал: «Ты вместо меня <hi style="opdelimiter">скорее</hi><hi style="opnumber">315</hi> <hi style="npnumber">316</hi><hi style="npdelimiter">свиделся</hi> с англичанином». Я сказал: «Англичанин тоже наш брат».</p>
<p rend="left">Губернатор со мною хорошо разговаривал и советовал нам переходить в самом коротком времени за границу и сказал: «Все можете переходить, только те не могут, которые прина]длежат<hi>2</hi> к нынешнему призыву, т. е. лобовые». —</p>
<p rend="left">А меня приказал освободить от ареста и отправить обратно в Сигнах».</p>
<p rend="left">Присутствие духоборов в России нежелательно для русского правительства, и им разрешено выселиться за границу. Сами духоборы желают этого.</p>
<p rend="left">Духоборы, как все единогласно утверждают, составляют общество людей такое нравственное, трудолюбивое и дружное, что где бы и в каких условиях они ни поселились, они будут жить хорошо, как они показали это при всех своих переселениях; но им надо, во-первых, знать, куда переселиться, выбрать место, составить план переселения и приобрести средства на переезд и первое обзаведение. И то и другое, в том положении, в котором они находятся теперь, для них не только трудно, но почти невозможно. Их не выпускают из их мест жительства и за неисполнение этого заключают в тюрьмы; людей, общающихся с ними и желающих помочь им, тотчас же высылают из пределов Кавказа, как это видно из приводимого письма и как это неизменно повторяется со всеми духоборами, выезжающими из своих мест жительства и со всеми людьми, приезжающими к ним. И потому-то самим выбрать место поселения, обдумать и приготовить план переезда такого большого количества людей в том положении, в котором они находятся, немыслимо. И еще более немыслимо им самим, без помощи извне, собрать ту большую сумму денег, которая понадобится для переезда такого большого количества людей и их первого обзаведения. Суммы эти были у них и в гораздо больших размерах, но отчасти отняты малой партией, отчасти израсходованы на поддержание в продолжение 3-х лет существования высланных из своих жилищ 400 семей духоборов, живущих без возможности заработка на квартирах в грузинских и татарских деревнях.</p>
<p rend="left">Чем дальше продолжается их теперешнее положение, тем труднее им собрать средства для такого переселения. И потому я думаю, что люди русского общества сделают доброе <hi style="opdelimiter">дело,</hi><hi style="opnumber">316</hi> <hi style="npnumber">317</hi><hi style="npdelimiter">придя</hi> на помощь духоборам в их теперешнем затруднительном положении.</p>
<p rend="left">Как бы кто ни смотрел на верования духоборов, помощь им в их теперешнем положении есть несомненно доброе дело:</p>
<p rend="left">С точки зрения общественной это доброе дело потому, что выселение духоборов прекращает тот соблазнительный разлад, который существует между ними и правительством; с точки же зрения личной, человеческой, христианской это несомненно доброе дело, потому что оно облегчает страдания женщин, детей, вообще слабых людей, руководимых другими, целого 10 000-го населения, виновных только в том, что они родились и воспитались среди своих единоверцев.</p>
<p rend="left">Помощь духоборам нужна двоякая: помощь указанием тех наилучших мест, в которые может быть направлено переселение, и тех мер, какие должны быть приняты для совершения переселения, и, во-вторых, собиранием денежных средств для осуществления самого переселения. Цель этого моего письма состоит в том, чтобы вызвать эту помощь. Потому очень прошу вас напечатать это письмо в вашей газете.</p>
<p rend="right">С <choice original_editorial_correction='соверш[енным]'><sic>соверш</sic><corr>совершенным</corr></choice> <choice original_editorial_correction='ув[ажением]'><sic>ув</sic><corr>уважением</corr></choice></p>
<comments><p rend="Textpetit_otstup left">Печатается по черновику. Кроме этого черновика, в АТ сохранился первый набросок этого письма и копия рукой С. А. Толстой второго варианта письма. Датируется на основании записи в дневнике С. А. Толстой 17 марта (см. ДСАТ, 1897—1909, стр. 41).</p>
<p rend="petit left">«С.-Петербургские ведомости» — одна из старейших русских газет; с 1896 г. редактором ее был Э. Э. Ухтомский (<ref target="file:///Volume_71_E.E.Uxtomskomu_72.xml">см. письмо № 72</ref>). По поводу публикации данного письма Толстого см. еще письма №№ 72 и 73.</p>
<p rend="Textpetit_otstup left"><hi>1</hi> и <hi>2</hi> Текст, взятый в квадратные скобки, в черновике отсутствует. Листы 3, 5 и б черновика, включающие этот текст, повидимому, были переложены в окончательную редакцию этого письма. Печатается частью по копии из AЧ, частью по соответствующим местам из письма Толстого в иностранные газеты. См. № 81.</p>
</comments></div></body>
        </text>
        </TEI>