<?xml version='1.0' encoding='UTF-8' standalone='no'?>

<TEI xmlns="http://www.tei-c.org/ns/1.0">
       <teiHeader>
          <fileDesc>
             <titleStmt>
                <title>Письмо №34. Редактору «Journal des Débats».</title>
             </titleStmt>
             <publicationStmt>
                <publisher>TolstoyLab</publisher>
                <date when="2015-09-14">14 September 2015</date>
             </publicationStmt>
             <sourceDesc>
                <biblStruct>
                   <analytic>
                      <author>Толстой Л.Н.</author>
                   </analytic>
                   <monogr>
                      <title level="m">Полное собрание сочинений. Том 71</title>
                      <imprint>
                         <pubPlace>Москва</pubPlace>
                         <publisher>Государственное издательство "Художественная литература"</publisher>
                         <date when="1954"/>
                      </imprint>
                   </monogr>
                   <series>
                      <title level="s">Л.Н. Толстой. Полное собрание сочинений</title>
                      <biblScope unit="vol">71</biblScope>
                   </series>
                </biblStruct>
				<bibl>Печатается по тексту, опубликованному в «La Revue des Etudes slaves», tome X, Paris 1931, p. 216. Здесь, согласно указанию Ш. Саломона, письмо опубликовано по тексту, напечатанному в «Journal des Débats» от 3 <hi style="opdelimiter">марта</hi><hi style="opnumber">276</hi> <hi style="npnumber">277</hi><hi style="npdelimiter">1898</hi> г. В СССР опубликовано впервые в сборнике «Летописи», 2, стр. 161—162. Сверено с копией, хранящейся в AЧ.</bibl>
             </sourceDesc>
          </fileDesc>
          <encodingDesc>
             <tagsDecl> </tagsDecl>
          </encodingDesc>
          <profileDesc>
             <correspDesc>
                <correspAction type="sending">
                   <persName ref="PersonList.xml#L_N_Tolstoy">Л. Н. Толстой</persName>
                   <placeName ref="PlacesListxml#PLACE">Москва</placeName>
                   <date when="1898-02-13">1898 г. Февраля 13.</date>            </correspAction>
                <correspAction type="receiving">
                   <persName ref="PersonList.xml#RECEIVER">Редактору «Journal des Débats».</persName>
                </correspAction>
                <correspContext>
                   <ref type="prev"/>
                </correspContext>
             </correspDesc>
          </profileDesc>
       </teiHeader>
       <xenoData><number type="in a volume">34</number></xenoData>

              <text xml:id="RedaktoruJournaldesDébats_34">
	<body><div>
		<opener index="false">
34. Редактору «Journal des Débats».
1898 г. Февраля 13. Москва.
</opener>
<p rend="Obrashenie left">Monsieur le Rédacteur,</p>
<p rend="left">La question de l’art m’a occupé pendant des années, et, comme les idées auxquelles je suis arrivé sur ce sujet sont tout à fait contraires aux idées généralement reçues, j’ai fait un livre dans lequel j’ai tâché de donner les raisons pour lesquelles je m’ecarte de l’opinion générale et de prouver la justice de la mienne. Il me paraissait que l’ouvrage ne pouvait être compris et avoir de l’intérêt que dans son entier.</p>
<p rend="left">Cependant, la Revue Blanche publie une soi-disant traduction de deux chapitres sans queue ni tête qui, détachés de l’ouvrage entier n’ont aucun sens et ont l’air d’affirmer sans les expliquer et les motiver, les idées les plus saugrenues. La traduction non seulement mauvaise comme style, mais ne rendant pas du tout le sens du texte, augmente l’étrangeté et le ridicule de cette publication. Comme exemple de mauvaise traduction, je ne citerai que le passage suivant.</p>
<p rend="left">Véritable traduction du texte: «On parle d’incompréhensibilité; mais si l’art est la transmission <hi>des sentiments</hi> qui découlent de la conscience religieuse des hommes, comment peut être incompris <hi>un sentiment</hi> fondé sur la religion, c’est-à-dire le rapport de l’homme à Dieu? Un tel art doit être et n’a jamais cessé d’être compréhensible à chacun, car le rapport de Dieu à l’homme est le même pour chacun».</p>
<p rend="left">Traduction de la <hi>Revue Blanche:</hi> «On parle d’incompréhensibilité; mais si l’art est la transmission <hi>des idées de la perception provenant de la perception</hi> religieuse de l’homme, comment, peut être incompréhensible une <hi>idée</hi> fondée sur la religion même, sur les rapports de l’homme avec Dieu, par exemple? Un tel art serait et n’a jamais cessé d’être compréhensible à chacun, <hi style="opdelimiter">parce</hi><hi style="opnumber">275</hi> <hi style="npnumber">276</hi><hi style="npdelimiter">que</hi> les rapports de l’homme avec Dieu sont uniques et toujours les mêmes».</p>
<p rend="left">Toute la traduction est à l’avenant.</p>
<p rend="left">De sorte que ne pouvant absolument pas accepter la responsabilité de cette étrange publication je vous prie instamment, Monsieur, d’avoir l’obligeance d’enserer cette lettre dans votre journal.</p>
<p rend="left">Agréez, Monsieur, l’assurance de mes sentiments distingués.</p>
<p rend="right">Léon Tolstoy.</p>
<p rend="left">Moscou, le 13/25 Février.</p>
<lb/>
<p rend="Obrashenie petit left">Г-н редактор,</p>
<p rend="petit left">Вопрос искусства занимал меня в течение многих лет и, ввиду того, что положения, к которым я пришел, совершенно противоположны общепризнанным, я написал книгу, в которой старался изложить причины, по которым я отхожу от общего мнения и утверждаю свое. Мне казалось, что труд этот мог быть понят и представлял интерес лишь в целом.</p>
<p rend="petit left">Между тем «La Revue Blanche» публикует так называемый перевод двух глав без начала и конца, которые, оторванные от всего произведения, не имеют ни малейшего смысла и утверждают самые странные идеи, не объясняя и не обосновывая их. Самый перевод не только дурной в смысле стиля, но и совершенно не передающий смысл текста, увеличивает странность и несообразность этой публикации. Как образчик плохого перевода, я приведу лишь следующую выдержку:</p>
<p rend="petit left">Правильный перевод текста: «Говорят о непонятности, но если искусство есть передача <hi>чувств</hi>, вытекающих из религиозного сознания людей, то как же может быть непонятно чувство, основанное на религии, т. е. на отношении человека к богу. Такое искусство должно быть и действительно было всегда всем понятно, потому что отношение всякого человека к богу одно и то же»</p>
<p rend="petit left">Перевод «La Revue Blanche»: «Говорят о непонятности, но если искусство есть передача <hi>идеи ощущения</hi>, <hi>вытекающего</hi> из религиозного <hi>ощущения </hi>человека, то как может быть <hi>непонятной идея, </hi>основанная на самой религии, например на отношении человека к богу. Такое искусство должно быть и никогда не переставало быть понятным каждому, потому что отношение всякого человека к богу одно и то же».</p>
<p rend="petit left">Весь перевод подобен приведенному выше.</p>
<p rend="petit left">Вследствие этого, совершенно не имея возможности принять на себя ответственность за эту странную публикацию, я настоятельно прошу вас, милостивый государь, любезно напечатать это письмо в вашем журнале.</p>
<p rend="petit left">Примите уверение в моем уважении.</p>
<p rend="petit right">Лев Толстой.</p>
<p rend="petit left">Москва, 13/25 февраля.</p>
<comments><p rend="Textpetit_otstup left">Печатается по тексту, опубликованному в «La Revue des Etudes slaves», tome X, Paris 1931, p. 216. Здесь, согласно указанию Ш. Саломона, письмо опубликовано по тексту, напечатанному в «Journal des Débats» от 3 <hi style="opdelimiter">марта</hi><hi style="opnumber">276</hi> <hi style="npnumber">277</hi><hi style="npdelimiter">1898</hi> г. В СССР опубликовано впервые в сборнике «Летописи», 2, стр. 161—162. Сверено с копией, хранящейся в AЧ.</p>
<p rend="petit left">Речь идет о напечатанных отрывках трактата Толстого «Что такое искусство?» в журнале «La Revue Blanche» от 15 января и 15 февраля нов. ст. 1898 г. в переводе на французский язык Tarridu del Marmol. См. об этом в т. 30, стр. 551—552.</p>
<p rend="Textpetit_otstup left"><hi>1 </hi>Цитата из гл. X трактата об искусстве. См. т. 30, стр. 109—110.</p>
</comments></div></body>
        </text>
        </TEI>