<?xml version='1.0' encoding='UTF-8' standalone='no'?>

<TEI xmlns="http://www.tei-c.org/ns/1.0">
       <teiHeader>
          <fileDesc>
             <titleStmt>
                <title>Письмо №433. Левенсону.</title>
             </titleStmt>
             <publicationStmt>
                <publisher>TolstoyLab</publisher>
                <date when="2015-09-14">14 September 2015</date>
             </publicationStmt>
             <sourceDesc>
                <biblStruct>
                   <analytic>
                      <author>Толстой Л.Н.</author>
                   </analytic>
                   <monogr>
                      <title level="m">Полное собрание сочинений. Том 64</title>
                      <imprint>
                         <pubPlace>Москва</pubPlace>
                         <publisher>Государственное издательство "Художественная литература"</publisher>
                         <date when="1954"/>
                      </imprint>
                   </monogr>
                   <series>
                      <title level="s">Л.Н. Толстой. Полное собрание сочинений</title>
                      <biblScope unit="vol">64</biblScope>
                   </series>
                </biblStruct>
				<bibl>Печатается по фотокопии (подлинник находится в Дании). Впервые опубликовано в сборнике «Летописи», 12, стр. 24. Датируется на основании почтового штемпеля.</bibl>
             </sourceDesc>
          </fileDesc>
          <encodingDesc>
             <tagsDecl> </tagsDecl>
          </encodingDesc>
          <profileDesc>
             <correspDesc>
                <correspAction type="sending">
                   <persName ref="PersonList.xml#L_N_Tolstoy">Л. Н. Толстой</persName>
                   <placeName ref="PlacesListxml#PLACE">Ясная Поляна</placeName>
                   <date from="1889-09-29" to="1889-09-30">1889 г. Сентября 29 — 30</date>            </correspAction>
                <correspAction type="receiving">
                   <persName ref="PersonList.xml#RECEIVER">Левенсону.</persName>
                </correspAction>
                <correspContext>
                   <ref type="prev"/>
                </correspContext>
             </correspDesc>
          </profileDesc>
       </teiHeader>
       <xenoData><number type="in a volume">433</number></xenoData>

              <text xml:id="Levensonu_433">
	<body><div>
		<opener index="false">
433. Левенсону.
1889 г. Сентября 29—30. Я. П.
</opener>
<p rend="Obrashenie left">Lieber Freund!</p>
<p rend="left">Es war mir eine grosse Freude dein Schreiben zu erhalten. Es muss uns nicht wundern, dass wir dieselbe Gedanken über unser Leben haben. Unser Leben, das sich eins vom andern unterscheidet und über welches wir verschiedene Gedanke haben, ist nur ein Schein; das wahre Leben ist bei allen und überall dasselbe, und es kann auch nicht anders sein, weil alles, was wirklich lebt, lebt nicht von selbst, aber es lebt (so wie wir es in uns fühlen) in allen Dingen und in uns oder durch alle Dinge und durch uns ein und derselbe Gott. Die Uebersetzung des Evangelium<note xml:id="note1" resp="volume_editor" index="false"> Л. Н. Толстой, «Соединение, перевод и исследование четырех Евангелий».</note> ist nicht gedrückt und sehr voluminös und ausser dem habe ich vorläufig <hi style="opdelimiter">kein</hi><hi style="opnumber">309</hi> <hi style="npnumber">310</hi><hi style="npdelimiter">Exemplar.</hi> Aber ich möchte gern, dass du mein Buch «Ueber das Leben» lesen könntest. Es ist in Deutschland erschienen,<note xml:id="note2" resp="volume_editor" index="false"> Graf Leo Tolstoj, «Ueber das Leben». Uebersetz von Вehr. Leipzig.</note> aber ich habe kein <choice original_editorial_correction='Exempl[ar]'><sic>Exempl</sic><corr>Exemplar</corr></choice>. Wenn es dir schwer ist es zu bekommen, so kann ich beim Uebersetzer fragen und das schicken. — «Das Vater unser» habe ich noch nicht erhalten.</p>
<p rend="left">Es wundert mich du es erklärst.</p>
<p rend="right">Dein Bruder L. Tolstoy.</p>
<p rend="left"><hi>На конверте:</hi></p>
<p rend="left">Дания. Левенсону. H-r Leerer v. Levenson, Ilvilsted Skole, ps. Odder Danmark.</p>
<p rend="Obrashenie petit left">Дорогой друг!</p>
<p rend="petit left">Мне было очень радостно получить твое письмо. Нас не должно удивлять то, что мы имеем одни и те же мысли относительно нашей жизни. Наша жизнь, которая отличается одна от другой и о которой мы имеем различные мысли, есть только видимость; истинная жизнь во всех и повсюду одна и та же, и это не может быть иначе, так как всё, что действительно живет, живет не само по себе, но живет (как мы это чувствуем в себе) во всем и в нас, и через всё и через нас живет один и тот же бог. Перевод Евангелия<note xml:id="note3" resp="volume_editor" index="false"> Л. Н. Толстой, «Соединение, перевод и исследование четырех Евангелий».</note> не напечатан, он очень обширен, и, кроме того, у меня пока нет ни одного экземпляра. Но я очень желал бы, чтобы ты мог прочесть мою книгу «О жизни». Она появилась в Германии,<note xml:id="note4" resp="volume_editor" index="false"> Graf Leo Tolstoj, «Ueber das Leben». Uebersetz von Вehr. Leipzig.</note> но у меня нет ни одного экземпляра. Если тебе трудно ее получить, то я могу спросить у переводчика и послать. — «Отче наш» я еще не получил. Меня удивляет, что ты объясняешь его.</p>
<p rend="petit right">Твой брат Л. Толстой.</p>
<comments><p rend="Textpetit_otstup left">Печатается по фотокопии (подлинник находится в Дании). Впервые опубликовано в сборнике «Летописи», 12, стр. 24. Датируется на основании почтового штемпеля.</p>
<p rend="petit left">Об адресате сведений нет. Письмо его, на которое отвечает Толстой, неизвестно.</p>
<p rend="Textpetit_otstup left"><hi>1</hi> Л. Н. Толстой, «Соединение, перевод и исследование четырех Евангелий».</p>
<p rend="petit left"><hi>2</hi> Graf Leo Tolstoj, «Ueber das Leben». Uebersetz von Вehr. Leipzig.</p>
</comments></div></body>
        </text>
        </TEI>