<?xml version='1.0' encoding='UTF-8' standalone='no'?>

<TEI xmlns="http://www.tei-c.org/ns/1.0">
       <teiHeader>
          <fileDesc>
             <titleStmt>
                <title>Письмо №403. В редакцию газеты «Русские ведомости».</title>
             </titleStmt>
             <publicationStmt>
                <publisher>TolstoyLab</publisher>
                <date when="2015-09-14">14 September 2015</date>
             </publicationStmt>
             <sourceDesc>
                <biblStruct>
                   <analytic>
                      <author>Толстой Л.Н.</author>
                   </analytic>
                   <monogr>
                      <title level="m">Полное собрание сочинений. Том 73</title>
                      <imprint>
                         <pubPlace>Москва</pubPlace>
                         <publisher>Государственное издательство "Художественная литература"</publisher>
                         <date when="1954"/>
                      </imprint>
                   </monogr>
                   <series>
                      <title level="s">Л.Н. Толстой. Полное собрание сочинений</title>
                      <biblScope unit="vol">73</biblScope>
                   </series>
                </biblStruct>
				<bibl>Печатается по копировальной книге № 4, л. 194. Подлинник написан и датирован рукой П. А. Буланже, подпись собственноручная. Впервые опубликовано, с искажением текста, в «Русских ведомостях» 1902, № 343 от 12 декабря, откуда перепечатано в других газетах и сборниках писем.</bibl>
             </sourceDesc>
          </fileDesc>
          <encodingDesc>
             <tagsDecl> </tagsDecl>
          </encodingDesc>
          <profileDesc>
             <correspDesc>
                <correspAction type="sending">
                   <persName ref="PersonList.xml#L_N_Tolstoy">Л. Н. Толстой</persName>
                   <placeName ref="PlacesListxml#PLACE">Ясная Поляна</placeName>
                   <date when="1902-12-09">1902 г. Декабря 9.</date>            </correspAction>
                <correspAction type="receiving">
                   <persName ref="PersonList.xml#RECEIVER">В редакцию газеты «Русские ведомости».</persName>
                </correspAction>
                <correspContext>
                   <ref type="prev"/>
                </correspContext>
             </correspDesc>
          </profileDesc>
       </teiHeader>
       <xenoData><number type="in a volume">403</number></xenoData>

              <text xml:id="VredakciyugazetyRusskievedomosti._403">
	<body><div>
		<opener index="false">
403. В редакцию газеты «Русские ведомости».
1902 г. Декабря 9. Я. П.</opener>
<p rend="left">В редакцию газеты «Русские Ведомости».</p>
<p rend="Obrashenie_ left">Милостивый государь</p>
<p rend="Obrashenie1_ left">г. редактор,</p>
<p rend="left">по моим годам и перенесенным, оставившим следы, болезням, я, очевидно, не могу быть вполне здоров, и, естественно, будут повторяться ухудшения моего положения.<note xml:id="note1" resp="volume_editor" index="false"> 5 декабря Толстой тяжело заболел инфлюэнцей и слег в постель. Улучшение наступило 11 декабря.</note> Думаю, что подробные сведения об этих ухудшениях хотя и могут быть интересны для некоторых, — и то в двух самых противоположных смыслах,<note xml:id="note2" resp="volume_editor" index="false"> <hi>Зачеркнуто: </hi>печатание этих сведений мне неприятно</note> — для большинства не имеют значения, и потому я бы просил редакции газет не печатать сведений о моих болезнях.<note xml:id="note3" resp="volume_editor" index="false"> <hi>Зач.: </hi>и здоровье.</note></p>
<p rend="right">Лев Толстой.</p>
<p rend="left">Ясная Поляна. 9 дек. 1902.</p>
<comments><p rend="Textpetit_otstup left">Печатается по копировальной книге № 4, л. 194. Подлинник написан и датирован рукой П. А. Буланже, подпись собственноручная. Впервые опубликовано, с искажением текста, в «Русских ведомостях» 1902, № 343 от 12 декабря, откуда перепечатано в других газетах и сборниках писем.</p>
<p rend="Textpetit_otstup left"><hi>1</hi> 5 декабря Толстой тяжело заболел инфлюэнцей и слег в постель. Улучшение наступило 11 декабря.</p>
<p rend="petit left"><hi>2</hi> <hi>Зачеркнуто: </hi>печатание этих сведений мне неприятно</p>
<p rend="petit left"><hi>3</hi> <hi>Зач.: </hi>и здоровье.</p>
<p rend="petit left">В газетах была опубликована эта зачеркнутая часть фразы. В Настольном календаре Толстого отмечено 13 декабря: «Появилось письмо в газетах не печатать сведений о болезни, досадно переврано».</p>
</comments></div></body>
        </text>
        </TEI>