<?xml version='1.0' encoding='UTF-8' standalone='no'?>

<TEI xmlns="http://www.tei-c.org/ns/1.0">
       <teiHeader>
          <fileDesc>
             <titleStmt>
                <title>Письмо №* 174. Неизвестному.</title>
             </titleStmt>
             <publicationStmt>
                <publisher>TolstoyLab</publisher>
                <date when="2015-09-14">14 September 2015</date>
             </publicationStmt>
             <sourceDesc>
                <biblStruct>
                   <analytic>
                      <author>Толстой Л.Н.</author>
                   </analytic>
                   <monogr>
                      <title level="m">Полное собрание сочинений. Том 77</title>
                      <imprint>
                         <pubPlace>Москва</pubPlace>
                         <publisher>Государственное издательство "Художественная литература"</publisher>
                         <date when="1956"/>
                      </imprint>
                   </monogr>
                   <series>
                      <title level="s">Л.Н. Толстой. Полное собрание сочинений</title>
                      <biblScope unit="vol">77</biblScope>
                   </series>
                </biblStruct>
				<bibl>Печатается по машинописной копии. Датируется по той же копии.</bibl>
             </sourceDesc>
          </fileDesc>
          <encodingDesc>
             <tagsDecl> </tagsDecl>
          </encodingDesc>
          <profileDesc>
             <correspDesc>
                <correspAction type="sending">
                   <persName ref="PersonList.xml#L_N_Tolstoy">Л. Н. Толстой</persName>
                   <placeName ref="PlacesListxml#PLACE">Ясная Поляна</placeName>
                   <date when="1907-07-07">1907 г. Июля 7.</date>            </correspAction>
                <correspAction type="receiving">
                   <persName ref="PersonList.xml#RECEIVER">Неизвестному.</persName>
                </correspAction>
                <correspContext>
                   <ref type="prev"/>
                </correspContext>
             </correspDesc>
          </profileDesc>
       </teiHeader>
       <xenoData><number type="in a volume">174</number></xenoData>

              <text xml:id="Neizvestnomu_174">
	<body><div>
		<opener index="false">
* 174. Неизвестному.
1907 г. Июля 7. Я. П.
</opener>
<p rend="Obrashenie left">Любезный друг и брат,</p>
<p rend="left">Ваше письмо доставило мне большое удовольствие. Так радостно чувствовать на другом конце света человека, которого никогда не увидишь, а между тем не только близкого, но вполне единого с тобою. Это я вижу из вашего письма.</p>
<p rend="left">На то зло, что вы пишете о теозофизме и гегельянстве, что желательно бы было написать такую брошюру, которая опровергала бы их, я могу ответить только тем, что нет никакой возможности возражать на все те теории, которые <hi style="opdelimiter">придумывают</hi><hi style="opnumber">151</hi> <hi style="npnumber">152</hi><hi style="npdelimiter">люди</hi> для оправдывания своего отступления от добра и истины.</p>
<p rend="left">Скажу еще то, что с годами я убедился в том, что осуждение людьми ваших поступков, если поступки ваши вызваны не вашими эгоистическими целями, а исполнением воли бога, не только не нуждается в оправдании, но, напротив, осуждение это бывает полезно тем, что оно наверное убеждает вас в том, что то, что вы делаете, вы делаете не для славы людской, а для своей души, для бога.</p>
<p rend="left">От души желаю вам продолжения вашей хорошей жизни и всё больших и больших успокоения и радости, которые свойственны жизни, для исполнения не своей воли или воли людей, а воли бога.</p>
<p rend="left">Я в последнее время более всего занят составлением нравственно-религиозного наставления для детей и взрослых в виде самого упрощенного изложения евангелия и нравственных систематически расположенных сентенций и изречений.</p>
<p rend="right">Ваш брат.</p>
<comments><p rend="Textpetit_otstup left">Печатается по машинописной копии. Датируется по той же копии.</p>
<p rend="petit left">Кому адресовано письмо, установить не удалось.</p>
</comments></div></body>
        </text>
        </TEI>