<?xml version='1.0' encoding='UTF-8' standalone='no'?>

<TEI xmlns="http://www.tei-c.org/ns/1.0">
       <teiHeader>
          <fileDesc>
             <titleStmt>
                <title>Письмо №* 182. Членам общины «Петровичи».</title>
             </titleStmt>
             <publicationStmt>
                <publisher>TolstoyLab</publisher>
                <date when="2015-09-14">14 September 2015</date>
             </publicationStmt>
             <sourceDesc>
                <biblStruct>
                   <analytic>
                      <author>Толстой Л.Н.</author>
                   </analytic>
                   <monogr>
                      <title level="m">Полное собрание сочинений. Том 81</title>
                      <imprint>
                         <pubPlace>Москва</pubPlace>
                         <publisher>Государственное издательство "Художественная литература"</publisher>
                         <date when="1956"/>
                      </imprint>
                   </monogr>
                   <series>
                      <title level="s">Л.Н. Толстой. Полное собрание сочинений</title>
                      <biblScope unit="vol">81</biblScope>
                   </series>
                </biblStruct>
				<bibl>Печатается по копии, сверенной с черновиком-автографом, написанным на конверте письма общины «Петровичи».</bibl>
             </sourceDesc>
          </fileDesc>
          <encodingDesc>
             <tagsDecl> </tagsDecl>
          </encodingDesc>
          <profileDesc>
             <correspDesc>
                <correspAction type="sending">
                   <persName ref="PersonList.xml#L_N_Tolstoy">Л. Н. Толстой</persName>
                   <placeName ref="PlacesListxml#PLACE">Ясная Поляна</placeName>
                   <date when="1910-03-11">1910 г. Марта 11.</date>            </correspAction>
                <correspAction type="receiving">
                   <persName ref="PersonList.xml#RECEIVER">Членам общины «Петровичи».</persName>
                </correspAction>
                <correspContext>
                   <ref type="prev"/>
                </correspContext>
             </correspDesc>
          </profileDesc>
       </teiHeader>
       <xenoData><number type="in a volume">182</number></xenoData>

       <text xml:id="CHlenamobshhinyPetrovichi_182">
	<body><div>
		<opener index="false">
* 182. Членам общины «Петровичи».
1910 г. Марта 11. Я. П.</opener>
<p rend="right">11 марта 10 г. Ясная Поляна.</p>
<p rend="left">Благодарю членов общины за привет. Радуюсь тем чувствам, которые воодушевляют их, и желаю самого лучшего и важного в жизни: преуспеяния в внутреннем совершенствовании, которое яснее всего проявляется во всё большем и большем проявлении любви.</p>
<comments><p rend="Textpetit_otstup left">Печатается по копии, сверенной с черновиком-автографом, написанным на конверте письма общины «Петровичи».</p>
<p rend="petit left">Община «Петровичи» (находилась в Минской губ.), приветствуя Толстого, приглашала его к себе и сообщала: «Мы свободны от государства и церкви, но не противимся давать просящим просимое, наша цель любовное сожитие, а для достижения будем трудиться, так как труд даст средства к жизни».</p>
<p rend="emptyline left"><hi style="opnumber">143</hi> <hi style="npnumber">144</hi></p>
</comments></div></body>
        </text>
        </TEI>