<?xml version='1.0' encoding='UTF-8' standalone='no'?>

<TEI xmlns="http://www.tei-c.org/ns/1.0">
       <teiHeader>
          <fileDesc>
             <titleStmt>
                <title>Письмо №525. Д. Н+. Набокову.</title>
             </titleStmt>
             <publicationStmt>
                <publisher>TolstoyLab</publisher>
                <date when="2015-09-14">14 September 2015</date>
             </publicationStmt>
             <sourceDesc>
                <biblStruct>
                   <analytic>
                      <author>Толстой Л.Н.</author>
                   </analytic>
                   <monogr>
                      <title level="m">Полное собрание сочинений. Том 62</title>
                      <imprint>
                         <pubPlace>Москва</pubPlace>
                         <publisher>Государственное издательство "Художественная литература"</publisher>
                         <date when="1953"/>
                      </imprint>
                   </monogr>
                   <series>
                      <title level="s">Л.Н. Толстой. Полное собрание сочинений</title>
                      <biblScope unit="vol">62</biblScope>
                   </series>
                </biblStruct>
				<bibl>Печатается по автографу, хранящемуся в Ленинградском центральном историческом архиве. Впервые опубликовано в «Красном архиве», 1927, 3(22), стр. 248.</bibl>
             </sourceDesc>
          </fileDesc>
          <encodingDesc>
             <tagsDecl> </tagsDecl>
          </encodingDesc>
          <profileDesc>
             <correspDesc>
                <correspAction type="sending">
                   <persName ref="PersonList.xml#L_N_Tolstoy">Л. Н. Толстой</persName>
                   <placeName ref="PlacesListxml#PLACE">Ясная Поляна</placeName>
                   <date when="1879-08-20">1879 г. Августа 20.</date>            </correspAction>
                <correspAction type="receiving">
                   <persName ref="PersonList.xml#RECEIVER">Д. Н+. Набокову</persName>
                </correspAction>
                <correspContext>
                   <ref type="prev"/>
                </correspContext>
             </correspDesc>
          </profileDesc>
       </teiHeader>
       <xenoData><number type="in a volume">525</number></xenoData>

              <text xml:id="D.N.Nabokovu_525">
	<body><div>
		<opener index="false">
525. Д. Н+. Набокову.
1879 г. Августа 20. Я. П.
</opener>
<p rend="Obrashenie left">Ваше высокопревосходительство, милостивый государь </p>
<p rend="Obrashenie__ left">Дмитрий Николаевич,</p>
<p rend="left">Начав исторический труд из времен конца XVI и начала XVII века,<note xml:id="note1" resp="volume_editor" index="false">Описка, вместо: «конца XVII и начала XVIII века».</note> я просил г-на министра иностранных дел об исходатайствовании мне высочайшего разрешения для работ в архивах по «секретным делам», кое и получил; но, к сожалению, разрешение это не относится до архива министерства юстиции, и я поставлен в необходимость утруждать Ваше высокопревосходительство покорнейшей просьбой об исходатайствовании для меня разрешения на пользование «секретными делами» архива министерства юстиции. Буду считать себя много обязанным Вашему превосходительству, если через него получу это разрешение.</p>
<p rend="left">С истинным уважением и преданностью имею честь быть Вашего высокопревосходительства покорный слуга</p>
<p rend="right">граф Лев Толстой.</p>
<p rend="left">20 августа 1879.</p>
<p rend="left">Адрес:</p>
<p rend="left">Тула, графу Льву Николаевичу Толстому.</p>
<comments><p rend="Textpetit_otstup left">Печатается по автографу, хранящемуся в Ленинградском центральном историческом архиве. Впервые опубликовано в «Красном архиве», 1927, 3(22), стр. 248.</p>
<p rend="petit left">Дмитрий Николаевич Набоков (1827—1904) — в 1878—1885 гг. министр юстиции.</p>
<p rend="Textpetit_otstup left"><hi>1 </hi>Описка, вместо: «конца XVII и начала XVIII века».</p>
<p rend="petit left">Ответ Д. Н. Набокова неизвестен, но разрешение было получено. В книге записи выдаваемых документов в Московском архиве министерства юстиции имеются сведения о выдаче Толстому секретных столбцов и дел Преображенского приказа дважды: 8 октября (возвращены 12 октября) и 18 октября (возвращены 20 октября. Дело 1880 г. № 20). Но так как никаких расписок Толстого в соответствующей графе книги записей о получении им этих дел нет, а также нет и никаких сведений о поездках его в эти дни в Москву, то надо думать, что лично он этих дел не брал, а поручал делать из них нужные выписки архивисту И. Н. Николеву, который и прислал Толстому целый ряд выписок из дел Преображенского приказа. Подробнее об этом см. в т. 17, стр. 635—636 и 676—679.</p>
<p rend="left emptyline"><hi style="opnumber">496</hi> <hi style="npnumber">497</hi></p>
</comments></div></body>
        </text>
        </TEI>