<?xml version='1.0' encoding='UTF-8' standalone='no'?>

<TEI xmlns="http://www.tei-c.org/ns/1.0">
       <teiHeader>
          <fileDesc>
             <titleStmt>
                <title>Письмо №175. Московскому градоначальнику.</title>
             </titleStmt>
             <publicationStmt>
                <publisher>TolstoyLab</publisher>
                <date when="2015-09-14">14 September 2015</date>
             </publicationStmt>
             <sourceDesc>
                <biblStruct>
                   <analytic>
                      <author>Толстой Л.Н.</author>
                   </analytic>
                   <monogr>
                      <title level="m">Полное собрание сочинений. Том 78</title>
                      <imprint>
                         <pubPlace>Москва</pubPlace>
                         <publisher>Государственное издательство "Художественная литература"</publisher>
                         <date when="1956"/>
                      </imprint>
                   </monogr>
                   <series>
                      <title level="s">Л.Н. Толстой. Полное собрание сочинений</title>
                      <biblScope unit="vol">78</biblScope>
                   </series>
                </biblStruct>
             </sourceDesc>
          </fileDesc>
          <encodingDesc>
             <tagsDecl> </tagsDecl>
          </encodingDesc>
          <profileDesc>
             <correspDesc>
                <correspAction type="draft">
                   <persName ref="PersonList.xml#L_N_Tolstoy">Л. Н. Толстой</persName>
                   <placeName ref="PlacesListxml#PLACE">Ясная Поляна</placeName>
                   <date when="1908-06-08">1908 г. Июня 8.</date>            </correspAction>
                <correspAction type="receiving">
                   <persName ref="PersonList.xml#RECEIVER">Московскому градоначальнику.</persName>
                </correspAction>
                <correspContext>
                   <ref type="prev"/>
                </correspContext>
             </correspDesc>
          </profileDesc>
       </teiHeader>
       <xenoData><number type="in a volume">175</number></xenoData>

              <text xml:id="Moskovskomugradonachalniku_175">
	<body><div>
		<opener index="false">
175. Московскому градоначальнику. Черновое.
1908 г. Июня 8. Я. П.
</opener>
<p rend="Obrashenie left">М. Г.</p>
<p rend="left">Простите, что не пишу вашего имени и отчества, что даст моему письму совершенно мне нежелательный характер официальной холодности. Письмо это передаст вам г-жа Сербашева, обратившаяся ко мне по делу своего брата Юшко. Будьте так добры принять и выслушать ее, и я почти уверен, что ваше доброе сердце подскажет вам то, что нужно и можно сделать. Всё, что я знаю о Юшко, говорит за то, что он человек хороший и кроткий и противник насилия.</p>
<p rend="left">С надеждой на вашу доброту остаюсь уважающий вас</p>
<p rend="right">Лев Толстой.</p>
<p rend="left">8 июня <hi style="opdelimiter">1908.</hi><hi style="opnumber">162</hi></p>
<comments><p rend="Textpetit_otstup left"><hi style="npnumber">163</hi><hi style="npdelimiter">Печатается</hi> по черновику-автографу. Вероятно, отправленное адресату письмо было переписано на машинке и собственноручно подписано (копия с него оставлена не была). Впервые опубликовано в Г, 2, стр. 179—180.</p>
<p rend="petit left">В письме из Москвы от 2 июня 1908 г. сестра А. В. Юшко, Любовь Васильевна Сербашева, просила Толстого хлопотать об отмене постановления об его высылке в Вологодскую губ. На конверте ее письма Толстой написал: Просить, кого? H. Н. Гусеву он сказал 4 июня: «Вы, будьте добры, напишите ей, что прямые мои отношения с властями таковы, что я не могу просить их непосредственно, посредственно же могу просить через других влиятельных лиц, как Кони, Стахович. Но я уже столько ими злоупотреблял. Мне всегда бывает тяжело просить, чтобы не поставить в неловкое положение: или отказать мне, или причинить себе неприятность» (Г, 2, стр. 178—179). Л. В. Сербашевой ответил Гусев 5 июня. Сербашева 8 июня приехала в Ясную Поляну и сообщила, что А. В. Юшко по дороге в Вологодскую губ. будет в Москве и что при помощи градоначальника можно добиться отмены высылки. Ответное письмо московского градоначальника А. А. Адрианова от 11 июня опубликовано в Г, 2, стр. 182. Высылка А. В. Юшко, несмотря на обещание А. А. Адрианова, отменена не была, и Юшко поселился в Вологодской губ.</p>
</comments></div></body>
        </text>
        </TEI>