<?xml version='1.0' encoding='UTF-8' standalone='no'?>

<TEI xmlns="http://www.tei-c.org/ns/1.0">
       <teiHeader>
          <fileDesc>
             <titleStmt>
                <title>Письмо №* 88. В редакцию газеты «New York World». Черновое.</title>
             </titleStmt>
             <publicationStmt>
                <publisher>TolstoyLab</publisher>
                <date when="2015-09-14">14 September 2015</date>
             </publicationStmt>
             <sourceDesc>
                <biblStruct>
                   <analytic>
                      <author>Толстой Л.Н.</author>
                   </analytic>
                   <monogr>
                      <title level="m">Полное собрание сочинений. Том 72</title>
                      <imprint>
                         <pubPlace>Москва</pubPlace>
                         <publisher>Государственное издательство "Художественная литература"</publisher>
                         <date when="1933"/>
                      </imprint>
                   </monogr>
                   <series>
                      <title level="s">Л.Н. Толстой. Полное собрание сочинений</title>
                      <biblScope unit="vol">72</biblScope>
                   </series>
                </biblStruct>
				<bibl>Печатается по подлинникам, хранящимся в ГТМ. Черновики телеграммы, написанные рукой A. Л. Толстой с собственноручными поправками. Имеется четыре варианта, из которых печатаются первый и последний. В последнем не все зачеркнутые слова воспроизведены. Основание датировки см. ниже. Была ли отправлена телеграмма и в какой редакции, неизвестно. Публикуется впервые.</bibl>
             </sourceDesc>
          </fileDesc>
          <encodingDesc>
             <tagsDecl> </tagsDecl>
          </encodingDesc>
          <profileDesc>
             <correspDesc>
                <correspAction type="draft">
                   <persName ref="PersonList.xml#L_N_Tolstoy">Л. Н. Толстой</persName>
                   <placeName ref="PlacesListxml#PLACE">Москва</placeName>
                   <date from="1899-01" to="1899-01">1899 г. Январь —</date>            </correspAction>
                <correspAction type="receiving">
                   <persName ref="PersonList.xml#RECEIVER">В редакцию газеты «New York World». Черновое.</persName>
                </correspAction>
                <correspContext>
                   <ref type="prev"/>
                </correspContext>
             </correspDesc>
          </profileDesc>
       </teiHeader>
       <xenoData><number type="in a volume">88</number></xenoData>

              <text xml:id="VredakciyugazetyNewYorkWorld_88">
	<body><div>
		<opener index="false">
* 88. В редакцию газеты «New York World». Черновое.
1899 г. Январь — апрель? Москва.</opener>
<p rend="left">My answer to your question is that peace can never be attained by conferences &lt;in which men who do not themselves go to the war. This question&gt; and can be resolved &lt;only&gt; by men who do not talk only, but who &lt;are obliged to fight&gt; themselves go to war.</p>
<p rend="left">This question was resolved nearly 1900 years ago by the teaching of Christ, how it was meant by him and not how it was perverted by the churches.</p>
<p rend="left">All the conferences can be &lt;solved&gt; resumed in one sentence: all men are sons of God &lt;and every man must love his neighbour and not kill him&gt; and brothers and therefore must and ought to love and not to kill each other. Excuse my rudeness, all those conferences excite in me a very strong feeling of disgust for the hypocrisy which is so manifest in them.</p>
<comments><p rend="Textpetit_otstup left">Мой ответ на ваш вопрос тот, что мир никогда не может быть достигнут конференциями &lt;на которых люди, сами не идущие на войну&gt;, и может быть решен &lt;только&gt; людьми, которые не только болтают, но которые &lt;принуждены сражаться&gt; сами идут на войну.</p>
<p rend="petit left">Этот вопрос был разрешен 1900 лет тому назад учением Христа так, как оно им понималось, а не так, как оно было искажено церквами.</p>
<p rend="petit left">Все конференции могут быть выражены одним изречением: все люди сыны Божьи &lt;и каждый человек должен любить ближнего, а не убивать его&gt; и братья и потому должны любить, а не убивать друг друга. Извините мою резкость, но все эти конференции вызывают во мне сильное чувство отвращения за лицемерие, столь в них явное.</p>
<p rend="left"><hi style="opnumber">116</hi> <hi style="npnumber">117</hi></p>
<p rend="left">New York, «New York World».</p>
<p rend="left">2 3 4 5 6 7</p>
<p rend="left">The peace question &lt;of Conference&gt; for Christians was fully</p>
<p rend="left">8 9 10 11 12 13 14 15</p>
<p rend="left">resolved 1900 years ago, Mathew five 43, 44. &lt;Excuse my rudeness but I cannot help giving vent to my disgust of Christian hypocrisy&gt;.</p>
<p rend="left">16 17 18 19 20 21 22 23 24</p>
<p rend="left">Hagues peace conference is only a disgusting manifestation of</p>
<p rend="left">25 26</p>
<p rend="left">Christian hypocrisy.</p>
<p rend="Textpetit_otstup left">Нью Иорк, «New York World».</p>
<p rend="Textpetit_otstup left">Мирный вопрос &lt;конференции&gt; для христиан был полностью разрешен 1900 лет тому назад, Матфей, пять, 43, 44. &lt;Извините мою резкость, но я не могу сдержать моего отвращения к христианскому лицемерию&gt;. Гаагская мирная конференция есть только отвратительное проявление христианского лицемерия.</p>
<p rend="Textpetit_otstup left">Печатается по подлинникам, хранящимся в ГТМ. Черновики телеграммы, написанные рукой A. Л. Толстой с собственноручными поправками. Имеется четыре варианта, из которых печатаются первый и последний. В последнем не все зачеркнутые слова воспроизведены. Основание датировки см. ниже. Была ли отправлена телеграмма и в какой редакции, неизвестно. Публикуется впервые.</p>
<p rend="petit left">В архиве Толстого ни письмо, ни телеграмма газеты «New York World» не обнаружены. Очевидно, газета обратилась к Толстому с телеграфным запросом об его отношении к Гаагской мирной конференции. Ответ Толстого был написан до начала заседаний конференции, до 6 мая 1899 г., что доказывается следующими словами во втором, не публикуемом, варианте: «The question wich will be debated by the conference» [«вопрос, который будет обсуждаться конференцией»], а потому телеграмма датируется: январь — апрель? 1899 г. Телеграмма газеты прислана с оплаченным ответом: в последнем варианте рукой Толстого сделан подсчет слов. Об отношении Толстого к Гаагской конференции см. письмо <hi>№</hi> 3.</p>
</comments></div></body>
        </text>
        </TEI>