<?xml version='1.0' encoding='UTF-8' standalone='no'?>

<TEI xmlns="http://www.tei-c.org/ns/1.0">
       <teiHeader>
          <fileDesc>
             <titleStmt>
                <title>Письмо №*17. В редакцию журнала «Русская мысль».</title>
             </titleStmt>
             <publicationStmt>
                <publisher>TolstoyLab</publisher>
                <date when="2015-09-14">14 September 2015</date>
             </publicationStmt>
             <sourceDesc>
                <biblStruct>
                   <analytic>
                      <author>Толстой Л.Н.</author>
                   </analytic>
                   <monogr>
                      <title level="m">Полное собрание сочинений. Том 76</title>
                      <imprint>
                         <pubPlace>Москва</pubPlace>
                         <publisher>Государственное издательство "Художественная литература"</publisher>
                         <date when="1956"/>
                      </imprint>
                   </monogr>
                   <series>
                      <title level="s">Л.Н. Толстой. Полное собрание сочинений</title>
                      <biblScope unit="vol">76</biblScope>
                   </series>
                </biblStruct>
             </sourceDesc>
          </fileDesc>
          <encodingDesc>
             <tagsDecl> </tagsDecl>
          </encodingDesc>
          <profileDesc>
             <correspDesc>
                <correspAction type="sending">
                   <persName ref="PersonList.xml#L_N_Tolstoy">Л. Н. Толстой</persName>
                   <placeName ref="PlacesListxml#PLACE">Ясная Поляна</placeName>
                   <date when="1905-08-13">1905 г. Августа 13.</date>            </correspAction>
                <correspAction type="receiving">
                   <persName ref="PersonList.xml#RECEIVER">В редакцию журнала «Русская мысль».</persName>
                </correspAction>
                <correspContext>
                   <ref type="prev"/>
                </correspContext>
             </correspDesc>
          </profileDesc>
       </teiHeader>
       <xenoData><number type="in a volume">17</number></xenoData>

              <text xml:id="VredakciyuzhurnalaRusskayamysl_17">
	<body><div>
		<opener index="false">
*17. В редакцию журнала «Русская мысль».
1905 г. Августа 13. Я. П.</opener>
<p rend="left">Прошу редакцию Русской Мысли прислать мне сколько можно оттисков моей статьи «Великий грех».</p>
<p rend="left">Ясная Поляна</p>
<p rend="left">13 авг. 1905 г.</p>
<p rend="right">Лев Толстой.</p>
<comments><p rend="Textpetit_otstup left">Письмо написано рукой С. Д. Николаева, подпись — собственноручная.</p>
<p rend="emptyline left"><hi style="opnumber">10</hi> <hi style="npnumber">11</hi></p>
</comments></div></body>
        </text>
        </TEI>