<?xml version='1.0' encoding='UTF-8' standalone='no'?>

<TEI xmlns="http://www.tei-c.org/ns/1.0">
       <teiHeader>
          <fileDesc>
             <titleStmt>
                <title>Письмо №553. Управляющему Московским архивом министерства юстиции.</title>
             </titleStmt>
             <publicationStmt>
                <publisher>TolstoyLab</publisher>
                <date when="2015-09-14">14 September 2015</date>
             </publicationStmt>
             <sourceDesc>
                <biblStruct>
                   <analytic>
                      <author>Толстой Л.Н.</author>
                   </analytic>
                   <monogr>
                      <title level="m">Полное собрание сочинений. Том 62</title>
                      <imprint>
                         <pubPlace>Москва</pubPlace>
                         <publisher>Государственное издательство "Художественная литература"</publisher>
                         <date when="1953"/>
                      </imprint>
                   </monogr>
                   <series>
                      <title level="s">Л.Н. Толстой. Полное собрание сочинений</title>
                      <biblScope unit="vol">62</biblScope>
                   </series>
                </biblStruct>
				<bibl>Печатается по подлиннику, хранящемуся в Главном архивном управлении. Прошение написано неизвестной рукой, подписано Толстым. Опубликовано впервые в «Русском слове», 1910, № 27 от 24 ноября, а затем в статье Н. П. Чулкова «Л. Н. Толстой в Московском архиве министерства юстиции» («Красный архив», 1927, т. 3 (22), стр. 246).</bibl>
             </sourceDesc>
          </fileDesc>
          <encodingDesc>
             <tagsDecl> </tagsDecl>
          </encodingDesc>
          <profileDesc>
             <correspDesc>
                <correspAction type="sending">
                   <persName ref="PersonList.xml#L_N_Tolstoy">Л. Н. Толстой</persName>
                   <placeName ref="PlacesListxml#PLACE">Москва</placeName>
                   <date when="1879-03-20">1879 г. Марта 20.</date>            </correspAction>
                <correspAction type="receiving">
                   <persName ref="PersonList.xml#RECEIVER">Управляющему Московским архивом министерства юстиции</persName>
                </correspAction>
                <correspContext>
                   <ref type="prev"/>
                </correspContext>
             </correspDesc>
          </profileDesc>
       </teiHeader>
       <xenoData><number type="in a volume">553</number></xenoData>

              <text xml:id="l_553">
	<body><div>
		<opener index="false">
553. Управляющему Московским архивом министерства юстиции.
1879 г. Марта 20. Москва.</opener>
<p rend="petit left">Имею честь покорнейше просить господина исправляющего должность управляющего Московским архивом министерства юстиции сделать распоряжение о допущении меня к занятиям в архив для извлечения из документов оного нужных мне сведений.</p>
<p rend="right">Граф Лев Николаевич Толстой.</p>
<p rend="Textpetit_otstup left">Марта 20 дня 1879 года.</p>
<comments><p rend="Textpetit_otstup left">Печатается по подлиннику, хранящемуся в Главном архивном управлении. Прошение написано неизвестной рукой, подписано Толстым. Опубликовано впервые в «Русском слове», 1910, № 27 от 24 ноября, а затем в статье Н. П. Чулкова «Л. Н. Толстой в Московском архиве министерства юстиции» («Красный архив», 1927, т. 3 (22), стр. 246).</p>
<p rend="petit left">Управлял Московским архивом министерства юстиции в 1879 г. Н. В. Калачов (1819—1885), историк и археограф, живший, по должности сенатора, большей частью в Петербурге. Заместителем его был А. А. Орлов, который и наложил на прошении Толстого резолюцию: «20 марта 1879 г. Допустить графа Толстого и дать ордер гг. начальникам отделений.</p>
<p rend="petit left">А. Орлов». Прошение связано с работой Толстого над романом из эпохи XVIII века (см. т. 17).</p>
<p rend="petit left">Толстой был в Москве 19—24 марта и тогда же навел в архиве предварительные справки по интересовавшему его делу об обер-фискале <hi style="opdelimiter">Нестерове</hi><hi style="opnumber">515</hi> <hi style="npnumber">516</hi><hi style="npdelimiter">(см.</hi> письмо № 496). Одновременно он поручил И. Н. Николеву сделать для него выписки из документов о Нестерове и о роде Н. И. Горчакова и П. А. Толстого. Но к занятиям в архиве он в этот приезд не приступал, так как только 17 мая был дан ордер начальнику I и II отделения архива И. Н. Николеву о допущении в заведуемые им отделения, кроме секретного отдела, Л. Н. Толстого, для извлечения из документов архива нужных ему сведений (Дело по производству архива № 1 (485). И лишь в отчете за <hi>майскую треть</hi> 1879 г. находим указание, что именно в это время Толстой был в архиве и занимался делами Сената и Сыскного приказа (Дело М. А. М. Ю. 1879 г., № 35). Это же сведение повторено в статье В. В. Шереметьевского «Краткий обзор ученых занятий, совершенных посторонними лицами и ведомствами на основании документов, хранящихся в Московском архиве министерства юстиции» («Описание документов бумаг, хранящихся в М. А. М. Ю.», кн. VIII, М. 1891, стр. 45).</p>
</comments></div></body>
        </text>
        </TEI>