<?xml version='1.0' encoding='UTF-8' standalone='no'?>

<TEI xmlns="http://www.tei-c.org/ns/1.0">
       <teiHeader>
          <fileDesc>
             <titleStmt>
                <title>Письмо №116. В редакции газет «Новое время» и «Русские ведомости».</title>
             </titleStmt>
             <publicationStmt>
                <publisher>TolstoyLab</publisher>
                <date when="2015-09-14">14 September 2015</date>
             </publicationStmt>
             <sourceDesc>
                <biblStruct>
                   <analytic>
                      <author>Толстой Л.Н.</author>
                   </analytic>
                   <monogr>
                      <title level="m">Полное собрание сочинений. Том 76</title>
                      <imprint>
                         <pubPlace>Москва</pubPlace>
                         <publisher>Государственное издательство "Художественная литература"</publisher>
                         <date when="1956"/>
                      </imprint>
                   </monogr>
                   <series>
                      <title level="s">Л.Н. Толстой. Полное собрание сочинений</title>
                      <biblScope unit="vol">76</biblScope>
                   </series>
                </biblStruct>
             </sourceDesc>
          </fileDesc>
          <encodingDesc>
             <tagsDecl> </tagsDecl>
          </encodingDesc>
          <profileDesc>
             <correspDesc>
                <correspAction type="sending">
                   <persName ref="PersonList.xml#L_N_Tolstoy">Л. Н. Толстой</persName>
                   <placeName ref="PlacesListxml#PLACE">Ясная Поляна</placeName>
                   <date when="1906-01-14">1906 г. Января 14.</date>            </correspAction>
                <correspAction type="receiving">
                   <persName ref="PersonList.xml#RECEIVER">В редакции газет «Новое время» и «Русские ведомости».</persName>
                </correspAction>
                <correspContext>
                   <ref type="prev"/>
                </correspContext>
             </correspDesc>
          </profileDesc>
       </teiHeader>
       <xenoData><number type="in a volume">116</number></xenoData>

              <text xml:id="VredakciigazetNovoevremyaiRusskievedomosti_116">
	<body><div>
		<opener index="false">
116. В редакции газет «Новое время» и «Русские ведомости».
1906 г. Января 14. Я. П.</opener>
<p rend="left">М. Г. Прошу вас дать место в вашей газете следующему моему заявлению.</p>
<p rend="left">В последнее время стали появляться в печати объявления о предстоящем выпуске в России тех моих писаний, которые до сих пор печатались только за границей. Так как многие из этих писаний изданы неточно (с пропусками, ошибками и изменениями), есть даже такие, которые написаны не мною, но приписываются мне, то я просил бы всех тех, кто желает издавать не напечатанные в России мои произведения, обращаться за оригиналами таковых в Англию Christchurch, Hants, к другу моему Владимиру Григорьевичу Черткову, у которого находится самое полное собрание всех моих писаний последних 25 лет в самом точном изложении. Ему одному я посылал и посылаю теперь для печатания за границей по-русски и в переводах все мои новые писания. Занимаясь этим делом уже много лет единственно в интересах самого дела, он писал мне, что охотно будет сообщать всем тем, кому это нужно, необходимые указания и справки для наиболее точного издания моих произведений.</p>
<p rend="right">Лев <hi style="opdelimiter">Толстой.</hi><hi style="opnumber">81</hi></p>
<comments><p rend="Textpetit_otstup left"><hi style="npnumber">82</hi><hi style="npdelimiter">Печатается</hi> по публикации в газете «Новое время» 1906, № 10721 от 18 января. Датируется на основании записи в ЯЗ от 13 января 1906 г. и по Ежедневнику С. А. Толстой, которая 14 января 1906 г. отвезла публикуемое письмо из Ясной Поляны в Москву. Одновременно с публикацией в «Новом времени» напечатано в «Русских ведомостях» 1906, № 17 от 18 января. Перепечатано многими другими газетами.</p>
<p rend="petit left">Письмо написано Толстым по совету В. Г. Черткова. Под давлением развертывавшихся революционных событий 24 ноября 1905 г. были опубликованы «Временные правила о печати» об отмене предварительной общей и духовной цензуры повременных изданий. Многие издатели на этом основании начали публикацию в периодических органах и в приложениях ранее запрещенных произведений Толстого и других авторов.</p>
</comments></div></body>
        </text>
        </TEI>