<?xml version='1.0' encoding='UTF-8' standalone='no'?>

<TEI xmlns="http://www.tei-c.org/ns/1.0">
       <teiHeader>
          <fileDesc>
             <titleStmt>
                <title>Письмо №150. В редакции газет «Русские ведомости» и «Восточное обозрение».</title>
             </titleStmt>
             <publicationStmt>
                <publisher>TolstoyLab</publisher>
                <date when="2015-09-14">14 September 2015</date>
             </publicationStmt>
             <sourceDesc>
                <biblStruct>
                   <analytic>
                      <author>Толстой Л.Н.</author>
                   </analytic>
                   <monogr>
                      <title level="m">Полное собрание сочинений. Том 72</title>
                      <imprint>
                         <pubPlace>Москва</pubPlace>
                         <publisher>Государственное издательство "Художественная литература"</publisher>
                         <date when="1933"/>
                      </imprint>
                   </monogr>
                   <series>
                      <title level="s">Л.Н. Толстой. Полное собрание сочинений</title>
                      <biblScope unit="vol">72</biblScope>
                   </series>
                </biblStruct>
             </sourceDesc>
          </fileDesc>
          <encodingDesc>
             <tagsDecl> </tagsDecl>
          </encodingDesc>
          <profileDesc>
             <correspDesc>
                <correspAction type="sending">
                   <persName ref="PersonList.xml#L_N_Tolstoy">Л. Н. Толстой</persName>
                   <placeName ref="PlacesListxml#PLACE">Ясная Поляна</placeName>
                   <date when="1899-07-24">1899 г. Июля 24.</date>            </correspAction>
                <correspAction type="receiving">
                   <persName ref="PersonList.xml#RECEIVER">В редакции газет «Русские ведомости» и «Восточное обозрение».</persName>
                </correspAction>
                <correspContext>
                   <ref type="prev"/>
                </correspContext>
             </correspDesc>
          </profileDesc>
       </teiHeader>
       <xenoData><number type="in a volume">150</number></xenoData>

              <text xml:id="VredakciigazetRusskievedomostiiVostochnoeobozrenie_150">
	<body><div>
		<opener index="false">
150. В редакции газет «Русские ведомости» и «Восточное обозрение».
1899 г. Июля 24. Я. П.
</opener>
<p rend="Obrashenie left">М. Г.</p>
<p rend="left">Прошу <choice><reg>вас</reg><orig>васъ</orig></choice> напечатать <choice><reg>в</reg><orig>въ</orig></choice> вашей <choice><reg>газете</reg><orig>газетѣ</orig></choice> прилагаемое письмо и <choice><reg>отчет</reg><orig>отчетъ</orig></choice> о <choice><reg>присланных</reg><orig>присланныхъ</orig></choice> <choice><reg>мне</reg><orig>мнѣ</orig></choice> <choice><reg>пожертвованиях</reg><orig>пожертвованiяхъ</orig></choice> <choice><reg>после</reg><orig>послѣ</orig></choice> 23 <hi style="opdelimiter"><choice><reg>июня</reg><orig>iюня</orig></choice>.<note xml:id="note1" resp="volume_editor" index="false"> В «Русских ведомостях» обращение заменено: Граф Л. Н. Толстой сообщает нам отчет о присланных ему пожертвованиях после 23 июня.</note></hi><hi style="opnumber">159</hi></p>
<p rend="left"><hi style="npnumber">160</hi><hi style="npdelimiter"><choice><reg>От</reg><orig>Отъ</orig></choice></hi> <choice><reg>чинов</reg><orig>чиновъ</orig></choice> <choice><reg>Одесского</reg><orig>Одесскаго</orig></choice> <choice><reg>портового</reg><orig>портоваго</orig></choice> <choice><reg>управления</reg><orig>управленiя</orig></choice> и <choice><reg>некоторых</reg><orig>нѣкоторыхъ</orig></choice> <choice><reg>моряков</reg><orig>моряковъ</orig></choice> 188 р., <choice><reg>от</reg><orig>отъ</orig></choice> <choice><reg>управляющего</reg><orig>управляющаго</orig></choice> Нижегородской казенной палатой 21 р. 20 к., <choice><reg>от</reg><orig>отъ</orig></choice> <choice><reg>служащих</reg><orig>служащихъ</orig></choice> и <choice><reg>рабочих</reg><orig>рабочихъ</orig></choice> на <choice><reg>Оненских</reg><orig>Оненскихъ</orig></choice> <choice><reg>приисках</reg><orig>прiискахъ</orig></choice> <choice><reg>через</reg><orig>черезъ</orig></choice> «Восточное <choice><reg>Обозрение</reg><orig>Обозрѣнiе</orig></choice>» 57 р. 60 к., от <choice><reg>служащих</reg><orig>служащихъ</orig></choice> <choice><reg>в</reg><orig>въ</orig></choice> <choice><reg>редакции</reg><orig>редакцiи</orig></choice> «<choice><reg>Вестника</reg><orig>Вѣстника</orig></choice> <choice><reg>финансов</reg><orig>финансовъ</orig></choice>, промышленности и торговли» 37 р. 15 к., <choice><reg>от</reg><orig>отъ</orig></choice> <choice><reg>служащих</reg><orig>служащихъ</orig></choice> <choice><reg>управления</reg><orig>управленiя</orig></choice> Курск.-хар.-сев. жел. дор. 100 р., <choice><reg>из</reg><orig>изъ</orig></choice> ред. «<choice><reg>Восточного</reg><orig>Восточнаго</orig></choice> <choice><reg>Обозрения</reg><orig>Обозрѣнiя</orig></choice>» 111 p. 70 к., <choice><reg>из</reg><orig>изъ</orig></choice> ред. «<choice><reg>Русских</reg><orig>Русскихъ</orig></choice> <choice><reg>Ведомостей</reg><orig>Вѣдомостей</orig></choice>» 34 p. 49 к. и др. Всего 592 р. 79 к.</p>
<p rend="left"><choice><reg>Из</reg><orig>Изъ</orig></choice> <choice><reg>этих</reg><orig>этихъ</orig></choice> <choice><reg>денег</reg><orig>денегъ</orig></choice> 490 р. отосланы П. М. Останкову <choice><reg>в</reg><orig>въ</orig></choice> Казань и 100 р. В. Алмазовой <choice><reg>в</reg><orig>въ</orig></choice> Тетюши, Казанской губ. <choice><reg>Кроме</reg><orig>Кромѣ</orig></choice> <choice><reg>отосланных</reg><orig>отосланныхъ</orig></choice> <choice><reg>пожертвований</reg><orig>пожертвованiй</orig></choice>, мною получены еще <choice><reg>следующия</reg><orig>слѣдующiя</orig></choice>: через О. Никольскую: <choice><reg>от</reg><orig>отъ</orig></choice> <choice><reg>слушательниц</reg><orig>слушательницъ</orig></choice> <choice><reg>медицинских</reg><orig>медицинскихъ</orig></choice> <choice><reg>курсов</reg><orig>курсовъ</orig></choice> 70 р. Через О. Никольскую: <choice><reg>от</reg><orig>отъ</orig></choice> г-жи Костомаровой 25 р., <choice><reg>от</reg><orig>отъ</orig></choice> кн. Г. З. Андронникова <choice><reg>сбор</reg><orig>сборъ</orig></choice> <choice><reg>с</reg><orig>съ</orig></choice> концерта <choice><reg>в</reg><orig>въ</orig></choice> <choice><reg>Иркутске</reg><orig>Иркутскѣ</orig></choice> 657 р., <choice><reg>от</reg><orig>отъ</orig></choice> <choice><reg>дам</reg><orig>дамъ</orig></choice> и <choice><reg>офицеров</reg><orig>офицеровъ</orig></choice> 47 <choice><reg>Украинского</reg><orig>Украинскаго</orig></choice> <choice><reg>пех</reg><orig>пѣх</orig></choice>. полка 626 р. 5 к., <choice><reg>от</reg><orig>отъ</orig></choice> <choice><reg>рабочих</reg><orig>рабочихъ</orig></choice> Бодайбинской золотопромышленной К° 85 р., <choice><reg>сбор</reg><orig>сборъ</orig></choice> <choice><reg>с</reg><orig>съ</orig></choice> <choice><reg>народного</reg><orig>народнаго</orig></choice> спектакля <choice><reg>в</reg><orig>въ</orig></choice> <choice><reg>Шайтанском</reg><orig>Шайтанскомъ</orig></choice> <choice><reg>заводе</reg><orig>заводѣ</orig></choice> <choice><reg>Екатеринбургского</reg><orig>Екатеринбургскаго</orig></choice> <choice><reg>уезда</reg><orig>уѣзда</orig></choice> 142 р. 72 к., по <choice><reg>воззванию</reg><orig>воззванiю</orig></choice> Стадлинга <choice><reg>в</reg><orig>въ</orig></choice> <choice><reg>Швейцарии</reg><orig>Швейцарiи</orig></choice> 242 р., <choice><reg>из</reg><orig>изъ</orig></choice> <choice><reg>редакции</reg><orig>редакцiи</orig></choice> «<choice><reg>Восточного</reg><orig>Восточнаго</orig></choice> <choice><reg>Обозрения</reg><orig>Обозрѣнiя</orig></choice>» 22 р. 25 к., <choice><reg>из</reg><orig>изъ</orig></choice> <choice><reg>редакции</reg><orig>редакцiи</orig></choice> «<choice><reg>Русских</reg><orig>Русскихъ</orig></choice> <choice><reg>Ведомостей</reg><orig>Вѣдомостей</orig></choice>» 528 р. 11 к. и др. Всего 2459 р. 66 к.</p>
<p rend="left"><choice><reg>Последния</reg><orig>Послѣднiя</orig></choice> <choice><reg>пожертвования</reg><orig>пожертвованiя</orig></choice> поступили ко <choice><reg>мне</reg><orig>мнѣ</orig></choice> <choice><reg>в</reg><orig>въ</orig></choice> такое время, когда <choice><reg>деятельность</reg><orig>дѣятельность</orig></choice> <choice><reg>лиц</reg><orig>лицъ</orig></choice>, <choice><reg>оказывавших</reg><orig>оказывавшихъ</orig></choice> помощь <choice><reg>в</reg><orig>въ</orig></choice> <choice><reg>местностях</reg><orig>мѣстностяхъ</orig></choice>, <choice><reg>пострадавших</reg><orig>пострадавшихъ</orig></choice> <choice><reg>от</reg><orig>отъ</orig></choice> неурожая, уже прекращалась, <choice><reg>так</reg><orig>такъ</orig></choice> что <choice><reg>последния</reg><orig>послѣднiя</orig></choice> <choice><reg>полученные</reg><orig>полученныя</orig></choice> мною деньги не могли быть посланы <choice><reg>в</reg><orig>въ</orig></choice> Казанскую, Самарскую и Уфимскую <choice><reg>губернии</reg><orig>губернiи</orig></choice>, <choice><reg>как</reg><orig>какъ</orig></choice> я <choice><reg>делал</reg><orig>дѣлалъ</orig></choice> <choice><reg>с</reg><orig>съ</orig></choice> прежними <choice><reg>пожертвованиями</reg><orig>пожертвованiями</orig></choice>, а остались у меня. А потому я очень прошу <choice><reg>всех</reg><orig>всѣхъ</orig></choice> <choice><reg>лиц</reg><orig>лицъ</orig></choice>, <choice><reg>пославших</reg><orig>пославшихъ</orig></choice> эти <choice><reg>последния</reg><orig>послѣднiя</orig></choice> <choice><reg>пожертвования</reg><orig>пожертвованiя</orig></choice>, сообщить <choice><reg>мне</reg><orig>мнѣ</orig></choice>, какое они <choice><reg>желают</reg><orig>желаютъ</orig></choice> <choice><reg>сделать</reg><orig>сдѣлать</orig></choice> употребление <choice><reg>из</reg><orig>изъ</orig></choice> <choice><reg>этих</reg><orig>этихъ</orig></choice> <choice><reg>денег</reg><orig>денегъ</orig></choice>: <choice><reg>желают</reg><orig>желаютъ</orig></choice> ли они, чтобы я <choice><reg>выслал</reg><orig>выслалъ</orig></choice> <choice><reg>их</reg><orig>ихъ</orig></choice> обратно, или чтобы <choice><reg>отдал</reg><orig>отдалъ</orig></choice> на какое-либо <choice><reg>определенное</reg><orig>опредѣленное</orig></choice> жертвователями <choice><reg>дело</reg><orig>дѣло</orig></choice>, или по своему <choice><reg>усмотрению</reg><orig>усмотрѣнiю</orig></choice> <choice><reg>роздал</reg><orig>роздалъ</orig></choice> <choice><reg>их</reg><orig>ихъ</orig></choice> нуждающимся <choice><reg>людям</reg><orig>людямъ</orig></choice>?<note xml:id="note2" resp="volume_editor" index="false"> <hi>В черновике добавлен и затем вычеркнут последний абзац:</hi> <choice><reg>В</reg><orig>Въ</orig></choice> <choice><reg>случае</reg><orig>случаѣ</orig></choice> <choice><reg>неполучения</reg><orig>неполученiя</orig></choice> <choice><reg>ответа</reg><orig>отвѣта</orig></choice>, я по <choice><reg>истечении</reg><orig>истеченiи</orig></choice> года, если буду <choice><reg>жив</reg><orig>живъ</orig></choice>, <choice><reg>раздам</reg><orig>раздамъ</orig></choice> деньги нуждающимся по своему <choice><reg>усмотрению</reg><orig>усмотрѣнiю</orig></choice>.</note></p>
<p rend="right"><choice><reg>Лев</reg><orig>Левъ</orig></choice> Толстой.</p>
<p rend="left">Ясная Поляна,</p>
<p rend="left">24-го <choice><reg>июля</reg><orig>iюля</orig></choice> 1899 г.</p>
<comments><p rend="Textpetit_otstup left">Обращение и последняя часть письма печатаются по черновику, хранящемуся в АТБ. Список пожертвований перепечатывается из «Русских ведомостей». Черновик написан собственноручно Толстым; после <hi style="opdelimiter">текста</hi><hi style="opnumber">160</hi> <hi style="npnumber">161</hi><hi style="npdelimiter">обращения</hi> оставлено место для перечня пожертвований. Дата, очевидно, была проставлена на отправленных в редакции экземплярах. Опубликовано без обращения в «Русских ведомостях» 1899, № 208 от 30 июля; с обращением, но без первого списка пожертвований опубликовано в «Восточном обозрении» 1899, № 168 от 8 августа.</p>
<p rend="Textpetit_otstup left"><hi>1</hi> В «Русских ведомостях» обращение заменено: Граф Л. Н. Толстой сообщает нам отчет о присланных ему пожертвованиях после 23 июня.</p>
<p rend="petit left"><hi>2</hi> <hi>В черновике добавлен и затем вычеркнут последний абзац:</hi> <choice><reg>В</reg><orig>Въ</orig></choice> <choice><reg>случае</reg><orig>случаѣ</orig></choice> <choice><reg>неполучения</reg><orig>неполученiя</orig></choice> <choice><reg>ответа</reg><orig>отвѣта</orig></choice>, я по <choice><reg>истечении</reg><orig>истеченiи</orig></choice> года, если буду <choice><reg>жив</reg><orig>живъ</orig></choice>, <choice><reg>раздам</reg><orig>раздамъ</orig></choice> деньги нуждающимся по своему <choice><reg>усмотрению</reg><orig>усмотрѣнiю</orig></choice>.</p>
</comments></div></body>
        </text>
        </TEI>