<?xml version='1.0' encoding='UTF-8' standalone='no'?>

<TEI xmlns="http://www.tei-c.org/ns/1.0">
       <teiHeader>
          <fileDesc>
             <titleStmt>
                <title>Письмо №* 252. К. М. Мазурину(?).</title>
             </titleStmt>
             <publicationStmt>
                <publisher>TolstoyLab</publisher>
                <date when="2015-09-14">14 September 2015</date>
             </publicationStmt>
             <sourceDesc>
                <biblStruct>
                   <analytic>
                      <author>Толстой Л.Н.</author>
                   </analytic>
                   <monogr>
                      <title level="m">Полное собрание сочинений. Том 71</title>
                      <imprint>
                         <pubPlace>Москва</pubPlace>
                         <publisher>Государственное издательство "Художественная литература"</publisher>
                         <date when="1954"/>
                      </imprint>
                   </monogr>
                   <series>
                      <title level="s">Л.Н. Толстой. Полное собрание сочинений</title>
                      <biblScope unit="vol">71</biblScope>
                   </series>
                </biblStruct>
				<bibl>Печатается по копировальной книге № 1, лл. 246—247.</bibl>
             </sourceDesc>
          </fileDesc>
          <encodingDesc>
             <tagsDecl> </tagsDecl>
          </encodingDesc>
          <profileDesc>
             <correspDesc>
                <correspAction type="sending">
                   <persName ref="PersonList.xml#L_N_Tolstoy">Л. Н. Толстой</persName>
                   <placeName ref="PlacesListxml#PLACE">Ясная Поляна</placeName>
                   <date when="1898-09-18">1898 г. Сентября 18.</date>            </correspAction>
                <correspAction type="receiving">
                   <persName ref="PersonList.xml#RECEIVER">К. М. Мазурину(?).</persName>
                </correspAction>
                <correspContext>
                   <ref type="prev"/>
                </correspContext>
             </correspDesc>
          </profileDesc>
       </teiHeader>
       <xenoData><number type="in a volume">252</number></xenoData>

              <text xml:id="K.M.Mazurinu_252">
	<body><div>
		<opener index="false">
* 252. К. М. Мазурину(?).
1898 г. Сентября 18. Я. П.
</opener>
<p rend="Obrashenie left">Милостивый государь</p>
<p rend="Obrashenie1_ left">Константин Митрофанович.</p>
<p rend="left">Обращаюсь к вам с просьбою помочь целому населению, находящемуся в очень тяжелом положении только <choice original_editorial_correction='пот[ому]'><sic>пот</sic><corr>потому</corr></choice>, что люди эти осуществили в своей жизни те высшие идеалы добра, к которым хотя и самыми различными путями, но не переставая стремилось и стремится всё человечество. Я говорю о кавказских духоборах. Считая военную службу несовместимою с требованиями христианской жизни, они отказались и отказываются от воинской повинности. Правительство не могло допустить этого и воздвигло против них гонение, <choice original_editorial_correction='кот[орое]'><sic>кот</sic><corr>которое</corr></choice>, вследствие грубости кавказской администрации и сделанных ею ошибок, было очень жестоко. Их мучали и продолжают мучать всеми невозможными, казалось бы в наше время, средствами, так что духоборы просили о разрешении им выселиться. Разрешение это им дали, но их разорили так — что прежде очень богатое население — теперь не имеет средств для переезда в Канаду, куда их направляют и где им дают земли. Из прилагаемой выписки письма моего друга Черткова, заведующего вместе с комитетом квакеров делом переселения, вы увидите, в каком положении находится это дело. Большая часть духоборов продали свое имущество и тронулись с мест, а переехать нельзя, <choice original_editorial_correction='п[отому]'><sic>п</sic><corr>потому</corr></choice> <choice original_editorial_correction='ч[то]'><sic>ч</sic><corr>что</corr></choice> нет на то денег, и они проедают то, что у них есть и заготовлено для переезда. Мы надеемся собрать довольно большую сумму за издание отданных мною для этой цели повестей, но деньги эти получатся не сейчас, да и все-таки их будет <hi style="opdelimiter">недостаточно.</hi><hi style="opnumber">445</hi></p>
<p rend="left"><hi style="npnumber">446</hi><hi style="npdelimiter">Дело</hi> духоборов, показавших своим примером возможность осуществить в жизни самым простым и всем доступным способом того, к чему разными — большей частью сложными и ложными путями стремятся передовые люди нашего времени, — есть дело великой важности и радостно быть его <choice original_editorial_correction='участник[ом]'><sic>участник</sic><corr>участником</corr></choice>. Если вы согласны с этим, то я уверен, что вы не откажетесь помочь духоборам осуществить начатое переселение в той мере, в <choice original_editorial_correction='кот[орой]'><sic>кот</sic><corr>которой</corr></choice> найдете это возможным и нужным.</p>
<p rend="left">Письма часто не доходят ко мне и потому, если вы захотите ответить мне, пишите, пожалуйста, в Тулу заказным письмом с обратной распиской.</p>
<p rend="left">В ожидании ответа остаюсь уважающий вас</p>
<p rend="right">Лев Толстой.</p>
<p rend="left">1898, 18 сент.</p>
<comments><p rend="Textpetit_otstup left">Печатается по копировальной книге № 1, лл. 246—247.</p>
<p rend="petit left">В копировальной книге фамилия адресата не указана. Можно предположить, что письмо это адресовано Константину Митрофановичу Мазурину, сыну директора Реутовской мануфактуры под Москвой, владельцу частной лечебницы в Москве.</p>
<p rend="petit left">Ответа Мазурина в АТ нет.</p>
</comments></div></body>
        </text>
        </TEI>