<?xml version='1.0' encoding='UTF-8' standalone='no'?>

<TEI xmlns="http://www.tei-c.org/ns/1.0">
       <teiHeader>
          <fileDesc>
             <titleStmt>
                <title>Письмо №* 112. Членам Минской городской общественной библиотеки им. А. С. Пушкина.</title>
             </titleStmt>
             <publicationStmt>
                <publisher>TolstoyLab</publisher>
                <date when="2015-09-14">14 September 2015</date>
             </publicationStmt>
             <sourceDesc>
                <biblStruct>
                   <analytic>
                      <author>Толстой Л.Н.</author>
                   </analytic>
                   <monogr>
                      <title level="m">Полное собрание сочинений. Том 79</title>
                      <imprint>
                         <pubPlace>Москва</pubPlace>
                         <publisher>Государственное издательство "Художественная литература"</publisher>
                         <date when="1955"/>
                      </imprint>
                   </monogr>
                   <series>
                      <title level="s">Л.Н. Толстой. Полное собрание сочинений</title>
                      <biblScope unit="vol">79</biblScope>
                   </series>
                </biblStruct>
				<bibl>Печатается по дубликату подлинника, вклеенному в копировальную книгу № 8, л. 539.</bibl>
             </sourceDesc>
          </fileDesc>
          <encodingDesc>
             <tagsDecl> </tagsDecl>
          </encodingDesc>
          <profileDesc>
             <correspDesc>
                <correspAction type="sending">
                   <persName ref="PersonList.xml#L_N_Tolstoy">Л. Н. Толстой</persName>
                   <placeName ref="PlacesListxml#PLACE">Ясная Поляна</placeName>
                   <date when="1909-03-06">1909 г. Марта 6.</date>            </correspAction>
                <correspAction type="receiving">
                   <persName ref="PersonList.xml#RECEIVER">Членам Минской городской общественной библиотеки им. А. С. Пушкина.</persName>
                </correspAction>
                <correspContext>
                   <ref type="prev"/>
                </correspContext>
             </correspDesc>
          </profileDesc>
       </teiHeader>
       <xenoData><number type="in a volume">112</number></xenoData>

              <text xml:id="CHlenamMinskojgorodskojobshhestvennojbibliotekiim.A.S.Pushkina_112">
	<body><div>
		<opener index="false">
* 112. Членам Минской городской общественной библиотеки<lb/>им. А. С. Пушкина.
1909 г. Марта 6. Я. П.</opener>
<p rend="right">6 марта 1909 г. Ясная Поляна.</p>
<p rend="left">Благодарю членов Минской городской общественной библиотеки за избрание меня почетным членом.</p>
<comments><p rend="Textpetit_otstup left">Печатается по дубликату подлинника, вклеенному в копировальную книгу № 8, л. 539.</p>
<p rend="petit left">В письме от 1 марта общее собрание членов Минской городской библиотеки им. А. С. Пушкина сообщало об избрании Толстого почетным членом библиотеки.</p>
</comments></div></body>
        </text>
        </TEI>