<?xml version='1.0' encoding='UTF-8' standalone='no'?>

<TEI xmlns="http://www.tei-c.org/ns/1.0">
       <teiHeader>
          <fileDesc>
             <titleStmt>
                <title>Письмо №* 116. Неизвестному (священнику А. Т. Т.).</title>
             </titleStmt>
             <publicationStmt>
                <publisher>TolstoyLab</publisher>
                <date when="2015-09-14">14 September 2015</date>
             </publicationStmt>
             <sourceDesc>
                <biblStruct>
                   <analytic>
                      <author>Толстой Л.Н.</author>
                   </analytic>
                   <monogr>
                      <title level="m">Полное собрание сочинений. Том 82</title>
                      <imprint>
                         <pubPlace>Москва</pubPlace>
                         <publisher>Государственное издательство "Художественная литература"</publisher>
                         <date when="1956"/>
                      </imprint>
                   </monogr>
                   <series>
                      <title level="s">Л.Н. Толстой. Полное собрание сочинений</title>
                      <biblScope unit="vol">82</biblScope>
                   </series>
                </biblStruct>
				<bibl>Печатается по копии, сверенной с черновиком-автографом, написанным на трех страницах почтовой бумаги и подписанным: Л. Т.</bibl>
             </sourceDesc>
          </fileDesc>
          <encodingDesc>
             <tagsDecl> </tagsDecl>
          </encodingDesc>
          <profileDesc>
             <correspDesc>
                <correspAction type="sending">
                   <persName ref="PersonList.xml#L_N_Tolstoy">Л. Н. Толстой</persName>
                   <placeName ref="PlacesListxml#PLACE">Ясная Поляна</placeName>
                   <date when="1910-07-31">1910 г. Июля 31.</date>            </correspAction>
                <correspAction type="receiving">
                   <persName ref="PersonList.xml#RECEIVER">Неизвестному (священнику А. Т. Т.).</persName>
                </correspAction>
                <correspContext>
                   <ref type="prev">Ответ на письмо от 26 июля 1910 г. священника из Лужского уезда Петербургской губ., который подписался: А. Т. Т.</ref>
                </correspContext>
             </correspDesc>
          </profileDesc>
       </teiHeader>
       <xenoData><number type="in a volume">116</number></xenoData>

       <text xml:id="NeizvestnomusvyashhennikuA.T.T._116">
	<body><div>
		<opener index="false">
* 116. Неизвестному (священнику А. Т. Т.).
1910 г. Июля 31. Я. П.</opener>
<p rend="right">31 июля 10 г. Ясная Поляна.</p>
<p rend="left">Письмо ваше тронуло меня. Всей душой желаю и постараюсь помочь вам в вашем исключительно трудном положении. На прямой, основной, сам собой возникающий вопрос, оставаться ли вам в вашем положении, или выйти из него, никто кроме вас самих не может ответить. Не потому, чтобы могло быть какое-нибудь сомнение в том, что с нравственной, религиозно-нравственной точки зрения вам несравненно лучше выйти из вашего ложного положения, чем оставаться в нем, но потому, что решение этого вопроса зависит от тех препятствий — не эгоистических, — стоящих на пути правильного <hi style="opdelimiter">положительного</hi><hi style="opnumber">92</hi> <hi style="npnumber">93</hi><hi style="npdelimiter">решения,</hi> а отчасти нравственных требовании ваших близких: жены, родителей, — зависит, главное же, от твердости силы вашего религиозного — в истинном смысле этого слова — религиозного миросозерцания — веры. Может быть, что эти внешние препятствия будут не настолько сильны, чтобы преодолеть вашу внутреннюю духовную потребность, или ваша духовная потребность будет так сильна, что вы во что бы то ни стало порвете всё, что связывает вас, и, исполняя волю бога, отдадитесь ей. Но может быть и то, что эти препятствия будут сильнее, или ваша духовная потребность недостаточно сильна. Всё это можете знать и решить только вы сами. То, что поступить сообразно с высшими духовными требованиями лучше всего — это вы сами знаете. Этого и я желаю вам. Но может быть и то, что вы не осилите и останетесь в своем положении. Может быть и это, и у меня не повернется язык, чтобы осудить вас. Одно, что я позволяю себе в этом случае советовать вам, это то, чтобы, оставаясь в своем ложном и дурном положении, не оправдывать себя разными софизмами, как это делается обыкновенно, а сознавали бы всю<note xml:id="note1" resp="volume_editor" index="false"><hi>В копии, перепечатанной с черновика, исправлено рукой А. Л. Толстой:</hi> сознавать <hi>на:</hi> сознавали бы всю</note> преступность своего положения, старались бы в этом положении, искупая преступность его, как можно больше забывать себя, служить людям, но и все-таки сознавали бы себя виноватым, преступным и были готовым при первой возможности покинуть свое положение.</p>
<p rend="left">Вот всё, что имею сказать на ваше хорошее, искреннее и умное письмо. То, что говорю, говорю обдумавши, строго проверяя себя, с искренним желанием, как брат, служить ему.<note xml:id="note2" resp="volume_editor" index="false"><hi>В копии зачеркнуто карандашом перепечатанное с черновика:</hi></note></p>
<comments><p rend="Textpetit_otstup left">Печатается по копии, сверенной с черновиком-автографом, написанным на трех страницах почтовой бумаги и подписанным: Л. Т.</p>
<p rend="petit left">Ответ на письмо от 26 июля 1910 г. священника из Лужского уезда Петербургской губ., который подписался: А. Т. Т.</p>
<p rend="petit left">А. Б. Гольденвейзер в своих воспоминаниях по поводу этого письма пишет: «Л. Н. рассказал мне о полученном им письме священника, которое его очень тронуло.</p>
<p rend="petit left">— Это обычная история: кончил курс, сейчас же женили, дали приход, а потом вдруг чувствует, что не может больше продолжать этот обман.</p>
<p rend="petit left">Л. Н. отвечал ему» («Вблизи Толстого», стр. 132).</p>
<p rend="Textpetit_otstup left"><hi>1 </hi><hi>В копии, перепечатанной с черновика, исправлено рукой А. Л. Толстой:</hi> сознавать <hi>на:</hi> сознавали бы всю</p>
<p rend="petit left"><hi>2 </hi><hi>В копии зачеркнуто карандашом перепечатанное с черновика:</hi></p>
<p rend="petit left">&lt;Посылаю вам несколько книг, которые, может быть, чем-нибудь пригодятся вам: Н[а] к[аждый] д[ень], Е[диную] з[аповедь], О в[ойне и о]&gt;</p>
<p rend="emptyline left"><hi style="opnumber">93</hi> <hi style="npnumber">94</hi></p>
</comments></div></body>
        </text>
        </TEI>