<?xml version='1.0' encoding='UTF-8' standalone='no'?>

<TEI xmlns="http://www.tei-c.org/ns/1.0">
       <teiHeader>
          <fileDesc>
             <titleStmt>
                <title>Письмо №226. Джиованни Маркини (Ciovanni Marchini).</title>
             </titleStmt>
             <publicationStmt>
                <publisher>TolstoyLab</publisher>
                <date when="2015-09-14">14 September 2015</date>
             </publicationStmt>
             <sourceDesc>
                <biblStruct>
                   <analytic>
                      <author>Толстой Л.Н.</author>
                   </analytic>
                   <monogr>
                      <title level="m">Полное собрание сочинений. Том 74</title>
                      <imprint>
                         <pubPlace>Москва</pubPlace>
                         <publisher>Государственное издательство "Художественная литература"</publisher>
                         <date when="1954"/>
                      </imprint>
                   </monogr>
                   <series>
                      <title level="s">Л.Н. Толстой. Полное собрание сочинений</title>
                      <biblScope unit="vol">74</biblScope>
                   </series>
                </biblStruct>
				<bibl>Печатается по копировальной книге № 5, л. 247. Дата Толстого нового стиля. Датируется но отметке па письме Маркпни.</bibl>
             </sourceDesc>
          </fileDesc>
          <encodingDesc>
             <tagsDecl> </tagsDecl>
          </encodingDesc>
          <profileDesc>
             <correspDesc>
                <correspAction type="sending">
                   <persName ref="PersonList.xml#L_N_Tolstoy">Л. Н. Толстой</persName>
                   <placeName ref="PlacesListxml#PLACE">Ясная Поляна</placeName>
                   <date when="1903-09-01">1903 г. Сентября 1</date>            </correspAction>
                <correspAction type="receiving">
                   <persName ref="PersonList.xml#RECEIVER">Джиованни Маркини (Ciovanni Marchini).</persName>
                </correspAction>
                <correspContext>
                   <ref type="prev"/>
                </correspContext>
             </correspDesc>
          </profileDesc>
       </teiHeader>
       <xenoData><number type="in a volume">226</number></xenoData>

              <text xml:id="DzhiovanniMarkiniGiovannyMarchini_226">
	<body><div>
		<opener index="false">
226. Джиованни Маркини (Ciovanni Marchini).

1903г. Сентября 1/14. Я. П.
</opener>
<p rend="Obrashenie left">Monsieur,</p>
<p rend="left">J’ai reçu la photographie de votre tableau. Je le trouve très poétique et très bien executé. Je vous remercie pour le plaisir qu’il m’a procuré et <choice original_editorial_correction='v[ou]s'><sic>vs</sic><corr>vous</corr></choice> prie de recevoir l’assurance de ma considération.</p>
<p rend="right">Léon Tolstoy.</p>
<p rend="left">14 Sept. 1903.</p>
<lb/>
<p rend="Obrashenie petit left">Милостивый государь,</p>
<p rend="petit left">Я получил фотографию с вашей картины. Я нахожу ее очень поэтичной и прекрасно исполненной. Благодарю вас за доставленное удовольствие и прошу принять уверение в моем уважении.</p>
<p rend="petit right">Лев Толстой.</p>
<p rend="petit left">14 сент. 1903.</p>
<comments><p rend="Textpetit_otstup left">Печатается по копировальной книге № 5, л. 247. Дата Толстого нового стиля. Датируется но отметке па письме Маркпни.</p>
<p rend="petit left">При письме от 22 августа н. ст. 1903 г. итальянский художник Джиованни Маркини прислал фотографию со своей картины «Холстомер» (в старости), написанной для конкурса в Милане. Фотография в Ясной Поляне не сохранилась.</p>
</comments></div></body>
        </text>
        </TEI>