<?xml version='1.0' encoding='UTF-8' standalone='no'?>

<TEI xmlns="http://www.tei-c.org/ns/1.0">
       <teiHeader>
          <fileDesc>
             <titleStmt>
                <title>Письмо №44. Неизвестному.</title>
             </titleStmt>
             <publicationStmt>
                <publisher>TolstoyLab</publisher>
                <date when="2015-09-14">14 September 2015</date>
             </publicationStmt>
             <sourceDesc>
                <biblStruct>
                   <analytic>
                      <author>Толстой Л.Н.</author>
                   </analytic>
                   <monogr>
                      <title level="m">Полное собрание сочинений. Том 65</title>
                      <imprint>
                         <pubPlace>Москва</pubPlace>
                         <publisher>Государственное издательство "Художественная литература"</publisher>
                         <date when="1953"/>
                      </imprint>
                   </monogr>
                   <series>
                      <title level="s">Л.Н. Толстой. Полное собрание сочинений</title>
                      <biblScope unit="vol">65</biblScope>
                   </series>
                </biblStruct>
				<bibl>Печатается по рукописной копии. Впервые опубликовано в сборнике «Летописи», 12, стр. 39. Дата копии.</bibl>
             </sourceDesc>
          </fileDesc>
          <encodingDesc>
             <tagsDecl> </tagsDecl>
          </encodingDesc>
          <profileDesc>
             <correspDesc>
                <correspAction type="sending">
                   <persName ref="PersonList.xml#L_N_Tolstoy">Л. Н. Толстой</persName>
                   <placeName ref="PlacesListxml#PLACE">Ясная Поляна</placeName>
                   <date when="1890-03-20">1890 г. Марта 20.</date>            </correspAction>
                <correspAction type="receiving">
                   <persName ref="PersonList.xml#RECEIVER">Неизвестному.</persName>
                </correspAction>
                <correspContext>
                   <ref type="prev"/>
                </correspContext>
             </correspDesc>
          </profileDesc>
       </teiHeader>
       <xenoData><number type="in a volume">44</number></xenoData>

              <text xml:id="Neizvestnomu_44">
	<body><div>
		<opener index="false">
44. Неизвестному.
1890 г. Марта 20. Я. П.</opener>
<p rend="left">Получил оба ваши письма и должен огорчить вас тем, что ничего не могу сделать для вас. Пожалуйста, не сердитесь на меня за это и постарайтесь устроить свою судьбу без внешней помощи. Не рассчитывайте на нее. Она всегда не нужна и полезна бывает только на короткое время. Пожалуйста, не сердитесь на меня, я не могу.</p>
<comments><p rend="Textpetit_otstup left">Печатается по рукописной копии. Впервые опубликовано в сборнике «Летописи», 12, стр. 39. Дата копии.</p>
<p rend="petit left">На какие письма отвечает Толстой, неизвестно.</p>
<p rend="left secend"><hi style="opnumber">51</hi> <hi style="npnumber">52</hi></p>
</comments></div></body>
        </text>
        </TEI>