<?xml version='1.0' encoding='UTF-8' standalone='no'?>

<TEI xmlns="http://www.tei-c.org/ns/1.0">
       <teiHeader>
          <fileDesc>
             <titleStmt>
                <title>Письмо №275. NN (М-й).</title>
             </titleStmt>
             <publicationStmt>
                <publisher>TolstoyLab</publisher>
                <date when="2015-09-14">14 September 2015</date>
             </publicationStmt>
             <sourceDesc>
                <biblStruct>
                   <analytic>
                      <author>Толстой Л.Н.</author>
                   </analytic>
                   <monogr>
                      <title level="m">Полное собрание сочинений. Том 78</title>
                      <imprint>
                         <pubPlace>Москва</pubPlace>
                         <publisher>Государственное издательство "Художественная литература"</publisher>
                         <date when="1956"/>
                      </imprint>
                   </monogr>
                   <series>
                      <title level="s">Л.Н. Толстой. Полное собрание сочинений</title>
                      <biblScope unit="vol">78</biblScope>
                   </series>
                </biblStruct>
				<bibl>Печатается по копировальной книге № 8, лл. 332—333. Впервые опубликовано в TT, 1, стр. 19—20.</bibl>
             </sourceDesc>
          </fileDesc>
          <encodingDesc>
             <tagsDecl> </tagsDecl>
          </encodingDesc>
          <profileDesc>
             <correspDesc>
                <correspAction type="sending">
                   <persName ref="PersonList.xml#L_N_Tolstoy">Л. Н. Толстой</persName>
                   <placeName ref="PlacesListxml#PLACE">Ясная Поляна</placeName>
                   <date when="1908-11-06">1908 г. Ноября 6.</date>            </correspAction>
                <correspAction type="receiving">
                   <persName ref="PersonList.xml#RECEIVER">NN (М-й).</persName>
                </correspAction>
                <correspContext>
                   <ref type="prev">Ответ на обширное (на десяти листах почтовой бумаги) письмо М-й от 21 июля 1908 г. Корреспондентка, «как на исповеди», писала о том, «чего никому на свете не говорила, тая в себе да выливая слезами в молитве». Она писала о тяжелых отношениях с мужем, который вел распутный образ жизни, третировал ее. В то же время она чувствовала, что нужна ему, «как воздух, как пища». Она спрашивала, что может улучшить их жизнь. На конверте помета Толстого: <hi style="big">Прочесть и рассказать</hi>.</ref>
                </correspContext>
             </correspDesc>
          </profileDesc>
       </teiHeader>
       <xenoData><number type="in a volume">275</number></xenoData>

              <text xml:id="NNM-j_275">
	<body><div>
		<opener index="false">
275. NN (М-й).
1908 г. Ноября 6. Я. П.
</opener>
<p rend="Obrashenie left">Любезная [2]<note xml:id="note1" resp="volume_editor" index="false">Имя и отчество выпущены редакцией.</note></p>
<p rend="left">Отвечать на ваше письмо мне очень трудно и даже невозможно, если думать, что я могу указать вам наилучший <hi style="opdelimiter">образ</hi><hi style="opnumber">249</hi> <hi style="npnumber">250</hi><hi style="npdelimiter">действий,</hi> поступков, или очень легко и просто, но, боюсь, что вам покажется трудно и невозможно.</p>
<p rend="left">Все трудности, все горести, все сомнения, все разрешаются одним: самоотречением, т. е. отречением от своей телесной жизни и перенесением ее в жизнь духовную, в увеличении в себе любви, — той любви, <choice original_editorial_correction='к[отор]ая'><sic>кая</sic><corr>которая</corr></choice> ищет награды в себе, в сознании соединения с богом — любовью, той любви, <choice original_editorial_correction='к[отор]ая'><sic>кая</sic><corr>которая</corr></choice> любит не любящих, а ненавидящих. Не думайте, милая [2], что это слова. Попробуйте оживить в себе сознание бога любви, <choice original_editorial_correction='к[отор]ому'><sic>кому</sic><corr>которому</corr></choice>, как богу, ничего не нужно, и в той мере, в <choice original_editorial_correction='к[отор]ой'><sic>кой</sic><corr>которой</corr></choice> вы оживите в себе его, в той мере вы найдете успокоение и благо.</p>
<p rend="left">Мало этого. Если удастся вам сделать это, начать жить для души, и не успеете оглянуться, как и внешняя жизнь ваша изменится и перестанет быть тяжелою.</p>
<p rend="right rightindent left">Любящий вас</p>
<p rend="right">Лев Толстой.</p>
<p rend="left">6 нояб.</p>
<p rend="left">1908.</p>
<comments><p rend="Textpetit_otstup left">Печатается по копировальной книге № 8, лл. 332—333. Впервые опубликовано в TT, 1, стр. 19—20.</p>
<p rend="petit left">Ответ на обширное (на десяти листах почтовой бумаги) письмо М-й от 21 июля 1908 г. Корреспондентка, «как на исповеди», писала о том, «чего никому на свете не говорила, тая в себе да выливая слезами в молитве». Она писала о тяжелых отношениях с мужем, который вел распутный образ жизни, третировал ее. В то же время она чувствовала, что нужна ему, «как воздух, как пища». Она спрашивала, что может улучшить их жизнь. На конверте помета Толстого: <hi style="big">Прочесть и рассказать</hi>.</p>
<p rend="Textpetit_otstup left"><hi>1 </hi>Имя и отчество выпущены редакцией.</p>
</comments></div></body>
        </text>
        </TEI>