<?xml version='1.0' encoding='UTF-8' standalone='no'?>

<TEI xmlns="http://www.tei-c.org/ns/1.0">
       <teiHeader>
          <fileDesc>
             <titleStmt>
                <title>Письмо №257. Редактору «Русского инвалида».</title>
             </titleStmt>
             <publicationStmt>
                <publisher>TolstoyLab</publisher>
                <date when="2015-09-14">14 September 2015</date>
             </publicationStmt>
             <sourceDesc>
                <biblStruct>
                   <analytic>
                      <author>Толстой Л.Н.</author>
                   </analytic>
                   <monogr>
                      <title level="m">Полное собрание сочинений. Том 61</title>
                      <imprint>
                         <pubPlace>Москва</pubPlace>
                         <publisher>Государственное издательство "Художественная литература"</publisher>
                         <date when="1953"/>
                      </imprint>
                   </monogr>
                   <series>
                      <title level="s">Л.Н. Толстой. Полное собрание сочинений</title>
                      <biblScope unit="vol">61</biblScope>
                   </series>
                </biblStruct>
				<bibl>Впервые опубликовано Б. М. Эйхенбаумом в его книге «Лев Толстой», II, М. 1931, стр. 395—396. Год определяется содержанием (см. прим. <hi style="opdelimiter">1).</hi><hi style="opnumber">197</hi></bibl>
             </sourceDesc>
          </fileDesc>
          <encodingDesc>
             <tagsDecl> </tagsDecl>
          </encodingDesc>
          <profileDesc>
             <correspDesc>
                <correspAction type="sending">
                   <persName ref="PersonList.xml#L_N_Tolstoy">Л. Н. Толстой</persName>
                   <placeName ref="PlacesListxml#PLACE">Москва</placeName>
                   <date when="1868-04-11">1868 г. Апреля 11.</date>            </correspAction>
                <correspAction type="receiving">
                   <persName ref="PersonList.xml#RECEIVER">Редактору «Русского инвалида»</persName>
                </correspAction>
                <correspContext>
                   <ref type="prev"/>
                </correspContext>
             </correspDesc>
          </profileDesc>
       </teiHeader>
       <xenoData><number type="in a volume">257</number></xenoData>

              <text xml:id="Redaktoru_Russkogo_invalida_257">
	<body><div>
		<opener index="false">
257. Редактору «Русского инвалида».
1868 г. Апреля 11. Москва.
</opener>
<p rend="Obrashenie left">Милостивый государь!</p>
<p rend="left">Я сейчас прочел в 96 № вашей газеты статью г-на H. Л.<note xml:id="note1" resp="volume_editor" index="false"> H. Л. — Николай Александрович Лачинов — военный писатель. С 1872 г. был помощником главного редактора, а с 1882 г. главным редактором журнала «Военный сборник» и газеты «Русский инвалид». Статья его «По поводу последнего романа гр. Толстого» была напечатана 11 апреля в № 96 «Русского инвалида» за 1868 г., стр. 3. Посвящена она почти исключительно военной части романа «Война и мир» и философским взглядам Толстого на историю, изложенным им в начале четвертого тома. По мнению автора, взгляды эти страдают узостью и односторонностью и могут быть определены словами «исторический фатализм».</note> о 4-м томе моего сочинения.</p>
<p rend="left">Позвольте вас просить передать автору этой статьи мою глубокую благодарность за радостное чувство, которое доставила мне его статья, и просить его открыть мне свое имя и, как особенную честь, позволить мне вступить с ним в переписку.</p>
<p rend="left">Признаюсь, я никогда не смел надеяться со стороны военных людей (автор, наверное, военный специалист) на такую снисходительную критику.</p>
<p rend="left">Со многими доводами его (разумеется, где он противного моему мнения) я согласен совершенно, со многими нет. Если бы я во время своей работы мог пользоваться советами такого человека, я избежал бы многих ошибок. —</p>
<p rend="left">Автор этой статьи очень обязал бы меня, ежели бы сообщил мне свое имя и адрес.</p>
<p rend="center">С совершенным почтением</p>
<p rend="center">имею честь быть</p>
<p rend="center">Ваш покорный слуга</p>
<p rend="right">гр. Лев Толстой.</p>
<p rend="left">11 апреля.</p>
<comments><p rend="Textpetit_otstup left">Впервые опубликовано Б. М. Эйхенбаумом в его книге «Лев Толстой», II, М. 1931, стр. 395—396. Год определяется содержанием (см. прим. <hi style="opdelimiter">1).</hi><hi style="opnumber">197</hi></p>
<p rend="Textpetit_otstup left"><hi>1</hi> H. Л. — Николай Александрович Лачинов — военный писатель. С 1872 г. был помощником главного редактора, а с 1882 г. главным редактором журнала «Военный сборник» и газеты «Русский инвалид». Статья его «По поводу последнего романа гр. Толстого» была напечатана 11 апреля в № 96 «Русского инвалида» за 1868 г., стр. 3. Посвящена она почти исключительно военной части романа «Война и мир» и философским взглядам Толстого на историю, изложенным им в начале четвертого тома. По мнению автора, взгляды эти страдают узостью и односторонностью и могут быть определены словами «исторический фатализм».</p>
<p rend="petit left">Что касается военной части романа, то бивачный и боевой быт войск, военные сцены, описание Шенграбенского боя, по мнению Лачинова, «составляют верх исторической и художественной правды»... Главное место в статье отведено рассмотрению описания Бородинского сражения. Приведя выдержки из «Войны и мира», автор статьи констатирует, что: 1) описание боя уклоняется от истины и 2) догадки Толстого неверны. Однако некоторые мысли, высказанные в романе (например о Шевардине как левом фланге), недостаточно оцененные военными историками, Лачинов считает безусловно правильными.</p>
</comments></div></body>
        </text>
        </TEI>