<?xml version='1.0' encoding='UTF-8' standalone='no'?>

<TEI xmlns="http://www.tei-c.org/ns/1.0">
       <teiHeader>
          <fileDesc>
             <titleStmt>
                <title>Письмо №202. Духоборам, переселившимся в Канаду.</title>
             </titleStmt>
             <publicationStmt>
                <publisher>TolstoyLab</publisher>
                <date when="2015-09-14">14 September 2015</date>
             </publicationStmt>
             <sourceDesc>
                <biblStruct>
                   <analytic>
                      <author>Толстой Л.Н.</author>
                   </analytic>
                   <monogr>
                      <title level="m">Полное собрание сочинений. Том 72</title>
                      <imprint>
                         <pubPlace>Москва</pubPlace>
                         <publisher>Государственное издательство "Художественная литература"</publisher>
                         <date when="1933"/>
                      </imprint>
                   </monogr>
                   <series>
                      <title level="s">Л.Н. Толстой. Полное собрание сочинений</title>
                      <biblScope unit="vol">72</biblScope>
                   </series>
                </biblStruct>
				<bibl>Печатается по автографу, находящемуся в архиве В. Д. Бонч-Бруевича (по описи № 8879). Впервые опубликовано в журнале «Свободная мысль» 1900, 9, стр. 137.</bibl>
             </sourceDesc>
          </fileDesc>
          <encodingDesc>
             <tagsDecl> </tagsDecl>
          </encodingDesc>
          <profileDesc>
             <correspDesc>
                <correspAction type="sending">
                   <persName ref="PersonList.xml#L_N_Tolstoy">Л. Н. Толстой</persName>
                   <placeName ref="PlacesListxml#PLACE">Ясная Поляна</placeName>
                   <date when="1899-11-06">1899 г. Ноября 6.</date>            </correspAction>
                <correspAction type="receiving">
                   <persName ref="PersonList.xml#RECEIVER">Духоборам, переселившимся в Канаду.</persName>
                </correspAction>
                <correspContext>
                   <ref type="prev"/>
                </correspContext>
             </correspDesc>
          </profileDesc>
       </teiHeader>
       <xenoData><number type="in a volume">202</number></xenoData>

              <text xml:id="DuxoborampereselivshimsyavKanadu_202">
	<body><div>
		<opener index="false">
202. Духоборам, переселившимся в Канаду.
1899 г. Ноября 6. Я. П.
</opener>
<p rend="Obrashenie left"><choice><reg>Дорогие</reg><orig>Дорогiе</orig></choice> братья,</p>
<p rend="left">Посылаю <choice><reg>вам</reg><orig>вамъ</orig></choice> <choice><reg>собранные</reg><orig>собранныя</orig></choice> деньги. Я полагаю, что хорошо бы было считать эти деньги, также <choice><reg>как</reg><orig>какъ</orig></choice> и <choice><reg>другие</reg><orig>другiя</orig></choice> средства, <choice><reg>которые</reg><orig>которыя</orig></choice> вы получаете <choice><reg>от</reg><orig>отъ</orig></choice> <choice><reg>добрых</reg><orig>добрыхъ</orig></choice> людей и <choice><reg>от</reg><orig>отъ</orig></choice> <choice><reg>работающих</reg><orig>работающихъ</orig></choice> <choice><reg>братьев</reg><orig>братьевъ</orig></choice>, <choice><reg>общим</reg><orig>общимъ</orig></choice> <choice><reg>достоянием</reg><orig>достоянiемъ</orig></choice> и не <choice><reg>делить</reg><orig>дѣлить</orig></choice> по <choice><reg>душам</reg><orig>душамъ</orig></choice>, а давать больше <choice><reg>тем</reg><orig>тѣмъ</orig></choice>, у кого больше нужда. Ваши старички,<note xml:id="note1" resp="volume_editor" index="false"> Объяснение термина «старички» заимствуем из книги В. Д. Бонч-Бруевича «Духоборцы в канадских прериях», П. 1918, стр. 58—59: «Старичком может быть всякий, кто женат, живет своей семьей, при чем даже совсем молодые женатые парни могут быть уполномачиваемы обществом в весьма ответственных делах. Полномочия обыкновенно гармонируют с тем умом, опытом и сметливостью, которые уже проявил хотя бы и молодой духоборческий «старичок» [...] С другой стороны, старики, вышедшие из возраста общественной деятельности, т. е. перевалившие 60—65 лет, обыкновенно уже не выбираются на общественные должности, так как они уже «пожили», «поработали», «им пора на покой», «их нечего тревожить», говорили мне про них духоборцы».</note> <choice><reg>вместе</reg><orig>вмѣстѣ</orig></choice> <choice><reg>с</reg><orig>съ</orig></choice> вашими друзьями, <choice><reg>помогут</reg><orig>помогутъ</orig></choice> <choice><reg>вам</reg><orig>вамъ</orig></choice> <choice><reg>распределять</reg><orig>распредѣлять</orig></choice>.</p>
<p rend="left"><choice><reg>Слышал</reg><orig>Слышалъ</orig></choice> я, что вы много перенесли нужды и теперь страдаете. Помоги <choice><reg>вам</reg><orig>вамъ</orig></choice> <choice><reg>Бог</reg><orig>Богъ</orig></choice> перенести посылаемое <choice><reg>вам</reg><orig>вамъ</orig></choice> <choice><reg>испытание</reg><orig>испытанiе</orig></choice> <choice><reg>в</reg><orig>въ</orig></choice> <choice><reg>том</reg><orig>томъ</orig></choice> же <choice><reg>христианском</reg><orig>христiанскомъ</orig></choice> <choice><reg>духе</reg><orig>духѣ</orig></choice> покорности <choice><reg>воле</reg><orig>волѣ</orig></choice> Бога, <choice><reg>смирения</reg><orig>смиренiя</orig></choice> и <choice><reg>братолюбия</reg><orig>братолюбiя</orig></choice>, <choice><reg>в</reg><orig>въ</orig></choice> <choice><reg>котором</reg><orig>которомъ</orig></choice> вы жили на <choice><reg>Кавказе</reg><orig>Кавказѣ</orig></choice>, показывая <choice><reg>людям</reg><orig>людямъ</orig></choice> <choice><reg>пример</reg><orig>примѣръ</orig></choice> <choice><reg>христианской</reg><orig>христiанской</orig></choice> жизни. <choice><reg>Все</reg><orig>Всѣ</orig></choice> <choice><reg>мирские</reg><orig>мiрскiя</orig></choice> <choice><reg>дела</reg><orig>дѣла</orig></choice>, и радости, и горести, и богатство, и нищета, <choice><reg>проходят</reg><orig>проходятъ</orig></choice>, не оставляя <choice><reg>следа</reg><orig>слѣда</orig></choice>, только <choice><reg>дела</reg><orig>дѣла</orig></choice> наши, <choice><reg>добрые</reg><orig>добрыя</orig></choice> или <choice><reg>злые</reg><orig>злыя</orig></choice>, <choice><reg>оставляют</reg><orig>оставляютъ</orig></choice> <choice><reg>вечный</reg><orig>вѣчный</orig></choice> <choice><reg>след</reg><orig>слѣдъ</orig></choice> и <choice><reg>в</reg><orig>въ</orig></choice> <choice><reg>мире</reg><orig>мiрѣ</orig></choice>, помогая или препятствуя <choice><reg>установлению</reg><orig>установленiю</orig></choice> царства <choice><reg>Божия</reg><orig>Божiя</orig></choice>, и <choice><reg>в</reg><orig>въ</orig></choice> нашей <choice><reg>душе</reg><orig>душѣ</orig></choice>, приближая или удаляя ее <choice><reg>от</reg><orig>отъ</orig></choice> Бога. Спаси <choice><reg>вас</reg><orig>васъ</orig></choice> <choice><reg>Бог</reg><orig>Богъ</orig></choice> за ваше добро. <choice><reg>Любящий</reg><orig>Любящiй</orig></choice> <choice><reg>вас</reg><orig>васъ</orig></choice> <choice><reg>брат</reg><orig>братъ</orig></choice>.</p>
<p rend="right">Л. Толстой.</p>
<p rend="left">6 Ноября.</p>
<comments><p rend="Textpetit_otstup left">Печатается по автографу, находящемуся в архиве В. Д. Бонч-Бруевича (по описи № 8879). Впервые опубликовано в журнале «Свободная мысль» 1900, 9, стр. 137.</p>
<p rend="petit left">Деньги (десять тысяч рублей) были отправлены 1 ноября в адрес <hi style="opdelimiter">правительственного</hi><hi style="opnumber">238</hi> <hi style="npnumber">239</hi><hi style="npdelimiter">агента</hi> по иммиграции Мак-Крири, в распоряжение Артура Син-Джона. Средства составились частью из дополнительного вознаграждения за «Воскресение», частью из пожертвований. См. письма №№ 177, 181, 185, 198, 199 и 201. К этому времени Толстой получил много писем с сообщениями о нужде духоборов и об отрицательных явлениях их жизни на новых местах. Последнему обстоятельству Толстой посвятил свое обширное письмо к духоборам от 15 февраля 1900 г. Теперь же, не касаясь прямо этого вопроса, Толстой послал духоборам несколько ободряющих и предостерегающих слов. Письмо было отправлено в адрес В. Д. Бонч-Бруевича, который в копиях разослал письмо по духоборческим селениям. <ref target="file:///Volume_72_V.D.Bonch-Bruevichu_201.xml">См. письмо № 201</ref>.</p>
<p rend="Textpetit_otstup left"><hi>1</hi> Объяснение термина «старички» заимствуем из книги В. Д. Бонч-Бруевича «Духоборцы в канадских прериях», П. 1918, стр. 58—59: «Старичком может быть всякий, кто женат, живет своей семьей, при чем даже совсем молодые женатые парни могут быть уполномачиваемы обществом в весьма ответственных делах. Полномочия обыкновенно гармонируют с тем умом, опытом и сметливостью, которые уже проявил хотя бы и молодой духоборческий «старичок» [...] С другой стороны, старики, вышедшие из возраста общественной деятельности, т. е. перевалившие 60—65 лет, обыкновенно уже не выбираются на общественные должности, так как они уже «пожили», «поработали», «им пора на покой», «их нечего тревожить», говорили мне про них духоборцы».</p>
</comments></div></body>
        </text>
        </TEI>