<?xml version='1.0' encoding='UTF-8' standalone='no'?>

<TEI xmlns="http://www.tei-c.org/ns/1.0">
       <teiHeader>
          <fileDesc>
             <titleStmt>
                <title>Письмо №* 250. N. N.</title>
             </titleStmt>
             <publicationStmt>
                <publisher>TolstoyLab</publisher>
                <date when="2015-09-14">14 September 2015</date>
             </publicationStmt>
             <sourceDesc>
                <biblStruct>
                   <analytic>
                      <author>Толстой Л.Н.</author>
                   </analytic>
                   <monogr>
                      <title level="m">Полное собрание сочинений. Том 82</title>
                      <imprint>
                         <pubPlace>Москва</pubPlace>
                         <publisher>Государственное издательство "Художественная литература"</publisher>
                         <date when="1956"/>
                      </imprint>
                   </monogr>
                   <series>
                      <title level="s">Л.Н. Толстой. Полное собрание сочинений</title>
                      <biblScope unit="vol">82</biblScope>
                   </series>
                </biblStruct>
				<bibl>Печатается по копии, сверенной с черновиком-автографом, написанным на двух страницах почтовой бумаги. Основанием датировки являются: копия, где письмо датировано 14 октября, и помета на черновике-авто графе на конверте письма NN об ответе Толстого 16 октября 1910 г.</bibl>
             </sourceDesc>
          </fileDesc>
          <encodingDesc>
             <tagsDecl> </tagsDecl>
          </encodingDesc>
          <profileDesc>
             <correspDesc>
                <correspAction type="sending">
                   <persName ref="PersonList.xml#L_N_Tolstoy">Л. Н. Толстой</persName>
                   <placeName ref="PlacesListxml#PLACE">Ясная Поляна</placeName>
                   <date from="1910-10-14" to="1910-10-16">1910 г. Октября 14 — 16</date>            </correspAction>
                <correspAction type="receiving">
                   <persName ref="PersonList.xml#RECEIVER">N. N.</persName>
                </correspAction>
                <correspContext>
                   <ref type="prev">Ответ на письмо N. N. от 8 октября, в котором она писала о тяжести супружеской жизни и просила совета Толстого, как быть.</ref>
                </correspContext>
             </correspDesc>
          </profileDesc>
       </teiHeader>
       <xenoData><number type="in a volume">250</number></xenoData>

       <text xml:id="NN_250">
	<body><div>
		<opener index="false">
* 250. N. N.
1910 г. Октября 14—16. Я. П.
</opener><p rend="right">14 октября 10 г. Ясная Поляна.</p>
<p rend="left">Прочел ваше письмо и рад бы дать вам совет, но никак не могу этого сделать при тех сложных условиях, в которых вы находитесь. Если бы вы не нарушили целомудрия, я бы советовал вам во что бы то ни стало удерживать целомудрие. Если бы муж ваш не был убежден (несправедливо), что молодому <hi style="opdelimiter">сильному</hi><hi style="opnumber">190</hi> <hi style="npnumber">191</hi><hi style="npdelimiter">человеку</hi> нельзя жить без половых сношений, то, любя вас, он мог бы согласиться жить с вами, как брат с сестрой, как поступают некоторые знакомые мне супруги. И обоим было бы очень хорошо.</p>
<p rend="left">Развод же, уход от мужа или тот выход, о котором вы говорите — разрешение с вашей стороны распутства вашему мужу, оба выхода безнравственны, и я смело советую вам не делать ни того, ни другого.</p>
<p rend="left">По моему мнению, вам остается одно: терпеливо, не нарушая любви к мужу, нести ваше положение, удерживая себя в целомудрии, насколько хватит вам сил, стараясь не нарушить ни целомудрия, ни любви. Боритесь, сколько будет сил. В этом теперь задача вашей жизни и в этом мой совет. А как вы его решите, знаете только вы сами.</p>
<comments><p rend="Textpetit_otstup left">Печатается по копии, сверенной с черновиком-автографом, написанным на двух страницах почтовой бумаги. Основанием датировки являются: копия, где письмо датировано 14 октября, и помета на черновике-авто графе на конверте письма NN об ответе Толстого 16 октября 1910 г.</p>
<p rend="petit left">Ответ на письмо N. N. от 8 октября, в котором она писала о тяжести супружеской жизни и просила совета Толстого, как быть.</p>
</comments></div></body>
        </text>
        </TEI>