<?xml version='1.0' encoding='UTF-8' standalone='no'?>

<TEI xmlns="http://www.tei-c.org/ns/1.0">
       <teiHeader>
          <fileDesc>
             <titleStmt>
                <title>Письмо №* 45. Председателю комитета Городецкого общества трезвости.</title>
             </titleStmt>
             <publicationStmt>
                <publisher>TolstoyLab</publisher>
                <date when="2015-09-14">14 September 2015</date>
             </publicationStmt>
             <sourceDesc>
                <biblStruct>
                   <analytic>
                      <author>Толстой Л.Н.</author>
                   </analytic>
                   <monogr>
                      <title level="m">Полное собрание сочинений. Том 81</title>
                      <imprint>
                         <pubPlace>Москва</pubPlace>
                         <publisher>Государственное издательство "Художественная литература"</publisher>
                         <date when="1956"/>
                      </imprint>
                   </monogr>
                   <series>
                      <title level="s">Л.Н. Толстой. Полное собрание сочинений</title>
                      <biblScope unit="vol">81</biblScope>
                   </series>
                </biblStruct>
				<bibl>Печатается по копии, сверенной с черновиком-автографом, написанным на конверте письма председателя комитета Городецкого общества трезвости.</bibl>
             </sourceDesc>
          </fileDesc>
          <encodingDesc>
             <tagsDecl> </tagsDecl>
          </encodingDesc>
          <profileDesc>
             <correspDesc>
                <correspAction type="sending">
                   <persName ref="PersonList.xml#L_N_Tolstoy">Л. Н. Толстой</persName>
                   <placeName ref="PlacesListxml#PLACE">Ясная Поляна</placeName>
                   <date when="1910-01-12">1910 г. Января 12.</date>            </correspAction>
                <correspAction type="receiving">
                   <persName ref="PersonList.xml#RECEIVER">Председателю комитета Городецкого общества трезвости.</persName>
                </correspAction>
                <correspContext>
                   <ref type="prev"/>
                </correspContext>
             </correspDesc>
          </profileDesc>
       </teiHeader>
       <xenoData><number type="in a volume">45</number></xenoData>

       <text xml:id="PredsedatelyukomitetaGorodeckogoobshhestvatrezvosti_45">
	<body><div>
		<opener index="false">
* 45. Председателю комитета Городецкого общества трезвости.
1910 г. Января 12. Я. П.</opener>
<p rend="right">12 января 1910 г. Ясная Поляна.</p>
<p rend="left">Благодарю Общество за сделанную мне честь и желаю от всей души успеха обществу в его полезной деятельности.</p>
<comments><p rend="Textpetit_otstup left">Печатается по копии, сверенной с черновиком-автографом, написанным на конверте письма председателя комитета Городецкого общества трезвости.</p>
<p rend="petit left">Комитет Городецкого общества трезвости прислал Толстому письмо от 25 ноября 1910 г., в котором сообщал, что собрание общества трезвости постановило «выстроенный обществом трезвости общественный сад в селе Городце наименовать в честь великого писателя земли Русской, горячего и истинного проповедника нравственной, любовной и трезвой жизни — Льва Николаевича Толстого».</p>
</comments></div></body>
        </text>
        </TEI>