<?xml version='1.0' encoding='UTF-8' standalone='no'?>

<TEI xmlns="http://www.tei-c.org/ns/1.0">
       <teiHeader>
          <fileDesc>
             <titleStmt>
                <title>Письмо №76. В редакции газет.</title>
             </titleStmt>
             <publicationStmt>
                <publisher>TolstoyLab</publisher>
                <date when="2015-09-14">14 September 2015</date>
             </publicationStmt>
             <sourceDesc>
                <biblStruct>
                   <analytic>
                      <author>Толстой Л.Н.</author>
                   </analytic>
                   <monogr>
                      <title level="m">Полное собрание сочинений. Том 72</title>
                      <imprint>
                         <pubPlace>Москва</pubPlace>
                         <publisher>Государственное издательство "Художественная литература"</publisher>
                         <date when="1933"/>
                      </imprint>
                   </monogr>
                   <series>
                      <title level="s">Л.Н. Толстой. Полное собрание сочинений</title>
                      <biblScope unit="vol">72</biblScope>
                   </series>
                </biblStruct>
             </sourceDesc>
          </fileDesc>
          <encodingDesc>
             <tagsDecl> </tagsDecl>
          </encodingDesc>
          <profileDesc>
             <correspDesc>
                <correspAction type="sending">
                   <persName ref="PersonList.xml#L_N_Tolstoy">Л. Н. Толстой</persName>
                   <placeName ref="PlacesListxml#PLACE">Москва</placeName>
                   <date when="1899-03-27">1899 г. Марта 27.</date>            </correspAction>
                <correspAction type="receiving">
                   <persName ref="PersonList.xml#RECEIVER">В редакции газет.</persName>
                </correspAction>
                <correspContext>
                   <ref type="prev"/>
                </correspContext>
             </correspDesc>
          </profileDesc>
       </teiHeader>
       <xenoData><number type="in a volume">76</number></xenoData>

              <text xml:id="Vredakciigazet_76">
	<body><div>
		<opener index="false">
76. В редакции газет.
1899 г. Марта 27. Москва.</opener>
<p rend="left"><choice><reg>Перепечатывание</reg><orig>Перепечатыванiе</orig></choice> немедленно по <choice><reg>их</reg><orig>ихъ</orig></choice> <choice><reg>выходе</reg><orig>выходѣ</orig></choice> <choice><reg>в</reg><orig>въ</orig></choice> «<choice><reg>Ниве</reg><orig>Нивѣ</orig></choice>» <choice><reg>печатаемых</reg><orig>печатаемыхъ</orig></choice> <choice><reg>в</reg><orig>въ</orig></choice> <choice><reg>этом</reg><orig>этомъ</orig></choice> <choice><reg>журнале</reg><orig>журналѣ</orig></choice> <choice><reg>глав</reg><orig>главъ</orig></choice> моего романа «<choice><reg>Воскресение</reg><orig>Воскресенiе</orig></choice>» я нахожу <choice><reg>несправедливым</reg><orig>несправедливымъ</orig></choice> по <choice><reg>отношению</reg><orig>отношенiю</orig></choice> <choice><reg>к</reg><orig>къ</orig></choice> издателю Нивы, <choice><reg>приобревшему</reg><orig>прiобрѣвшему</orig></choice> <choice><reg>от</reg><orig>отъ</orig></choice> меня право <choice><reg>первого</reg><orig>перваго</orig></choice> <choice><reg>печатания</reg><orig>печатанiя</orig></choice> этого романа; и потому, не <choice><reg>изменяя</reg><orig>измѣняя</orig></choice> <choice><reg>заявленного</reg><orig>заявленнаго</orig></choice> мною отказа <choice><reg>от</reg><orig>отъ</orig></choice> права литературной собственности, я прошу гг. издателей <choice><reg>русских</reg><orig>русскихъ</orig></choice> <choice><reg>газет</reg><orig>газетъ</orig></choice> и <choice><reg>журналов</reg><orig>журналовъ</orig></choice> подождать <choice><reg>перепечатыванием</reg><orig>перепечатыванiемъ</orig></choice> этого романа до его <choice><reg>окончания</reg><orig>окончанiя</orig></choice>, которое <choice><reg>последует</reg><orig>послѣдуетъ</orig></choice> приблизительно <choice><reg>в</reg><orig>въ</orig></choice> <choice><reg>июле</reg><orig>iюлѣ</orig></choice> <choice><reg>месяце</reg><orig>мѣсяцѣ</orig></choice> этого года. <choice><reg>Исполнив</reg><orig>Исполнивъ</orig></choice> эту мою просьбу, издатели очень <choice><reg>обяжут</reg><orig>обяжутъ</orig></choice> меня, <choice><reg>избавив</reg><orig>избавивъ</orig></choice> <choice><reg>от</reg><orig>отъ</orig></choice> <choice><reg>неприятного</reg><orig>непрiятнаго</orig></choice> <choice><reg>положения</reg><orig>положенiя</orig></choice>, <choice><reg>в</reg><orig>въ</orig></choice> которое <choice><reg>в</reg><orig>въ</orig></choice> <choice><reg>противном</reg><orig>противномъ</orig></choice> <choice><reg>случае</reg><orig>случаѣ</orig></choice> они ставят<hi>ъ</hi> меня по <choice><reg>отношению</reg><orig>отношенiю</orig></choice> <choice><reg>к</reg><orig>къ</orig></choice> издателю «Нивы».</p>
<p rend="right"><choice><reg>Лев</reg><orig>Левъ</orig></choice> Толстой.</p>
<comments><p rend="Textpetit_otstup left">Перепечатывается из циркулярного письма редакции «Нивы», где впервые опубликовано [Спб. 1899]. Датируется по письму к А. Ф. Марксу от 27 марта 1899 г.</p>
<p rend="petit left">Написано по просьбе А. Ф. Маркса (<ref target="file:///Volume_72_A.F.Marksu_75.xml">см. письмо № 75</ref>). Маркс размножил письмо и разослал его по редакциям московских и петербургских газет. Было напечатано 2 апреля 1899 г. в газетах «Русские ведомости», «Русское слово» и др.</p>
</comments></div></body>
        </text>
        </TEI>