<?xml version='1.0' encoding='UTF-8' standalone='no'?>

<TEI xmlns="http://www.tei-c.org/ns/1.0">
       <teiHeader>
          <fileDesc>
             <titleStmt>
                <title>Письмо №* 82. Группе русских студентов.</title>
             </titleStmt>
             <publicationStmt>
                <publisher>TolstoyLab</publisher>
                <date when="2015-09-14">14 September 2015</date>
             </publicationStmt>
             <sourceDesc>
                <biblStruct>
                   <analytic>
                      <author>Толстой Л.Н.</author>
                   </analytic>
                   <monogr>
                      <title level="m">Полное собрание сочинений. Том 73</title>
                      <imprint>
                         <pubPlace>Москва</pubPlace>
                         <publisher>Государственное издательство "Художественная литература"</publisher>
                         <date when="1954"/>
                      </imprint>
                   </monogr>
                   <series>
                      <title level="s">Л.Н. Толстой. Полное собрание сочинений</title>
                      <biblScope unit="vol">73</biblScope>
                   </series>
                </biblStruct>
             </sourceDesc>
          </fileDesc>
          <encodingDesc>
             <tagsDecl> </tagsDecl>
          </encodingDesc>
          <profileDesc>
             <correspDesc>
                <correspAction type="sending">
                   <persName ref="PersonList.xml#L_N_Tolstoy">Л. Н. Толстой</persName>
                   <placeName ref="PlacesListxml#PLACE">Ясная Поляна</placeName>
                   <date when="1901-05-16">1901 г. Мая 16.</date>            </correspAction>
                <correspAction type="receiving">
                   <persName ref="PersonList.xml#RECEIVER">Группе русских студентов.</persName>
                </correspAction>
                <correspContext>
                   <ref type="prev"/>
                </correspContext>
             </correspDesc>
          </profileDesc>
       </teiHeader>
       <xenoData><number type="in a volume">82</number></xenoData>

              <text xml:id="Grupperusskixstudentov._82">
	<body><div>
		<opener index="false">
* 82. Группе русских студентов.
1901 г. Мая 16. Я. П.</opener>
<p rend="left">Получил телеграмму, сердечно благодарю.</p>
<comments><p rend="Textpetit_otstup left">Телеграмма. Печатается по тексту, написанному на телеграмме, полученной 15 мая 1901 г. от группы русских студентов из Дармштадта, Гейдельберга и Карлсруэ (Германия). Подписи в этом черновике нет. Датируется в соответствии с датой получения телеграммы студентов.</p>
<p rend="petit left">Члены дармштадтской русской академической читальни просили разрешения присвоить ей имя Толстого.</p>
<p rend="emptyline left"><hi style="opnumber">75</hi> <hi style="npnumber">76</hi></p>
</comments></div></body>
        </text>
        </TEI>