<?xml version='1.0' encoding='UTF-8' standalone='no'?>

<TEI xmlns="http://www.tei-c.org/ns/1.0">
       <teiHeader>
          <fileDesc>
             <titleStmt>
                <title>Письмо №* 73. Неизвестной (Е. Ш.).</title>
             </titleStmt>
             <publicationStmt>
                <publisher>TolstoyLab</publisher>
                <date when="2015-09-14">14 September 2015</date>
             </publicationStmt>
             <sourceDesc>
                <biblStruct>
                   <analytic>
                      <author>Толстой Л.Н.</author>
                   </analytic>
                   <monogr>
                      <title level="m">Полное собрание сочинений. Том 80</title>
                      <imprint>
                         <pubPlace>Москва</pubPlace>
                         <publisher>Государственное издательство "Художественная литература"</publisher>
                         <date when="1955"/>
                      </imprint>
                   </monogr>
                   <series>
                      <title level="s">Л.Н. Толстой. Полное собрание сочинений</title>
                      <biblScope unit="vol">80</biblScope>
                   </series>
                </biblStruct>
             </sourceDesc>
          </fileDesc>
          <encodingDesc>
             <tagsDecl> </tagsDecl>
          </encodingDesc>
          <profileDesc>
             <correspDesc>
                <correspAction type="sending">
                   <persName ref="PersonList.xml#L_N_Tolstoy">Л. Н. Толстой</persName>
                   <placeName ref="PlacesListxml#PLACE">Ясная Поляна</placeName>
                   <date from="1909-08-08" to="1909-08-09">1909 г. Августа 8 — 9</date>            </correspAction>
                <correspAction type="receiving">
                   <persName ref="PersonList.xml#RECEIVER">Неизвестной (Е. Ш.)</persName>
                </correspAction>
                <correspContext>
                   <ref type="prev"/>
                </correspContext>
             </correspDesc>
          </profileDesc>
       </teiHeader>
       <xenoData><number type="in a volume">73</number></xenoData>

       <text xml:id="NeizvestnojE.SH._73">
	<body><div>
		<opener index="false">
* 73. Неизвестной (Е. Ш.). Неотправленное.
1909 г. Августа 8—9? Я. П.
</opener><p rend="left">Вопрос, <choice original_editorial_correction='к[оторый]'><sic>к</sic><corr>который</corr></choice> вы мне делаете, мне делают многие. И я знаю, что все те, кому неприятны мои мысли, с особенным старанием придумывают всякого рода измышления, по <choice original_editorial_correction='к[отор]ым'><sic>кым</sic><corr>которым</corr></choice> бы мысли эти могли быть признаны неверными. Так как я твердо верю, <choice original_editorial_correction='ч[то]'><sic>ч</sic><corr>что</corr></choice> излагаемые мною мысли — не мои мысли, а мысли всех святых и мудрецов мира и ближайшего к нам — Христа, <choice original_editorial_correction='ч[то]'><sic>ч</sic><corr>что</corr></choice> мысли эти не могут быть не только опровергнуты, но и оспариваемы, то люди, <choice original_editorial_correction='к[отор]ым'><sic>кым</sic><corr>которым</corr></choice> не нравятся эти мысли, стараются доказать, что я, повторитель этих мыслей в наше время, — лжец, корыстолюбец и лицемер. Хотя и указание на то, что человек, утверждающий то, что 2 × 2 = 4, ворует платки, нисколько не делает несправедливой и [не]обязательной для всех провозглашаемую им истину, очернение человека, говорящего истину, делает для многих людей неприятную истину менее обязательною.<note xml:id="note1" resp="volume_editor" index="false"><hi>В подлиннике:</hi> обязательную</note> Так я знаю, что очернение моей личности производится с большим усердием с двух сторон: с одной — революционной; так, на-днях я получил письмо, в <choice original_editorial_correction='к[отор]ом'><sic>ком</sic><corr>котором</corr></choice> меня<note xml:id="note2" resp="volume_editor" index="false"><hi>В подлиннике:</hi> мне</note> просили объяснить, правда ли то, <choice original_editorial_correction='ч[то]'><sic>ч</sic><corr>что</corr></choice> появилось <hi style="opdelimiter">будто</hi><hi style="opnumber">55</hi> <hi style="npnumber">56</hi><hi style="npdelimiter">бы</hi> в «<choice original_editorial_correction='Совр[еменном]'><sic>Совр</sic><corr>Современном</corr></choice> Слове», что я, «ехавши по Бал-Хар, дороге, по <choice original_editorial_correction='к[отор]ой'><sic>кой</sic><corr>которой</corr></choice> я никогда не ездил, выдал будто бы трех <choice original_editorial_correction='политич[еских]'><sic>политич</sic><corr>политических</corr></choice> жандармам».<note xml:id="note3" resp="volume_editor" index="false"> Толстой имел в виду письмо неизвестного корреспондента из ст. Урюпинской. Смысл письма передан не точно. См. в списке писем, написанных по поручению, письмо № 80.</note> С другой же стороны, <choice original_editorial_correction='правительственно-православн[ыми]'><sic>правительственно-православн</sic><corr>правительственно-православными</corr></choice> придумываются такие же разные и столь же основательные доказательства моей порочности. В числе их самое распространенное то, что я, отказавшись от собственности, передал свое состояние семейству. В чем заключается тут преступность моего поступка, я никак не могу понять. В действительности дело было так: когда в 1880 году я пришел к убеждению, что христианин не должен владеть собственностью, я отказался от нее и просил распорядиться с нею так, как будто я умер. Вследствие чего все мои семейные получили то, что им следовало по наследству, на что они рассчитывали, имели право рассчитывать. Поступить же иначе я не нашел нужным, да и не мог, <choice original_editorial_correction='п[отому]'><sic>п</sic><corr>потому</corr></choice> <choice original_editorial_correction='ч[то]'><sic>ч</sic><corr>что</corr></choice>, отдавая мое имущество кому-либо помимо семейных наследников, я был бы в неразрешимом затруднении: кому именно отдать его? Крестьянам <choice original_editorial_correction='Ясн[ой]'><sic>Ясн</sic><corr>Ясной</corr></choice> <choice original_editorial_correction='Пол[яны]'><sic>Пол</sic><corr>Поляны</corr></choice>? Но почему именно им, а не другим крестьянам, <choice original_editorial_correction='живущ[им]'><sic>живущ</sic><corr>живущим</corr></choice> по соседству, или тем, <choice original_editorial_correction='к[оторые]'><sic>к</sic><corr>которые</corr></choice> живут на земле, тоже бывшей моей, уже давно отданной сыновьям? Кроме того, отдавая имущество не тем детям, <choice original_editorial_correction='к[оторые]'><sic>к</sic><corr>которые</corr></choice> рассчитывали на него, я вызвал бы в них естественное чувство несправедливого лишения того, на <choice original_editorial_correction='ч[то]'><sic>ч</sic><corr>что</corr></choice> они cчитали себя вправе, и недобрые ко мне чувства. — Так что, если бы мне пришлось теперь вновь распорядиться с моим имуществом, я не думаю, чтобы я поступил иначе. Одно, что я мог сделать, это то, чтобы отказаться и не для каких-нибудь отдельных лиц, а безразлично для всех, от своего права на вознаграждение за все мои писания с того времени, 80 года, когда я предоставил поступить с моим имуществом, как с имуществом умершего лица.</p>
<p rend="left">И отказ этот от <choice original_editorial_correction='литерат[урных]'><sic>литерат</sic><corr>литературных</corr></choice> прав собственности на всё писанное мною после этого года должен бы, казалось, быть достаточным доказательством того, что, отказываясь от имущества в пользу семейных, я никак не мог быть руководим корыстной целью, так как <choice original_editorial_correction='литературн[ое]'><sic>литературн</sic><corr>литературное</corr></choice> вознаграждение за сотни <choice original_editorial_correction='печатн[ых]'><sic>печатн</sic><corr>печатных</corr></choice> листов, написанных мною после 80 года, составило бы, по меньшей мере, сотни тысяч <choice original_editorial_correction='руб[лей]'><sic>руб</sic><corr>рублей</corr></choice> и в десятки раз превосходило бы то, что <choice original_editorial_correction='мно[ю]'><sic>мно</sic><corr>мною</corr></choice> оставлено семейным. Я давно уже слышу эти<note xml:id="note4" resp="volume_editor" index="false"><hi>В подлиннике:</hi> это</note> обвинения меня в лицемерной подлости и не хотел отвечать на них, но не столько ваше письмо, <hi style="opdelimiter">сколько</hi><hi style="opnumber">56</hi> <hi style="npnumber">57</hi><hi style="npdelimiter">слова</hi> недавно приходившего ко мне юноши, очевидно колебавшегося в признании истинности тех моих мыслей, <choice original_editorial_correction='к[отор]ые'><sic>кые</sic><corr>которые</corr></choice> были близки ему, преимущественно по внушенному ему сомнению в правдивости человека, излагавшего их, заставляют меня ответить на эти обвинения.<note xml:id="note5" resp="volume_editor" index="false">Толстой сделал запись в Дневнике 8 августа об огорчившем его разговоре со случайно встретившимся на прогулке юношей, рассказавшим, что Толстого обвиняют в фиктивной передаче имущества семье (см. т. 57, стр. 112).</note></p>
<p rend="left">Знаю, что будут выдуманы другие, <choice original_editorial_correction='п[отому]'><sic>п</sic><corr>потому</corr></choice> <choice original_editorial_correction='ч[то]'><sic>ч</sic><corr>что</corr></choice>, если нечего сказать против мыслей, обличающих нас, надо придумать что-нибудь доказывающее порочность того, кто их произносит. А это всегда легко.</p>
<p rend="right">Л. Толстой.</p>
<comments><p rend="Textpetit_otstup left">Датируется в соответствии с письмом к неизвестному от 8—9 августа (см. в списке писем, написанных по поручению, письмо № 80) и записью Дневника от 8 августа (см. прим. 5).</p>
<p rend="petit left">В письме из Бердянска Таврической губ. от 7 июля 1909 г. неизвестная корреспондентка, акушерка по профессии (подпись: Е. Ш., подписчица газеты «Русское слово» 88892), выражала сочувствие взглядам Толстого и писала, что ее смущают, оскорбляют те нападки на него, которые часто приходится слышать. «Объясните мне, почему это я слышу от многих, что учение Ваше идет часто в разрез будто бы с Вашими поступками?..»</p>
<p rend="petit left">На конверте Толстой написал: <hi style="big">H. H., <choice original_editorial_correction='пожалу[йста]'><sic>пожалу</sic><corr>пожалуйста</corr></choice> ответьте.</hi> Ответил H. Н. Гусев 31 июля. Вероятно, около 8 августа, делая в Дневнике запись (см. прим. 5), Толстой вспомнил об этом письме и решил сам ответить, однако письмо не было послано. На подлиннике не указано, кому адресовано комментируемое письмо, но так как подходящих по теме писем других корреспондентов в архиве нет, то считаем вероятным, что письмо адресовано этой корреспондентке.</p>
<p rend="Textpetit_otstup left"><hi>1 </hi><hi>В подлиннике:</hi> обязательную</p>
<p rend="petit left"><hi>2 </hi><hi>В подлиннике:</hi> мне</p>
<p rend="petit left"><hi>3</hi> Толстой имел в виду письмо неизвестного корреспондента из ст. Урюпинской. Смысл письма передан не точно. См. в списке писем, написанных по поручению, письмо № 80.</p>
<p rend="petit left"><hi>4 </hi><hi>В подлиннике:</hi> это</p>
<p rend="petit left"><hi>5 </hi>Толстой сделал запись в Дневнике 8 августа об огорчившем его разговоре со случайно встретившимся на прогулке юношей, рассказавшим, что Толстого обвиняют в фиктивной передаче имущества семье (см. т. 57, стр. 112).</p>
</comments></div></body>
        </text>
        </TEI>