<?xml version='1.0' encoding='UTF-8' standalone='no'?>

<TEI xmlns="http://www.tei-c.org/ns/1.0">
       <teiHeader>
          <fileDesc>
             <titleStmt>
                <title>Письмо №* 244. Федерации лиг единого земельного налога в Австралии.</title>
             </titleStmt>
             <publicationStmt>
                <publisher>TolstoyLab</publisher>
                <date when="2015-09-14">14 September 2015</date>
             </publicationStmt>
             <sourceDesc>
                <biblStruct>
                   <analytic>
                      <author>Толстой Л.Н.</author>
                   </analytic>
                   <monogr>
                      <title level="m">Полное собрание сочинений. Том 78</title>
                      <imprint>
                         <pubPlace>Москва</pubPlace>
                         <publisher>Государственное издательство "Художественная литература"</publisher>
                         <date when="1956"/>
                      </imprint>
                   </monogr>
                   <series>
                      <title level="s">Л.Н. Толстой. Полное собрание сочинений</title>
                      <biblScope unit="vol">78</biblScope>
                   </series>
                </biblStruct>
				<bibl>Печатается по копировальной книге № 8, лл. 304—305, куда вклеен дубликат подлинника, написанного и датированного на машинке. В ГМТ хранится черновик письма от 28 августа, написанный на машинке и собственноручно исправленный. Окончательный текст черновика совпадает с текстом подлинника.</bibl>
             </sourceDesc>
          </fileDesc>
          <encodingDesc>
             <tagsDecl> </tagsDecl>
          </encodingDesc>
          <profileDesc>
             <correspDesc>
                <correspAction type="sending">
                   <persName ref="PersonList.xml#L_N_Tolstoy">Л. Н. Толстой</persName>
                   <placeName ref="PlacesListxml#PLACE">Ясная Поляна</placeName>
                   <date when="1908-09-02">1908 г. Сентября 2.</date>            </correspAction>
                <correspAction type="receiving">
                   <persName ref="PersonList.xml#RECEIVER">Федерации лиг единого земельного налога в Австралии.</persName>
                </correspAction>
                <correspContext>
                   <ref type="prev">Ответ на приветствие Федерации лиг единого земельного налога в Австралии по случаю 80-летнего юбилея Толстого. Подлинник приветствия написан по-английски. Перевод его опубликован в статье И. И. Горбунова-Посадова «28 августа в Ясной Поляне» — «Русские ведомости» 1908, № 202 от 31 августа.</ref>
                </correspContext>
             </correspDesc>
          </profileDesc>
       </teiHeader>
       <xenoData><number type="in a volume">244</number></xenoData>

              <text xml:id="FederaciiligedinogozemelnogonalogavAvstralii_244">
	<body><div>
		<opener index="false">
* 244. Федерации лиг единого земельного налога в Австралии.
1908 г. Сентября 2. Я. П.</opener>
<p rend="left">Адрес ваш глубоко тронул меня. К сожалению своему, я слишком мало делал в том дорогом вам и мне вопросе, который нас соединяет. Последнее время всё чаще и чаще думаю об этом и, если суждено мне еще иметь силы для работы, постараюсь как можно яснее, короче и доступнее для большой публики земледельцев выразить великое учение далеко не оцененного еще Генри Джорджа.</p>
<p rend="left">Несправедливость и зловредность земельной собственности признавалась давно. Еще более ста лет тому назад великий французский мыслитель Жан Жак Руссо писал:</p>
<p rend="left">«Тот, кто первый, огородив кусок земли, решился сказать: «эта земля моя» и встретил людей столь простых, что они могли поверить этому, — этот человек был первый основатель того гражданского общества, которое существует теперь. От стольких преступлений, войн, убийств, несчастий, ужасов избавил бы человечество тот, кто, вырвав колья и заровняв канаву, сказал бы: «берегитесь, не верьте этому обманщику, вы пропали, если забудете, что земля не может принадлежать никому и что дары ее принадлежат всем».<note xml:id="note1" resp="volume_editor" index="false"> Эта мысль Ж. Ж. Руссо помещена Толстым в «Круге чтения» 17 сентября.</note></p>
<p rend="left">Несправедливость захвата земли в собственность признавалась давно мыслящими людьми, но только со времени появления учения Генри Джорджа стало ясно, каким образом может быть уничтожена эта несправедливость. В наше же время проведение в жизнь этого учения стало особенно нужно не только в России, где вопрос этот, к несчастью, решается теперь самым противным и справедливости, и сознанию народа, и разуму образом, но и во всех так называемых цивилизованных <hi style="opdelimiter">государствах.</hi><hi style="opnumber">221</hi> <hi style="npnumber">222</hi><hi style="npdelimiter">Разрешение</hi> этого вопроса, т. е. уничтожение земельной собственности, в наше время везде так же настоятельно требует своего разрешения, как полвека тому назад требовал своего разрешения вопрос рабства в России и Америке. Вопрос этот настоятельно требует своего разрешения потому, что мнимое право земельной собственности стоит теперь в основе всех, не только экономических бедствий, но и политического неустройства и, главное, нравственного развращения народов. Это чувствуется и особенно сильно в России массой рабочего народа. Богатые же властвующие классы, предчувствуя неизбежное с разрешением этого вопроса лишение выгод своего положения, всеми силами стараются ложными разъяснениями, оправданиями и паллиативами насколько могут отдалить это разрешение. Но на всё есть свое время, и как 50 лет назад пришло время уничтожения мнимого права собственности одного человека на другого, так пришло теперь время уничтожения мнимого права земельной собственности, дающего возможность присвоения себе труда людей. Время это пришло и приблизилось уже теперь настолько, что ничто не может уже отдалить уничтожение этого ужасного средства угнетения народа. Еще небольшое усилие, и совершится это великое освобождение народов. Поэтому особенно сочувствую вашему делу, тем усилиям, которые вы делаете, и очень рад буду, если буду в состоянии приложить к вашим и свое маленькое усилие.</p>
<p rend="left">Ясная Поляна, 2 сент. 1908 года.</p>
<comments><p rend="Textpetit_otstup left">Печатается по копировальной книге № 8, лл. 304—305, куда вклеен дубликат подлинника, написанного и датированного на машинке. В ГМТ хранится черновик письма от 28 августа, написанный на машинке и собственноручно исправленный. Окончательный текст черновика совпадает с текстом подлинника.</p>
<p rend="petit left">Ответ на приветствие Федерации лиг единого земельного налога в Австралии по случаю 80-летнего юбилея Толстого. Подлинник приветствия написан по-английски. Перевод его опубликован в статье И. И. Горбунова-Посадова «28 августа в Ясной Поляне» — «Русские ведомости» 1908, № 202 от 31 августа.</p>
<p rend="petit left">Толстой продиктовал комментируемое письмо в день своего рождения. Это был единственный ответ на приветствия. На остальные Толстой ответил открытым письмом. <ref target="file:///Volume_78_Licamiuchrezhdeniyamprislavshimpozdravleniyakodnyuvosmidesyatiletiya_264.xml">См. письмо № 264</ref>.</p>
<p rend="Textpetit_otstup left"><hi>1</hi> Эта мысль Ж. Ж. Руссо помещена Толстым в «Круге чтения» 17 сентября.</p>
<p rend="left"><hi style="opnumber">222</hi> <hi style="npnumber">223</hi></p>
</comments></div></body>
        </text>
        </TEI>