<?xml version='1.0' encoding='UTF-8' standalone='no'?>

<TEI xmlns="http://www.tei-c.org/ns/1.0">
       <teiHeader>
          <fileDesc>
             <titleStmt>
                <title>Письмо №394. Завещание.</title>
             </titleStmt>
             <publicationStmt>
                <publisher>TolstoyLab</publisher>
                <date when="2015-09-14">14 September 2015</date>
             </publicationStmt>
             <sourceDesc>
                <biblStruct>
                   <analytic>
                      <author>Толстой Л.Н.</author>
                   </analytic>
                   <monogr>
                      <title level="m">Полное собрание сочинений. Том 80</title>
                      <imprint>
                         <pubPlace>Москва</pubPlace>
                         <publisher>Государственное издательство "Художественная литература"</publisher>
                         <date when="1955"/>
                      </imprint>
                   </monogr>
                   <series>
                      <title level="s">Л.Н. Толстой. Полное собрание сочинений</title>
                      <biblScope unit="vol">80</biblScope>
                   </series>
                </biblStruct>
             </sourceDesc>
          </fileDesc>
          <encodingDesc>
             <tagsDecl> </tagsDecl>
          </encodingDesc>
          <profileDesc>
             <correspDesc>
                <correspAction type="sending">
                   <persName ref="PersonList.xml#L_N_Tolstoy">Л. Н. Толстой</persName>
                   <placeName ref="PlacesListxml#PLACE">Крекшино</placeName>
                   <date when="1909-09-18">1909 г. Сентября 18.</date>            </correspAction>
                <correspAction type="receiving">
                   <persName ref="PersonList.xml#RECEIVER">Завещание.</persName>
                </correspAction>
                <correspContext>
                   <ref type="prev"/>
                </correspContext>
             </correspDesc>
          </profileDesc>
       </teiHeader>
       <xenoData><number type="in a volume">394</number></xenoData>

       <text xml:id="Zaveshhanie_394">
	<body><div>
		<opener index="false">
394. Завещание.
1909 г. Сентября 18. Крекшино.</opener>
<p rend="subtitle centerline center">
<hi rend="Razradka">Завещание.</hi>
</p>
<p rend="left">Заявляю, что желаю, чтобы все мои сочинения, литературные произведения и писания всякого рода, как уже где-либо напечатанные, так и еще не изданные, написанные или впервые напечатанные с 1 января 1881 года, а равно и все написанные мною до этого срока, но еще ненапечатанные, — не составляли бы после моей смерти ничьей частной собственности, а могли бы быть безвозмездно издаваемы и перепечатываемы всеми, кто этого захочет. Желаю, чтобы все рукописи и бумаги, которые останутся после меня, были<note xml:id="note1" resp="volume_editor" index="false"><hi>Окончание фразы в черновике (до исправления):</hi> предоставлены Владимиру Григорьевичу Черткову для просмотра, редактирования и решения того, какие из них подходят по его мнению для печати, и чтобы первым выпуском в печать этого материала заведовал бы он, согласно его собственному усмотрению.</note> бы переданы Владимиру Григорьевичу Черткову с тем, чтобы он и после моей смерти распоряжался ими, как он распоряжается ими теперь, для того чтобы все мои писания были безвозмездно доступны всем желающим ими пользоваться для издания. Прошу Владимира Григорьевича Черткова выбрать также такое лицо или лица, которым бы он передал это уполномочие на случай своей смерти. Лев Николаевич Толстой. Крекшино, 18 сентября 1909.</p>
<p rend="left">При подписании настоящего завещания присутствовали и сим удостоверяют, что Лев Николаевич Толстой при составлении настоящего завещания был в здравом уме и твердой памяти: свободный художник Александр Борисович Гольденвейзер, мещанин Алексей Петрович Сергеенко,<note xml:id="note2" resp="volume_editor" index="false">Об. А. П. Сергеенко (р. 1886) см. т. 77.</note> Александр Васильевич Калачев,<note xml:id="note3" resp="volume_editor" index="false"> Об А. В. Калачеве (ум. 1931) см. т. 78.</note> мещанин. Настоящее завещание переписала Александра <hi style="opdelimiter">Толстая.</hi><hi style="opnumber">267</hi></p>
<comments><p rend="Textpetit_otstup left"><hi style="npnumber">268</hi><hi style="npdelimiter">Подлинник</hi> написан рукой А. Л. Толстой, подписи собственноручные. Впервые опубликовано в приложении к «Дневнику Л. Н. Толстого», I, М. 1916, стр. 269. В ГМТ хранится черновик, написанный рукой А. П. Сергеенко и собственноручно исправленный Толстым.</p>
<p rend="petit left">Комментарий см. в прим. к завещанию от 1 ноября 1909 г.</p>
<p rend="Textpetit_otstup left"><hi>1 </hi><hi>Окончание фразы в черновике (до исправления):</hi> предоставлены Владимиру Григорьевичу Черткову для просмотра, редактирования и решения того, какие из них подходят по его мнению для печати, и чтобы первым выпуском в печать этого материала заведовал бы он, согласно его собственному усмотрению.</p>
<p rend="petit left"><hi>2 </hi>Об. А. П. Сергеенко (р. 1886) см. т. 77.</p>
<p rend="petit left"><hi>3</hi> Об А. В. Калачеве (ум. 1931) см. т. 78.</p>
</comments></div></body>
        </text>
        </TEI>