<?xml version='1.0' encoding='UTF-8' standalone='no'?>

<TEI xmlns="http://www.tei-c.org/ns/1.0">
       <teiHeader>
          <fileDesc>
             <titleStmt>
                <title>Письмо №* 29. В Тульское Дворянское Депутатское Собрание.</title>
             </titleStmt>
             <publicationStmt>
                <publisher>TolstoyLab</publisher>
                <date when="2015-09-14">14 September 2015</date>
             </publicationStmt>
             <sourceDesc>
                <biblStruct>
                   <analytic>
                      <author>Толстой Л.Н.</author>
                   </analytic>
                   <monogr>
                      <title level="m">Полное собрание сочинений. Том 59</title>
                      <imprint>
                         <pubPlace>Москва</pubPlace>
                         <publisher>Государственное издательство "Художественная литература"</publisher>
                         <date when="1935"/>
                      </imprint>
                   </monogr>
                   <series>
                      <title level="s">Л.Н. Толстой. Полное собрание сочинений</title>
                      <biblScope unit="vol">59</biblScope>
                   </series>
                </biblStruct>
				<bibl>Печатается по подлиннику, хранящемуся в Тульском арх. бюро («дело о роде гр. Н. И. Толстого»). Рукою Толстого написано лишь со слов: «Проситель граф...». Публикуется впервые. При прошении Толстого приложено свидетельство такого содержания:</bibl>
             </sourceDesc>
          </fileDesc>
          <encodingDesc>
             <tagsDecl> </tagsDecl>
          </encodingDesc>
          <profileDesc>
             <correspDesc>
                <correspAction type="sending">
                   <persName ref="PersonList.xml#L_N_Tolstoy">Л. Н. Толстой</persName>
                   <placeName ref="PlacesListxml#PLACE">Тула</placeName>
                   <date when="1850-11-18">1850 г. Ноября 18.</date>            </correspAction>
                <correspAction type="receiving">
                   <persName ref="PersonList.xml#RECEIVER">В Тульское Дворянское Депутатское Собрание</persName>
                </correspAction>
                <correspContext>
                   <ref type="prev"/>
                </correspContext>
             </correspDesc>
          </profileDesc>
       </teiHeader>
       <xenoData><number type="in a volume">29</number></xenoData>

              <text xml:id="VTulskoedvoryanskoedeputatskoesobranie_29">
	<body><div>
		<opener index="false">
* 29. В Тульское Дворянское Депутатское Собрание.
1850 г. Ноября 18. Тула?</opener>
<p rend="right">18 Ноября 1850 г.</p>
<p rend="right">27</p>
<p rend="left">№ 717</p>
<lb/>
<p rend="left"><choice><reg>В</reg><orig>Въ</orig></choice> Тульское Дворянское Депутатское <choice><reg>Собрание</reg><orig>Собранiе</orig></choice>.</p>
<p rend="Shapka"><choice><reg>Служащего</reg><orig>Служащаго</orig></choice> <choice><reg>в</reg><orig>въ</orig></choice> <choice><reg>сем</reg><orig>семъ</orig></choice> <choice><reg>Собрании</reg><orig>Собранiи</orig></choice> <choice><reg>в</reg><orig>въ</orig></choice> <choice><reg>числе</reg><orig>числѣ</orig></choice> <choice><reg>канцелярских</reg><orig>канцелярскихъ</orig></choice> <choice><reg>чиновников</reg><orig>чиновниковъ</orig></choice> Графа Льва Николаевича сына <choice><reg>Толстого</reg><orig>Толстаго</orig></choice></p>
<p rend="subtitle centerline">
<hi rend="Razradka"><choice><reg>Прошение</reg><orig>Прошенiе</orig></choice></hi>.
</p>
<p rend="left"><choice><reg>Известился</reg><orig>Извѣстился</orig></choice> я, что <choice><reg>Правительствующего</reg><orig>Правительствующаго</orig></choice> Сената Временное <choice><reg>Присутствие</reg><orig>Присутствiе</orig></choice> <choice><reg>Герольдии</reg><orig>Герольдiи</orig></choice> до сего времени не утвердило <choice><reg>покойного</reg><orig>покойнаго</orig></choice> родителя моего подполковника Графа Николая Ильича <choice><reg>Толстого</reg><orig>Толстаго</orig></choice> и меня <choice><reg>с</reg><orig>съ</orig></choice> братьями <choice><reg>Николаем</reg><orig>Николаемъ</orig></choice>, <choice><reg>Сергеем</reg><orig>Сергѣемъ</orig></choice> и <choice><reg>Дмитрием</reg><orig>Дмитриемъ</orig></choice> <choice><reg>в</reg><orig>въ</orig></choice> <choice><reg>правах</reg><orig>правахъ</orig></choice> <choice><reg>Графского</reg><orig>Графскаго</orig></choice> достоинства и возвратило <choice><reg>в</reg><orig>въ</orig></choice> оное <choice><reg>Собрание</reg><orig>Собранiе</orig></choice> представленную <choice><reg>в</reg><orig>въ</orig></choice> <choice><reg>Герольдию</reg><orig>Герольдiю</orig></choice> <choice><reg>копию</reg><orig>копiю</orig></choice> <choice><reg>с</reg><orig>съ</orig></choice> <choice><reg>дела</reg><orig>дѣла</orig></choice> о <hi style="opdelimiter"><choice><reg>внесении</reg><orig>внесенiи</orig></choice></hi><hi style="opnumber">58</hi> <hi style="npnumber">59</hi><hi style="npdelimiter"><choice><reg>нас</reg><orig>насъ</orig></choice></hi> <choice><reg>в</reg><orig>въ</orig></choice> 5-ю часть родословной Тульской <choice><reg>Губернии</reg><orig>Губернiи</orig></choice> книги, для <choice><reg>пополнения</reg><orig>пополненiя</orig></choice> и <choice><reg>составления</reg><orig>составленiя</orig></choice> родословной по <choice><reg>форме</reg><orig>формѣ</orig></choice> разосланной <choice><reg>в</reg><orig>въ</orig></choice> 1842 году, <choice><reg>в</reg><orig>въ</orig></choice> <choice><reg>следствие</reg><orig>слѣдствiе</orig></choice> чего считаю <choice><reg>нужным</reg><orig>нужнымъ</orig></choice> представить при <choice><reg>сем</reg><orig>семъ</orig></choice> <choice><reg>свидетельство</reg><orig>свидѣтельство</orig></choice> данное <choice><reg>мне</reg><orig>мнѣ</orig></choice> <choice><reg>с</reg><orig>съ</orig></choice> вышеозначенными братьями <choice><reg>от</reg><orig>отъ</orig></choice> родственника нашего по третьему <choice><reg>колену</reg><orig>колѣну</orig></choice> <choice><reg>утвержденного</reg><orig>утвержденнаго</orig></choice> уже <choice><reg>в</reg><orig>въ</orig></choice> <choice><reg>Графском</reg><orig>Графскомъ</orig></choice> <choice><reg>достоинстве</reg><orig>достоинствѣ</orig></choice> <choice><reg>уволенного</reg><orig>уволеннаго</orig></choice> <choice><reg>от</reg><orig>отъ</orig></choice> службы <choice><reg>Маиора</reg><orig>Маiора</orig></choice> и кавалера Графа <choice><reg>Валериана</reg><orig>Валерiана</orig></choice> Петровича <choice><reg>Толстого</reg><orig>Толстаго</orig></choice>, на <choice><reg>основании</reg><orig>основанiи</orig></choice> 59 ст. IX т. св. зак., изд. 1842 г. <choice><reg>в</reg><orig>въ</orig></choice> <choice><reg>том</reg><orig>томъ</orig></choice>, что мы по прямой <choice><reg>линии</reg><orig>линiи</orig></choice> <choice><reg>происходим</reg><orig>происходимъ</orig></choice> <choice><reg>от</reg><orig>отъ</orig></choice> родоначальника нашего Петра Андреевича <choice><reg>Толстого</reg><orig>Толстаго</orig></choice> <choice><reg>пожалованного</reg><orig>пожалованнаго</orig></choice> <choice><reg>в</reg><orig>въ</orig></choice> Графское достоинство <choice><reg>с</reg><orig>съ</orig></choice> <choice><reg>потомством</reg><orig>потомствомъ</orig></choice> <choice><reg>ИМПЕРАТОРОМ</reg><orig>ИМПЕРАТОРОМЪ</orig></choice> <choice><reg>ПЕТРОМ</reg><orig>ПЕТРОМЪ</orig></choice> <choice><reg>1-м</reg><orig>1-мъ</orig></choice>.</p>
<p rend="left">Тульское Дворянское Депутатское <choice><reg>Собрание</reg><orig>Собранiе</orig></choice> <choice><reg>покорнейше</reg><orig>покорнѣйше</orig></choice> прошу <choice><reg>приобща</reg><orig>прiобща</orig></choice> это <choice><reg>свидетельство</reg><orig>свидѣтельство</orig></choice> <choice><reg>к</reg><orig>къ</orig></choice> <choice><reg>делу</reg><orig>дѣлу</orig></choice> о <choice><reg>дворянстве</reg><orig>дворянствѣ</orig></choice> <choice><reg>нашем</reg><orig>нашемъ</orig></choice> представить оное <choice><reg>Правительствующего</reg><orig>Правительствующаго</orig></choice> Сената <choice><reg>в</reg><orig>въ</orig></choice> <choice><reg>Департамент</reg><orig>Департаментъ</orig></choice> <choice><reg>Герольдии</reg><orig>Герольдiи</orig></choice> и ходатайствовать о <choice><reg>утверждении</reg><orig>утвержденiи</orig></choice> меня <choice><reg>с</reg><orig>съ</orig></choice> означенными братьями <choice><reg>в</reg><orig>въ</orig></choice> <choice><reg>правах</reg><orig>правахъ</orig></choice> <choice><reg>потомственного</reg><orig>потомственнаго</orig></choice> <choice><reg>Дворянского</reg><orig>Дворянскаго</orig></choice> и <choice><reg>Графского</reg><orig>Графскаго</orig></choice> достоинства.</p>
<p rend="left">Проситель <choice><reg>Граф</reg><orig>Графъ</orig></choice> <choice><reg>Лев</reg><orig>Левъ</orig></choice> <choice><reg>Николаевич</reg><orig>Николаевичъ</orig></choice> Толстой руку <choice><reg>приложил</reg><orig>приложилъ</orig></choice>.</p>
<comments><p rend="Textpetit_otstup left">Печатается по подлиннику, хранящемуся в Тульском арх. бюро («дело о роде гр. Н. И. Толстого»). Рукою Толстого написано лишь со слов: «Проситель граф...». Публикуется впервые. При прошении Толстого приложено свидетельство такого содержания:</p>
<p rend="Textpetit_otstup left">«СВИДЕТЕЛЬСТВО. Я, нижеподписавшийся уволенный от службы майор и кавалер граф Валериан Петров сын Толстой на основании 59 статьи 9 тома Свода законов гражданских издания 1842 года дал сие свидетельство тульского помещика умершего подполковника и кавалера графа Николая Ильича Толстого детям: артиллерии подпоручику Николаю, губернским секретарям Сергею и Дмитрию, — и служащему в Тульском депутатском дворянском собрании Льву Николаевым графам Толстым в том, что, как из приложенной при сем поколенной рода нашего росписи видно, покойный граф Николай Ильич есть действительно законный сын графа Ильи Андреевича Толстого деда моего, графа Ивана Андреевича, родного брата и доводится мне двоюродный дядя, а вышепоименованные дети его, графы Николай, Сергей, Дмитрий и Лев троюродные братья; а как я и родной брат родителя моего умершего мичмана графа Петра Ивановича Толстого, майор граф Ианнуарий Иванович Толстой и весьма многие родственники наши по Костромской и Тульской губернии утверждены уже герольдиею в графском достоинстве, и герб рода нашего находится в гербовнике, то для такового ж утверждения означенных троюродных моих братьев графов Николая, Сергея, Дмитрия и Льва Толстых в носимом ими достоинстве, как происходящих от одного родоначальника, предка <hi style="opdelimiter">нашего</hi><hi style="opnumber">59</hi> <hi style="npnumber">60</hi><hi style="npdelimiter">графа</hi> Петра Андреевича Толстого, это свидетельство для представления в Тульское дворянское депутатское собрание, за подписом моим и благородных свидетелей, им графам Толстым и выдал. Октября дня 1850 года. А что в лице первого листа почищенному написано (Льву Никола:) то сие верно. Отставной майор и кавалер граф Валериан Петров сын Толстой.</p>
<p rend="petit left">Что действительно графы Николай, Сергей, Дмитрий и Лев Толстые есть троюродные братья майору графу Валериан Петровичу Толстому, рукою коего подписано это свидетельство, в том удостоверяю штабс-капитан Николай Евгеньевич сын Неелов. В том же удостоверяю коллежский регистратор Василий Александрович Кретов. В том же удостоверяю надворный советник Родион Михайлов сын Журавлев. В том же удостоверяю штабс-капитан Андрей Савостьянович сын Гофштеттер. В том же удостоверяю гвардии поручик барон Александр Антонов сын Дельвиг. В том же удостоверяю штабс-ротмистр Александр Николаев Сомов. В том же удостоверяю штабс-капитан Павел Иванов Сухотин. В том же удостоверяю майор Иван Никифоров <hi>[подп</hi>. <hi>неразб.].</hi> В том же удостоверяю штабс-капитан Александр Чапкин. В том же удостоверяю капитан и кавалер Александр Протасов. В том же удостоверяю коллежский асессор и кавалер Матвей Степанов сын Чернавкин.</p>
<lb/>
<p rend="subtitle centerline">
КРАТКАЯ ПОКОЛЕННАЯ РОСПИСЬ ГРАФОВ ТОЛСТЫХ
</p>
<div rend="image"><figure><graphic url="./img/b00000654.png"/></figure></div><p class="petit left">Отставной майор и кавалер граф Валериан Петров сын Толстой.</p>
<p rend="petit left">1850 года ноября 16 дня Тульской губернии Крапивенский земский <hi style="opdelimiter">суд</hi><hi style="opnumber">60</hi> <hi style="npnumber">61</hi><hi style="npdelimiter">сим</hi> удостоверяет, что сие свидетельство действительно подписано рукою отставного майора и кавалера графа Валериана Петрова Толстого и свидетелями под оною равно и под поколенною росписью его же Толстого.</p>
<p rend="petit left">Крапивенский исправник и кавалер (подпись). В должности секретаря (подпись). Столоначальник (подпись)».</p>
<p rend="petit left">Николай Евгеньевич <hi>Неелов</hi> (1815—1852), чернский помещик, штабс-капитан (1842), участник Польской кампании 1830—1831 гг., чернский уездный исправник. Василий Александрович <hi>Кретов</hi> (1826—1881), чернский помещик, коллежский секретарь, участвовал в Тульском ополчении 1855 г. Родион Михайлович <hi>Журавлев,</hi> коллежский ассесор, штаб-лекарь (1843). Андрей Севастьянович <hi>Гофштеттер</hi> (1796—1866), сын выходца из Австрии, чернский помещик, штабс-капитан, земский исправник Чернского уезда в 1838—1840 гг. и в 1850—1852 гг. О бар. Александре Антоновиче <hi>Дельвиге</hi> см. прим. 7 к п. № 97. Об Александре Николаевиче <hi>Сомове</hi> сведений не имеем. Павел Иванович <hi>Сухотин</hi> (1812—1871), штабс-капитан в отставке (1840), участник Тульского ополчения 1855 г., в 1865—1873 гг. заседатель земского суда. Александр <hi>Чапкин</hi> — м. б. Александр Васильевич Чапкин, сын Василия Никитича Чапкина (р. в 1791 г.) и Соломониды Петровны Суходольской, штабс-капитан Александр Андреевич <hi>Протасов,</hi> чернский помещик, капитан (1837), участник Турецкой кампании 1828 г. и Польской 1830—1831 гг. Матвей Степанович <hi>Чернавкин </hi>(1787—1855), коллежский асессор, крапивенский уездный стряпчий, заседатель Крапивенского уездного суда в 1850—1855 гг.</p>
<p rend="petit left">Родоначальник Толстых, <hi>Индрис,</hi> в крещении Леонтий, выехал «из Немец, из Цесарския земли» в Чернигов в 1353 г. и был в Чернигове боярином (I колено). Старший сын его Литвинос, в крещении <hi>Константин,</hi> выехал с отцом в Чернигов и был там боярином (II кол.). У него был один сын <hi>Харитон</hi> (III кол.), у которого тоже был один сын <hi>Андрей </hi>(IV кол.), «приехавший из Чернигова к Москве, к в. к. Василию Васильевичу всея России (1435—1462), который прозвал его Толстым, и от него пошли Толстые, о сем свидетельствует грамота великого государя, царя и великого князя Иоанна Васильевича» (Родословие 1686 г.).</p>
<p rend="petit left">В приложенной к прошению Толстого таблице допущена ошибка. <hi>Петр, </hi>«пожалованный за услуги отечеству графом», показан сыном Андрея Харитоновича, тогда как он (Петр) является представителем XV колена Толстых, т. е. между Андреем Харитоновичем Толстым и гр. Петром Андреевичем Толстым числится еще десять колен. Сын Андрея Васильевича (ум. в 1690), окольничего (с 1682 г.) и Милославской, Петр Андреевич Толстой (1645—1729), видный деятель царствования Петра I, получил графский титул 7 мая 1724 г. и был женат на Соломониде Тимофеевне Дубровской. В 1727 г. он был лишен всех своих чинов, имений и титула и сослан в Соловецкий монастырь, где и умер. Старший сын его <hi>Иван Петрович</hi> (ум. в 1728 г.), президент Юстиц-коллегии, вместе с отцом был сослан в Соловки, где и умер. С апреля 1711 г. он был женат на Прасковье Михайловне Ртищевой. Сыну его <hi>Андрею Ивановичу</hi> (1721—1803) 26 мая 1760 г. был возвращен графский титул. Он был женат (с 9 июня 1745 г.) на кж. Александре Ивановне Щетининой (ум. 2 февраля 1811 г.), от которой имел двадцать трех детей. Старший сын его гр. <hi>Петр Андреевич</hi> <hi style="opdelimiter">(1746—1882),</hi><hi style="opnumber">61</hi> <hi style="npnumber">62</hi><hi style="npdelimiter">генерал</hi> кригс-комиссар, был женат на Елизавете Егоровне Барбо-де-Марни (1750—1802). Брат его гр. <hi>Иван Андреевич</hi> (1747—18..), кологривский предводитель дворянства, был женат на Анне Федоровне Майковой (1771—1834). Брат его гр. <hi>Василий Андреевич</hi> (1753—1824) статский советник, был женат на Екатерине Яковлевне Трегубовой (ум. в 1832 г.). Брат его, дед Толстого гр. <hi>Илья Андреевич</hi> (1757—1820), статский советник, казанский губернатор, изображенный Толстым в «Войне и мире» в лице гр. Ильи Андреевича Ростова, был женат на кж. Пелагее Николаевне Горчаковой (1762—1838). Брат его гр. <hi>Федор Андреевич</hi> (1758—1849), собиратель рукописей, был женат на Стефаниде Алексеевне Дурасовой (ум. в 1821 г.). Гр. <hi>Андрей Андреевич</hi> (1771—1844), белевский предводитель дворянства, был женат на Прасковье Васильевне Барыковой (1796—1879). Сын гр. Ивана Андреевича, двоюродный дядя Толстого, гр. <hi>Федор Иванович</hi> (1782—1846), прозванный «американцем», приятель Пушкина, известный своим необузданным нравом, дуэлянт и картежный игрок, по определению Толстого («Воспоминания детства»), «необыкновенный, преступный и привлекательный человек». Брат его, двоюродный дядя Толстого, гр. <hi>Петр Иванович</hi> (1785—1834) мичман в отставке, умерший от чахотки, тоже упоминаемый Толстым в «Воспоминаниях детства», был женат на Елизавете Александровне Ергольской (1790—1851). сестре Татьяны Александровны. Брат его, двоюродный дядя Толстого гр. <hi>Ианнуарий Иванович</hi> (1792—l8..), участник Отечественной войны 1812—1814 гг., костромской помещик, был женат на Екатерине Дмитриевне Ляпуновой (ум. в 1882 г<hi>.).</hi> Сын его гр. <hi>Дмитрий Ианнуарьевич</hi> (1827—1859) был женат на бар. Марье Михайловне Менгден-фон-Альтенвога (1829—1902).</p>
</comments></div></body>
        </text>
        </TEI>