<?xml version='1.0' encoding='UTF-8' standalone='no'?>

<TEI xmlns="http://www.tei-c.org/ns/1.0">
       <teiHeader>
          <fileDesc>
             <titleStmt>
                <title>Письмо №*257. Редакции газеты «The North American».</title>
             </titleStmt>
             <publicationStmt>
                <publisher>TolstoyLab</publisher>
                <date when="2015-09-14">14 September 2015</date>
             </publicationStmt>
             <sourceDesc>
                <biblStruct>
                   <analytic>
                      <author>Толстой Л.Н.</author>
                   </analytic>
                   <monogr>
                      <title level="m">Полное собрание сочинений. Том 75</title>
                      <imprint>
                         <pubPlace>Москва</pubPlace>
                         <publisher>Государственное издательство "Художественная литература"</publisher>
                         <date when="1956"/>
                      </imprint>
                   </monogr>
                   <series>
                      <title level="s">Л.Н. Толстой. Полное собрание сочинений</title>
                      <biblScope unit="vol">75</biblScope>
                   </series>
                </biblStruct>
             </sourceDesc>
          </fileDesc>
          <encodingDesc>
             <tagsDecl> </tagsDecl>
          </encodingDesc>
          <profileDesc>
             <correspDesc>
                <correspAction type="sending">
                   <persName ref="PersonList.xml#L_N_Tolstoy">Л. Н. Толстой</persName>
                   <placeName ref="PlacesListxml#PLACE">Ясная Поляна</placeName>
                   <date when="1904-11-18">1904 г. Ноября 18.</date>            </correspAction>
                <correspAction type="receiving">
                   <persName ref="PersonList.xml#RECEIVER">Редакции газеты «The North American».</persName>
                </correspAction>
                <correspContext>
                   <ref type="prev">Ответ на телеграмму редакции «The North American» от 25/ХІ н. с. 1904 г.: «Очень оценили бы подробный ответ на сто или более слов, объясняющий значение, цель и вероятные последствия земской агитации. Американцы глубоко заинтересованы».</ref>
                </correspContext>
             </correspDesc>
          </profileDesc>
       </teiHeader>
       <xenoData><number type="in a volume">257</number></xenoData>

              <text xml:id="VredakciyugazetyTheNorthAmerican_257">
	<body><div>
		<opener index="false">
*257. Редакции газеты «The North American».

1904г. Ноября 18. Я. П.
</opener><p rend="left">18 ноябрь 1904</p>

<p rend="Obrashenie left">Филадельфия, Северо-Американская газета.</p>
<p rend="left">Цель агитации земства<note xml:id="note1" resp="volume_editor" index="false"> В начале XX в. в связи с подъемом революционного движения в стране усилилось земское движение, которое представляло собой умеренно-оппозиционное движение либеральных помещиков и либеральной буржуазии. Петербургский земский съезд 6—9 ноября 1904 г. выработал программу умеренных политических реформ и выдвинул требование созыва центрального представительного учреждения с законодательными правами.</note> — ограничение деспотизма и установление представительного правительства. Вероятные последствия не могут быть предвидены. Достигнут ли вожаки агитации своих целей, или будут только продолжать мутить общество, — в обоих случаях верный результат всего этого дела будет отсрочка истинного социального улучшения. Истинное социальное улучшение может быть достигнуто только религиозным, нравственным совершенствованием всех отдельных личностей. Политическая же агитация, ставя перед отдельными личностями губительную иллюзию социального улучшения посредством изменения внешних форм, обыкновенно останавливает истинный прогресс, — что можно заметить во всех конституционных государствах — Франции, Англии, Америке.</p>
<p rend="right">Лев Толстой</p>
<comments><p rend="Textpetit_otstup left">Английский и русский тексты печатаются по копии, сделанной рукой М. Л. Оболенской и вклеенной в копировальную книгу № 6, лл. 251— 252. Два черновика-автографа английского текста и черновик перевода хранятся в ГМТ. Русский текст впервые опубликован в «Московских ведомостях» 1904, № 331 от 30 ноября, стр. 3.</p>
<p rend="petit left">Ответ на телеграмму редакции «The North American» от 25/ХІ н. с. 1904 г.: «Очень оценили бы подробный ответ на сто или более слов, объясняющий значение, цель и вероятные последствия земской агитации. Американцы глубоко заинтересованы».</p>
<p rend="Textpetit_otstup left"><hi>1</hi> В начале XX в. в связи с подъемом революционного движения в стране усилилось земское движение, которое представляло собой умеренно-оппозиционное движение либеральных помещиков и либеральной буржуазии. Петербургский земский съезд 6—9 ноября 1904 г. выработал программу умеренных политических реформ и выдвинул требование созыва центрального представительного учреждения с законодательными правами.</p>
</comments></div></body>
        </text>
        </TEI>