<?xml version='1.0' encoding='UTF-8' standalone='no'?>

<TEI xmlns="http://www.tei-c.org/ns/1.0">
       <teiHeader>
          <fileDesc>
             <titleStmt>
                <title>Письмо №* 357. Президенту «The National Food Reform Association». Черновое.</title>
             </titleStmt>
             <publicationStmt>
                <publisher>TolstoyLab</publisher>
                <date when="2015-09-14">14 September 2015</date>
             </publicationStmt>
             <sourceDesc>
                <biblStruct>
                   <analytic>
                      <author>Толстой Л.Н.</author>
                   </analytic>
                   <monogr>
                      <title level="m">Полное собрание сочинений. Том 80</title>
                      <imprint>
                         <pubPlace>Москва</pubPlace>
                         <publisher>Государственное издательство "Художественная литература"</publisher>
                         <date when="1955"/>
                      </imprint>
                   </monogr>
                   <series>
                      <title level="s">Л.Н. Толстой. Полное собрание сочинений</title>
                      <biblScope unit="vol">80</biblScope>
                   </series>
                </biblStruct>
             </sourceDesc>
          </fileDesc>
          <encodingDesc>
             <tagsDecl> </tagsDecl>
          </encodingDesc>
          <profileDesc>
             <correspDesc>
                <correspAction type="draft">
                   <persName ref="PersonList.xml#L_N_Tolstoy">Л. Н. Толстой</persName>
                   <placeName ref="PlacesListxml#PLACE">Ясная Поляна</placeName>
                   <date when="1909-12-12">1909 г. Декабря 12</date>            </correspAction>
                <correspAction type="receiving">
                   <persName ref="PersonList.xml#RECEIVER">Президенту «The National Food Reform Association»</persName>
                </correspAction>
                <correspContext>
                   <ref type="prev"/>
                </correspContext>
             </correspDesc>
          </profileDesc>
       </teiHeader>
       <xenoData><number type="in a volume">357</number></xenoData>

       <text xml:id="PrezidentuTheNationalFoodReformAssociation_357">
	<body><div>
		<opener index="false">
* 357. Президенту «The National Food Reform Association». Черновое.

1909г. Декабря 12/25. Я. П.</opener>
<p rend="left">Благодарю за честь, рад <choice original_editorial_correction='б[ыл]'><sic>б</sic><corr>был</corr></choice> узнать о существовании такого полезного учреждения.</p>
<comments><p rend="Textpetit_otstup left">Черновик-автограф, написанный на конверте письма адресата.</p>
<p rend="petit left">Письмом от 15 декабря н. ст. 1909 г. лондонское вегетарианское общество «The National Food Reform Association» уведомило Толстого об (избрании его одним из вице-президентов этого Общества. На конверте пометка О. К. Толстой: «Ответила на английском языке О. Т. 12/25 декабря 09, подписано Л. H.». В какой редакции послано письмо, неизвестно.</p>
<p rend="emptyline left"><hi style="opnumber">243</hi> <hi style="npnumber">244</hi></p>
</comments></div></body>
        </text>
        </TEI>