<?xml version='1.0' encoding='UTF-8' standalone='no'?>

<TEI xmlns="http://www.tei-c.org/ns/1.0">
       <teiHeader>
          <fileDesc>
             <titleStmt>
                <title>Письмо №130. Духоборам, переселившимся в Канаду.</title>
             </titleStmt>
             <publicationStmt>
                <publisher>TolstoyLab</publisher>
                <date when="2015-09-14">14 September 2015</date>
             </publicationStmt>
             <sourceDesc>
                <biblStruct>
                   <analytic>
                      <author>Толстой Л.Н.</author>
                   </analytic>
                   <monogr>
                      <title level="m">Полное собрание сочинений. Том 77</title>
                      <imprint>
                         <pubPlace>Москва</pubPlace>
                         <publisher>Государственное издательство "Художественная литература"</publisher>
                         <date when="1956"/>
                      </imprint>
                   </monogr>
                   <series>
                      <title level="s">Л.Н. Толстой. Полное собрание сочинений</title>
                      <biblScope unit="vol">77</biblScope>
                   </series>
                </biblStruct>
             </sourceDesc>
          </fileDesc>
          <encodingDesc>
             <tagsDecl> </tagsDecl>
          </encodingDesc>
          <profileDesc>
             <correspDesc>
                <correspAction type="sending">
                   <persName ref="PersonList.xml#L_N_Tolstoy">Л. Н. Толстой</persName>
                   <placeName ref="PlacesListxml#PLACE">Ясная Поляна</placeName>
                   <date when="1907-05-23">1907 г. Мая 23.</date>            </correspAction>
                <correspAction type="receiving">
                   <persName ref="PersonList.xml#RECEIVER">Духоборам, переселившимся в Канаду.</persName>
                </correspAction>
                <correspContext>
                   <ref type="prev"/>
                </correspContext>
             </correspDesc>
          </profileDesc>
       </teiHeader>
       <xenoData><number type="in a volume">130</number></xenoData>

              <text xml:id="DuxoborampereselivshimsyavKanadu_130">
	<body><div>
		<opener index="false">
130. Духоборам, переселившимся в Канаду.
1907 г. Мая 23. Я. П.</opener>
<p rend="left">Милые друзья и братья, вы получите письмо от Н. Г. Суткового. Он, близкий мне и вам по духу человек, поехал по моему указанию в Самарскую губернию, чтобы раздать, распределить между нуждающимися пожертвованные вами деньги. В газетах писали, что нужда там очень велика. Поехав же на место, <choice original_editorial_correction='Н[иколай]'><sic>Н</sic><corr>Николай</corr></choice> <choice original_editorial_correction='Г[ригорьевич]'><sic>Г</sic><corr>Григорьевич</corr></choice> увидал, что хотя и большая, но и правительством и <choice original_editorial_correction='Кр[асным]'><sic>Кр</sic><corr>Красным</corr></choice> <choice original_editorial_correction='Кр[ест]ом'><sic>Кром</sic><corr>Крестом</corr></choice> так много устроено столовых для питания нуждающихся, что для этого ничего уже делать не нужно. Сначала мы с ним решили, что он будет помогать деньгами потерявшим скот, жилища, семена. Но он придумал другое, о чем будет писать вам. Знаю я, что те люди, о каких он будет писать вам, добролюбовские братья, люди истинно христианского духа и жизни, знаю, что сам Сутковой такой же человек; может ли выйти из его затеи то, чего он ожидает, никто знать не может, но желание хорошее. От вас зависит решить, как ему поступить: продолжать ли разузнавать самых бедных и помогать им, или сосредоточить все силы на осуществление его предположения.<note xml:id="note1" resp="volume_editor" index="false"> Намерение Н. Г. Суткового помочь устройству общины Добролюбовцев нe могло осуществиться. А. М. Добролюбов и его последователи отказались от помощи, не желая, чтоб им было отдано предпочтение перед другими нуждающимися.</note></p>
<p rend="left">Братски приветствую вас. Передайте также мой привет Петру Васильевичу<note xml:id="note2" resp="volume_editor" index="false"> Петр Васильевич Веригин.</note> и Планидину.<note xml:id="note3" resp="volume_editor" index="false"> Павел Васильевич Планидин.</note> Помогай вам бог <hi style="opdelimiter">по-христиански</hi><hi style="opnumber">115</hi> <hi style="npnumber">116</hi><hi style="npdelimiter">с</hi> покорностью воле божией и кротостью и любовью к тем, которые хотели вам делать зло, переносить ваше испытание.<note xml:id="note4" resp="volume_editor" index="false"> <ref target="file:///Volume_77_V.A.Makaseevu_121.xml">См. письмо № 121</ref>.</note> Христианин может жить и в достатке и в нужде. В нужде для души легче.</p>
<p rend="left">23 мая 1907 г.</p>
<comments><p rend="Textpetit_otstup left">Печатается но копировальной книге № 7, л. 348, куда вклеена машинописная копия (дубликат подлинника?); подпись не восстановлена, дата воспроизведена рукой Ю. И. Игумновой. Впервые опубликовано в книге: «Лев Толстой и голод», Нижний Новгород, 1912, стр. 207.</p>
<p rend="Textpetit_otstup left"><hi>1</hi> Намерение Н. Г. Суткового помочь устройству общины Добролюбовцев нe могло осуществиться. А. М. Добролюбов и его последователи отказались от помощи, не желая, чтоб им было отдано предпочтение перед другими нуждающимися.</p>
<p rend="petit left"><hi>2</hi> Петр Васильевич Веригин.</p>
<p rend="petit left"><hi>3</hi> Павел Васильевич Планидин.</p>
<p rend="petit left"><hi>4</hi> <ref target="file:///Volume_77_V.A.Makaseevu_121.xml">См. письмо № 121</ref>.</p>
</comments></div></body>
        </text>
        </TEI>