<?xml version='1.0' encoding='UTF-8' standalone='no'?>

<TEI xmlns="http://www.tei-c.org/ns/1.0">
       <teiHeader>
          <fileDesc>
             <titleStmt>
                <title>Письмо №150. Неизвестной (учительнице Е. Б.).</title>
             </titleStmt>
             <publicationStmt>
                <publisher>TolstoyLab</publisher>
                <date when="2015-09-14">14 September 2015</date>
             </publicationStmt>
             <sourceDesc>
                <biblStruct>
                   <analytic>
                      <author>Толстой Л.Н.</author>
                   </analytic>
                   <monogr>
                      <title level="m">Полное собрание сочинений. Том 81</title>
                      <imprint>
                         <pubPlace>Москва</pubPlace>
                         <publisher>Государственное издательство "Художественная литература"</publisher>
                         <date when="1956"/>
                      </imprint>
                   </monogr>
                   <series>
                      <title level="s">Л.Н. Толстой. Полное собрание сочинений</title>
                      <biblScope unit="vol">81</biblScope>
                   </series>
                </biblStruct>
				<bibl>Печатается по машинописному подлиннику. Кроме того, сохранился черновик-автограф, написанный на почтовой бумаге. Черновик-автограф испещрен многочисленными поправками Толстого, делавшимися в процессе писания. Впервые опубликовано вместе с письмом адресата в «Сборнике Государственного Толстовского музея», Гослитиздат, М. 1937. стр. 246—247.</bibl>
             </sourceDesc>
          </fileDesc>
          <encodingDesc>
             <tagsDecl> </tagsDecl>
          </encodingDesc>
          <profileDesc>
             <correspDesc>
                <correspAction type="sending">
                   <persName ref="PersonList.xml#L_N_Tolstoy">Л. Н. Толстой</persName>
                   <placeName ref="PlacesListxml#PLACE">Ясная Поляна</placeName>
                   <date when="1910-03-01">1910 г. Марта 1.</date>            </correspAction>
                <correspAction type="receiving">
                   <persName ref="PersonList.xml#RECEIVER">Неизвестной (учительнице Е. Б.).</persName>
                </correspAction>
                <correspContext>
                   <ref type="prev"/>
                </correspContext>
             </correspDesc>
          </profileDesc>
       </teiHeader>
       <xenoData><number type="in a volume">150</number></xenoData>

       <text xml:id="NeizvestnojuchitelniceE.B._150">
	<body><div>
		<opener index="false">
150. Неизвестной (учительнице Е. Б.).
1910 г. Марта 1. Я. П.</opener>
<p rend="right">1 марта 1910 г. Ясная Поляна.</p>
<p rend="left">Посоветуйте мальчику не писать стихов. То, что он пишет, нельзя даже назвать стихами — так это плохо.</p>
<p rend="left">Посоветуйте не писать.</p>
<p rend="left">Слово — дело великое. Великое потому, что оно есть могущественнейшее средство единения людей. Так соединили и соединяют людей слова великих учителей мира — Христа и <choice original_editorial_correction='др[угих]'><sic>др</sic><corr>других</corr></choice>. Но слово может быть и орудием зла, когда оно не соединяет, а разъединяет людей. Может быть и оскорблением того, кто их произносит, когда оно употребляется для сквернословия или коверкания языка безобразными стихами. И потому с словом надо обращаться с уважением к этому великому человеческому свойству и говорить только то, что нужно, и во всех случаях стараясь сказать это, как можно проще и яснее, не стесняясь умышленно размером, рифмой. Скажите это вашему мальчику.</p>
<p rend="left">Последние лет 5 я получаю ежедневно не менее 2-х писем от деревенских стихотворцев с ужасным набором слов, которые представляются их авторам стихотворениями, с просьбами помочь «развитию их дара», как они выражаются, и поместить их произведения в печати. Если счесть, сколько я получил таких писем со стихотворениями за последние года, то это будут тысячи. А сколько еще таких, которые, занимаясь тем же, не обращаются ко мне? Так что стихотворство в народе сделалось за последнее время зловредной эпидемией, которую не только не надо поощрять, но против которой, наоборот, надо всеми силами бороться, тем более, что в основе этого сочинительства лежат большей частью очень дурные чувства тщеславия и корысти.</p>
<p rend="left">Точно так же считаю ненужным поощрять и желание под предлогом образования вступления в учебные заведения, дающие диплом и возможность выйти из своего рабочего сословия и сесть ему на шею.</p>
<p rend="left">Приобретение всех нужных человеку знаний всякий грамотный рабочий человек может легко получить из книг, которые стали теперь вполне доступны самым бедным <hi style="opdelimiter">людям.</hi><hi style="opnumber">120</hi></p>
<p rend="left"><hi style="npnumber">121</hi><hi style="npdelimiter">Посылаю</hi> вам несколько копеечных книжек, имея в виду преимущественно мальчика со склонностью к философии. Дайте ему по одному экземпляру тех, которых два.</p>
<p rend="left">Посылаю вам и вышедшие книжки «На каждый день». Вы в числах 18 или 19 найдете мой взгляд, подтверждаемый великими мыслителями, на назначение истинной и на вред ложной науки.</p>
<p rend="right">Лев Толстой.</p>
<comments><p rend="Textpetit_otstup left">Печатается по машинописному подлиннику. Кроме того, сохранился черновик-автограф, написанный на почтовой бумаге. Черновик-автограф испещрен многочисленными поправками Толстого, делавшимися в процессе писания. Впервые опубликовано вместе с письмом адресата в «Сборнике Государственного Толстовского музея», Гослитиздат, М. 1937. стр. 246—247.</p>
<p rend="petit left">Е. Б. — учительница школы в с. Изрог Ефремовского уезда Тульской губ., в письме от 26 февраля 1910 г. обратилась к Толстому с просьбой просмотреть стихи ее ученика 15-летнего крестьянского мальчика, а также спрашивала, следует ли «стараться о дальнейшем образовании мальчика». Об этом письме см. Дневник В. Ф. Булгакова, стр. 95.</p>
</comments></div></body>
        </text>
        </TEI>