<?xml version='1.0' encoding='UTF-8' standalone='no'?>

<TEI xmlns="http://www.tei-c.org/ns/1.0">
       <teiHeader>
          <fileDesc>
             <titleStmt>
                <title>Письмо №298. N.N. (Л-й).</title>
             </titleStmt>
             <publicationStmt>
                <publisher>TolstoyLab</publisher>
                <date when="2015-09-14">14 September 2015</date>
             </publicationStmt>
             <sourceDesc>
                <biblStruct>
                   <analytic>
                      <author>Толстой Л.Н.</author>
                   </analytic>
                   <monogr>
                      <title level="m">Полное собрание сочинений. Том 78</title>
                      <imprint>
                         <pubPlace>Москва</pubPlace>
                         <publisher>Государственное издательство "Художественная литература"</publisher>
                         <date when="1956"/>
                      </imprint>
                   </monogr>
                   <series>
                      <title level="s">Л.Н. Толстой. Полное собрание сочинений</title>
                      <biblScope unit="vol">78</biblScope>
                   </series>
                </biblStruct>
				<bibl>Печатается по копировальной книге № 8, л. 355. Письмо плохо отпечаталось, подпись и дата печатаются по вклеенной в книгу машинописной копии. Впервые опубликовано в TT, 1, стр. 21—22.</bibl>
             </sourceDesc>
          </fileDesc>
          <encodingDesc>
             <tagsDecl> </tagsDecl>
          </encodingDesc>
          <profileDesc>
             <correspDesc>
                <correspAction type="sending">
                   <persName ref="PersonList.xml#L_N_Tolstoy">Л. Н. Толстой</persName>
                   <placeName ref="PlacesListxml#PLACE">Ясная Поляна</placeName>
                   <date when="1908-11-23">1908 г. Ноября 23.</date>            </correspAction>
                <correspAction type="receiving">
                   <persName ref="PersonList.xml#RECEIVER">N.N. (Л-й).</persName>
                </correspAction>
                <correspContext>
                   <ref type="prev">Ответ на письмо Л-й от 8 октября 1908 г. Корреспондентка писала о своей тяжелой жизни: муж сошелся с ее сестрой. Уйти от него она не решается, чтобы не лишить детей их отца. Просила совета (опубликовано в «Литературном наследстве», № 37-38, стр. 380—381).</ref>
                </correspContext>
             </correspDesc>
          </profileDesc>
       </teiHeader>
       <xenoData><number type="in a volume">298</number></xenoData>

              <text xml:id="NNL-j_298">
	<body><div>
		<opener index="false">
298. N.N. (Л-й).
1908 г. Ноября 23. Я. П.</opener>
<p rend="subtitle centerline">
[2]<note xml:id="note1" resp="volume_editor" index="false"> Имя и отчество выпущены редакцией.</note>
</p>
<p rend="left">Давно уже получил ваше письмо и очень сожалею о том, что до сих пор не успел ответить на него.</p>
<p rend="left">Положение ваше очень трудное, и я всей душой сочувствую ему Мой совет в том, чтобы, продолжая с добротой относиться к мужу, высказать ему всю естественно испытываемую вами тяжесть вашего положения и, главное, прекратить с ним супружеские отношения. Если бы у вас не было детей, то вам не только можно, но и следовало бы оставить мужа. При теперешних же условиях вы связаны с ним, и эта ваша страдальческая жизнь, если только вы будете нести ее с кротостью и в целомудрии, должна будет, по всем вероятиям, заставить опомниться и его и вашу сестру. Желаю вам силы душевной для перенесения вашего испытания и уверен, что, как ни тяжело ваше положение, оно обратится в благо и вам, и вашему мужу, и вашей сестре, если вы будете нести его с кротостью и любовью.</p>
<p rend="right">Лев Толстой.</p>
<p rend="left">23 ноября 1908.</p>
<comments><p rend="Textpetit_otstup left">Печатается по копировальной книге № 8, л. 355. Письмо плохо отпечаталось, подпись и дата печатаются по вклеенной в книгу машинописной копии. Впервые опубликовано в TT, 1, стр. 21—22.</p>
<p rend="petit left">Ответ на письмо Л-й от 8 октября 1908 г. Корреспондентка писала о своей тяжелой жизни: муж сошелся с ее сестрой. Уйти от него она не решается, чтобы не лишить детей их отца. Просила совета (опубликовано в «Литературном наследстве», № 37-38, стр. 380—381).</p>
<p rend="Textpetit_otstup left"><hi>1</hi> Имя и отчество выпущены редакцией.</p>
<p rend="left"><hi style="opnumber">267</hi> <hi style="npnumber">268</hi></p>
</comments></div></body>
        </text>
        </TEI>