<?xml version='1.0' encoding='UTF-8' standalone='no'?>

<TEI xmlns="http://www.tei-c.org/ns/1.0">
       <teiHeader>
          <fileDesc>
             <titleStmt>
                <title>Письмо №* 241. Становому приставу... стана Новосильского уезда</title>
             </titleStmt>
             <publicationStmt>
                <publisher>TolstoyLab</publisher>
                <date when="2015-09-14">14 September 2015</date>
             </publicationStmt>
             <sourceDesc>
                <biblStruct>
                   <analytic>
                      <author>Толстой Л.Н.</author>
                   </analytic>
                   <monogr>
                      <title level="m">Полное собрание сочинений. Том 79</title>
                      <imprint>
                         <pubPlace>Москва</pubPlace>
                         <publisher>Государственное издательство "Художественная литература"</publisher>
                         <date when="1955"/>
                      </imprint>
                   </monogr>
                   <series>
                      <title level="s">Л.Н. Толстой. Полное собрание сочинений</title>
                      <biblScope unit="vol">79</biblScope>
                   </series>
                </biblStruct>
				<bibl>Печатается по дубликату подлинника. Датируется по содержанию (см. следующее письмо).</bibl>
             </sourceDesc>
          </fileDesc>
          <encodingDesc>
             <tagsDecl> </tagsDecl>
          </encodingDesc>
          <profileDesc>
             <correspDesc>
                <correspAction type="sending">
                   <persName ref="PersonList.xml#L_N_Tolstoy">Л. Н. Толстой</persName>
                   <placeName ref="PlacesListxml#PLACE">Ясная Поляна</placeName>
                   <date when="1909-05-21">1909 г. Мая 21?</date>            </correspAction>
                <correspAction type="receiving">
                   <persName ref="PersonList.xml#RECEIVER">Становому приставу... стана Новосильского уезда</persName>
                </correspAction>
                <correspContext>
                   <ref type="prev"/>
                </correspContext>
             </correspDesc>
          </profileDesc>
       </teiHeader>
       <xenoData><number type="in a volume">241</number></xenoData>

              <text xml:id="Stanovomupristavu...stanaNovosilskogouezdaTulskojgubernii_241">
	<body><div>
		<opener index="false">
* 241. Становому приставу... стана Новосильского уезда<lb/>
Тульской губернии.
1909 г. Мая 21? Я. П.</opener>
<p rend="subtitle centerline center">

Господину становому приставу<note xml:id="note1" resp="volume_editor" index="false"> Далее оставлено место для указания стана. В Новосильском уезде было три стана. В 1909 г. становым приставом первого стана был Василий Николаевич Грущецкий; второго — Алекс. Николаевич Шаталов; третьего — Дмитрий Кондратьевич Виноградов.</note> стана Новосильского уезда<lb/>Тульской губернии.

</p>
<lb/>
<p rend="left">10 мая текущего года в деревне Золотухине у Василия Егоровича Савельева<note xml:id="note2" resp="volume_editor" index="false"> См. прим. к письму № 242.</note> был произведен обыск, причем были отобраны 10 книжек моего сочинения. Считаю нужным заявить вам, что эти книги даны были Савельеву мною в бытность его в нашей местности. Поэтому полагаю справедливым всю ответственность за эти книги возложить на меня, а не на Василия Савельева.</p>
<comments><p rend="Textpetit_otstup left">Печатается по дубликату подлинника. Датируется по содержанию (см. следующее письмо).</p>
<p rend="Textpetit_otstup left"><hi>1</hi> Далее оставлено место для указания стана. В Новосильском уезде было три стана. В 1909 г. становым приставом первого стана был Василий Николаевич Грущецкий; второго — Алекс. Николаевич Шаталов; третьего — Дмитрий Кондратьевич Виноградов.</p>
<p rend="petit left"><hi>2</hi> См. прим. к письму № 242.</p>
</comments></div></body>
        </text>
        </TEI>