<?xml version='1.0' encoding='UTF-8' standalone='no'?>

<TEI xmlns="http://www.tei-c.org/ns/1.0">
       <teiHeader>
          <fileDesc>
             <titleStmt>
                <title>Письмо №* 82. Духоборам на Кавказ.</title>
             </titleStmt>
             <publicationStmt>
                <publisher>TolstoyLab</publisher>
                <date when="2015-09-14">14 September 2015</date>
             </publicationStmt>
             <sourceDesc>
                <biblStruct>
                   <analytic>
                      <author>Толстой Л.Н.</author>
                   </analytic>
                   <monogr>
                      <title level="m">Полное собрание сочинений. Том 71</title>
                      <imprint>
                         <pubPlace>Москва</pubPlace>
                         <publisher>Государственное издательство "Художественная литература"</publisher>
                         <date when="1954"/>
                      </imprint>
                   </monogr>
                   <series>
                      <title level="s">Л.Н. Толстой. Полное собрание сочинений</title>
                      <biblScope unit="vol">71</biblScope>
                   </series>
                </biblStruct>
				<bibl>Печатается по листам копировальной книги.</bibl>
             </sourceDesc>
          </fileDesc>
          <encodingDesc>
             <tagsDecl> </tagsDecl>
          </encodingDesc>
          <profileDesc>
             <correspDesc>
                <correspAction type="sending">
                   <persName ref="PersonList.xml#L_N_Tolstoy">Л. Н. Толстой</persName>
                   <placeName ref="PlacesListxml#PLACE">Москва</placeName>
                   <date when="1898-03-19">1898 г. Марта 19.</date>            </correspAction>
                <correspAction type="receiving">
                   <persName ref="PersonList.xml#RECEIVER">Духоборам на Кавказ.</persName>
                </correspAction>
                <correspContext>
                   <ref type="prev"/>
                </correspContext>
             </correspDesc>
          </profileDesc>
       </teiHeader>
       <xenoData><number type="in a volume">82</number></xenoData>

              <text xml:id="DuxoboramnaKavkaz_82">
	<body><div>
		<opener index="false">
* 82. Духоборам на Кавказ.
1898 г. Марта 19. Москва.
</opener>
<p rend="Obrashenie left">Любезные братья,</p>
<p rend="left">Я получил от вас несколько писем с известием о том, что вам разрешено выселиться за границу и что вы думаете ехать. Получив ваши письма, я написал в разные места<note xml:id="note1" resp="volume_editor" index="false"> См. письма №№ 71, 72, 73, 81.</note> об этом деле с тем, чтобы просить помощи добрых людей и узнать, в какое место вам лучше всего выехать; писал и вам, Потапову и Андросову,<note xml:id="note2" resp="volume_editor" index="false"> Упоминаемые письма Толстого к В. А. Потапову и М. Андросову неизвестны.</note> просил их известить меня:</p>
<p rend="left">1) Сколько вас всех душ желает выселиться?</p>
<p rend="left">2) Сколько у вас есть денег на подъем? и</p>
<p rend="left">3) В какое место вы бы более всего желали поселиться?</p>
<p rend="left">Мне говорили здесь, что желают выселиться только расселенные. По моему же мнению надо выселяться всем тем, которые отказываются от военной службы, потому что таким людям придется в России много страдать.</p>
<p rend="left">Насчет же места поселения, то есть четыре места, о которых мы думали: или в Америку, в штат Техас. Я туда сделал запрос о земле, или на остров Кипр, на Средиземном море.<note xml:id="note3" resp="volume_editor" index="false"> В Англии квакерами был организован комитет помощи духоборам. Когда стало известно о намерении духоборов выселиться за границу, квакерами был организован специальный духоборческий переселенческий фонд, ими же был указан Кипр, принадлежавший Англии, как возможное место переселения. 6 августа 1898 г. из Батума выехали на остров Кипр на пароходе «Durau» 1126 человек. См. «Духоборцы. Сборник статей, воспоминаний, писем и других документов». Составлен П. Бирюковым, изд. «Посредник», М. 1908, стр. 105—140.</note> Остров находится в английском владении; или в китайскую Манджурию, там, где теперь строится русская железная дорога, или в китайский <hi style="opdelimiter">Туркестан.<note xml:id="note4" resp="volume_editor" index="false"> Планы о выселении духоборов в Манчжурию и в китайский Туркестан принадлежали Э. Э. Ухтомскому.</note></hi><hi style="opnumber">327</hi></p>
<p rend="left"><hi style="npnumber">328</hi><hi style="npdelimiter">Мне</hi> кажется, лучше всего в Манджурию.</p>
<p rend="left">До сих пор всё это еще не обдумано подробно и всех нужных сведений еще нет. Когда получу от вас известие и от тех мест, куда сделали запросы, напишу вам подробнее.</p>
<p rend="left">Пока прощайте.</p>
<p rend="right rightindent">Любящий вас брат</p>
<p rend="right">Лев Толстой.</p>
<p rend="left">19 марта 1898 г.</p>
<comments><p rend="Textpetit_otstup left">Печатается по листам копировальной книги.</p>
<p rend="petit left">Переписка Толстого с кавказскими духоборами была чрезвычайно затруднена. В деле главноначальствующего гражданской частью на Кавказе «О разрешении духоборам выселиться за границу» много места уделено наблюдению за лицами, пытавшимися оказывать духоборам помощь, наблюдению за перепиской духоборов с Толстым и пр. Поэтому Толстой принужден был переписываться с ними через третьих лиц, дававших для этой цели свои адреса. В 1897 г. за посредничество между Толстым и духоборами был выслан с Кавказа И. П. Накашидзе. В секретном донесении военного губернатора Карской области директору канцелярии главноначальствующего на Кавказе от 16 сентября 1898 г. сообщалось, что «духоборы-постники получают свою корреспонденцию в г. Александрополь через Сампсона Гаджи Енокьянца». Ввиду необходимости соблюдения тайны письма Толстого к духоборам обычно не имеют личного обращения. Можно установить, однако, что данное письмо было направлено руководителям духоборческой общины в Ахалкалакском уезде Василию Потапову и Федору Борисову. Предполагалось первоначально, после получения духоборами разрешения на выезд за границу, что Потапов и Борисов поедут за границу для приискания мест удобных для переселения духоборов и вернутся затем для общего совещания и дальнейшей помощи при переезде. С этой целью в марте 1898 г. было подано прошение тифлисскому губернатору о выдаче им двух заграничных паспортов сроком на шесть месяцев. В мае был получен отказ на это прошение.</p>
<p rend="Textpetit_otstup left"><hi>1</hi> См. письма №№ 71, 72, 73, 81.</p>
<p rend="petit left"><hi>2</hi> Упоминаемые письма Толстого к В. А. Потапову и М. Андросову неизвестны.</p>
<p rend="petit left"><hi>3</hi> В Англии квакерами был организован комитет помощи духоборам. Когда стало известно о намерении духоборов выселиться за границу, квакерами был организован специальный духоборческий переселенческий фонд, ими же был указан Кипр, принадлежавший Англии, как возможное место переселения. 6 августа 1898 г. из Батума выехали на остров Кипр на пароходе «Durau» 1126 человек. См. «Духоборцы. Сборник статей, воспоминаний, писем и других документов». Составлен П. Бирюковым, изд. «Посредник», М. 1908, стр. 105—140.</p>
<p rend="petit left"><hi>4</hi> Планы о выселении духоборов в Манчжурию и в китайский Туркестан принадлежали Э. Э. Ухтомскому.</p>
<p rend="left emptyline"><hi style="opnumber">328</hi> <hi style="npnumber">329</hi></p>
</comments></div></body>
        </text>
        </TEI>