<?xml version='1.0' encoding='UTF-8' standalone='no'?>

<TEI xmlns="http://www.tei-c.org/ns/1.0">
       <teiHeader>
          <fileDesc>
             <titleStmt>
                <title>Письмо №* 41. Неизвестному (Ш. Р.).</title>
             </titleStmt>
             <publicationStmt>
                <publisher>TolstoyLab</publisher>
                <date when="2015-09-14">14 September 2015</date>
             </publicationStmt>
             <sourceDesc>
                <biblStruct>
                   <analytic>
                      <author>Толстой Л.Н.</author>
                   </analytic>
                   <monogr>
                      <title level="m">Полное собрание сочинений. Том 81</title>
                      <imprint>
                         <pubPlace>Москва</pubPlace>
                         <publisher>Государственное издательство "Художественная литература"</publisher>
                         <date when="1956"/>
                      </imprint>
                   </monogr>
                   <series>
                      <title level="s">Л.Н. Толстой. Полное собрание сочинений</title>
                      <biblScope unit="vol">81</biblScope>
                   </series>
                </biblStruct>
				<bibl>Печатается по копии, сверенной с черновиком-автографом, написанным на конверте письма Ш. Р. Установлено, что подлинник был перепечатан на открытку, но местонахождение подлинника неизвестно. Черновик, публикуемый в качестве варианта, написан на том же конверте и зачеркнут. Дата определяется копией и подтверждается пометой на конверте рукой A. Л. Толстой об ответе 11 января и о посылке книги «На каждый день».</bibl>
             </sourceDesc>
          </fileDesc>
          <encodingDesc>
             <tagsDecl> </tagsDecl>
          </encodingDesc>
          <profileDesc>
             <correspDesc>
                <correspAction type="sending">
                   <persName ref="PersonList.xml#L_N_Tolstoy">Л. Н. Толстой</persName>
                   <placeName ref="PlacesListxml#PLACE">Ясная Поляна</placeName>
                   <date when="1910-01-11">1910 г. Января 11.</date>            </correspAction>
                <correspAction type="receiving">
                   <persName ref="PersonList.xml#RECEIVER">Неизвестному (Ш. Р.).</persName>
                </correspAction>
                <correspContext>
                   <ref type="prev"/>
                </correspContext>
             </correspDesc>
          </profileDesc>
       </teiHeader>
       <xenoData><number type="in a volume">41</number></xenoData>

       <text xml:id="NeizvestnomuSH.R._41">
	<body><div>
		<opener index="false">
* 41. Неизвестному (Ш. Р.).
1910 г. Января 11. Я. П.</opener>
<p rend="left">Посылаю вам книгу: «На каждый день». В числах 9-ых и 10-х найдете нужные для себя советы.</p>
<p rend="left">11 янв. 10 года</p>
<p rend="left">Ясная Поляна.</p>
<lb/>
<p rend="subtitle centerline center">
<hi>Черновое.</hi>
</p>
<p rend="left">&lt;Не унывать, бороться и бороться. <choice original_editorial_correction='Ц[арство]'><sic>Ц</sic><corr>Царство</corr></choice> божие усилием берется. Не осилил, упал — не унывай, вставай, опять борись, пока не победишь.&gt;<note xml:id="note1" resp="volume_editor" index="false"> <hi>В черновике зачеркнуты написанные на конверте слова Толстого: </hi>Душану, что есть о половом вопросе.</note></p>
<comments><p rend="Textpetit_otstup left">Печатается по копии, сверенной с черновиком-автографом, написанным на конверте письма Ш. Р. Установлено, что подлинник был перепечатан на открытку, но местонахождение подлинника неизвестно. Черновик, публикуемый в качестве варианта, написан на том же конверте и зачеркнут. Дата определяется копией и подтверждается пометой на конверте рукой A. Л. Толстой об ответе 11 января и о посылке книги «На каждый день».</p>
<p rend="petit left">Корреспондент Толстого, подписавшийся инициалами «Ш. Р.», писал Толстому в своем письме, отправленном из г. Кременца, о намерении покончить с собой.</p>
<p rend="Textpetit_otstup left"><hi>1</hi> <hi>В черновике зачеркнуты написанные на конверте слова Толстого: </hi>Душану, что есть о половом вопросе.</p>
</comments></div></body>
        </text>
        </TEI>