<?xml version='1.0' encoding='UTF-8' standalone='no'?>

<TEI xmlns="http://www.tei-c.org/ns/1.0">
       <teiHeader>
          <fileDesc>
             <titleStmt>
                <title>Письмо №11. Обществу «Славия».</title>
             </titleStmt>
             <publicationStmt>
                <publisher>TolstoyLab</publisher>
                <date when="2015-09-14">14 September 2015</date>
             </publicationStmt>
             <sourceDesc>
                <biblStruct>
                   <analytic>
                      <author>Толстой Л.Н.</author>
                   </analytic>
                   <monogr>
                      <title level="m">Полное собрание сочинений. Том 80</title>
                      <imprint>
                         <pubPlace>Москва</pubPlace>
                         <publisher>Государственное издательство "Художественная литература"</publisher>
                         <date when="1955"/>
                      </imprint>
                   </monogr>
                   <series>
                      <title level="s">Л.Н. Толстой. Полное собрание сочинений</title>
                      <biblScope unit="vol">80</biblScope>
                   </series>
                </biblStruct>
				<bibl>Печатается по машинописной копии. Основание датировки: пометка об ответе на конверте письма адресата. На этом конверте написан черновик-автограф, текст которого имеет значительные стилистические расхождения с текстом подлинника. Впервые опубликовано 13 июля 1909 г. в ряде московских газет.</bibl>
             </sourceDesc>
          </fileDesc>
          <encodingDesc>
             <tagsDecl> </tagsDecl>
          </encodingDesc>
          <profileDesc>
             <correspDesc>
                <correspAction type="sending">
                   <persName ref="PersonList.xml#L_N_Tolstoy">Л. Н. Толстой</persName>
                   <placeName ref="PlacesListxml#PLACE">Ясная Поляна</placeName>
                   <date when="1909-07-08">1909 г. Июля 8.</date>            </correspAction>
                <correspAction type="receiving">
                   <persName ref="PersonList.xml#RECEIVER">Обществу «Славия».</persName>
                </correspAction>
                <correspContext>
                   <ref type="prev"/>
                </correspContext>
             </correspDesc>
          </profileDesc>
       </teiHeader>
       <xenoData><number type="in a volume">11</number></xenoData>

       <text xml:id="ObshhestvuSlaviya_11">
	<body><div>
		<opener index="false">
11. Обществу «Славия».
1909 г. Июля 8. Я. П.
</opener>
<p rend="Obrashenie left">Дорогие братья,</p>
<p rend="left">Письмо ваше глубоко тронуло меня. Всей душой желал бы быть хоть в самой малой доле тем, чем вы меня признаете.</p>
<p rend="left">Не могу не верить в исключительное значение славянства для объединения не только христиан, но и всех людей, как прекрасно выражена эта мысль у Коллара.<note xml:id="note1" resp="volume_editor" index="false"> Ян Коллар (1793—1852), выдающийся чешский поэт, посвятивший свое творчество борьбе за единение сил славянских народов, за освобождение их от иноземного гнета.</note></p>
<p rend="left">Благодарю за подарок.<note xml:id="note2" resp="volume_editor" index="false"> Одновременно с письмом Общество прислало литографию с картины Венцеслава Черного «Сожжение Яна Гуса». На раме медная доска с надписью: «Великому русскому реформатору Льву Николаевичу Толстому на память о дне сожжения чешского реформатора Яна Гуса 23 июня (6/VII) 1415 г. от всеславянского общества «Славия» в Москве 23 июня 1909 г.». Картина висит в яснополянском доме.</note></p>
<p rend="right">Лев Толстой.</p>
<comments><p rend="Textpetit_otstup left">Печатается по машинописной копии. Основание датировки: пометка об ответе на конверте письма адресата. На этом конверте написан черновик-автограф, текст которого имеет значительные стилистические расхождения с текстом подлинника. Впервые опубликовано 13 июля 1909 г. в ряде московских газет.</p>
<p rend="petit left">Союз «Славия» ставил своей задачей освобождение славян от национальной зависимости и создание «Союза народов», который должен объединить и другие народности. Имел отделения (комитеты, лиги) во многих государствах. Московское отделение его — всеславянское общество «Славия» — было организовано в 1901 г. См. журнал «Славия» 1918, I.</p>
<p rend="petit left">Общество «Славия» в день чествования памяти дня сожжения чешского реформатора Яна Гуса (1369—1415) послало Толстому приветствие в письме от 23 июня 1909 г</p>
<p rend="Textpetit_otstup left"><hi>1</hi> Ян Коллар (1793—1852), выдающийся чешский поэт, посвятивший свое творчество борьбе за единение сил славянских народов, за освобождение их от иноземного гнета.</p>
<p rend="petit left"><hi>2</hi> Одновременно с письмом Общество прислало литографию с картины Венцеслава Черного «Сожжение Яна Гуса». На раме медная доска с надписью: «Великому русскому реформатору Льву Николаевичу Толстому на память о дне сожжения чешского реформатора Яна Гуса 23 июня (6/VII) 1415 г. от всеславянского общества «Славия» в Москве 23 июня 1909 г.». Картина висит в яснополянском доме.</p>
<p rend="emptyline left"><hi style="opnumber">10</hi> <hi style="npnumber">11</hi></p>
</comments></div></body>
        </text>
        </TEI>