<?xml version='1.0' encoding='UTF-8' standalone='no'?>

<TEI xmlns="http://www.tei-c.org/ns/1.0">
       <teiHeader>
          <fileDesc>
             <titleStmt>
                <title>Письмо №99. В редакции газет.</title>
             </titleStmt>
             <publicationStmt>
                <publisher>TolstoyLab</publisher>
                <date when="2015-09-14">14 September 2015</date>
             </publicationStmt>
             <sourceDesc>
                <biblStruct>
                   <analytic>
                      <author>Толстой Л.Н.</author>
                   </analytic>
                   <monogr>
                      <title level="m">Полное собрание сочинений. Том 78</title>
                      <imprint>
                         <pubPlace>Москва</pubPlace>
                         <publisher>Государственное издательство "Художественная литература"</publisher>
                         <date when="1956"/>
                      </imprint>
                   </monogr>
                   <series>
                      <title level="s">Л.Н. Толстой. Полное собрание сочинений</title>
                      <biblScope unit="vol">78</biblScope>
                   </series>
                </biblStruct>
             </sourceDesc>
          </fileDesc>
          <encodingDesc>
             <tagsDecl> </tagsDecl>
          </encodingDesc>
          <profileDesc>
             <correspDesc>
                <correspAction type="sending">
                   <persName ref="PersonList.xml#L_N_Tolstoy">Л. Н. Толстой</persName>
                   <placeName ref="PlacesListxml#PLACE">Ясная Поляна</placeName>
                   <date when="1908-03-25">1908 г. Марта 25.</date>            </correspAction>
                <correspAction type="receiving">
                   <persName ref="PersonList.xml#RECEIVER">В редакции газет.</persName>
                </correspAction>
                <correspContext>
                   <ref type="prev"/>
                </correspContext>
             </correspDesc>
          </profileDesc>
       </teiHeader>
       <xenoData><number type="in a volume">99</number></xenoData>

              <text xml:id="Vredakciigazet_99">
	<body><div>
		<opener index="false">
99. В редакции газет. Неотправленное.
1908 г. Марта 25. Я. П.
</opener><p rend="right">Ясная Поляна.</p>

<p rend="Obrashenie left">Милостивый Государь Господин Редактор,</p>
<p rend="left">Посылаю вам прилагаемое письмо.<note xml:id="note1" resp="volume_editor" index="false"> Толстой имел в виду ругательное письмо К. Воинова-Разумов[ского?] от 16 марта 1908 г., отправленное из Курска с вокзала без обратного адреса. Письмо опубликовано в т. 56, стр. 483—484.</note> Таких писем от людей, отрицательно относящихся к моему предстоящему юбилею, я получил несколько, это же письмо я очень прошу вас напечатать, как желает этого автор его. Я, с своей стороны, тоже желал бы его напечатания, так как в связи с этим письмом я имею сказать кое-что относительно этого моего предстоящего юбилея.</p>
<p rend="left">Сказать я имею именно то, что готовящийся юбилей этот чрезвычайно тяжел для меня. Причин этому много. Одна <hi style="opdelimiter">из</hi><hi style="opnumber">104</hi> <hi style="npnumber">105</hi><hi style="npdelimiter">первых</hi> та, что я никогда не смотрел на такого рода чествования с сочувствием; мне казалось, что выражение сочувствия и любви к деятельности человека может выразиться никак не внешним образом, а близким соединением чувствами и мыслями с тем, к кому относятся эти мысли и чувства. Вспоминаю, как давно уже, лет около тридцати тому назад, во время чествования Пушкина и поставления ему памятника, милый Тургенев заехал ко мне, прося меня ехать с ним на этот праздник. Как ни дорог и мил мне был тогда Тургенев, как я ни дорожил и высоко ценил (и ценю) гений Пушкина, я отказался;<note xml:id="note2" resp="volume_editor" index="false"> С приглашением принять участие в празднествах по случаю открытия памятника Пушкину в Москве И. С. Тургенев приезжал в Ясную Поляну в мае 1880 г. См. т. 63, стр. 17.</note> знал, что огорчал Тургенева, но не мог сделать иначе, потому что и тогда уже такого рода чествования мне представлялись чем-то неестественным и, не скажу ложным, но не отвечающим моим душевным требованиям. Теперь же, когда это касается лично меня, я чувствую это еще в гораздо большей степени.</p>
<p rend="left">Но это последнее соображение. Другое, самое важное, это то, что выражено в этом письме и в других такого же рода письмах, именно то, что эти готовящиеся чествования даже при своем приготовлении вызывают в большом количестве людей самые недобрые чувства ко мне. Недобрые чувства эти могли бы лежать без выражения, но выбиваются и развиваются вследствие этого. Знаю, что эти недобрые чувства вызваны мною самим: сам я виноват в них, виноват теми неосторожными, резкими словами, которыми я позволял себе осуждать верования других людей. Я искренно раскаиваюсь в этом и очень рад случаю высказать это. Но это не изменяет самого дела. В мои года, стоя одной ногой в гробу, одно, что желательно, это быть в любви с людьми, насколько это возможно, и расстаться с ними в этих самых чувствах. Письмо же это и подобные ему, получаемые мною, показывают именно, что приготовления к юбилею вызывают в людях — и совершенно справедливо — самые обратные любви чувства ко мне. И это мне очень тяжело. Если бы на одной чашке весов лежали самые мне приятные и лестные одобрения людей, которых я уважаю, а на другой — вызванная ненависть хотя бы одного человека, я думаю, что я бы не задумался отказаться от похвал, только бы не увеличивать нелюбовь этого одного человека. Теперь же я чувствую, что этот готовящийся юбилей вызывает недобрые, нелюбовные чувства ко мне, которые я заслужил, не одного, а многих и многих, очень многих. Это мне мучительно тяжело, и поэтому я бы просил <hi style="opdelimiter">всех</hi><hi style="opnumber">105</hi> <hi style="npnumber">106</hi><hi style="npdelimiter">тех</hi> добрых людей, любящих меня, сделать всё, что возможно, для того, чтобы уничтожить всякие попытки чествования меня.</p>
<p rend="left">Не буду говорить о том, что я совершенно искренно не признаю себя заслуживающим тех чествований, которые готовятся: всё это показалось бы каким-то фальшивым кокетством. Но не могу не сказать того, что думаю, и был бы счастлив, если бы люди оставили это дело и ничего не делали бы в этом направлении.</p>
<comments><p rend="Textpetit_otstup left">Подлинник написан на машинке (не был подписан и датирован). Продиктован в фонограф. Впервые опубликовано без первого абзаца в статье В. Черткова «Юбилей Толстого» — «Речь» 1908, № 132 от 4 июня. Напечатано полностью как письмо в редакцию «Русских ведомостей» в ПТС, I, № 258. Основание датировки: письмо продиктовано в день приезда Н. В. Давыдова в Ясную Поляну, то есть 25 марта 1908 г.</p>
<p rend="petit left">Комментируемое письмо было передано Н. В. Давыдову, приехавшему в Ясную Поляну по поручению московского комитета по организации чествования 80-летия Толстого. Комитет образовался по предложению петербургского Комитета почина (см. прим. к письму № 60). После организации московского комитета функции разделились. Петербургский комитет вел работу в Петербурге и за границей, московский — в Москве и в провинции. Московский комитет организовался 9 марта на собрании представителей научных, литературных, художественных и других общественных учреждений. Председателем Временного бюро был избран Н. В. Давыдов, секретарем А. И. Сумбатов-Южин. В комитет вошли: В. Я. Брюсов, И. А. Бунин, А. Н. Веселовский, Н. Н. Златовратский, Вл. И. Немирович-Данченко, С. А. Муромцев, П. Н. Сакулин, В. О. Ключевский, А. А. Кизеветтер, А. Е. Грузинский, С. И. Танеев, Н. И. Тимковский, Д. Н. Телешов, В. В. Вересаев, И. А. Белоусов и др. Комитет поручил Н. В. Давыдову выяснить, какие формы чествования были бы для Толстого наиболее приемлемы. Толстой высказал свое мнение и просил Давыдова опубликовать комментируемое письмо в столичных газетах. Потом он раздумал печатать письмо и попросил Давыдова прочитать его на заседании комитета. Давыдов 2 апреля сообщил комитету о результатах поездки в Ясную Поляну и огласил письмо Толстого. «С благоговением преклоняясь перед категорически выраженной волей Толстого», комитет постановил деятельность свою прекратить.</p>
<p rend="Textpetit_otstup left"><hi>1</hi> Толстой имел в виду ругательное письмо К. Воинова-Разумов[ского?] от 16 марта 1908 г., отправленное из Курска с вокзала без обратного адреса. Письмо опубликовано в т. 56, стр. 483—484.</p>
<p rend="petit left"><hi>2</hi> С приглашением принять участие в празднествах по случаю открытия памятника Пушкину в Москве И. С. Тургенев приезжал в Ясную Поляну в мае 1880 г. См. т. 63, стр. 17.</p>
<p rend="left"><hi style="opnumber">106</hi> <hi style="npnumber">107</hi></p>
</comments></div></body>
        </text>
        </TEI>