<?xml version='1.0' encoding='UTF-8' standalone='no'?>

<TEI xmlns="http://www.tei-c.org/ns/1.0">
       <teiHeader>
          <fileDesc>
             <titleStmt>
                <title>Письмо №* 11. Начальнику Харьковской губернской тюрьмы.</title>
             </titleStmt>
             <publicationStmt>
                <publisher>TolstoyLab</publisher>
                <date when="2015-09-14">14 September 2015</date>
             </publicationStmt>
             <sourceDesc>
                <biblStruct>
                   <analytic>
                      <author>Толстой Л.Н.</author>
                   </analytic>
                   <monogr>
                      <title level="m">Полное собрание сочинений. Том 79</title>
                      <imprint>
                         <pubPlace>Москва</pubPlace>
                         <publisher>Государственное издательство "Художественная литература"</publisher>
                         <date when="1955"/>
                      </imprint>
                   </monogr>
                   <series>
                      <title level="s">Л.Н. Толстой. Полное собрание сочинений</title>
                      <biblScope unit="vol">79</biblScope>
                   </series>
                </biblStruct>
				<bibl>Печатается по дубликату подлинника.</bibl>
             </sourceDesc>
          </fileDesc>
          <encodingDesc>
             <tagsDecl> </tagsDecl>
          </encodingDesc>
          <profileDesc>
             <correspDesc>
                <correspAction type="sending">
                   <persName ref="PersonList.xml#L_N_Tolstoy">Л. Н. Толстой</persName>
                   <placeName ref="PlacesListxml#PLACE">Ясная Поляна</placeName>
                   <date when="1909-01-07">1909 г. Января 7.</date>            </correspAction>
                <correspAction type="receiving">
                   <persName ref="PersonList.xml#RECEIVER">Начальнику Харьковской губернской тюрьмы.</persName>
                </correspAction>
                <correspContext>
                   <ref type="prev"/>
                </correspContext>
             </correspDesc>
          </profileDesc>
       </teiHeader>
       <xenoData><number type="in a volume">11</number></xenoData>

              <text xml:id="NachalnikuXarkovskojgubernskojtyurmy_11">
	<body><div>
		<opener index="false">
* 11. Начальнику Харьковской губернской тюрьмы.
1909 г. Января 7. Я. П.
</opener><p rend="right">7 января 1909 г. Ясная Поляна.</p>

<p rend="Obrashenie left">Милостивый Государь,</p>
<p rend="left">В тюрьме, находящейся под Вашим ведением, содержится близкий мне и всеми уважаемый престарелый человек — Александр Михайлович Бодянский. И его лета, и немощи делают для него заключение в тюрьме особенно тяжелым. Я думаю, что вы не посетуете на меня, а скорее будете благодарны за то, что я обращаю Ваше внимание на положение этого почтенного человека, и сделаете, что возможно для Вас, для облегчения его участи. Он осужден приговором Судебной палаты на 6 месяцев заключения за распространение моих сочинений. Но не это одно заставляет меня просить Вас об облегчении, сколько возможно, его участи, но то уважение, которое я, как и все, знающие его, имею к его личности.</p>
<p rend="Obrashenie2 left">С совершенным уважением</p>
<comments><p rend="Textpetit_otstup left">Печатается по дубликату подлинника.</p>
<p rend="Textpetit_otstup left"><hi>1</hi> В 1909 г. начальником Харьковской губернской тюрьмы был Николай Александрович Еллинский.</p>
</comments></div></body>
        </text>
        </TEI>