<?xml version='1.0' encoding='UTF-8' standalone='no'?>

<TEI xmlns="http://www.tei-c.org/ns/1.0">
       <teiHeader>
          <fileDesc>
             <titleStmt>
                <title>Письмо №* 452. Неизвестной (О. Ш.)</title>
             </titleStmt>
             <publicationStmt>
                <publisher>TolstoyLab</publisher>
                <date when="2015-09-14">14 September 2015</date>
             </publicationStmt>
             <sourceDesc>
                <biblStruct>
                   <analytic>
                      <author>Толстой Л.Н.</author>
                   </analytic>
                   <monogr>
                      <title level="m">Полное собрание сочинений. Том 63</title>
                      <imprint>
                         <pubPlace>Москва</pubPlace>
                         <publisher>Государственное издательство "Художественная литература"</publisher>
                         <date when="1934"/>
                      </imprint>
                   </monogr>
                   <series>
                      <title level="s">Л.Н. Толстой. Полное собрание сочинений</title>
                      <biblScope unit="vol">63</biblScope>
                   </series>
                </biblStruct>
				<bibl>Печатается по автографу, хранящемуся в АТБ. Написано на последней странице письма О. Ш. от 22 ноября 1885 г. Представляет собою один из пунктов, вероятно, конспекта (целиком неизвестного) ответа Толстого. Публикуется впервые. Датируется на основании письма О. Ш. от 22 ноября 1885 г., на которое отвечает Толстой.</bibl>
             </sourceDesc>
          </fileDesc>
          <encodingDesc>
             <tagsDecl> </tagsDecl>
          </encodingDesc>
          <profileDesc>
             <correspDesc>
                <correspAction type="draft">
                   <persName ref="PersonList.xml#L_N_Tolstoy">Л. Н. Толстой</persName>
                   <placeName ref="PlacesListxml#PLACE">Москва</placeName>
                   <date from="1885-11-25" to="1885-11-27">1885 г. Ноября 25 — 27?</date>            </correspAction>
                <correspAction type="receiving">
                   <persName ref="PersonList.xml#RECEIVER">Неизвестной (О. Ш.)</persName>
                </correspAction>
                <correspContext>
                   <ref type="prev"/>
                </correspContext>
             </correspDesc>
          </profileDesc>
       </teiHeader>
       <xenoData><number type="in a volume">452</number></xenoData>

              <text xml:id="l_452">
	<body><div>
		<opener index="false">
* 452. Неизвестной (О. Ш.) Черновое.
1885 г. Ноября 25—27? Москва.
</opener><p rend="subtitle centerline">
3.
</p>
<p rend="left"><choice><reg>Вот</reg><orig>Вотъ</orig></choice> вы то <choice><reg>такие</reg><orig>такiя</orig></choice> матери, если вы только признаете свое <choice><reg>призвание</reg><orig>призванiе</orig></choice> и отдадитесь ему <choice><reg>с</reg><orig>съ</orig></choice> <choice><reg>сознанием</reg><orig>сознанiемъ</orig></choice> того, что <choice><reg>с</reg><orig>съ</orig></choice> вами <choice><reg>Бог</reg><orig>Богъ</orig></choice>, вы <choice><reg>те</reg><orig>тѣ</orig></choice>, <choice original_editorial_correction='кот[орые]'><sic>кот</sic><corr><choice><reg>которые</reg><orig>которыя</orig></choice></corr></choice> <choice><reg>руководят</reg><orig>руководятъ</orig></choice> людьми <choice><reg>в</reg><orig>въ</orig></choice> <choice><reg>их</reg><orig>ихъ</orig></choice> <choice><reg>общественном</reg><orig>общественномъ</orig></choice> <choice><reg>мнении</reg><orig>мнѣнiи</orig></choice>, вы спасете людей, если захотите <choice><reg>этого</reg><orig>этаго</orig></choice>. —</p>
<p rend="left">Откиньте ложь и <choice><reg>суеверия</reg><orig>суевѣрiя</orig></choice> <choice><reg>опутывающия</reg><orig>опутывающiя</orig></choice> <choice><reg>вас</reg><orig>васъ</orig></choice> и отдайтесь <choice><reg>беззаветно</reg><orig>беззавѣтно</orig></choice> своему <choice><reg>служению</reg><orig>служенiю</orig></choice> и вы <choice><reg>сделаете</reg><orig>сдѣлаете</orig></choice> счастье людей.</p>
<comments><p rend="Textpetit_otstup left">Печатается по автографу, хранящемуся в АТБ. Написано на последней странице письма О. Ш. от 22 ноября 1885 г. Представляет собою один из пунктов, вероятно, конспекта (целиком неизвестного) ответа Толстого. Публикуется впервые. Датируется на основании письма О. Ш. от 22 ноября 1885 г., на которое отвечает Толстой.</p>
<p rend="petit left">Личность О. Ш. выяснить не удалось. В письме своем Толстому О. Ш. писала: «Знакомая с Вами лишь по Вашим талантливым произведениям, я не решалась лично потревожить Вас своим присутствием, но ценя в Вас человека, отзывающегося всегда на помощь ближнему, я осмелилась обратиться к Вам письменно с следующей просьбой. Будьте любезны, уделите минут десять на прочтение приложенной статьи и потрудитесь написать на ней Ваше беспристрастное мнение, годится ли она <hi style="opdelimiter">для</hi><hi style="opnumber">306</hi> <hi style="npnumber">307</hi><hi style="npdelimiter">появления</hi> в печати или нет? Я надеюсь, что Вы поддержите неумелого, начинающего автора или же осудите справедливо, сунувшегося слишком смело в литературу дерзкого неуча. В обоих случаях Вы премного обяжете своим снисхождением обращающуюся и верящую Вам О. Ш.</p>
<p rend="petit left">P. S. Ровно через неделю я позволю себе явиться за ответом. 1885 г. 22 ноября. Пятница» (АТБ).</p>
<p rend="petit left">Статья О. Ш. и отзыв Толстого о ней неизвестны.</p>
<p rend="petit left">Печатаемый отрывок близко подходит к заключительным строкам «Так что же нам делать».</p>
</comments></div></body>
        </text>
        </TEI>