<?xml version='1.0' encoding='UTF-8' standalone='no'?>

<TEI xmlns="http://www.tei-c.org/ns/1.0">
       <teiHeader>
          <fileDesc>
             <titleStmt>
                <title>Письмо №* 13. Редакции журнала «Будильник». Черновое.</title>
             </titleStmt>
             <publicationStmt>
                <publisher>TolstoyLab</publisher>
                <date when="2015-09-14">14 September 2015</date>
             </publicationStmt>
             <sourceDesc>
                <biblStruct>
                   <analytic>
                      <author>Толстой Л.Н.</author>
                   </analytic>
                   <monogr>
                      <title level="m">Полное собрание сочинений. Том 80</title>
                      <imprint>
                         <pubPlace>Москва</pubPlace>
                         <publisher>Государственное издательство "Художественная литература"</publisher>
                         <date when="1955"/>
                      </imprint>
                   </monogr>
                   <series>
                      <title level="s">Л.Н. Толстой. Полное собрание сочинений</title>
                      <biblScope unit="vol">80</biblScope>
                   </series>
                </biblStruct>
             </sourceDesc>
          </fileDesc>
          <encodingDesc>
             <tagsDecl> </tagsDecl>
          </encodingDesc>
          <profileDesc>
             <correspDesc>
                <correspAction type="draft">
                   <persName ref="PersonList.xml#L_N_Tolstoy">Л. Н. Толстой</persName>
                   <placeName ref="PlacesListxml#PLACE">Ясная Поляна</placeName>
                   <date when="1909-07-09">1909 г. Июля 9.</date>            </correspAction>
                <correspAction type="receiving">
                   <persName ref="PersonList.xml#RECEIVER">Редакции журнала «Будильник»</persName>
                </correspAction>
                <correspContext>
                   <ref type="prev"/>
                </correspContext>
             </correspDesc>
          </profileDesc>
       </teiHeader>
       <xenoData><number type="in a volume">13</number></xenoData>

       <text xml:id="RedakciizhurnalaBudilnik_13">
	<body><div>
		<opener index="false">
* 13. Редакции журнала «Будильник». Черновое.
1909 г. Июля 9. Я. П.</opener>
<p rend="left">Получил ваше письмо и ничего не имею против напечатания моего портрета, как вы это хотите сделать.</p>
<comments><p rend="Textpetit_otstup left">Расшифрованная стенограмма H. H. Гусева. На конверте пометка Гусева: «Ответил Лев Николаевич 9 июля». Точный текст отправленного письма и местонахождение подлинника <hi style="opdelimiter">неизвестны.</hi><hi style="opnumber">11</hi></p>
<p rend="petit left"><hi style="npnumber">12</hi><hi style="npdelimiter">В</hi> письме от 6 июля 1909 г. редакция журналов «Будильник» и «Доброе утро» (Москва) просила разрешения издать в качестве приложения к журналу «Будильник» трехцветную репродукцию с портрета Толстого работы И. Е. Репина.</p>
<p rend="petit left">В письме от 14 июля редакция благодарила за ответ и спрашивала, когда может приехать в Ясную Поляну фотограф. На конверте пометка Толстого: H. Н. Ответить. Ответил H. Н. Гусев 17 июля.</p>
</comments></div></body>
        </text>
        </TEI>