<?xml version='1.0' encoding='UTF-8' standalone='no'?>

<TEI xmlns="http://www.tei-c.org/ns/1.0">
       <teiHeader>
          <fileDesc>
             <titleStmt>
                <title>Письмо №* 206. Неизвестному (Николаю).</title>
             </titleStmt>
             <publicationStmt>
                <publisher>TolstoyLab</publisher>
                <date when="2015-09-14">14 September 2015</date>
             </publicationStmt>
             <sourceDesc>
                <biblStruct>
                   <analytic>
                      <author>Толстой Л.Н.</author>
                   </analytic>
                   <monogr>
                      <title level="m">Полное собрание сочинений. Том 79</title>
                      <imprint>
                         <pubPlace>Москва</pubPlace>
                         <publisher>Государственное издательство "Художественная литература"</publisher>
                         <date when="1955"/>
                      </imprint>
                   </monogr>
                   <series>
                      <title level="s">Л.Н. Толстой. Полное собрание сочинений</title>
                      <biblScope unit="vol">79</biblScope>
                   </series>
                </biblStruct>
				<bibl>Печатается по машинописной копии из AЧ. Дата копии.</bibl>
             </sourceDesc>
          </fileDesc>
          <encodingDesc>
             <tagsDecl> </tagsDecl>
          </encodingDesc>
          <profileDesc>
             <correspDesc>
                <correspAction type="sending">
                   <persName ref="PersonList.xml#L_N_Tolstoy">Л. Н. Толстой</persName>
                   <placeName ref="PlacesListxml#PLACE">Ясная Поляна</placeName>
                   <date when="1909-04-30">1909 г. Апреля 30.</date>            </correspAction>
                <correspAction type="receiving">
                   <persName ref="PersonList.xml#RECEIVER">Неизвестному (Николаю).</persName>
                </correspAction>
                <correspContext>
                   <ref type="prev">Ответ на письмо неизвестного (на письме: Николай, Одесса, до востребования № 50) от 8 апреля (почт. шт.), который сообщал Толстому о своем намерении заняться земледельческим трудом и о связанных с этим затруднениях и спрашивал совета Толстого.</ref>
                </correspContext>
             </correspDesc>
          </profileDesc>
       </teiHeader>
       <xenoData><number type="in a volume">206</number></xenoData>

              <text xml:id="NeizvestnomuNikolayu_206">
	<body><div>
		<opener index="false">
* 206. Неизвестному (Николаю).
1909 г. Апреля 30. Я. П.</opener>
<p rend="left">В ответ на ваше письмо, любезный Николай, скажу вам следующее:</p>
<p rend="left">Людей можно разделить на два сорта. Одни всегда более или менее недовольны внешними условиями и стараются изменить их, улучшить (улучшению этому никогда не бывает конца), но не недовольны своим душевным состоянием и не заботятся об изменении его (т. е. улучшении). Другие же люди, напротив, всегда довольны, или, по крайней мере, стараются быть довольны теми внешними условиями, в которых находятся, и всегда недовольны своим внутренним душевным состоянием, стараются изменить, улучшить его. Первый род людей всегда бывают несчастны, как это и не может быть иначе, потому что внешние условия не во власти людей; во власти людей только внутреннее совершенствование. Второй же род людей, напротив, не может быть несчастлив, потому что знают, что <hi style="opdelimiter">внешние</hi><hi style="opnumber">175</hi> <hi style="npnumber">176</hi><hi style="npdelimiter">условия</hi> не в их власти, изменения же внутренних условии, самосовершенствование всегда во власти каждого. И в этом самосовершенствовании главный смысл и благо человеческой жизни.</p>
<p rend="left">Вот общий мой ответ на те вопросы, которые вы делаете. Вы сумеете вывести из этого общего ответа и ответы на частные ваши вопросы.</p>
<p rend="right">Желающий вам всего лучшего.</p>
<comments><p rend="Textpetit_otstup left">Печатается по машинописной копии из AЧ. Дата копии.</p>
<p rend="petit left">Ответ на письмо неизвестного (на письме: Николай, Одесса, до востребования № 50) от 8 апреля (почт. шт.), который сообщал Толстому о своем намерении заняться земледельческим трудом и о связанных с этим затруднениях и спрашивал совета Толстого.</p>
<p rend="petit left">На конверте письма неизвестного Толстой набросал конспект ответа.</p>
</comments></div></body>
        </text>
        </TEI>