<?xml version='1.0' encoding='UTF-8' standalone='no'?>

<TEI xmlns="http://www.tei-c.org/ns/1.0">
       <teiHeader>
          <fileDesc>
             <titleStmt>
                <title>Письмо №* 32. Неизвестному.</title>
             </titleStmt>
             <publicationStmt>
                <publisher>TolstoyLab</publisher>
                <date when="2015-09-14">14 September 2015</date>
             </publicationStmt>
             <sourceDesc>
                <biblStruct>
                   <analytic>
                      <author>Толстой Л.Н.</author>
                   </analytic>
                   <monogr>
                      <title level="m">Полное собрание сочинений. Том 72</title>
                      <imprint>
                         <pubPlace>Москва</pubPlace>
                         <publisher>Государственное издательство "Художественная литература"</publisher>
                         <date when="1933"/>
                      </imprint>
                   </monogr>
                   <series>
                      <title level="s">Л.Н. Толстой. Полное собрание сочинений</title>
                      <biblScope unit="vol">72</biblScope>
                   </series>
                </biblStruct>
				<bibl>Печатается по автографу, хранящемуся в ГТМ. Дата Толстого предположительно переводится на старый стиль. Письмо обнаружено в архиве среди черновых и неотправленных писем. Неизвестно, было ли оно послано адресату и в этой ли редакции. Фамилия адресата не установлена. Публикуется впервые.</bibl>
             </sourceDesc>
          </fileDesc>
          <encodingDesc>
             <tagsDecl> </tagsDecl>
          </encodingDesc>
          <profileDesc>
             <correspDesc>
                <correspAction type="sending">
                   <persName ref="PersonList.xml#L_N_Tolstoy">Л. Н. Толстой</persName>
                   <placeName ref="PlacesListxml#PLACE">Москва</placeName>
                   <date when="1899-02-12">1899 г. Февраля 12?</date>            </correspAction>
                <correspAction type="receiving">
                   <persName ref="PersonList.xml#RECEIVER">Неизвестному.</persName>
                </correspAction>
                <correspContext>
                   <ref type="prev"/>
                </correspContext>
             </correspDesc>
          </profileDesc>
       </teiHeader>
       <xenoData><number type="in a volume">32</number></xenoData>

              <text xml:id="Neizvestnomu_32">
	<body><div>
		<opener index="false">
* 32. Неизвестному.
1899 г. Февраля 12?/24. Москва.
</opener>
<p rend="Obrashenie left">Dear sir,</p>
<p rend="left">Be so kind to send the sum subscribed for the Douchobory, to Canada, Winnipeg, Immigration Office, Mr. Mс Creary.</p>
<p rend="right rightindent">Yours truly,</p>
<p rend="right">Leo Tolstoy.</p>
<p rend="left">24 Febr. 1899.</p>
<lb/>
<p rend="Obrashenie petit">Милостивый государь,</p>
<p rend="petit left">Будьте добры направить собранные по подписке деньги для Духоборов в Канаду, г. Виннипег, Иммиграционное бюро, г-ну Мак-Крири.</p>
<p rend="petit right rightindent">Уважающий вас</p>
<p rend="petit right">Лев Толстой.</p>
<p rend="petit left">24 Февр. 1899.</p>
<comments><p rend="Textpetit_otstup left">Печатается по автографу, хранящемуся в ГТМ. Дата Толстого предположительно переводится на старый стиль. Письмо обнаружено в архиве среди черновых и неотправленных писем. Неизвестно, было ли оно послано адресату и в этой ли редакции. Фамилия адресата не установлена. Публикуется впервые.</p>
<p rend="petit left">Толстой ответил на запрос своего корреспондента о направлении пожертвования в пользу переселившихся в Канаду духоборов.</p>
<p rend="petit left">Мак-Крири (Mac Creary) — правительственный агент по иммиграции в Канаде. <ref target="file:///Volume_72_Mak-KririW.T.MacCreary_199.xml">См. письмо № 199</ref>.</p>
</comments></div></body>
        </text>
        </TEI>