<?xml version='1.0' encoding='UTF-8' standalone='no'?>

<TEI xmlns="http://www.tei-c.org/ns/1.0">
       <teiHeader>
          <fileDesc>
             <titleStmt>
                <title>Письмо №* 46. В редакцию журнала «Die Woche».</title>
             </titleStmt>
             <publicationStmt>
                <publisher>TolstoyLab</publisher>
                <date when="2015-09-14">14 September 2015</date>
             </publicationStmt>
             <sourceDesc>
                <biblStruct>
                   <analytic>
                      <author>Толстой Л.Н.</author>
                   </analytic>
                   <monogr>
                      <title level="m">Полное собрание сочинений. Том 75</title>
                      <imprint>
                         <pubPlace>Москва</pubPlace>
                         <publisher>Государственное издательство "Художественная литература"</publisher>
                         <date when="1956"/>
                      </imprint>
                   </monogr>
                   <series>
                      <title level="s">Л.Н. Толстой. Полное собрание сочинений</title>
                      <biblScope unit="vol">75</biblScope>
                   </series>
                </biblStruct>
             </sourceDesc>
          </fileDesc>
          <encodingDesc>
             <tagsDecl> </tagsDecl>
          </encodingDesc>
          <profileDesc>
             <correspDesc>
                <correspAction type="sending">
                   <persName ref="PersonList.xml#L_N_Tolstoy">Л. Н. Толстой</persName>
                   <placeName ref="PlacesListxml#PLACE">Ясная Поляна</placeName>
                   <date when="1904-02-06">1904 г. Февраля 6</date>            </correspAction>
                <correspAction type="receiving">
                   <persName ref="PersonList.xml#RECEIVER">В редакцию журнала «Die Woche».</persName>
                </correspAction>
                <correspContext>
                   <ref type="prev">Ответ на телеграмму редакции «Die Woche» от 6/19 февраля 1904 г., в которой редакция просила Толстого написать для журнала передовую статью о русско-японской войне размером в две-три тысячи слов и предлагала гонорар, причитающийся Толстому, употребить на благотворительные цели. Повидимому, Толстой тогда же написал ответ на обороте телеграммы редакции «Die Woche» (черновой вариант), но не послал его. 23 февраля н. с. 1904 г. редакция обратилась к Толстому с письмом, где, выражая опасение, что телеграмма не дошла до Толстого, повторяла содержание своей телеграммы и просила ускорить ответ.</ref>
                </correspContext>
             </correspDesc>
          </profileDesc>
       </teiHeader>
       <xenoData><number type="in a volume">46</number></xenoData>

              <text xml:id="VredakciyuzhurnalaDieWoche_46">
	<body><div>
		<opener index="false">
* 46. В редакцию журнала «Die Woche».

1904г. Февраля 6/19. Я. П.
</opener><p rend="left">Berlin.</p>

<p rend="Obrashenie left">Redaction «Woche».</p>
<p rend="left">Wenden Sie sich England Christchurch Tchertkoff welchem ich einen Artikel über den Krieg kürzlich senden werde.</p>
<p rend="right">Tolstoy.</p><lb/>
<p rend="petit left">Берлин.</p>
<p rend="Obrashenie petit left">Редакция «Woche».</p>
<p rend="petit left">Обратитесь Англия Christchurch к Черткову, которому я вскоре вышлю статью о войне.</p>
<p rend="petit right">Толстой.</p><lb/>
<p rend="subtitle centerline"><hi>* Черновое.</hi></p>
<p rend="left">Meine Ansichten über den gegenwärtigen Krieg hoffe ich kürzlich in einem Artikel in England in Tchertkofs Swobodnoe slowo zu aüssern.</p>
<comments><p rend="Textpetit_otstup left">Свой взгляд на настоящую войну я надеюсь вскоре высказать в статье, которую я опубликую в Англии в чертковском «Свободном слове».</p>
<p rend="Textpetit_otstup left">Датируется на основании телеграфной пометы на телеграмме редакции «Die Woche» и ее письма от 23 февраля н. с. 1904 г.</p>
<p rend="petit left">«Die Woche» («Неделя») — еженедельный иллюстрированный журнал, издававшийся в Берлине с 1800 г.</p>
<p rend="petit left">Ответ на телеграмму редакции «Die Woche» от 6/19 февраля 1904 г., в которой редакция просила Толстого написать для журнала передовую статью о русско-японской войне размером в две-три тысячи слов и предлагала гонорар, причитающийся Толстому, употребить на благотворительные цели. Повидимому, Толстой тогда же написал ответ на обороте телеграммы редакции «Die Woche» (черновой вариант), но не послал его. 23 февраля н. с. 1904 г. редакция обратилась к Толстому с письмом, где, выражая опасение, что телеграмма не дошла до Толстого, повторяла содержание своей телеграммы и просила ускорить ответ.</p>
</comments></div></body>
        </text>
        </TEI>