<?xml version='1.0' encoding='UTF-8' standalone='no'?>

<TEI xmlns="http://www.tei-c.org/ns/1.0">
       <teiHeader>
          <fileDesc>
             <titleStmt>
                <title>Письмо №72. Неизвестному.</title>
             </titleStmt>
             <publicationStmt>
                <publisher>TolstoyLab</publisher>
                <date when="2015-09-14">14 September 2015</date>
             </publicationStmt>
             <sourceDesc>
                <biblStruct>
                   <analytic>
                      <author>Толстой Л.Н.</author>
                   </analytic>
                   <monogr>
                      <title level="m">Полное собрание сочинений. Том 65</title>
                      <imprint>
                         <pubPlace>Москва</pubPlace>
                         <publisher>Государственное издательство "Художественная литература"</publisher>
                         <date when="1953"/>
                      </imprint>
                   </monogr>
                   <series>
                      <title level="s">Л.Н. Толстой. Полное собрание сочинений</title>
                      <biblScope unit="vol">65</biblScope>
                   </series>
                </biblStruct>
				<bibl>Печатается по машинописной копии из AЧ, сверенной с рукописной копией. Впервые опубликовано в сборнике «Летописи», 12, стр. 52. Дата рукописной копии.</bibl>
             </sourceDesc>
          </fileDesc>
          <encodingDesc>
             <tagsDecl> </tagsDecl>
          </encodingDesc>
          <profileDesc>
             <correspDesc>
                <correspAction type="sending">
                   <persName ref="PersonList.xml#L_N_Tolstoy">Л. Н. Толстой</persName>
                   <placeName ref="PlacesListxml#PLACE">Ясная Поляна</placeName>
                   <date from="1890-03" to="1890-03">1890 г. Март —</date>            </correspAction>
                <correspAction type="receiving">
                   <persName ref="PersonList.xml#RECEIVER">Неизвестному.</persName>
                </correspAction>
                <correspContext>
                   <ref type="prev"/>
                </correspContext>
             </correspDesc>
          </profileDesc>
       </teiHeader>
       <xenoData><number type="in a volume">72</number></xenoData>

              <text xml:id="Neizvestnomu_72">
	<body><div>
		<opener index="false">
72. Неизвестному.
1890 г. Март — апрель? Я. П.</opener>
<p rend="left">Я всей душой сочувствую всякого рода борьбе против этого страшного бедствия и полагаю, что в наше время всякому мыслящему человеку, ввиду всего происходящего от пьянства <hi style="opdelimiter">зла,</hi><hi style="opnumber">85</hi> <hi style="npnumber">86</hi><hi style="npdelimiter">нельзя</hi> оставаться к этому вопросу безразличным, а надо или сказать себе, что для меня гораздо важнее иметь удовольствие выпить, когда мне хочется, и угостить приятелей, чем знать то, что я помогаю этим погибели народа, и потому я, не обращая на это никакого внимания, буду продолжать пить в свое удовольствие и угощать других, или сказать себе, что я как мыслящий и честный человек, видя всё зло, происходящее от употребления вина, не могу участвовать в этом зле и потому не буду ни пить, как бы то мало ни было, ни угощать других, ни равнодушно смотреть, как люди будут отравлять себя. И я очень радуюсь тому, что чаще и чаще встречаю людей последнего разряда, к <choice original_editorial_correction='кот[орым]'><sic>кот</sic><corr>которым</corr></choice> принадлежите вы и от <choice original_editorial_correction='кот[орых]'><sic>кот</sic><corr>которых</corr></choice> зависит спасение нашего народа от страшного, давящего его бедствия.</p>
<comments><p rend="Textpetit_otstup left">Печатается по машинописной копии из AЧ, сверенной с рукописной копией. Впервые опубликовано в сборнике «Летописи», 12, стр. 52. Дата рукописной копии.</p>
</comments></div></body>
        </text>
        </TEI>