<?xml version='1.0' encoding='UTF-8' standalone='no'?>

<TEI xmlns="http://www.tei-c.org/ns/1.0">
       <teiHeader>
          <fileDesc>
             <titleStmt>
                <title>Письмо №276. Неизвестному (студенту Я. Г-гу).</title>
             </titleStmt>
             <publicationStmt>
                <publisher>TolstoyLab</publisher>
                <date when="2015-09-14">14 September 2015</date>
             </publicationStmt>
             <sourceDesc>
                <biblStruct>
                   <analytic>
                      <author>Толстой Л.Н.</author>
                   </analytic>
                   <monogr>
                      <title level="m">Полное собрание сочинений. Том 82</title>
                      <imprint>
                         <pubPlace>Москва</pubPlace>
                         <publisher>Государственное издательство "Художественная литература"</publisher>
                         <date when="1956"/>
                      </imprint>
                   </monogr>
                   <series>
                      <title level="s">Л.Н. Толстой. Полное собрание сочинений</title>
                      <biblScope unit="vol">82</biblScope>
                   </series>
                </biblStruct>
				<bibl>Печатается по копии, сверенной с черновиком-автографом, написанным на одной странице писчей бумаги. Впервые опубликовано вместе с письмом студента Я. Г-га в газете «Голос студенчества» 1910, № 8 от 4 ноября.</bibl>
             </sourceDesc>
          </fileDesc>
          <encodingDesc>
             <tagsDecl> </tagsDecl>
          </encodingDesc>
          <profileDesc>
             <correspDesc>
                <correspAction type="sending">
                   <persName ref="PersonList.xml#L_N_Tolstoy">Л. Н. Толстой</persName>
                   <placeName ref="PlacesListxml#PLACE">Ясная Поляна</placeName>
                   <date when="1910-10-24">1910 г. Октября 24.</date>            </correspAction>
                <correspAction type="receiving">
                   <persName ref="PersonList.xml#RECEIVER">Неизвестному (студенту Я. Г-гу).</persName>
                </correspAction>
                <correspContext>
                   <ref type="prev">Ответ на письмо от 15 октября студента Петербургского университета, подписанное: Я. Г-г. Он писал, что с «гимназической скамьи» проникся учением Толстого о непротивлении злу, но уже на первом курсе теория профессора Петражицкого и другие начали разрушать в нем веру в этот принцип.</ref>
                </correspContext>
             </correspDesc>
          </profileDesc>
       </teiHeader>
       <xenoData><number type="in a volume">276</number></xenoData>

       <text xml:id="NeizvestnomustudentuYA.G-gu_276">
	<body><div>
		<opener index="false">
276. Неизвестному (студенту Я. Г-гу).
1910 г. Октября 24. Я. П.</opener>
<p rend="right">Я. Г.</p>
<p rend="right">24 октября 10 года. Ясная Поляна.</p>
<p rend="left">Если вы могли поверить какому-то профессору Петражицкому,<note xml:id="note1" resp="volume_editor" index="false"> Лев Иосифович Петражицкий (1867—19..), профессор Петербургского университета по кафедре философии права и автор ряда научных трудов по теории права и нравственности, член первой Государственной думы. Об отношении Толстого к теории проф. Петражицкого см. «О праве (письмо студенту)» (т. 38, стр. 54).</note> что закон любви, написанный в сердцах всех людей и провозглашенный всеми величайшими людьми мира от Браминов до Христа и всех новейших великих мыслителей, что закон этот несостоятелен (так как допущение противления злу насилием вполне уничтожает этот закон), потому что есть люди, которым нужно насилие, и другие, как профессора правоведения, которые кормятся оправданием насилия, если вы могли поверить в этом деле одному из таких профессоров, то вы неизбежно поверите той нелепости и лжи, что целомудрие вредно, а разврат полезен.</p>
<p rend="left">Верьте себе, милый юноша, и великим учителям человечества, а не профессорам. Я много писал и о том, и о другом. Если вас точно интересует мое мнение об этом, то прочтите то, что посылаю вам.</p>
<comments><p rend="Textpetit_otstup left">Печатается по копии, сверенной с черновиком-автографом, написанным на одной странице писчей бумаги. Впервые опубликовано вместе с письмом студента Я. Г-га в газете «Голос студенчества» 1910, № 8 от 4 ноября.</p>
<p rend="petit left">Ответ на письмо от 15 октября студента Петербургского университета, подписанное: Я. Г-г. Он писал, что с «гимназической скамьи» проникся учением Толстого о непротивлении злу, но уже на первом курсе теория профессора Петражицкого и другие начали разрушать в нем веру в этот принцип.</p>
<p rend="Textpetit_otstup left"><hi>1</hi> Лев Иосифович Петражицкий (1867—19..), профессор Петербургского университета по кафедре философии права и автор ряда научных трудов по теории права и нравственности, член первой Государственной думы. Об отношении Толстого к теории проф. Петражицкого см. «О праве (письмо студенту)» (т. 38, стр. 54).</p>
</comments></div></body>
        </text>
        </TEI>