<?xml version='1.0' encoding='UTF-8' standalone='no'?>

<TEI xmlns="http://www.tei-c.org/ns/1.0">
       <teiHeader>
          <fileDesc>
             <titleStmt>
                <title>Письмо №* 177. На продовольственный склад.</title>
             </titleStmt>
             <publicationStmt>
                <publisher>TolstoyLab</publisher>
                <date when="2015-09-14">14 September 2015</date>
             </publicationStmt>
             <sourceDesc>
                <biblStruct>
                   <analytic>
                      <author>Толстой Л.Н.</author>
                   </analytic>
                   <monogr>
                      <title level="m">Полное собрание сочинений. Том 66</title>
                      <imprint>
                         <pubPlace>Москва</pubPlace>
                         <publisher>Государственное издательство "Художественная литература"</publisher>
                         <date when="1953"/>
                      </imprint>
                   </monogr>
                   <series>
                      <title level="s">Л.Н. Толстой. Полное собрание сочинений</title>
                      <biblScope unit="vol">66</biblScope>
                   </series>
                </biblStruct>
             </sourceDesc>
          </fileDesc>
          <encodingDesc>
             <tagsDecl> </tagsDecl>
          </encodingDesc>
          <profileDesc>
             <correspDesc>
                <correspAction type="sending">
                   <persName ref="PersonList.xml#L_N_Tolstoy">Л. Н. Толстой</persName>
                   <placeName ref="PlacesListxml#PLACE"/>
                   <date from="1891-12-22" to="1892-02-15">1891 г. Декабря 22...1892 г. Февраля первая половина?</date>            </correspAction>
                <correspAction type="receiving">
                   <persName ref="PersonList.xml#RECEIVER">На продовольственный склад.</persName>
                </correspAction>
                <correspContext>
                   <ref type="prev"/>
                </correspContext>
             </correspDesc>
          </profileDesc>
       </teiHeader>
       <xenoData><number type="in a volume">177</number></xenoData>

              <text xml:id="Naprodovolstvennyjsklad_177">
	<body><div>
		<opener index="false">
* 177. На продовольственный склад.
1891 г. Декабря 22...1892 г. Февраля первая половина?</opener>
<p rend="left">Прошу отпустить провизию на Барятинскую столовую.</p>
<comments><p rend="Textpetit_otstup left">Датируется по содержанию — временем функционирования столовых в Барятинке.</p>
<p rend="petit left">Деревня Барятинка, Епифанского уезда, в 10 километрах от Бегичевки и в 5 километрах от Орловки Р. А. Писарева — ближайшего к Барятинке склада продуктов для столовых, куда, повидимому, и была адресована комментируемая записка.</p>
</comments></div></body>
        </text>
        </TEI>