<?xml version='1.0' encoding='UTF-8' standalone='no'?>

<TEI xmlns="http://www.tei-c.org/ns/1.0">
       <teiHeader>
          <fileDesc>
             <titleStmt>
                <title>Письмо №* 280. Неизвестному (брату Александру).</title>
             </titleStmt>
             <publicationStmt>
                <publisher>TolstoyLab</publisher>
                <date when="2015-09-14">14 September 2015</date>
             </publicationStmt>
             <sourceDesc>
                <biblStruct>
                   <analytic>
                      <author>Толстой Л.Н.</author>
                   </analytic>
                   <monogr>
                      <title level="m">Полное собрание сочинений. Том 77</title>
                      <imprint>
                         <pubPlace>Москва</pubPlace>
                         <publisher>Государственное издательство "Художественная литература"</publisher>
                         <date when="1956"/>
                      </imprint>
                   </monogr>
                   <series>
                      <title level="s">Л.Н. Толстой. Полное собрание сочинений</title>
                      <biblScope unit="vol">77</biblScope>
                   </series>
                </biblStruct>
				<bibl>Печатается по копировальной книге № 7, л. 484, куда вписана копия рукой Ю. И. Игумновой.</bibl>
             </sourceDesc>
          </fileDesc>
          <encodingDesc>
             <tagsDecl> </tagsDecl>
          </encodingDesc>
          <profileDesc>
             <correspDesc>
                <correspAction type="sending">
                   <persName ref="PersonList.xml#L_N_Tolstoy">Л. Н. Толстой</persName>
                   <placeName ref="PlacesListxml#PLACE">Ясная Поляна</placeName>
                   <date when="1907-11-07">1907 г. Ноября 7.</date>            </correspAction>
                <correspAction type="receiving">
                   <persName ref="PersonList.xml#RECEIVER">Неизвестному (брату Александру).</persName>
                </correspAction>
                <correspContext>
                   <ref type="prev">Ответ на пространное письмо неизвестного из Петербурга от 16 октября 1907 г. Корреспондент начал с напоминания, что Толстой «уже приблизился к рубежу жизни» и что ему «пора оглянуться на прожитые годы и свести счеты положительные и отрицательные своей деятельности», поскольку она отразилась не только на нем, но и на других людях. Он горячо призывал Толстого покаяться и вернуться в лоно православной церкви. Для ответа дан адрес до востребования брату Александру на условное число.</ref>
                </correspContext>
             </correspDesc>
          </profileDesc>
       </teiHeader>
       <xenoData><number type="in a volume">280</number></xenoData>

              <text xml:id="NeizvestnomubratuAleksandru_280">
	<body><div>
		<opener index="false">
* 280. Неизвестному (брату Александру).
1907 г. Ноября 7. Я. П.</opener>
<p rend="left">Милый брат Александр. Письмо ваше тронуло мое сердце. Оно дышит любовью. А в этом всё, и это одно мне нужно, <hi style="opdelimiter">и</hi><hi style="opnumber">236</hi> <hi style="npnumber">237</hi><hi style="npdelimiter">живу</hi> я только этим одним желанием: увеличивать и взращать в себе любовь к богу и ближнему. А для этого мне не нужно ничего изменять в моей вере, так как она вполне удовлетворяет меня и дает мне полную уверенность в том, что благо мое не кончается этой жизнью. Благодарю вас, милый брат, за ваше письмо, поддерживающее меня в любви к богу и вам, ближнему моему.</p>
<p rend="right">Брат ваш Л. Толстой.</p>
<p rend="left">7 ноября 1907.</p>
<comments><p rend="Textpetit_otstup left">Печатается по копировальной книге № 7, л. 484, куда вписана копия рукой Ю. И. Игумновой.</p>
<p rend="petit left">Ответ на пространное письмо неизвестного из Петербурга от 16 октября 1907 г. Корреспондент начал с напоминания, что Толстой «уже приблизился к рубежу жизни» и что ему «пора оглянуться на прожитые годы и свести счеты положительные и отрицательные своей деятельности», поскольку она отразилась не только на нем, но и на других людях. Он горячо призывал Толстого покаяться и вернуться в лоно православной церкви. Для ответа дан адрес до востребования брату Александру на условное число.</p>
</comments></div></body>
        </text>
        </TEI>