<?xml version='1.0' encoding='UTF-8' standalone='no'?>

<TEI xmlns="http://www.tei-c.org/ns/1.0">
       <teiHeader>
          <fileDesc>
             <titleStmt>
                <title>Письмо №* 121. В редакцию газеты «Reynold’s Newspaper».</title>
             </titleStmt>
             <publicationStmt>
                <publisher>TolstoyLab</publisher>
                <date when="2015-09-14">14 September 2015</date>
             </publicationStmt>
             <sourceDesc>
                <biblStruct>
                   <analytic>
                      <author>Толстой Л.Н.</author>
                   </analytic>
                   <monogr>
                      <title level="m">Полное собрание сочинений. Том 76</title>
                      <imprint>
                         <pubPlace>Москва</pubPlace>
                         <publisher>Государственное издательство "Художественная литература"</publisher>
                         <date when="1956"/>
                      </imprint>
                   </monogr>
                   <series>
                      <title level="s">Л.Н. Толстой. Полное собрание сочинений</title>
                      <biblScope unit="vol">76</biblScope>
                   </series>
                </biblStruct>
				<bibl>Печатается по тексту, приведенному в ЯЗ. Датируется на основании ЯЗ.</bibl>
             </sourceDesc>
          </fileDesc>
          <encodingDesc>
             <tagsDecl> </tagsDecl>
          </encodingDesc>
          <profileDesc>
             <correspDesc>
                <correspAction type="sending">
                   <persName ref="PersonList.xml#L_N_Tolstoy">Л. Н. Толстой</persName>
                   <placeName ref="PlacesListxml#PLACE">Ясная Поляна</placeName>
                   <date when="1906-01-19">1906 г. Января 19.</date>            </correspAction>
                <correspAction type="receiving">
                   <persName ref="PersonList.xml#RECEIVER">В редакцию газеты «Reynold’s Newspaper».</persName>
                </correspAction>
                <correspContext>
                   <ref type="prev">Ответ на телеграмму от «Reynold's Newspaper» из Лондона, запрашивавшего мнение Толстого о результатах выборов в английский парламент.</ref>
                </correspContext>
             </correspDesc>
          </profileDesc>
       </teiHeader>
       <xenoData><number type="in a volume">121</number></xenoData>

              <text xml:id="VredakciyugazetyReynoldsNewspaper_121">
	<body><div>
		<opener index="false">
* 121. В редакцию газеты «Reynold’s Newspaper». Телеграмма.
1906 г. Января 19. Я. П.</opener>
<p rend="left">I have no opinion whatever on the general election in England.</p><lb/>
<p rend="petit left">Я не имею никакого мнения о всеобщих выборах в Англии.</p>
<comments><p rend="Textpetit_otstup left">Печатается по тексту, приведенному в ЯЗ. Датируется на основании ЯЗ.</p>
<p rend="petit left">Ответ на телеграмму от «Reynold's Newspaper» из Лондона, запрашивавшего мнение Толстого о результатах выборов в английский парламент.</p>
</comments></div></body>
        </text>
        </TEI>