<?xml version='1.0' encoding='UTF-8' standalone='no'?>

<TEI xmlns="http://www.tei-c.org/ns/1.0">
       <teiHeader>
          <fileDesc>
             <titleStmt>
                <title>Письмо №149. В редакцию газеты «Русь».</title>
             </titleStmt>
             <publicationStmt>
                <publisher>TolstoyLab</publisher>
                <date when="2015-09-14">14 September 2015</date>
             </publicationStmt>
             <sourceDesc>
                <biblStruct>
                   <analytic>
                      <author>Толстой Л.Н.</author>
                   </analytic>
                   <monogr>
                      <title level="m">Полное собрание сочинений. Том 78</title>
                      <imprint>
                         <pubPlace>Москва</pubPlace>
                         <publisher>Государственное издательство "Художественная литература"</publisher>
                         <date when="1956"/>
                      </imprint>
                   </monogr>
                   <series>
                      <title level="s">Л.Н. Толстой. Полное собрание сочинений</title>
                      <biblScope unit="vol">78</biblScope>
                   </series>
                </biblStruct>
				<bibl>Печатается по машинописной копии. Письмо писалось в течение пяти дней: 14—18 мая (см. Дневник от 14 мая 1908 г., т. 56). Впервые опубликовано с цензурными искажениями в газете «Русь» 1908, № 140 от 22 мая.</bibl>
             </sourceDesc>
          </fileDesc>
          <encodingDesc>
             <tagsDecl> </tagsDecl>
          </encodingDesc>
          <profileDesc>
             <correspDesc>
                <correspAction type="sending">
                   <persName ref="PersonList.xml#L_N_Tolstoy">Л. Н. Толстой</persName>
                   <placeName ref="PlacesListxml#PLACE">Ясная Поляна</placeName>
                   <date when="1908-05-18">1908 г. Мая 18.</date>            </correspAction>
                <correspAction type="receiving">
                   <persName ref="PersonList.xml#RECEIVER">В редакцию газеты «Русь».</persName>
                </correspAction>
                <correspContext>
                   <ref type="prev"/>
                </correspContext>
             </correspDesc>
          </profileDesc>
       </teiHeader>
       <xenoData><number type="in a volume">149</number></xenoData>

              <text xml:id="VredakciyugazetyRus_149">
	<body><div>
		<opener index="false">
149. В редакцию газеты «Русь».
1908 г. Мая 18. Я. П.</opener>
<p rend="left">Опять схвачен в Новгороде всеми знающими его уважаемый небогатый человек Вл. Молочников и заперт людьми, называющими себя судьями, на год в тюрьму, что наверное разоряет его семью. И всё это за то, что он держал у себя мои сочинения и давал их людям, желающим прочесть их<hi>.</hi> Опять и опять <hi style="opdelimiter">совершается</hi><hi style="opnumber">142</hi> <hi style="npnumber">143</hi><hi style="npdelimiter">это</hi> удивительное дело: мучают и разоряют людей, распространяющих мои книги, и оставляют в покое меня, главного виновника не только распространения, но и появления этих книг. Ведь казалось бы ясно, что хватание людей, распространяющих мои книги и сажание их по тюрьмам никак не может уменьшить, если он есть, интерес к моим книгам, так как книги, изданные в России и за границей, есть у меня в большом количестве, и я, составитель и главный распорядитель этих книг, как я и заявлял об этом еще 12 лет тому назад, пока жив, не перестану составлять и распространять их. Людей же, считающих добрым делом распространение моих книг, становится всё больше и больше и тем больше, чем больше их за это преследуют. И потому казалось бы ясно, что одно разумное средство прекратить то, что не нравится в моей деятельности — это то, чтобы прекратить меня. Оставлять же меня и хватать и мучить распространителей не только возмутительно, несправедливо, но еще и удивительно глупо.</p>
<p rend="left">Если же справедливо то, что придумал, как мне говорили, один министр для того, чтобы прекратить мою деятельность, именно то, чтобы, мучая близких мне людей, заставить меня прекратить мою деятельность, то и этот прием никак не достигает дели. Не достигает потому, что, как мне ни больны страданья моих друзей, я не могу, пока жив, прекратить эту мою деятельность; — не могу потому, что, делая то, что делаю, я не ищу каких-либо внешних целей, а исполняю то, чего не могу не исполнить: требования воли бога, как я понимаю и не могу не понимать ее.</p>
<p rend="left">Так что одно не возмутительно несправедливое и не крайне глупое, что могут сделать люди, которым не нравятся мои книги,— это то, чтобы запирать, казнить, мучить не тех людей, которых много и которые всегда найдутся, а меня одного, виновника всего. И пускай не думают, что, вследствие разговоров в газетах о каком-то моем юбилее, я воображаю себя обеспеченным от всякого рода насилий. Я в этом отношении никак не поддаюсь самообману и очень хорошо знаю, что все эти толки о необходимости празднования моего 80-летия при решительных против меня мерах правительства тотчас же заменяется для большинства моих чествователей призванием давнишней необходимости принятия против меня тех мер, которые принимаются против моих друзей. «И давно, мол, пора <hi style="opdelimiter">поступить</hi><hi style="opnumber">143</hi> <hi style="npnumber">144</hi><hi style="npdelimiter">так».</hi> И потому опять и опять прошу и советую всем, кому неприятно распространение моих писаний, взяться за меня, а не за ни в чем неповинных людей. Советую потому, что только этим путем они, кроме того, что перестанут ронять себя, делая явную несправедливость, и на доле достигнут своей цели: освобождения себя хоть на время от одного из своих обличителей.</p>
<p rend="left">18 мая 1908. Ясная Поляна.</p>
<comments><p rend="Textpetit_otstup left">Печатается по машинописной копии. Письмо писалось в течение пяти дней: 14—18 мая (см. Дневник от 14 мая 1908 г., т. 56). Впервые опубликовано с цензурными искажениями в газете «Русь» 1908, № 140 от 22 мая.</p>
<p rend="petit left">О деле В. А. Молочникова см. письма №№ 121, 135 и 144.</p>
<p rend="petit left">После приговора по делу В. А. Молочникова Толстой переработал это письмо в статью. См. т. 37.</p>
</comments></div></body>
        </text>
        </TEI>