<?xml version='1.0' encoding='UTF-8' standalone='no'?>

<TEI xmlns="http://www.tei-c.org/ns/1.0">
       <teiHeader>
          <fileDesc>
             <titleStmt>
                <title>Письмо №* 255. Циркулярный ответ авторам, присылающим свои рукописи. 1</title>
             </titleStmt>
             <publicationStmt>
                <publisher>TolstoyLab</publisher>
                <date when="2015-09-14">14 September 2015</date>
             </publicationStmt>
             <sourceDesc>
                <biblStruct>
                   <analytic>
                      <author>Толстой Л.Н.</author>
                   </analytic>
                   <monogr>
                      <title level="m">Полное собрание сочинений. Том 79</title>
                      <imprint>
                         <pubPlace>Москва</pubPlace>
                         <publisher>Государственное издательство "Художественная литература"</publisher>
                         <date when="1955"/>
                      </imprint>
                   </monogr>
                   <series>
                      <title level="s">Л.Н. Толстой. Полное собрание сочинений</title>
                      <biblScope unit="vol">79</biblScope>
                   </series>
                </biblStruct>
				<bibl>Печатается по дубликату <hi style="opdelimiter">подлинника.</hi><hi style="opnumber">212</hi></bibl>
             </sourceDesc>
          </fileDesc>
          <encodingDesc>
             <tagsDecl> </tagsDecl>
          </encodingDesc>
          <profileDesc>
             <correspDesc>
                <correspAction type="sending">
                   <persName ref="PersonList.xml#L_N_Tolstoy">Л. Н. Толстой</persName>
                   <placeName ref="PlacesListxml#PLACE">Ясная Поляна</placeName>
                   <date when="1909-06-01">1909 г. Июня 1.</date>            </correspAction>
                <correspAction type="receiving">
                   <persName ref="PersonList.xml#RECEIVER">Циркулярный ответ авторам, присылающим свои рукописи</persName>
                </correspAction>
                <correspContext>
                   <ref type="prev"/>
                </correspContext>
             </correspDesc>
          </profileDesc>
       </teiHeader>
       <xenoData><number type="in a volume">255</number></xenoData>

              <text xml:id="Cirkulyarnyjotvetavtoramprisylayushhimsvoirukopisi_255">
	<body><div>
		<opener index="false">
* 255. Циркулярный ответ авторам, <lb/>присылающим свои рукописи.<note xml:id="note1" resp="volume_editor" index="false"> См. прим. к письму № 62.</note>
1909 г. Июня 1. Я. П.</opener>
<p rend="left">Сожалею, что не могу исполнить вашего желания. Первая причина та, что я получаю так много рукописей и книг, которые меня просят просмотреть и о которых просят высказать мнение, что я должен бы был употреблять ежедневно большую часть своего времени на чтение этих рукописей и книг. Я же стар и слаб и кроме того имею свои неотложные работы. В этом одна причина. Другая причина в том, что литературные произведения уже давно совершенно не интересуют меня, а не интересуясь ими, я не могу быть и судьею в них. И потому я — последний человек, к которому можно обращаться с такими желаниями, как ваше.</p>
<p rend="left">Пожалуйста, не сетуйте на меня за мой отказ, вытекающий только из полной невозможности сделать вам приятное.</p>
<p rend="left">Ясная Поляна.</p>
<p rend="left">1 июня 09.</p>
<comments><p rend="Textpetit_otstup left">Печатается по дубликату <hi style="opdelimiter">подлинника.</hi><hi style="opnumber">212</hi></p>
<p rend="Textpetit_otstup left"><hi>1</hi> См. прим. к письму № 62.</p>
<p rend="petit left">3 июня текст этого письма был послан Борису Николаевичу Созину, в ответ на его письмо (без даты) из Оренбурга, с просьбой дать отзыв о его рассказе; 4 июня — Г. Вольфу, в ответ на его письмо от 31 мая, который просил разрешения прислать для просмотра свою драму «Гимназисты». На конверте письма Вольфа Толстой пометил: Сочинение. Послать <choice original_editorial_correction='от[вет]'><sic>от</sic><corr>ответ</corr></choice>.</p>
</comments></div></body>
        </text>
        </TEI>