<?xml version='1.0' encoding='UTF-8' standalone='no'?>

<TEI xmlns="http://www.tei-c.org/ns/1.0">
       <teiHeader>
          <fileDesc>
             <titleStmt>
                <title>Письмо №* 62. Неизвестному.</title>
             </titleStmt>
             <publicationStmt>
                <publisher>TolstoyLab</publisher>
                <date when="2015-09-14">14 September 2015</date>
             </publicationStmt>
             <sourceDesc>
                <biblStruct>
                   <analytic>
                      <author>Толстой Л.Н.</author>
                   </analytic>
                   <monogr>
                      <title level="m">Полное собрание сочинений. Том 72</title>
                      <imprint>
                         <pubPlace>Москва</pubPlace>
                         <publisher>Государственное издательство "Художественная литература"</publisher>
                         <date when="1933"/>
                      </imprint>
                   </monogr>
                   <series>
                      <title level="s">Л.Н. Толстой. Полное собрание сочинений</title>
                      <biblScope unit="vol">72</biblScope>
                   </series>
                </biblStruct>
             </sourceDesc>
          </fileDesc>
          <encodingDesc>
             <tagsDecl> </tagsDecl>
          </encodingDesc>
          <profileDesc>
             <correspDesc>
                <correspAction type="sending">
                   <persName ref="PersonList.xml#L_N_Tolstoy">Л. Н. Толстой</persName>
                   <placeName ref="PlacesListxml#PLACE">Москва</placeName>
                   <date when="1899-03-07">1899 г. Марта 7?</date>            </correspAction>
                <correspAction type="receiving">
                   <persName ref="PersonList.xml#RECEIVER">Неизвестному.</persName>
                </correspAction>
                <correspContext>
                   <ref type="prev"/>
                </correspContext>
             </correspDesc>
          </profileDesc>
       </teiHeader>
       <xenoData><number type="in a volume">62</number></xenoData>

              <text xml:id="Neizvestnomu_62">
	<body><div>
		<opener index="false">
* 62. Неизвестному.
1899 г. Марта 7? Москва.</opener>
<p rend="left">Différence dans l’étendue entre la version de mon roman paraissant dans la Niva et celle paraissant à l’étranger — Deutsche Verlaganstalt — sera insignifiante.</p>
<comments><p rend="Textpetit_otstup left">Разница в объеме версии моего романа, появляющейся в «Ниве», и той, которая появится за границей — в издательстве «Deutsche Verlagsanstalt» — будет <hi style="opdelimiter">незначительна.</hi><hi style="opnumber">90</hi></p>
<p rend="Textpetit_otstup left"><hi style="npnumber">91</hi><hi style="npdelimiter">Печатается</hi> по автографу, хранящемуся в ИЛ. Телеграмма. Текст приведен в письме к А. Ф. Марксу от 7? марта 1899 г. Датируется по тому же письму.</p>
<p rend="petit left">Кому адресована телеграмма, редакцией не установлено. Очевидно, телеграмма была подписана, но точный текст подписи неизвестен. Комментарий см. в письме № 61.</p>
</comments></div></body>
        </text>
        </TEI>