<?xml version='1.0' encoding='UTF-8' standalone='no'?>

<TEI xmlns="http://www.tei-c.org/ns/1.0">
       <teiHeader>
          <fileDesc>
             <titleStmt>
                <title>Письмо №* 61. М. г Инконтри (М. G. Incontri).</title>
             </titleStmt>
             <publicationStmt>
                <publisher>TolstoyLab</publisher>
                <date when="2015-09-14">14 September 2015</date>
             </publicationStmt>
             <sourceDesc>
                <biblStruct>
                   <analytic>
                      <author>Толстой Л.Н.</author>
                   </analytic>
                   <monogr>
                      <title level="m">Полное собрание сочинений. Том 67</title>
                      <imprint>
                         <pubPlace>Москва</pubPlace>
                         <publisher>Государственное издательство "Художественная литература"</publisher>
                         <date when="1955"/>
                      </imprint>
                   </monogr>
                   <series>
                      <title level="s">Л.Н. Толстой. Полное собрание сочинений</title>
                      <biblScope unit="vol">67</biblScope>
                   </series>
                </biblStruct>
				<bibl>Печатается по копии, написанной рукой П. А. Буланже. Дата копии, подтверждаемая письмом адресата.</bibl>
             </sourceDesc>
          </fileDesc>
          <encodingDesc>
             <tagsDecl> </tagsDecl>
          </encodingDesc>
          <profileDesc>
             <correspDesc>
                <correspAction type="sending">
                   <persName ref="PersonList.xml#L_N_Tolstoy">Л. Н. Толстой</persName>
                   <placeName ref="PlacesListxml#PLACE">Москва</placeName>
                   <date when="1894-03-05">1894 г. Марта 5.</date>            </correspAction>
                <correspAction type="receiving">
                   <persName ref="PersonList.xml#RECEIVER">М. г Инконтри (М. G. Incontri).</persName>
                </correspAction>
                <correspContext>
                   <ref type="prev">Ответ на письмо М. Г. Инконтри от 8/20 февраля 1894 г. из Флоренции.</ref>
                </correspContext>
             </correspDesc>
          </profileDesc>
       </teiHeader>
       <xenoData><number type="in a volume">61</number></xenoData>

              <text xml:id="M.G.InkontriM.G.Incontri_61">
	<body><div>
		<opener index="false">
* 61. М. Г. Инконтри (М. G. Incontri).

1894г. Марта 5. Москва.</opener>
<p rend="left">Madame, j’ai reçu votre aimable lettre, ainsi que l'admirable brochure de Ouida.</p>
<p rend="left">Toutes mes sympaties sont depuis longtemps acquises à la cause que vous défendez. L’opuscule de Ouida sera traduit en russe et je voudrais bien, si j’en ai loisir, d’y ajouter quelques mots de préface, dans laquelle j’aurais pu exposer mes idées sur la même question.<note xml:id="note1" resp="volume_editor" index="false"> Брошюру Уйда «Новое священство» (<ref target="file:///Volume_67_L.L.iT.L.Tolstym_50.xml">см. письмо № 50</ref>, прим. 10) взялась было переводить Т. Л. Толстая, о чем писала отцу 28 февраля, но не перевела, и предисловие Толстого осталось ненаписанным.</note></p>
<p rend="left">Recevez, madame, l’assurance de toute ma considération.</p>
<p rend="right">Léon Tolstoy.</p>
<comments><p rend="Textpetit_otstup left">Милостивая государыня, я получил ваше любезное письмо, а также замечательную брошюру Уйда.</p>
<p rend="petit left">Дело, которое вы защищаете, давно уже завоевало все мои симпатии. Статья Уйда будет переведена на русский язык, и я очень хотел бы, если только выберу время, прибавить к ней несколько слов в виде предисловия, в котором я мог бы высказать свои взгляды по тому же вопросу.<note xml:id="note2" resp="volume_editor" index="false"> Брошюру Уйда «Новое священство» (<ref target="file:///Volume_67_L.L.iT.L.Tolstym_50.xml">см. письмо № 50</ref>, прим. 10) взялась было переводить Т. Л. Толстая, о чем писала отцу 28 февраля, но не перевела, и предисловие Толстого осталось ненаписанным.</note></p>
<p rend="petit left">Примите уверение в моем полном уважении.</p>
<p rend="petit right">Лев Толстой.</p>
<p rend="Textpetit_otstup left">Печатается по копии, написанной рукой П. А. Буланже. Дата копии, подтверждаемая письмом адресата.</p>
<p rend="petit left">Мария Григорьевна Инконтри (р. 1841), рожд. Кушелева.</p>
<p rend="petit left">Ответ на письмо М. Г. Инконтри от 8/20 февраля 1894 г. из Флоренции.</p>
<p rend="Textpetit_otstup left"><hi>1</hi> Брошюру Уйда «Новое священство» (<ref target="file:///Volume_67_L.L.iT.L.Tolstym_50.xml">см. письмо № 50</ref>, прим. 10) взялась было переводить Т. Л. Толстая, о чем писала отцу 28 февраля, но не перевела, и предисловие Толстого осталось ненаписанным.</p>
</comments></div></body>
        </text>
        </TEI>