<?xml version='1.0' encoding='UTF-8' standalone='no'?>

<TEI xmlns="http://www.tei-c.org/ns/1.0">
       <teiHeader>
          <fileDesc>
             <titleStmt>
                <title>Письмо №* 165. В английские газеты.</title>
             </titleStmt>
             <publicationStmt>
                <publisher>TolstoyLab</publisher>
                <date when="2015-09-14">14 September 2015</date>
             </publicationStmt>
             <sourceDesc>
                <biblStruct>
                   <analytic>
                      <author>Толстой Л.Н.</author>
                   </analytic>
                   <monogr>
                      <title level="m">Полное собрание сочинений. Том 70</title>
                      <imprint>
                         <pubPlace>Москва</pubPlace>
                         <publisher>Государственное издательство "Художественная литература"</publisher>
                         <date when="1954"/>
                      </imprint>
                   </monogr>
                   <series>
                      <title level="s">Л.Н. Толстой. Полное собрание сочинений</title>
                      <biblScope unit="vol">70</biblScope>
                   </series>
                </biblStruct>
             </sourceDesc>
          </fileDesc>
          <encodingDesc>
             <tagsDecl> </tagsDecl>
          </encodingDesc>
          <profileDesc>
             <correspDesc>
                <correspAction type="draft">
                   <persName ref="PersonList.xml#L_N_Tolstoy">Л. Н. Толстой</persName>
                   <placeName ref="PlacesListxml#PLACE">Ясная Поляна</placeName>
                   <date when="1897-09-18">1897 г. Сентября 18.</date>            </correspAction>
                <correspAction type="receiving">
                   <persName ref="PersonList.xml#RECEIVER">В английские газеты.</persName>
                </correspAction>
                <correspContext>
                   <ref type="prev"/>
                </correspContext>
             </correspDesc>
          </profileDesc>
       </teiHeader>
       <xenoData><number type="in a volume">165</number></xenoData>

              <text xml:id="Vanglijskiegazety_165">
	<body><div>
		<opener index="false">
* 165. В английские газеты. Черновое.
1897 г. Сентября 18. Я. П.</opener>
<p rend="left">В мае месяце ко мне приехали из Самары молокане, над <choice original_editorial_correction='кот[орыми]'><sic>кот</sic><corr>которыми</corr></choice> было произведено неимоверное <choice original_editorial_correction='насил[ие]'><sic>насил</sic><corr>насилие</corr></choice>.<note xml:id="note1" resp="volume_editor" index="false"> <hi>Зачеркнуто</hi>: по распоряжению правительства.</note> Ночью приехали к ним полицейские [?] и <choice original_editorial_correction='выр[вали]'><sic>выр</sic><corr>вырвали</corr></choice><note xml:id="note2" resp="volume_editor" index="false"> <hi>Зач.: и</hi> самым жестоким образом.</note> от них<note xml:id="note3" resp="volume_editor" index="false"> <hi>Зач.:</hi> безо всякого даже подобия какой-либо <choice original_editorial_correction='законн[ости]'><sic>законн</sic><corr>законности</corr></choice> были отобраны дети.</note> детей и увезли. Я тогда написал письмо <choice original_editorial_correction='гос[ударю]'><sic>гос</sic><corr>государю</corr></choice>, излагая дело и прося его положить конец таким ужасам, <choice original_editorial_correction='к[оторые]'><sic>к</sic><corr>которые</corr></choice> производятся его именем. Вот это письмо. Письмо было наверное передано в руки государя тогда же, ответа я никакого не получил, но с нетерпением ждал результатов этого письма. Прошел месяц, два, три, никаких известий. Я написал в Самару, чтобы узнать о судьбе детей. Оказалось, что отнятые дети продолжают содержаться в монастырях, где им дают только на несколько минут свидание с родителями. В августе месяце в Казани был миссионерский съезд, на <choice original_editorial_correction='к[отором]'><sic>к</sic><corr>котором</corr></choice>, обсуживая меры борьбы с сектантством, православные миссионеры решили, что для поддержания <choice original_editorial_correction='православ[ия]'><sic>православ</sic><corr>православия</corr></choice> надо отбирать детей от родителей. Но мера эта после прений целого дня была отвергнута только <choice original_editorial_correction='п[отому]'><sic>п</sic><corr>потому</corr></choice>, <choice original_editorial_correction='ч[то]'><sic>ч</sic><corr>что</corr></choice> содержать всех отобранных было бы затруднительно. На днях в одной из самых <choice original_editorial_correction='консерватив[ных]'><sic>консерватив</sic><corr>консервативных</corr></choice> газет неожиданно была статья, в <choice original_editorial_correction='к[оторой]'><sic>к</sic><corr>которой</corr></choice> редактор с ужасом и укоризной говорит о миссионерском съезде, <choice original_editorial_correction='кот[орый]'><sic>кот</sic><corr>который</corr></choice> мог предложить такую ужасную меру, как отобрание детей. Так что впечатление должно получиться для всех читающих газеты, что, хотя и употребляются для поддержанья православия некоторые меры, не совсем согласные с веротерпимостью, но что такие меры, как отнятие детей, немыслимо употреблять в России.</p>
<p rend="left">А между тем нынче, 18 <choice original_editorial_correction='сент[ября]'><sic>сент</sic><corr>сентября</corr></choice>, приехали ко мне опять молокане из Самары, слезно умоляя помочь им возвратить отобранных детей, вот уже 4 месяца томящихся в монастырях. Найти какое-нибудь разумное основание этим поступкам <choice original_editorial_correction='русск[ого]'><sic>русск</sic><corr>русского</corr></choice> правительства нет никакой возможности. Для чего отбирали детей у этих молокан? Если <choice original_editorial_correction='реш[или]'><sic>реш</sic><corr>решили</corr></choice> отбирать у всех для поддержания православия, для чего отобрали только у этих? Если, как могло бы казаться, отобрали тех детей, <choice original_editorial_correction='кот[орые]'><sic>кот</sic><corr>которые</corr></choice> были крещены в православие, то для чего не отобрали у многих, у <hi style="opdelimiter">сотен</hi><hi style="opnumber">138</hi> <hi style="npnumber">139</hi><hi style="npdelimiter">таких</hi> крещеных прежде детей, а отобрали в числе 6 отобранных двух некрещеных. Для чего делают эти похищения ночью? Для чего делают это <choice original_editorial_correction='толь[ко]'><sic>толь</sic><corr>только</corr></choice> в Самаре, а не в других городах?<note xml:id="note4" resp="volume_editor" index="false"> <hi>Зач.:</hi> Для чего газеты делают вид, что такие меры, как отнятие детей, возмущают их, когда они не могут не знать, что меры эти употребляются?</note> Для чего государь, получив верные сведения о том, что делается его именем, не делает никакого распоряжения о том, чтобы прекратить эти злоупотребления? Ответов на эти вопросы нет никаких, кроме того, что......<note xml:id="note5" resp="volume_editor" index="false"> Точки в подлиннике.</note> <choice original_editorial_correction='сущес[твует]'><sic>сущес</sic><corr>существует</corr></choice> разбойничья шайка.<note xml:id="note6" resp="volume_editor" index="false"> <hi>Зач.:</hi> <choice original_editorial_correction='насильник[ов]'><sic>насильник</sic><corr>насильников</corr></choice> <hi>[4 неразобр</hi>.], <choice original_editorial_correction='к[оторая]'><sic>к</sic><corr>которая</corr></choice> поддерживает свое положение <choice original_editorial_correction='насил[ием]'><sic>насил</sic><corr>насилием</corr></choice>. Трудность найти объяснение этим поступкам &lt;нет никакой возможности&gt; увеличивается еще тем, что <choice original_editorial_correction='к[оторая]'><sic>к</sic><corr>которая</corr></choice> так уверена в своей силе, что не считает нужным [<hi>1</hi> н<hi>еразобр.</hi>] в своем положении и они собрав &lt;себе никаких&gt; [<hi>1</hi> н<hi>еразобр</hi>.], а грабить, мучает людей, как ей вздумается, не давая никому отчета в своих поступках.</note></p>
<p rend="left">Что же всё это значит? Правительство делает вид, что оно руководимо принципами просвещения Христа, мы при всяком случае молимся богу, поминаем бога и <choice original_editorial_correction='Христ[а]'><sic>Христ</sic><corr>Христа</corr></choice>, заботимся о мире, благоденствии и <choice original_editorial_correction='нравствен[ности]'><sic>нравствен</sic><corr>нравственности</corr></choice> наших народов, наши пастыри собираются и с молитвой обсуживают средства поддержать истинную <choice original_editorial_correction='хр[истианскую]'><sic>хр</sic><corr>христианскую</corr></choice> веру. Пастыри эти немного ошиблись, увлеклись, и вот консервативная газета поправляет, стыдит. Так что надо разуметь, что таких дел быть не может. А есть самодержавный мудрый монарх, заботящийся о <choice original_editorial_correction='дух[овном]'><sic>дух</sic><corr>духовном</corr></choice> и <choice original_editorial_correction='мат[ериальном]'><sic>мат</sic><corr>материальном</corr></choice> благе своих подданных, и есть <choice original_editorial_correction='духовен[ство]'><sic>духовен</sic><corr>духовенство</corr></choice>, есть верные слуги царские, есть закон и исполнители закона. Так это представляется и так хотят представить <choice original_editorial_correction='наш[е]'><sic>наш</sic><corr>наше</corr></choice> <choice original_editorial_correction='правит[ельство]'><sic>правит</sic><corr>правительство</corr></choice>. Но ничего этого нет.<note xml:id="note7" resp="volume_editor" index="false"> <hi>Зач.:</hi> есть шайка разбойников, во главе ее, <choice original_editorial_correction='кот[орая]'><sic>кот</sic><corr>которая</corr></choice> под видом <choice original_editorial_correction='зако[на]'><sic>зако</sic><corr>закона</corr></choice> насилует, грабит, делает тo, что вздумается, и шайка людей <choice original_editorial_correction='прикрывающ[ая]'><sic>прикрывающ</sic><corr>прикрывающая</corr></choice> <choice original_editorial_correction='ужасн[ый]'><sic>ужасн</sic><corr>ужасный</corr></choice> этот разбой. И это надо знать.</note></p>
<comments><p rend="Textpetit_otstup left">Публикуемое письмо было написано для английских газет. Однако, не окончив его, Толстой изменил намерение и вторично написал об этом деле царю Николаю II (<ref target="file:///Volume_70_NikolayuII_166.xml">см. письмо № 166</ref>).</p>
<p rend="Textpetit_otstup left"><hi>1</hi> <hi>Зачеркнуто</hi>: по распоряжению правительства.</p>
<p rend="petit left"><hi>2</hi> <hi>Зач.: и</hi> самым жестоким образом.</p>
<p rend="petit left"><hi>3</hi> <hi>Зач.:</hi> безо всякого даже подобия какой-либо <choice original_editorial_correction='законн[ости]'><sic>законн</sic><corr>законности</corr></choice> были отобраны дети.</p>
<p rend="petit left"><hi>4</hi> <hi>Зач.:</hi> Для чего газеты делают вид, что такие меры, как отнятие детей, возмущают их, когда они не могут не знать, что меры эти употребляются?</p>
<p rend="petit left"><hi>5</hi> Точки в подлиннике.</p>
<p rend="petit left"><hi>6</hi> <hi>Зач.:</hi> <choice original_editorial_correction='насильник[ов]'><sic>насильник</sic><corr>насильников</corr></choice> <hi>[4 неразобр</hi>.], <choice original_editorial_correction='к[оторая]'><sic>к</sic><corr>которая</corr></choice> поддерживает свое положение <choice original_editorial_correction='насил[ием]'><sic>насил</sic><corr>насилием</corr></choice>. Трудность найти объяснение этим поступкам &lt;нет никакой возможности&gt; увеличивается еще тем, что <choice original_editorial_correction='к[оторая]'><sic>к</sic><corr>которая</corr></choice> так уверена в своей силе, что не считает нужным [<note xml:id="note8" resp="volume_editor" index="false"> <hi>Зачеркнуто</hi>: по распоряжению правительства.</note> н<hi>еразобр.</hi>] в своем положении и они собрав &lt;себе никаких&gt; [<note xml:id="note9" resp="volume_editor" index="false"> <hi>Зачеркнуто</hi>: по распоряжению правительства.</note> н<hi>еразобр</hi>.], а грабить, мучает людей, как ей вздумается, не давая никому отчета в своих поступках.</p>
<p rend="petit left">Православие есть обман, <choice original_editorial_correction='к[оторым]'><sic>к</sic><corr>которым</corr></choice> оно держится, и этот обман надо поддерживать во что бы то ни стало, поддерживать же его можно <choice original_editorial_correction='толь[ко]'><sic>толь</sic><corr>только</corr></choice> силой и преступлениями, и потому всё, что душит, губит, мучает людей, хорошо и одобряется <hi style="opdelimiter">правительством.</hi><hi style="opnumber">139</hi></p>
<p rend="petit left"><hi style="npnumber">140</hi><hi style="npdelimiter">Другого</hi> объяснения нет. И это объяснение очень важно.</p>
<p rend="petit left"><hi>7</hi> <hi>Зач.:</hi> есть шайка разбойников, во главе ее, <choice original_editorial_correction='кот[орая]'><sic>кот</sic><corr>которая</corr></choice> под видом <choice original_editorial_correction='зако[на]'><sic>зако</sic><corr>закона</corr></choice> насилует, грабит, делает тo, что вздумается, и шайка людей <choice original_editorial_correction='прикрывающ[ая]'><sic>прикрывающ</sic><corr>прикрывающая</corr></choice> <choice original_editorial_correction='ужасн[ый]'><sic>ужасн</sic><corr>ужасный</corr></choice> этот разбой. И это надо знать.</p>
</comments></div></body>
        </text>
        </TEI>