<?xml version='1.0' encoding='UTF-8' standalone='no'?>

<TEI xmlns="http://www.tei-c.org/ns/1.0">
       <teiHeader>
          <fileDesc>
             <titleStmt>
                <title>Письмо №* 133. Начальнику почты.</title>
             </titleStmt>
             <publicationStmt>
                <publisher>TolstoyLab</publisher>
                <date when="2015-09-14">14 September 2015</date>
             </publicationStmt>
             <sourceDesc>
                <biblStruct>
                   <analytic>
                      <author>Толстой Л.Н.</author>
                   </analytic>
                   <monogr>
                      <title level="m">Полное собрание сочинений. Том 76</title>
                      <imprint>
                         <pubPlace>Москва</pubPlace>
                         <publisher>Государственное издательство "Художественная литература"</publisher>
                         <date when="1956"/>
                      </imprint>
                   </monogr>
                   <series>
                      <title level="s">Л.Н. Толстой. Полное собрание сочинений</title>
                      <biblScope unit="vol">76</biblScope>
                   </series>
                </biblStruct>
             </sourceDesc>
          </fileDesc>
          <encodingDesc>
             <tagsDecl> </tagsDecl>
          </encodingDesc>
          <profileDesc>
             <correspDesc>
                <correspAction type="sending">
                   <persName ref="PersonList.xml#L_N_Tolstoy">Л. Н. Толстой</persName>
                   <placeName ref="PlacesListxml#PLACE">Ясная Поляна</placeName>
                   <date when="1906-02-02">1906 г. Февраля 2.</date>            </correspAction>
                <correspAction type="receiving">
                   <persName ref="PersonList.xml#RECEIVER">Начальнику почты.</persName>
                </correspAction>
                <correspContext>
                   <ref type="prev"/>
                </correspContext>
             </correspDesc>
          </profileDesc>
       </teiHeader>
       <xenoData><number type="in a volume">133</number></xenoData>

              <text xml:id="Nachalnikupochty_133">
	<body><div>
		<opener index="false">
* 133. Начальнику почты.
1906 г. Февраля 2. Я. П.</opener>
<p rend="left">Прошу, если пришла посылка с <choice original_editorial_correction='нал[оженным]'><sic>нал</sic><corr>наложенным</corr></choice> <choice original_editorial_correction='плат[ежом]'><sic>плат</sic><corr>платежом</corr></choice> от Феррейна<note xml:id="note1" resp="volume_editor" index="false"> Феррейн — аптекарская фирма в Москве.</note> и если это для вас не составит затруднения, выдать ее нашему кучеру.</p>
<p rend="left">Подписанную повестку пришлю в самом скором времени.</p>
<p rend="right">Лев Толстой.</p>
<p rend="left">2 февр. 1906</p>
<comments><p rend="Textpetit_otstup left">Все письмо и дата — рукой T. Л. Сухотиной. Подпись — рукой Толстого.</p>
<p rend="Textpetit_otstup left"><hi>1</hi> Феррейн — аптекарская фирма в Москве.</p>
</comments></div></body>
        </text>
        </TEI>