<?xml version='1.0' encoding='UTF-8' standalone='no'?>

<TEI xmlns="http://www.tei-c.org/ns/1.0">
       <teiHeader>
          <fileDesc>
             <titleStmt>
                <title>Письмо №* 436. Приставу 2-го стана Крапивенского уезда.</title>
             </titleStmt>
             <publicationStmt>
                <publisher>TolstoyLab</publisher>
                <date when="2015-09-14">14 September 2015</date>
             </publicationStmt>
             <sourceDesc>
                <biblStruct>
                   <analytic>
                      <author>Толстой Л.Н.</author>
                   </analytic>
                   <monogr>
                      <title level="m">Полное собрание сочинений. Том 61</title>
                      <imprint>
                         <pubPlace>Москва</pubPlace>
                         <publisher>Государственное издательство "Художественная литература"</publisher>
                         <date when="1953"/>
                      </imprint>
                   </monogr>
                   <series>
                      <title level="s">Л.Н. Толстой. Полное собрание сочинений</title>
                      <biblScope unit="vol">61</biblScope>
                   </series>
                </biblStruct>
				<bibl>Печатается по копии, хранящейся в деле Крапивенского уездного исправника из Тульского архивного бюро.</bibl>
             </sourceDesc>
          </fileDesc>
          <encodingDesc>
             <tagsDecl> </tagsDecl>
          </encodingDesc>
          <profileDesc>
             <correspDesc>
                <correspAction type="sending">
                   <persName ref="PersonList.xml#L_N_Tolstoy">Л. Н. Толстой</persName>
                   <placeName ref="PlacesListxml#PLACE">Ясная Поляна</placeName>
                   <date when="1864-03">1864 г. Март</date>            </correspAction>
                <correspAction type="receiving">
                   <persName ref="PersonList.xml#RECEIVER">Приставу 2-го стана Крапивенского уезда</persName>
                </correspAction>
                <correspContext>
                   <ref type="prev"/>
                </correspContext>
             </correspDesc>
          </profileDesc>
       </teiHeader>
       <xenoData><number type="in a volume">436</number></xenoData>

              <text xml:id="Pristavu_2-go_stana_Krapivenskogo_uezda_436">
	<body><div>
		<opener index="false">
* 436. Приставу 2-го стана Крапивенского уезда.
1864 г. Март. Я. П.</opener>
<p rend="left">Господину приставу 2-го стана Крапивенского уезда.</p>
<p rend="left">Помещика, артиллерии пору-</p>
<p rend="right">чика графа Льва Николаевича</p>
<p rend="right">Толстова.</p>
<p rend="subtitle centerline">
<hi rend="Razradka">Сведение.</hi>
</p>
<p rend="left">Так как по поданному мною к господину Крапивенскому судебному следователю о украденных у меня двух лошадях объявлению,<note xml:id="note1" resp="volume_editor" index="false"> Заявление Толстого судебному следователю неизвестно.</note> подозреваемые мной в этой краже казенные крестьяне села Мясоедова не сознались, то могущих случайно открыться лошадей моих прошу возвратить мне по принадлежности. — Марта дня 1864 г.</p>
<p rend="left">Подлинное подписал поручик граф Лев Толстой.</p>
<p rend="petit left">Верно: пристав (подпись).</p>
<comments><p rend="Textpetit_otstup left">Печатается по копии, хранящейся в деле Крапивенского уездного исправника из Тульского архивного бюро.</p>
<p rend="Textpetit_otstup left"><hi>1</hi> Заявление Толстого судебному следователю неизвестно.</p>
</comments></div></body>
        </text>
        </TEI>