<?xml version='1.0' encoding='UTF-8' standalone='no'?>

<TEI xmlns="http://www.tei-c.org/ns/1.0">
       <teiHeader>
          <fileDesc>
             <titleStmt>
                <title>Письмо №* 284. Альтенбургской колонии учащихся. Неотправленное.</title>
             </titleStmt>
             <publicationStmt>
                <publisher>TolstoyLab</publisher>
                <date when="2015-09-14">14 September 2015</date>
             </publicationStmt>
             <sourceDesc>
                <biblStruct>
                   <analytic>
                      <author>Толстой Л.Н.</author>
                   </analytic>
                   <monogr>
                      <title level="m">Полное собрание сочинений. Том 82</title>
                      <imprint>
                         <pubPlace>Москва</pubPlace>
                         <publisher>Государственное издательство "Художественная литература"</publisher>
                         <date when="1956"/>
                      </imprint>
                   </monogr>
                   <series>
                      <title level="s">Л.Н. Толстой. Полное собрание сочинений</title>
                      <biblScope unit="vol">82</biblScope>
                   </series>
                </biblStruct>
				<bibl>Печатается по копии. В копии помета неизвестной рукой: «Не послано по желанию Льва Николаевича».</bibl>
             </sourceDesc>
          </fileDesc>
          <encodingDesc>
             <tagsDecl> </tagsDecl>
          </encodingDesc>
          <profileDesc>
             <correspDesc>
                <correspAction type="unsent">
                   <persName ref="PersonList.xml#L_N_Tolstoy">Л. Н. Толстой</persName>
                   <placeName ref="PlacesListxml#PLACE">Ясная Поляна</placeName>
                   <date when="1910-10-27">1910 г. Октября 27.</date>            </correspAction>
                <correspAction type="receiving">
                   <persName ref="PersonList.xml#RECEIVER">Альтенбургской колонии учащихся</persName>
                </correspAction>
                <correspContext>
                   <ref type="prev"/>
                </correspContext>
             </correspDesc>
          </profileDesc>
       </teiHeader>
       <xenoData><number type="in a volume">284</number></xenoData>

       <text xml:id="Altenburgskojkoloniiuchashhixsya_284">
	<body><div>
		<opener index="false">
* 284. Альтенбургской колонии учащихся. Неотправленное.
1910 г. Октября 27. Я. П.</opener>
<p rend="right">27 октября 1910 г. Ясная Пол.</p>
<p rend="left">Благодарю за название. Посылаю в вашу читальню несколько составленных мною книг «На каждый день». Пришлю остальные, когда выйдут.</p>
<comments><p rend="Textpetit_otstup left">Печатается по копии. В копии помета неизвестной рукой: «Не послано по желанию Льва Николаевича».</p>
<p rend="petit left">Сведений об Альтенбургской колонии учащихся не имеется. Повидимому, Альтенбургская колония учащихся (Германия) сообщала о своем решении назвать свою библиотеку именем Толстого.</p>
</comments></div></body>
        </text>
        </TEI>