<?xml version='1.0' encoding='UTF-8' standalone='no'?>

<TEI xmlns="http://www.tei-c.org/ns/1.0">
       <teiHeader>
          <fileDesc>
             <titleStmt>
                <title>Письмо №* 552. Судебному приставу.</title>
             </titleStmt>
             <publicationStmt>
                <publisher>TolstoyLab</publisher>
                <date when="2015-09-14">14 September 2015</date>
             </publicationStmt>
             <sourceDesc>
                <biblStruct>
                   <analytic>
                      <author>Толстой Л.Н.</author>
                   </analytic>
                   <monogr>
                      <title level="m">Полное собрание сочинений. Том 62</title>
                      <imprint>
                         <pubPlace>Москва</pubPlace>
                         <publisher>Государственное издательство "Художественная литература"</publisher>
                         <date when="1953"/>
                      </imprint>
                   </monogr>
                   <series>
                      <title level="s">Л.Н. Толстой. Полное собрание сочинений</title>
                      <biblScope unit="vol">62</biblScope>
                   </series>
                </biblStruct>
             </sourceDesc>
          </fileDesc>
          <encodingDesc>
             <tagsDecl> </tagsDecl>
          </encodingDesc>
          <profileDesc>
             <correspDesc>
                <correspAction type="sending">
                   <persName ref="PersonList.xml#L_N_Tolstoy">Л. Н. Толстой</persName>
                   <placeName ref="PlacesListxml#PLACE">Ясная Поляна</placeName>
                   <date when="1878-06-09">1878 г. Июня 9.</date>            </correspAction>
                <correspAction type="receiving">
                   <persName ref="PersonList.xml#RECEIVER">Судебному приставу</persName>
                </correspAction>
                <correspContext>
                   <ref type="prev"/>
                </correspContext>
             </correspDesc>
          </profileDesc>
       </teiHeader>
       <xenoData><number type="in a volume">552</number></xenoData>

              <text xml:id="l_552">
	<body><div>
		<opener index="false">
* 552. Судебному приставу.
1878 г. Июня 9. Я. П.</opener>
<p rend="petit left">Господину судебному приставу, состоящему при Съезде мировых судей Крапивенского судебного округа.</p>
<p rend="petit right">Графа Л. Н. Толстого.</p>
<p rend="subtitle petit centerline">
Заявление.
</p>
<p rend="petit left">Прошу г. пристава приостановиться продажею имущества крестьянина с. Телятинок Василья Лизунова по моему иску, и исполнительный лист, переданный Вам на взыскание, возвратить мне через Ясенское волостное правление. Июня дня 1878 года.</p>
<p rend="right">Граф Лев Толстой.</p>
<p rend="Textpetit_otstup left">Подпись руки графа Льва Николаевича Толстого Ясенковское волостное правление удостоверяет. 9 июня 1878 года.</p>
<p rend="petit right">Волостной старшина Зябрев. </p>
<p rend="petit right">Волостной писарь <hi style="opdelimiter">Новиков.</hi><hi style="opnumber">514</hi></p>
<comments><p rend="Textpetit_otstup left"><hi style="npnumber">515</hi><hi style="npdelimiter">Текст</hi> заявления, за исключением подписи Толстого, написан рукою волостного писаря.</p>
<p rend="petit left">Заявление вшито в дело (Л. Д. 4), имеющее на обложке следующее заглавие: «№38. Гр. Толстой с Лизуновым о взыскании с крестьянина деревни Телятинок Василья Егорова Лизунова на удовлетворение графа Льва Николаевича Толстого 150 руб. Началось 2 мая 1878 г. Окончено 10 июня 1878 г.</p>
<p rend="petit left">Как видно из дела, имущество ответчика, всего на сумму 25 р. 50 к. по предварительной оценке, было описано 5 мая 1878 г. на основании исполнительного листа мирового судьи 3 участка от 28 апреля 1878 г. за № 258, присланного конторой гр. Толстого 2 мая того же года судебному приставу Чинонову».</p>
<p rend="petit left">Продажа была назначена на 10 июня, но когда судебный пристав прибыл в дом ответчика, последний вручил ему напечатанное выше заявление за подписью Толстого, и продажа была приостановлена, а исполнительный лист вручен под расписку «управляющему графа Толстого» Алексею Степановичу Орехову для передачи истцу (см. журналы судебного пристава от 5 мая и 10 июня 1878 года).</p>
<p rend="petit left">В чем состояло судебное дело о взыскании с крестьянина Лизунова 150 рублей, неизвестно.</p>
</comments></div></body>
        </text>
        </TEI>