<?xml version='1.0' encoding='UTF-8' standalone='no'?>

<TEI xmlns="http://www.tei-c.org/ns/1.0">
       <teiHeader>
          <fileDesc>
             <titleStmt>
                <title>Письмо №298. В Тульское губернское по крестьянским делам присутствие.</title>
             </titleStmt>
             <publicationStmt>
                <publisher>TolstoyLab</publisher>
                <date when="2015-09-14">14 September 2015</date>
             </publicationStmt>
             <sourceDesc>
                <biblStruct>
                   <analytic>
                      <author>Толстой Л.Н.</author>
                   </analytic>
                   <monogr>
                      <title level="m">Полное собрание сочинений. Том 60</title>
                      <imprint>
                         <pubPlace>Москва</pubPlace>
                         <publisher>Государственное издательство "Художественная литература"</publisher>
                         <date when="1949"/>
                      </imprint>
                   </monogr>
                   <series>
                      <title level="s">Л.Н. Толстой. Полное собрание сочинений</title>
                      <biblScope unit="vol">60</biblScope>
                   </series>
                </biblStruct>
             </sourceDesc>
          </fileDesc>
          <encodingDesc>
             <tagsDecl> </tagsDecl>
          </encodingDesc>
          <profileDesc>
             <correspDesc>
                <correspAction type="sending">
                   <persName ref="PersonList.xml#L_N_Tolstoy">Л. Н. Толстой</persName>
                   <placeName ref="PlacesListxml#PLACE">Ясная Поляна</placeName>
                   <date when="1861-11-14">1861 г. Ноября 14.</date>            </correspAction>
                <correspAction type="receiving">
                   <persName ref="PersonList.xml#RECEIVER">В Тульское губернское по крестьянским делам присутствие</persName>
                </correspAction>
                <correspContext>
                   <ref type="prev"/>
                </correspContext>
             </correspDesc>
          </profileDesc>
       </teiHeader>
       <xenoData><number type="in a volume">298</number></xenoData>

              <text xml:id="VTulskoegubernskoepokrestyanskimdelamprisutstvie_298">
	<body><div>
		<opener index="false">
298. В Тульское губернское по крестьянским делам присутствие.
1861 г. Ноября 14. Я. П.</opener>
<p rend="left">№ 375.</p>
<p rend="left">Вследствие отношения губернского по крестьянским делам присутствия 30 октября, № 1978,<note xml:id="note1" resp="volume_editor" index="false"> Отношение это неизвестно.</note> имею честь уведомить, что предложенный мною вопрос на разрешение тульскому губернскому присутствию 21 прошлого октября, за № 329, вопрос возник из следующих случаев:</p>
<p rend="left">1. На управляющего имением г. Михаловского принесена жалоба крестьянами, что он, во время нахождения с ними на работах, некоторых из них бил. При разбирательстве дела справедливость показания крестьян подтвердилась, и я, убедившись в виновности управляющего, просил его окончить дело миром, т. е. заплатить крестьянам, подвергнувшимся побоям, денежное удовлетворение, на что г. управляющий согласия не изъявил, а крестьяне остались без удовлетворения.</p>
<p rend="left">2. На г. Перцева принесена кандидату<note xml:id="note2" resp="volume_editor" index="false"> С 12 мая по 20-е числа июля 1861 г. вследствие отъезда Толстого в самарские степи должность мирового посредника исполнял кандидат С. Н. Толстой.</note> моему жалоба дворовою г. Перцева женщиною в нанесении им побоев ей. По разборе дела моим кандидатом, г. Перцев признан виновным, и ему предложено дать дворовой своей женщине хотя малое денежное удовлетворение; но он не согласился. При вступлении моем в должность дело это принято мною неоконченным, а потому, при дальнейшем производстве оного, я приглашал г. Перцева, для принесения оправдания против поданной на него жалобы; но г. Перцев уведомил меня, что лично быть у меня не может, а письменное объяснение считает неудобным, — и затем до сего времени дворовая его женщина остается неудовлетворенною.</p>
<p rend="left">3. На землемерного помощника Селезневского крестьянином Ивановым принесена жалоба, что г. Селезневский, во время нахождения Иванова с ним в поле в качестве рабочего, неизвестно на каком основании избил его очень больно, и хотя на предложение мое об удовлетворении Иванова за побои г. Селезневский согласился, но, сколько мне известно, до настоящего времени не удовлетворил его.</p>
<p rend="left">Кроме этого были еще некоторые случаи, не говоря о деле г-жи Артюховой,<note xml:id="note3" resp="volume_editor" index="false"> А. П. Артюхова обвинялась в нанесении побоев ключнице Григорьевой.</note> известном губернскому присутствию, оставшиеся точно так же без последствий, как и <hi style="opdelimiter">вышеописанные.</hi><hi style="opnumber">500</hi></p>
<comments><p rend="Textpetit_otstup left"><hi style="npnumber">501</hi><hi style="npdelimiter">Печатается</hi> по тексту, опубликованному в «Русской мысли», 1903, IX, стр. 96—97, по архивным материалам того же дела, как и отношение Толстого от 21 октября 1861 г. Дата и номер отношения первой публикации.</p>
<p rend="petit left">На этом представлении Толстого неизвестно кем сделана надпись карандашом: «Вопрос этот разрешен был дополнительными указаниями. Посему по приказ. нач. губер. дело это оставить без дальнейшего производства».</p>
<p rend="Textpetit_otstup left"><hi>1</hi> Отношение это неизвестно.</p>
<p rend="petit left"><hi>2</hi> С 12 мая по 20-е числа июля 1861 г. вследствие отъезда Толстого в самарские степи должность мирового посредника исполнял кандидат С. Н. Толстой.</p>
<p rend="petit left"><hi>3</hi> А. П. Артюхова обвинялась в нанесении побоев ключнице Григорьевой.</p>
</comments></div></body>
        </text>
        </TEI>