<?xml version='1.0' encoding='UTF-8' standalone='no'?>

<TEI xmlns="http://www.tei-c.org/ns/1.0">
       <teiHeader>
          <fileDesc>
             <titleStmt>
                <title>Письмо №175. Редактору газеты «Stokholm Tagblatt».</title>
             </titleStmt>
             <publicationStmt>
                <publisher>TolstoyLab</publisher>
                <date when="2015-09-14">14 September 2015</date>
             </publicationStmt>
             <sourceDesc>
                <biblStruct>
                   <analytic>
                      <author>Толстой Л.Н.</author>
                   </analytic>
                   <monogr>
                      <title level="m">Полное собрание сочинений. Том 70</title>
                      <imprint>
                         <pubPlace>Москва</pubPlace>
                         <publisher>Государственное издательство "Художественная литература"</publisher>
                         <date when="1954"/>
                      </imprint>
                   </monogr>
                   <series>
                      <title level="s">Л.Н. Толстой. Полное собрание сочинений</title>
                      <biblScope unit="vol">70</biblScope>
                   </series>
                </biblStruct>
             </sourceDesc>
          </fileDesc>
          <encodingDesc>
             <tagsDecl> </tagsDecl>
          </encodingDesc>
          <profileDesc>
             <correspDesc>
                <correspAction type="sending">
                   <persName ref="PersonList.xml#L_N_Tolstoy">Л. Н. Толстой</persName>
                   <placeName ref="PlacesListxml#PLACE">Ясная Поляна</placeName>
                   <date when="1897-09-23">1897 г. Сентября 23.</date>            </correspAction>
                <correspAction type="receiving">
                   <persName ref="PersonList.xml#RECEIVER">Редактору газеты «Stokholm Tagblatt».</persName>
                </correspAction>
                <correspContext>
                   <ref type="prev"/>
                </correspContext>
             </correspDesc>
          </profileDesc>
       </teiHeader>
       <xenoData><number type="in a volume">175</number></xenoData>

              <text xml:id="RedaktorugazetyStokholmTagblatt_175">
	<body><div>
		<opener index="false">
175. Редактору газеты «Stokholm Tagblatt».
1897 г. Сентября 23. Я. П.
</opener><p rend="right">4 Octobre 1897.</p>

<p rend="Obrashenie left">Monsieur le Rédacteur,</p>
<p rend="left">Vous m’obligeriez beaucoup en publiant l’article ci-joint dans votre journal. Cet article a été traduit en Suédois par un jeune homme Suédois* de beaucoup de talent qui se trouvait chez moi au moment, ou j’écrivais l’article. Si le style n’est pas tout-à-fait coulant, ce dont je ne puis pas juger ne connaissant <hi style="opdelimiter">pas</hi><hi style="opnumber">148</hi> <hi style="npnumber">149</hi><hi style="npdelimiter">le</hi> Suédois, ni le manuscrit dans un état de propreté désirable la faute en est à la hâte dans laquelle l’article a du être fait et envoyé. J’espère que vous excuserez l’un et l’autre et imprimerez l’article tel qu’il est si toutefois vous le trouvez assez intéressant pour vos lecteurs.</p>
<p rend="left">Récevez, je vous prie, Monsieur le Rédacteur, l’assurance de mes sentiments distingués.</p>
<p rend="right">Léon Tolstoy.</p>
<lb/>
<p rend="left">P. S. Vous me rendrez service en m’envoyant le №, si l’article apparaît dans votre journal, en enveloppe de lettre pour éviter la censure.</p>
<p rend="left">————————————————————————————————————</p>
<p rend="left">* Voldemar Langlet, c’est lui, qui m’a conseillé de m’adresser à votre journal.</p>
<lb/>
М. Г.
<p rend="left">Появившееся в шведских газетах известие о том, что в Норвежском стортинге, по завещанию Нобеля, разбирался вопрос о том, кому из лиц, наиболее послуживших делу мира, следует назначить определенные для этой цели 100 000 рублей, вызвало во мне некоторые соображения. Вы очень обяжете меня, напечатав прилагаемое в вашей газете.</p>
<p rend="left">Я полагаю, что условие завещания Нобеля, по отношению лиц, наиболее послуживших делу мира, весьма трудно исполнимо. Люди, действительно служащие делу мира, служат ему потому, что служат богу, и потому не нуждаются в денежном награждении и не примут его. Но полагаю, что условие завещания будет совершенно верно выполнено, если деньги эти передадутся находящимся в нужде семьям лиц, послуживших делу мира. Я говорю про кавказских духоборов. Никто в наше время не послужил и не продолжает служить делу мира действительнее и сильнее этих людей. Служение этих людей делу мира состоит в следующем: целое население, более чем 10 000 людей, придя к убеждению, что христианин не может быть убийцею, решило не принимать участия в военной службе: 34 человека, назначенные к отбыванию воинской повинности, отказались от присяги и службы, за что были заключены в дисциплинарный батальон (одно из самых страшных наказаний). Около 300 человек запасных солдат отнесли свои билеты начальству, объявив, что служить не могут и не будут; эти <hi style="opdelimiter">300</hi><hi style="opnumber">149</hi> <hi style="npnumber">150</hi><hi style="npdelimiter">человек</hi> были заперты в кавказские тюрьмы, семьи же этих людей высланы из их жилищ и поселены в татарских и грузинских деревнях, где не имеют ни земли, ни работы для пропитания. Несмотря на уговаривание правительственных лиц, на угрозы о том, что мучительство их и их семей будет продолжаться до тех пор, пока они не согласятся исполнять воинские обязанности, отказавшиеся от военной службы не изменяют своему решению. Люди эти говорят: «Мы христиане и поэтому не можем согласиться быть убийцами, вы можете и мучить, и убивать нас, мы не можем помешать этому, но мы не можем повиноваться вам, потому что исповедуем то самое христианство, которое и вы признаете». Слова эти очень просты и до такой степени не новы, что странно кажется и повторять их, а между тем слова эти, сказанные в наше время, в тех условиях, в которых находятся духоборы, имеют большое значение.</p>
<p rend="left">Все в наше время говорят о мире и о средствах установления его. О мире говорят профессора, писатели, члены парламентов и обществ мира и те же профессора, писатели, члены парламентов и обществ мира при случае выражают патриотические чувства; когда же доходит до них очередь, спокойно становятся в ряды войск, предполагая, что война прекратится не их, а чьими-то другими усилиями и не в их время, а когда-то после. Священники и пасторы проповедуют о мире в своих церквах и усердно молятся о нем богу, но остерегаются говорить своей пастве о том, что война не совместима с христианством. О мире же не пропускают случая говорить все разъезжающие из столицы в столицу императоры, короли и президенты: они говорят о мире, обнимаясь на станциях железных дорог, говорят о мире, принимая депутации и подарки, говорят о мире с стаканом вина в руках за обедами и ужинами, главное, не упускают случая поговорить о мире перед теми самыми войсками, которые собраны для убийства и которыми они хвастаются друг перед другом. И потому среди этой всеобщей лжи поступки духоборов, ничего не говорящих о мире, а говорящих только о том, что они сами не хотят быть убийцами, получают особенное значение, потому что указывают миру на тот давнишний, простой, несомненный и единственный способ установления мира, который давно уже открыт людям Христом, но от которого люди в прежнее время были так далеки, что он казался неприменимым и который в наше время стал так естественен, что можно только удивляться, <hi style="opdelimiter">каким</hi><hi style="opnumber">150</hi> <hi style="npnumber">151</hi><hi style="npdelimiter">образом</hi> все люди христианского мира до сих пор еще не применили его. Способ этот прост, потому что для применения его не надо предпринимать ничего нового, нужно только каждому человеку нашего времени не делать самому того, что он всегда и для всех считает дурным и постыдным: не соглашаться быть рабом тех, которые приготовляют людей к убийству. Способ этот несомненен, потому что стоит только христианам признать то, что они не могут не признать, что христианин не может быть убийцею, и не будет солдат, потому что все христиане, и будет вечный ненарушимый мир между христианами. И способ этот единственный, потому что до тех пор, пока христиане будут признавать для себя возможным участие в военной службе, будут люди властолюбивые вовлекать других в эту службу и будут войска, а будут войска, — то будут и войны.</p>
<p rend="left">Я знаю, что способ этот употреблялся уже давно, знаю, как древние христиане, отказывавшиеся от военной службы, были казнимы за это римлянами (отказы эти описаны в Житиях Святых). Знаю, как павликиане были поголовно избиты за это же. Я знаю, как гонимы были за это богомилы, как страдали за это квакеры и менониты; знаю также, как теперь в Австрии в тюрьмах томятся за это назарены и как мучили за это людей в России. Но то, что все эти мученичества не уничтожили войну, никак не доказывает того, что мученичества эти были бесполезны. Говорить, что способ этот недействителен, потому что давно уже употребляется, а войны все-таки существуют, всё равно, что говорить, что весною тепло солнца не действительно, потому что не вся земля оттаяла и не распустились цветы. Значение этих отказов в прежние времена и теперь совершенно различно: тогда это были первые лучи солнца на замерзшую, нетронутую еще землю, теперь это уже последнее тепло, нужное для того, чтобы разрушить остатки только кажущейся, но не имеющей уже силы — зимы. Ведь никогда не было прежде того, что теперь, не было той очевидной нелепости, чтобы все люди без исключения сильные и слабые, расположенные к войне и имеющие отвращение к ней, были одинаково принуждены служить в военной службе; никогда не было того, чтобы большая часть народного богатства тратилась на всё увеличивающиеся военные приготовления; никогда не было так ясно, как в наше время, что всегдашний предлог собирания и содержания войск для мнимой защиты от воображаемого нападения врагов <hi style="opdelimiter">не</hi><hi style="opnumber">151</hi> <hi style="npnumber">152</hi><hi style="npdelimiter">имеет</hi> никакого основания и что все эти угрозы нападения суть только выдумки тех, кому нужны войска для своих целей — для властвования над народом. Никогда прежде не было того, чтобы война угрожала людям такими страшными разорениями, бедствиями и такими истреблениями целых поколений, как теперь. Никогда не было, наконец, прежде тех чувств единения и благоволения между народами, вследствие которых война между христианскими народами представляется чем-то ужасным, безнравственным, бессмысленным и братоубийственным. Главное же, никогда, как теперь, не был так очевиден тот обман, посредством которого одни люди заставляют других готовиться к войне, которая всем тяжела, никому не нужна и ненавистна всем.</p>
<p rend="left">Говорят, что для того, чтобы этим способом уничтожить войну, должно пройти слишком много времени, должен совершиться длинный процесс соединения всех людей в одном и том же желании не участвовать в войне. Но любовь к миру и отвращение к войне уже давно составляют, как любовь к здоровью и отвращение к болезни, всегдашнее и всеобщее желание всех неразвращенных, неопьяненных и неодураченных людей. Так что, если нет еще мира, то это не оттого, что нет в людях общего желания иметь его, нет любви к нему и отвращения к войне, а только потому, что существует коварный обман, посредством которого людей уверили и уверяют, что мир невозможен и война необходима. И потому для того, чтобы установить мир между людьми, а тем более между христианами, и уничтожить войну, не нужно ничего нового внушать людям; нужно только освободить их от того обмана, посредством которого им внушено действовать противно своему общему желанию. Обман этот всё более и более разоблачается самою жизнью и в наше время уже настолько разоблачен, что нужно только небольшое усилие для того, чтобы люди совершенно освободились от него. Вот это-то усилие и делают в наше время духоборы своим отказом от военной службы.</p>
<p rend="left">Поступки духоборов срывают последние покровы обмана, — скрывавшие от людей истину. И русское правительство знает это и старается всеми силами хотя на некоторое время поддержать еще тот обман, на котором основано его могущество, и употребляет для этого обычные в этих случаях для людей, знающих свою вину, меры жестокости и тайны. <hi style="opdelimiter">Отказавшихся</hi><hi style="opnumber">152</hi> <hi style="npnumber">153</hi><hi style="npdelimiter">от</hi> службы духоборов запирают в тюрьмах, дисциплинарных батальонах, ссылают в худшие места Сибири и Кавказа, семьи же их, старики, дети, жены, выгнаны из своих жилищ и поселены в местностях, где они, без крова и средств заработать пищу, постепенно вымирают от нужды и болезней. И всё это совершается в величайшей тайне. Заключенные в тюрьмы и пересылаемые содержатся отдельно от всех других; сосланным не дозволяется общение с русскими, их держат только среди инородцев, справедливые сведения о положении духоборов запрещаются в печати, письма от духоборов не отсылаются, письма к ним не доходят; усиленная полиция стережет всякое общение духоборов с русскими и запрещает его; люди, пытавшиеся помочь духоборам и распространить о них сведения среди общества, ссылаются в отдаленные места или вовсе высылаются из России. И как и всегда, меры эти производят только обратное действие того, которое желает произвести правительство. Религиозное, нравственное трудолюбивое население в 10 000 душ нельзя незаметно стереть с земли в наше время. Те самые люди, которые стерегут духоборов, солдаты, тюремщики, те инородцы, среди которых они расселены, так же и те люди, которые, несмотря на все старания правительства, входят в общение с духоборами, узнают про то, за что и во имя чего страдают духоборы, узнают про ничем не оправдываемую жестокость правительства против них и про его страх перед разглашением того, что происходит, и люди, прежде никогда не сомневавшиеся в законности правительства и в совместимости христианства с военной службой, не только начинают сомневаться, но вполне убеждаются в правоте <choice original_editorial_correction='духобор[ов]'><sic>духобор</sic><corr>духоборов</corr></choice> и в обмане правительства и освобождаются сами и освобождают других людей от того [обмана], в <choice original_editorial_correction='к[отором]'><sic>к</sic><corr>котором</corr></choice> они до сих пор находились. И вот это-то освобождение от обмана и, вследствие этого, приближение к установлению действительного мира на земле и есть великая в наше время заслуга духоборов. Потому-то я и полагаю, что никто более их не послужил делу мира. Несчастные же условия, в которых находятся их семьи (о которых можно узнать в статье, напечатанной в газете Humanitas, Juni, 1897), делают то, что никому, с большей справедливостью не могут быть присуждены те деньги, которые Нобель завещал людям, послужившим делу мира. Передать эти деньги нужно как можно скорее, потому что нужда духоборческих семей увеличивается с <hi style="opdelimiter">каждым</hi><hi style="opnumber">153</hi> <hi style="npnumber">154</hi><hi style="npdelimiter">днем</hi> и к зиме должна дойти до крайней степени. Если деньги эти будут присуждены семьям духоборов, то они могут быть переданы им прямо на местах или тем лицам, которые мною будут указаны.</p>
<p rend="petit right">4 октября 1897.</p>
<lb/>
<p rend="Obrashenie petit left">Господин редактор,</p>
<p rend="petit left">Вы меня очень обязали бы, поместив прилагаемую статью в вашей газете. Эта статья была переведена на шведский язык одним очень талантливым молодым шведом,* который был у меня как раз в то время, когда <hi>я</hi> писал эту статью. Если слог не очень гладкий, о чем я не в состоянии судить, не зная шведского языка, и если рукопись недостаточно чиста, то виной этому та спешность, с которой статья эта должна была быть написана и отослана. Надеюсь, что вы извините и то и другое, и напечатаете статью, если только найдете ее достаточно интересной для ваших читателей.</p>
<p rend="petit left">Примите, господин редактор, уверение в моем совершенном уважении.</p>
<p rend="petit right">Лев Толстой.</p>
<lb/>
<p rend="petit left">P. S. Вы окажете мне большую услугу, прислав мне № вашей газеты, если статья в нем появится,<note xml:id="note1" resp="volume_editor" index="false">В шведских газетах это письмо-статья была напечатана в октябре 1897 г.</note> вложив ее в почтовый конверт, во избежание цензуры.</p>
<p rend="petit left">* Вольдемар Ланглет; это он посоветовал мне обратиться в вашу газету.</p>
<lb/>
<p rend="petit left">Сопроводительное письмо печатается по копии из AЧ. Письмо, предназначенное для печати, печатается по подлиннику. В АТ сохранилось несколько черновиков этого письма. Дата Толстого нового стиля с ошибкой на один день. См. запись в Дневнике Толстого 23 сентября, т. 53. Впервые опубликовано по черновику в «Свободной мысли» 1899, ноябрь, № 4, Genève, стр. 10—13, под заглавием, данным публикатором: «По поводу завещания Нобеля».</p>
<comments><p rend="Textpetit_otstup left"><hi>1 </hi>В шведских газетах это письмо-статья была напечатана в октябре 1897 г.</p>
</comments></div></body>
        </text>
        </TEI>