<?xml version='1.0' encoding='UTF-8' standalone='no'?>

<TEI xmlns="http://www.tei-c.org/ns/1.0">
       <teiHeader>
          <fileDesc>
             <titleStmt>
                <title>Письмо №307. В Тульскую казенную палату.</title>
             </titleStmt>
             <publicationStmt>
                <publisher>TolstoyLab</publisher>
                <date when="2015-09-14">14 September 2015</date>
             </publicationStmt>
             <sourceDesc>
                <biblStruct>
                   <analytic>
                      <author>Толстой Л.Н.</author>
                   </analytic>
                   <monogr>
                      <title level="m">Полное собрание сочинений. Том 60</title>
                      <imprint>
                         <pubPlace>Москва</pubPlace>
                         <publisher>Государственное издательство "Художественная литература"</publisher>
                         <date when="1949"/>
                      </imprint>
                   </monogr>
                   <series>
                      <title level="s">Л.Н. Толстой. Полное собрание сочинений</title>
                      <biblScope unit="vol">60</biblScope>
                   </series>
                </biblStruct>
				<bibl>Печатается по тексту, опубликованному в «Известиях Калужской архивной комиссии», 1910, вып. XX, стр. 3.</bibl>
             </sourceDesc>
          </fileDesc>
          <encodingDesc>
             <tagsDecl> </tagsDecl>
          </encodingDesc>
          <profileDesc>
             <correspDesc>
                <correspAction type="sending">
                   <persName ref="PersonList.xml#L_N_Tolstoy">Л. Н. Толстой</persName>
                   <placeName ref="PlacesListxml#PLACE">Ясная Поляна</placeName>
                   <date when="1862-12">1862 г. Декабрь</date>            </correspAction>
                <correspAction type="receiving">
                   <persName ref="PersonList.xml#RECEIVER">В Тульскую казенную палату</persName>
                </correspAction>
                <correspContext>
                   <ref type="prev"/>
                </correspContext>
             </correspDesc>
          </profileDesc>
       </teiHeader>
       <xenoData><number type="in a volume">307</number></xenoData>

              <text xml:id="VTulskuyukazennuyupalatu_307">
	<body><div>
		<opener index="false">
307. В Тульскую казенную палату.
1862 г. Декабрь. Я. П.
</opener>
<p rend="Obrashenie left">В Тульскую Казен. Палату.</p>
<p rend="left">Просит поручик граф Лев Николаевич Толстой о нижеследующем: нужно мне иметь свидетельство из Тульской Казенной Палаты о числе душ, состоящих за мною по 10-й ревизии Крапивенского уезда в сельце Ясной Поляне и деревнях: пустоши Мостовая и хуторе Грецове, для представления в Московскую Сохранную Казну на перезалог означенных имений; о чем, объяснив Всеподданнейше, прошу: дабы поведено было о выдаче означенного свидетельства сделать должное распоряжение.</p>
<p rend="left">Декабря дня 1862 г.</p>
<p rend="left">К поданию надлежит в Тульскую Казенную Палату. —</p>
<p rend="left">Прошение сие со слов просителя писал писец 2 разряда Андрей Иванович сын Соколов.</p>
<p rend="left">К сему прошению поручик граф Лев Николаев сын Толстой руку приложил.</p>
<comments><p rend="Textpetit_otstup left">Печатается по тексту, опубликованному в «Известиях Калужской архивной комиссии», 1910, вып. XX, стр. 3.</p>
<p rend="emptyline left"><hi style="opnumber">511</hi> <hi style="npnumber">512</hi></p>
</comments></div></body>
        </text>
        </TEI>