<?xml version='1.0' encoding='UTF-8' standalone='no'?>

<TEI xmlns="http://www.tei-c.org/ns/1.0">
       <teiHeader>
          <fileDesc>
             <titleStmt>
                <title>Письмо №*237. Группе матросов и солдат.</title>
             </titleStmt>
             <publicationStmt>
                <publisher>TolstoyLab</publisher>
                <date when="2015-09-14">14 September 2015</date>
             </publicationStmt>
             <sourceDesc>
                <biblStruct>
                   <analytic>
                      <author>Толстой Л.Н.</author>
                   </analytic>
                   <monogr>
                      <title level="m">Полное собрание сочинений. Том 78</title>
                      <imprint>
                         <pubPlace>Москва</pubPlace>
                         <publisher>Государственное издательство "Художественная литература"</publisher>
                         <date when="1956"/>
                      </imprint>
                   </monogr>
                   <series>
                      <title level="s">Л.Н. Толстой. Полное собрание сочинений</title>
                      <biblScope unit="vol">78</biblScope>
                   </series>
                </biblStruct>
				<bibl>Печатается по машинописной: копии (в копии подпись не воспроизведена). Датируется по той же копии.</bibl>
             </sourceDesc>
          </fileDesc>
          <encodingDesc>
             <tagsDecl> </tagsDecl>
          </encodingDesc>
          <profileDesc>
             <correspDesc>
                <correspAction type="sending">
                   <persName ref="PersonList.xml#L_N_Tolstoy">Л. Н. Толстой</persName>
                   <placeName ref="PlacesListxml#PLACE">Ясная Поляна</placeName>
                   <date when="1908-08-29">1908 г. Августа 29.</date>            </correspAction>
                <correspAction type="receiving">
                   <persName ref="PersonList.xml#RECEIVER">Группе матросов и солдат.</persName>
                </correspAction>
                <correspContext>
                   <ref type="prev">Ответ на письмо группы матросов и солдат (тридцать две подписи) из Тифлиса от 22 августа 1908 г. Поздравляя Толстого с днем его 80-летия, корреспонденты выражали возмущение поведением <hi style="opdelimiter">служителей</hi><hi style="opnumber">214</hi> <hi style="npnumber">215</hi><hi style="npdelimiter">церкви,</hi> стремившихся скомпрометировать перед народом того, кто «поднял громкий клич за попранную справедливость», и обличали духовенство в нарушении христианских законов.</ref>
                </correspContext>
             </correspDesc>
          </profileDesc>
       </teiHeader>
       <xenoData><number type="in a volume">237</number></xenoData>

              <text xml:id="Gruppematrosovisoldat_237">
	<body><div>
		<opener index="false">
*237. Группе матросов и солдат. Неотправленное.
1908 г. Августа 29. Я. П.
</opener>
<p rend="Obrashenie left">Ответ матросам и солдатам.</p>
<p rend="left">Получил ваше письмо и очень, очень был рад ему. Всё, что вы пишете о незаконности и несовместимости христианства с военной службой, всё больше и больше понимается людьми. А в этом понимании — спасение от того рабства и жестокости, в котором теперь живут люди. Всё зло держится на насилии. А насилие поддерживается только войском. Стоит только людям, составляющим войско, понять, что христианское учение не в молитвах и обрядах, а в исполнении евангельского закона, не говоря уже о любви, а только в воздержании от самого противного человеческой природе поступка — убийства ближнего, — стоит понять это и отказаться участвовать в противных закону бога поступках, и само собой уничтожится всё это страшное зло, от которого теперь страдают люди, и потому вся надежда на вас. Помогай вам бог.</p>
<p rend="right">Любящий вас брат</p>
<comments><p rend="Textpetit_otstup left">Печатается по машинописной: копии (в копии подпись не воспроизведена). Датируется по той же копии.</p>
<p rend="petit left">Ответ на письмо группы матросов и солдат (тридцать две подписи) из Тифлиса от 22 августа 1908 г. Поздравляя Толстого с днем его 80-летия, корреспонденты выражали возмущение поведением <hi style="opdelimiter">служителей</hi><hi style="opnumber">214</hi> <hi style="npnumber">215</hi><hi style="npdelimiter">церкви,</hi> стремившихся скомпрометировать перед народом того, кто «поднял громкий клич за попранную справедливость», и обличали духовенство в нарушении христианских законов.</p>
<p rend="petit left">Корреспонденты не сообщили своего адреса, и потому письмо Толстого отправлено не было.</p>
</comments></div></body>
        </text>
        </TEI>