<?xml version='1.0' encoding='UTF-8' standalone='no'?>

<TEI xmlns="http://www.tei-c.org/ns/1.0">
       <teiHeader>
          <fileDesc>
             <titleStmt>
                <title>Письмо №* 601. Смотрителю Ясенковской станции.</title>
             </titleStmt>
             <publicationStmt>
                <publisher>TolstoyLab</publisher>
                <date when="2015-09-14">14 September 2015</date>
             </publicationStmt>
             <sourceDesc>
                <biblStruct>
                   <analytic>
                      <author>Толстой Л.Н.</author>
                   </analytic>
                   <monogr>
                      <title level="m">Полное собрание сочинений. Том 63</title>
                      <imprint>
                         <pubPlace>Москва</pubPlace>
                         <publisher>Государственное издательство "Художественная литература"</publisher>
                         <date when="1934"/>
                      </imprint>
                   </monogr>
                   <series>
                      <title level="s">Л.Н. Толстой. Полное собрание сочинений</title>
                      <biblScope unit="vol">63</biblScope>
                   </series>
                </biblStruct>
				<bibl>Печатается по автографу, хранящемуся в ГТМ. Публикуется впервые.</bibl>
             </sourceDesc>
          </fileDesc>
          <encodingDesc>
             <tagsDecl> </tagsDecl>
          </encodingDesc>
          <profileDesc>
             <correspDesc>
                <correspAction type="sending">
                   <persName ref="PersonList.xml#L_N_Tolstoy">Л. Н. Толстой</persName>
                   <placeName ref="PlacesListxml#PLACE">Ясная Поляна</placeName>
                   <date when="1882-03-03">1882 г. Марта 3.</date>            </correspAction>
                <correspAction type="receiving">
                   <persName ref="PersonList.xml#RECEIVER">Смотрителю Ясенковской станции</persName>
                </correspAction>
                <correspContext>
                   <ref type="prev"/>
                </correspContext>
             </correspDesc>
          </profileDesc>
       </teiHeader>
       <xenoData><number type="in a volume">601</number></xenoData>

              <text xml:id="Smotritelyu_YAsenkovskoj_stancii_601">
	<body><div>
		<opener index="false">
* 601. Смотрителю Ясенковской станции.
1882 г. Марта 3. Я. П.</opener>
<p rend="left">Господину Смотрителю Ясенковской <choice><reg>станции</reg><orig>станцiи</orig></choice>.</p>
<p rend="left">Покорно прошу поданное мною письмо <hi><choice><reg>в</reg><orig>въ</orig></choice> Петербургь <choice><reg>Графине</reg><orig>Графинѣ</orig></choice> Толстой </hi>— возвратить <choice><reg>мне</reg><orig>мнѣ</orig></choice> <choice><reg>назад</reg><orig>назадъ</orig></choice> <choice><reg>через</reg><orig>черезъ</orig></choice> сего <choice><reg>посланного</reg><orig>посланнаго</orig></choice>.</p>
<p rend="right"><choice><reg>Граф</reg><orig>Графъ</orig></choice> <choice><reg>Лев</reg><orig>Левъ</orig></choice> Толстой.</p>
<p rend="left">3 Марта 1882.</p>
<comments><p rend="Textpetit_otstup left">Печатается по автографу, хранящемуся в ГТМ. Публикуется впервые.</p>
<p rend="petit left">Это заявление Толстого касалось его письма к гр. А. А. Толстой от 3 марта 1882 г. (см. № 94). Просьба Толстого была удовлетворена и письмо ему было возвращено.</p>
</comments></div></body>
        </text>
        </TEI>