<?xml version='1.0' encoding='UTF-8' standalone='no'?>

<TEI xmlns="http://www.tei-c.org/ns/1.0">
       <teiHeader>
          <fileDesc>
             <titleStmt>
                <title>Письмо №245. Редакторам газет.</title>
             </titleStmt>
             <publicationStmt>
                <publisher>TolstoyLab</publisher>
                <date when="2015-09-14">14 September 2015</date>
             </publicationStmt>
             <sourceDesc>
                <biblStruct>
                   <analytic>
                      <author>Толстой Л.Н.</author>
                   </analytic>
                   <monogr>
                      <title level="m">Полное собрание сочинений. Том 82</title>
                      <imprint>
                         <pubPlace>Москва</pubPlace>
                         <publisher>Государственное издательство "Художественная литература"</publisher>
                         <date when="1956"/>
                      </imprint>
                   </monogr>
                   <series>
                      <title level="s">Л.Н. Толстой. Полное собрание сочинений</title>
                      <biblScope unit="vol">82</biblScope>
                   </series>
                </biblStruct>
				<bibl>Печатается по машинописному подлиннику, сверенному с машинописным черновиком, исправленным и подписанным Толстым. Впервые опубликовано в газете «Русские ведомости» 1910, № 236 от 14 октября. В подлиннике напечатана дата 11 октября, тогда как в подписанном черновике Толстым собственноручно написана дата 12 октября. Письмо редакторам газет было вызвано рядом писем, полученных Толстым в период 6—12 октября (см. «Список писем по поручению», №№ 344, 349, 350, 351, 354). На конверте одного из них (письма С. И. Григорьевой, № 349) Толстой пометил: Написать об Ясной <choice original_editorial_correction='Полян[е]'><sic>Полян</sic><corr>Поляне</corr></choice> в газеты.</bibl>
             </sourceDesc>
          </fileDesc>
          <encodingDesc>
             <tagsDecl> </tagsDecl>
          </encodingDesc>
          <profileDesc>
             <correspDesc>
                <correspAction type="sending">
                   <persName ref="PersonList.xml#L_N_Tolstoy">Л. Н. Толстой</persName>
                   <placeName ref="PlacesListxml#PLACE">Ясная Поляна</placeName>
                   <date from="1910-10-11" to="1910-10-22">1910 г. Октября 11 — 22</date>            </correspAction>
                <correspAction type="receiving">
                   <persName ref="PersonList.xml#RECEIVER">Редакторам газет.</persName>
                </correspAction>
                <correspContext>
                   <ref type="prev"/>
                </correspContext>
             </correspDesc>
          </profileDesc>
       </teiHeader>
       <xenoData><number type="in a volume">245</number></xenoData>

       <text xml:id="Redaktoramgazet_245">
	<body><div>
		<opener index="false">
245. Редакторам газет.
1910 г. Октября 11—22. Я. П.
</opener>
<p rend="Obrashenie left">Милостивый государь, Господин Редактор,</p>
<p rend="left">Прошу Вас поместить следующее мое заявление в Вашей газете: слышу, что опять появились объявления об издании журнала «Ясная Поляна», и опять получаю различные ко мне обращения, основанные на соображении о том, что я издаю этот журнал или принимаю в нем участие. Считаю нужным заявить, о чем уже несколько раз было заявлено в печати, что не только не издаю этого журнала и не принимаю в нем никакого участия, но даже не имею ни малейшего понятия о том, кто издает его.<hi>1 </hi>Знаю только то, что в продолжение последних лет я получал и получаю письма (такое получил ныне от Рыжикова)<note xml:id="note1" resp="volume_editor" index="false"> Письмо Н. Г. Рыжикова было получено 10 октября. См. «Список писем по поручению», № 350.</note> от лиц, обращающихся ко мне с просьбой возвратить им посланные в редакцию деньги, на которые они не получили никаких книг и которые, несмотря на свои просьбы, они не могут никак <hi style="opdelimiter">выручить.</hi><hi style="opnumber">187</hi></p>
<p rend="left"><hi style="npnumber">188</hi><hi style="npdelimiter">И</hi> потому прошу все те лица, которые имели и имеют дело с редакцией «Ясная Поляна», не обращаться более ко мне<note xml:id="note2" resp="volume_editor" index="false"> <hi>В черновике зачеркнуто Толстым:</hi> и притом советую, судя по прошедшему, стараться не иметь никакого денежного дела с редакцией «Ясная Поляна».</note> по этому поводу.</p>
<p rend="left">Прошу другие газеты, особенно провинциальные, перепечатать это мое заявление.</p>
<p rend="right">Лев Толстой.</p>
<p rend="left">11 октября 10 года</p>
<p rend="left">Ясная Поляна.<note xml:id="note3" resp="volume_editor" index="false"> После текста письма в черновике рукой Толстого написано:</note></p>
<comments><p rend="Textpetit_otstup left">Печатается по машинописному подлиннику, сверенному с машинописным черновиком, исправленным и подписанным Толстым. Впервые опубликовано в газете «Русские ведомости» 1910, № 236 от 14 октября. В подлиннике напечатана дата 11 октября, тогда как в подписанном черновике Толстым собственноручно написана дата 12 октября. Письмо редакторам газет было вызвано рядом писем, полученных Толстым в период 6—12 октября (см. «Список писем по поручению», №№ 344, 349, 350, 351, 354). На конверте одного из них (письма С. И. Григорьевой, № 349) Толстой пометил: Написать об Ясной <choice original_editorial_correction='Полян[е]'><sic>Полян</sic><corr>Поляне</corr></choice> в газеты.</p>
<p rend="Textpetit_otstup left"><hi>1</hi> См. т. 81, «Список писем по поручению», № 23.</p>
<p rend="petit left"><hi>2</hi> Письмо Н. Г. Рыжикова было получено 10 октября. См. «Список писем по поручению», № 350.</p>
<p rend="petit left"><hi>3</hi> <hi>В черновике зачеркнуто Толстым:</hi> и притом советую, судя по прошедшему, стараться не иметь никакого денежного дела с редакцией «Ясная Поляна».</p>
<p rend="petit left"><hi>4</hi> После текста письма в черновике рукой Толстого написано:</p>
<p rend="left">1) <choice original_editorial_correction='Р[усское]'><sic>Р</sic><corr>Русское</corr></choice> <choice original_editorial_correction='С[лово]'><sic>С</sic><corr>Слово</corr></choice></p>
<p rend="left">2)</p>
<p rend="left">3)</p>
<p rend="petit left">Дальнейшее перечисление газет написано в черновике рукой A. Л. Толстой за исключением названия последней газеты № 13, написанного рукой В. Ф. Булгакова: Р[усские] вед[омости], Бирж[евые] вед[омости], Копейка, Петерб[ургская газета], Новое время, Киевские вести, Речь, Русь, Утро России, Одесский листок, Утро в Харькове, Сибирская жизнь (г. Томск, Дворянская ул., соб. д.).</p>
</comments></div></body>
        </text>
        </TEI>