<?xml version='1.0' encoding='UTF-8' standalone='no'?>

<TEI xmlns="http://www.tei-c.org/ns/1.0">
       <teiHeader>
          <fileDesc>
             <titleStmt>
                <title>Письмо №* 341. В Московский международный банк в Туле.</title>
             </titleStmt>
             <publicationStmt>
                <publisher>TolstoyLab</publisher>
                <date when="2015-09-14">14 September 2015</date>
             </publicationStmt>
             <sourceDesc>
                <biblStruct>
                   <analytic>
                      <author>Толстой Л.Н.</author>
                   </analytic>
                   <monogr>
                      <title level="m">Полное собрание сочинений. Том 77</title>
                      <imprint>
                         <pubPlace>Москва</pubPlace>
                         <publisher>Государственное издательство "Художественная литература"</publisher>
                         <date when="1956"/>
                      </imprint>
                   </monogr>
                   <series>
                      <title level="s">Л.Н. Толстой. Полное собрание сочинений</title>
                      <biblScope unit="vol">77</biblScope>
                   </series>
                </biblStruct>
             </sourceDesc>
          </fileDesc>
          <encodingDesc>
             <tagsDecl> </tagsDecl>
          </encodingDesc>
          <profileDesc>
             <correspDesc>
                <correspAction type="sending">
                   <persName ref="PersonList.xml#L_N_Tolstoy">Л. Н. Толстой</persName>
                   <placeName ref="PlacesListxml#PLACE"/>
                   <date when="1907-10-20">20 октября 1907 года.</date>            </correspAction>
                <correspAction type="receiving">
                   <persName ref="PersonList.xml#RECEIVER">В Московский международный банк в Туле.</persName>
                </correspAction>
                <correspContext>
                   <ref type="prev"/>
                </correspContext>
             </correspDesc>
          </profileDesc>
       </teiHeader>
       <xenoData><number type="in a volume">341</number></xenoData>

              <text xml:id="VMrskovskijmezhdunarodnyjbankvTule_341">
	<body><div>
		<opener index="false">
* 341. В Московский международный банк в Туле.
Льва Николаевича Толстого
</opener>
<lb/>
<p rend="left">Заявление.</p>
<p rend="left">Прошу выслать на имя Николая Григорьевича Суткового в Самару перевод на одну тысячу рублей (1000) по прилагаемому адресу и деньги, тысячу рублей, списать с моего счета.</p>
<p rend="right">Лев Толстой.</p>
<p rend="left">20 октября 1907 года.</p>
<comments><p rend="Textpetit_otstup left">На этом же листе рукой Д. П. Маковицкого вписан адрес Н. Г. Суткового в Самаре.</p>
<p rend="petit left">Деньги, полученные от духоборов (см. письма №№ 85, 164 и 201), Толстой пересылал Н. Г. Сутковому для распределения среди голодающих в Самарской губ. 20 октября Сутковой приезжал в Ясную Поляну и оттуда отправился в Самарскую губ. для раздачи денег среди нуждающихся.</p>
</comments></div></body>
        </text>
        </TEI>