<?xml version='1.0' encoding='UTF-8' standalone='no'?>

<TEI xmlns="http://www.tei-c.org/ns/1.0">
       <teiHeader>
          <fileDesc>
             <titleStmt>
                <title>Письмо №378. Циркулярное обращение к адресатам об отказе от эпитетов.</title>
             </titleStmt>
             <publicationStmt>
                <publisher>TolstoyLab</publisher>
                <date when="2015-09-14">14 September 2015</date>
             </publicationStmt>
             <sourceDesc>
                <biblStruct>
                   <analytic>
                      <author>Толстой Л.Н.</author>
                   </analytic>
                   <monogr>
                      <title level="m">Полное собрание сочинений. Том 72</title>
                      <imprint>
                         <pubPlace>Москва</pubPlace>
                         <publisher>Государственное издательство "Художественная литература"</publisher>
                         <date when="1933"/>
                      </imprint>
                   </monogr>
                   <series>
                      <title level="s">Л.Н. Толстой. Полное собрание сочинений</title>
                      <biblScope unit="vol">72</biblScope>
                   </series>
                </biblStruct>
				<bibl>Печатается по машинописной копии, хранящейся в AЧ. Местонахождение подлинника неизвестно. Датируется по письму П. А. Буланже от 11 октября 1900 г.</bibl>
             </sourceDesc>
          </fileDesc>
          <encodingDesc>
             <tagsDecl> </tagsDecl>
          </encodingDesc>
          <profileDesc>
             <correspDesc>
                <correspAction type="sending">
                   <persName ref="PersonList.xml#L_N_Tolstoy">Л. Н. Толстой</persName>
                   <placeName ref="PlacesListxml#PLACE">Ясная Поляна</placeName>
                   <date when="1900-10">1900 г. Октября</date>            </correspAction>
                <correspAction type="receiving">
                   <persName ref="PersonList.xml#RECEIVER">Циркулярное обращение к адресатам об отказе от эпитетов.</persName>
                </correspAction>
                <correspContext>
                   <ref type="prev"/>
                </correspContext>
             </correspDesc>
          </profileDesc>
       </teiHeader>
       <xenoData><number type="in a volume">378</number></xenoData>

              <text xml:id="Cirkulyarnoeobrashheniekadresatamobotkazeotepitetov_378">
	<body><div>
		<opener index="false">
378. Циркулярное обращение к адресатам об отказе от эпитетов.
1900 г. Октября начало. Я. П.</opener>
<p rend="left">Находя <choice><reg>обычные</reg><orig>обычныя</orig></choice> <choice><reg>в</reg><orig>въ</orig></choice> <choice><reg>письмах</reg><orig>письмахъ</orig></choice> эпитеты <choice><reg>обращения</reg><orig>обращенiя</orig></choice> и подписей излишними и затруднительными <choice><reg>в</reg><orig>въ</orig></choice> <choice><reg>применении</reg><orig>примѣненiи</orig></choice> и часто лживыми, мы <choice><reg>решили</reg><orig>рѣшили</orig></choice> не употреблять ни <choice><reg>тех</reg><orig>тѣхъ</orig></choice>, ни <choice><reg>других</reg><orig>другихъ</orig></choice> и обращаться <choice><reg>в</reg><orig>въ</orig></choice> <choice><reg>письмах</reg><orig>письмахъ</orig></choice> точно также <choice><reg>как</reg><orig>какъ</orig></choice> мы обращаемся <choice><reg>в</reg><orig>въ</orig></choice> <choice><reg>личных</reg><orig>личныхъ</orig></choice> <choice><reg>сношениях</reg><orig>сношенiяхъ</orig></choice> и потому <choice><reg>отсутствие</reg><orig>отсутствiе</orig></choice> <choice><reg>обращений</reg><orig>обращенiй</orig></choice> и подписей <choice><reg>в</reg><orig>въ</orig></choice> <choice><reg>наших</reg><orig>нашихъ</orig></choice> <choice><reg>письмах</reg><orig>письмахъ</orig></choice> <choice><reg>просим</reg><orig>просимъ</orig></choice> принимать не <choice><reg>как</reg><orig>какъ</orig></choice> <choice><reg>признак</reg><orig>признакъ</orig></choice> <choice><reg>отсутствия</reg><orig>отсутствiя</orig></choice> <choice><reg>уважения</reg><orig>уваженiя</orig></choice> или доброжелательности, а только <choice><reg>как</reg><orig>какъ</orig></choice> <choice><reg>желание</reg><orig>желанiе</orig></choice> избавиться <choice><reg>от</reg><orig>отъ</orig></choice> ненужной и <choice><reg>неприятной</reg><orig>непрiятной</orig></choice> условности.</p>
<comments><p rend="Textpetit_otstup left">Печатается по машинописной копии, хранящейся в AЧ. Местонахождение подлинника неизвестно. Датируется по письму П. А. Буланже от 11 октября 1900 г.</p>
<p rend="petit left">Текст заголовка для писем, составленного Толстым, был отпечатан на почтовой бумаге вверху первой страницы. Некоторое время Толстой пользовался для писем этой почтовой бумагой. Заказ в типографию был сдан П. А. Буланже. Он писал Толстому 11 октября 1900 г.: «Бумага с заголовком будет готова только послезавтра. Пришлю тотчас же или привезу. Очень было трудно убедить напечатать без цензуры».</p>
</comments></div></body>
        </text>
        </TEI>