<?xml version='1.0' encoding='UTF-8' standalone='no'?>

<TEI xmlns="http://www.tei-c.org/ns/1.0">
       <teiHeader>
          <fileDesc>
             <titleStmt>
                <title>Письмо №261. Начальнику Владикавказской тюрьмы.</title>
             </titleStmt>
             <publicationStmt>
                <publisher>TolstoyLab</publisher>
                <date when="2015-09-14">14 September 2015</date>
             </publicationStmt>
             <sourceDesc>
                <biblStruct>
                   <analytic>
                      <author>Толстой Л.Н.</author>
                   </analytic>
                   <monogr>
                      <title level="m">Полное собрание сочинений. Том 72</title>
                      <imprint>
                         <pubPlace>Москва</pubPlace>
                         <publisher>Государственное издательство "Художественная литература"</publisher>
                         <date when="1933"/>
                      </imprint>
                   </monogr>
                   <series>
                      <title level="s">Л.Н. Толстой. Полное собрание сочинений</title>
                      <biblScope unit="vol">72</biblScope>
                   </series>
                </biblStruct>
             </sourceDesc>
          </fileDesc>
          <encodingDesc>
             <tagsDecl> </tagsDecl>
          </encodingDesc>
          <profileDesc>
             <correspDesc>
                <correspAction type="sending">
                   <persName ref="PersonList.xml#L_N_Tolstoy">Л. Н. Толстой</persName>
                   <placeName ref="PlacesListxml#PLACE">Москва</placeName>
                   <date when="1900-03-12">1900 г. Марта 12?</date>            </correspAction>
                <correspAction type="receiving">
                   <persName ref="PersonList.xml#RECEIVER">Начальнику Владикавказской тюрьмы.</persName>
                </correspAction>
                <correspContext>
                   <ref type="prev"/>
                </correspContext>
             </correspDesc>
          </profileDesc>
       </teiHeader>
       <xenoData><number type="in a volume">261</number></xenoData>

              <text xml:id="NachalnikuVladikavkazskojtyurmy_261">
	<body><div>
		<opener index="false">
261. Начальнику Владикавказской тюрьмы.
1900 г. Марта 12? Москва.
</opener>
<p rend="Obrashenie left">Г-ну Начальнику Владикавказской тюрьмы.</p>
<p rend="left">Прилагаю при <choice><reg>сем</reg><orig>семъ</orig></choice> 25 р., покорно прошу <choice><reg>вас</reg><orig>васъ</orig></choice> передать <choice><reg>их</reg><orig>ихъ</orig></choice> находящимся <choice><reg>в</reg><orig>въ</orig></choice> вашей <choice><reg>тюрьме</reg><orig>тюрьмѣ</orig></choice> <choice><reg>Духоборам</reg><orig>Духоборамъ</orig></choice>. Очень обяжете меня, <choice><reg>известив</reg><orig>извѣстивъ</orig></choice> <choice><reg>об</reg><orig>объ</orig></choice> <choice><reg>исполнении</reg><orig>исполненiи</orig></choice> моей просьбы, Москва, Графу Льву Николаевичу Толстому, Хамовники, 21.</p>
<p rend="right"><choice><reg>Лев</reg><orig>Левъ</orig></choice> <hi style="opdelimiter">Толстой.</hi><hi style="opnumber">333</hi></p>
<comments><p rend="Textpetit_otstup left"><hi style="npnumber">334</hi><hi style="npdelimiter">Печатается</hi> по листу копировальной книги, хранящемуся в AЧ. Местонахождение автографа неизвестно. Датируется по письму к Ф. М. Дзюбе от того же числа. Публикуется впервые.</p>
<p rend="petit left">Деньги, переведенные Толстым во Владикавказскую тюрьму, были присланы ему киевским сектантом Ф. М. Дзюбой, просившим передать их «людям, наиболее послужившим делу мира» (<ref target="file:///Volume_72_F.M.Dzyube_260.xml">см. письмо № 260</ref>). Начальник Владикавказской тюрьмы, подполковник кн. Микеладзе, ответил отношением № 2193 от 26 апреля 1900 г.: «Милостивый государь граф Лев Николаевич! Честь имею уведомить Ваше сиятельство, что присланные при письме Вашем двадцать пять рублей для выдачи духоборам Федору Струкову, Тимофею Маркину, Михаилу Евдокимову, Федору Арищенкову и Федору Дьякову [Дьячкову] вручены по принадлежности, по пять рублей каждому, следующим образом: первым четырем через Якутское областное правление, в которое отправлено двадцать рублей при рапорте моем от 24 марта за № 1676, а последнему, т. е. Дьякову [Дьячкову], выданы пять рублей под расписку во вверенной мне тюрьме». Духоборы ожидали в тюрьме отправки в Якутскую область, куда они ссылались на восемнадцать лет за отказ от несения военной службы. Об этих духоборах помещена заметка в журнале «Свободная мысль» 1900, 5—6, стр. 77. Письма к родным Ф. Е. Дьячкова и Ф. Струкова опубликованы в сборнике «Духоборцы в дисциплинарном батальоне», изд. «Свободное слово», Christchurch, 1902, стр. 36—39, а также в книге Влад. Бонч-Бруевича «Волнения в войсках и военные тюрьмы», изд. «Коммунист», М. 1919, стр. 146—148. См. письма №№ 251 и 260.</p>
</comments></div></body>
        </text>
        </TEI>