<?xml version='1.0' encoding='UTF-8' standalone='no'?>

<TEI xmlns="http://www.tei-c.org/ns/1.0">
       <teiHeader>
          <fileDesc>
             <titleStmt>
                <title>Письмо №* 343. Тульскому губернатору.</title>
             </titleStmt>
             <publicationStmt>
                <publisher>TolstoyLab</publisher>
                <date when="2015-09-14">14 September 2015</date>
             </publicationStmt>
             <sourceDesc>
                <biblStruct>
                   <analytic>
                      <author>Толстой Л.Н.</author>
                   </analytic>
                   <monogr>
                      <title level="m">Полное собрание сочинений. Том 77</title>
                      <imprint>
                         <pubPlace>Москва</pubPlace>
                         <publisher>Государственное издательство "Художественная литература"</publisher>
                         <date when="1956"/>
                      </imprint>
                   </monogr>
                   <series>
                      <title level="s">Л.Н. Толстой. Полное собрание сочинений</title>
                      <biblScope unit="vol">77</biblScope>
                   </series>
                </biblStruct>
             </sourceDesc>
          </fileDesc>
          <encodingDesc>
             <tagsDecl> </tagsDecl>
          </encodingDesc>
          <profileDesc>
             <correspDesc>
                <correspAction type="sending">
                   <persName ref="PersonList.xml#L_N_Tolstoy">Л. Н. Толстой</persName>
                   <placeName ref="PlacesListxml#PLACE">Ясная Поляна</placeName>
                   <date when="1907-11-12">1907 г. Ноября 12.</date>            </correspAction>
                <correspAction type="receiving">
                   <persName ref="PersonList.xml#RECEIVER">Тульскому губернатору.</persName>
                </correspAction>
                <correspContext>
                   <ref type="prev"/>
                </correspContext>
             </correspDesc>
          </profileDesc>
       </teiHeader>
       <xenoData><number type="in a volume">343</number></xenoData>

              <text xml:id="Tulskomugubernatoru_343">
	<body><div>
		<opener index="false">
* 343. Тульскому губернатору.
1907 г. Ноября 12. Я. П.</opener>
<p rend="subtitle centerline">
Его Превосходительству господину тульскому губернатору<lb/>вдовы Натальи Жаровой
</p>
<lb/>
<p rend="subtitle centerline">
<hi rend="Razradka">Прошение</hi>.
</p>
<p rend="left">Ясенецкое Волостное правление требует от меня запущенные еще свекром моим подати в сумме двадцати одного рубля. Из этих денег двенадцать рублей причитаются за свекра, а девять с меня.</p>
<p rend="left">Находясь же в исключительно бедственном положении, будучи вдовой с шестью малолетними детьми и не имея никаких средств к жизни, кормясь подаянием, прибегаю к Вашему превосходительству, прося освободить меня от этой непосильной мне платы.</p>
<comments><p rend="Textpetit_otstup left">Это прошение, составленное и продиктованное Толстым, вписано в ЯЗ, запись 13 ноября 1907 г. Печатается по этой записи. Датируется по ЯЗ: «Вчера Лев Николаевич продиктовал следующее…»</p>
<p rend="petit left">«Наталья Никифоровна Жарова (р. 1868) — вдова яснополянского крестьянина-бедняка Е. И. Жарова (ум. 1906). Имела земли один надел, иногда жила милостынью. Толстые постоянно помогали ей. Сын ее Ефим в 1907 г. учился у Толстого. Было ли подано это прошение, H. Н. Жарова не помнит. Толстой часто хлопотал о ней, и, по свидетельству Жаровой, хлопоты обычно были успешны.</p>
</comments></div></body>
        </text>
        </TEI>