<?xml version='1.0' encoding='UTF-8' standalone='no'?>

<TEI xmlns="http://www.tei-c.org/ns/1.0">
       <teiHeader>
          <fileDesc>
             <titleStmt>
                <title>Письмо №* 131. Саратовскому книгоиздательскому товариществу «Волжанин».</title>
             </titleStmt>
             <publicationStmt>
                <publisher>TolstoyLab</publisher>
                <date when="2015-09-14">14 September 2015</date>
             </publicationStmt>
             <sourceDesc>
                <biblStruct>
                   <analytic>
                      <author>Толстой Л.Н.</author>
                   </analytic>
                   <monogr>
                      <title level="m">Полное собрание сочинений. Том 75</title>
                      <imprint>
                         <pubPlace>Москва</pubPlace>
                         <publisher>Государственное издательство "Художественная литература"</publisher>
                         <date when="1956"/>
                      </imprint>
                   </monogr>
                   <series>
                      <title level="s">Л.Н. Толстой. Полное собрание сочинений</title>
                      <biblScope unit="vol">75</biblScope>
                   </series>
                </biblStruct>
				<bibl>Печатается по копировальной книге № 6, л. 151.</bibl>
             </sourceDesc>
          </fileDesc>
          <encodingDesc>
             <tagsDecl> </tagsDecl>
          </encodingDesc>
          <profileDesc>
             <correspDesc>
                <correspAction type="sending">
                   <persName ref="PersonList.xml#L_N_Tolstoy">Л. Н. Толстой</persName>
                   <placeName ref="PlacesListxml#PLACE">Ясная Поляна</placeName>
                   <date when="1904-05-08">1904 г. Мая 8.</date>            </correspAction>
                <correspAction type="receiving">
                   <persName ref="PersonList.xml#RECEIVER">Саратовскому книгоиздательскому товариществу «Волжанин».</persName>
                </correspAction>
                <correspContext>
                   <ref type="prev">Ответ на письмо саратовского книгоиздательского товарищества «Волжанин» от 22 апреля 1904 г., которое просило разрешения напечатать отдельным изданием рассказ «Суратская кофейня».</ref>
                </correspContext>
             </correspDesc>
          </profileDesc>
       </teiHeader>
       <xenoData><number type="in a volume">131</number></xenoData>

              <text xml:id="SaratovskomuknigoizdatelskomutovarishhestvuVolzhanin_131">
	<body><div>
		<opener index="false">
* 131. Саратовскому книгоиздательскому товариществу «Волжанин».
1904 г. Мая 8. Я. П.</opener>
<p rend="left">Суратская кофейня,<note xml:id="note1" resp="volume_editor" index="false"> «Суратская кофейня» написана Толстым по мотивам одноименной повести Бернардена де Сен-Пьера в 1887 г. (свободный перевод). См. т. 29.</note> перевод из Bernardin de St. Pierre,<note xml:id="note2" resp="volume_editor" index="false"> Бернарден де Сен-Пьер (Bernardin de Saint-Pierre, 1737—1814), французский писатель.</note> принадлежит к тем моим писаниям, право на издание которых всем предоставлено,<note xml:id="note3" resp="volume_editor" index="false"> 19 сентября 1891 г. Толстой опубликовал в газете «Русские ведомости» свой отказ от литературной собственности на все произведения, написанные им после 1881 г.</note> и потому печатание этого разсказа не встретит никаких препятствий.</p>
<p rend="right">Лев Толстой.</p>
<p rend="left">8 мая 1904.</p>
<comments><p rend="Textpetit_otstup left">Печатается по копировальной книге № 6, л. 151.</p>
<p rend="petit left">Ответ на письмо саратовского книгоиздательского товарищества «Волжанин» от 22 апреля 1904 г., которое просило разрешения напечатать отдельным изданием рассказ «Суратская кофейня».</p>
<p rend="Textpetit_otstup left"><hi>1</hi> «Суратская кофейня» написана Толстым по мотивам одноименной повести Бернардена де Сен-Пьера в 1887 г. (свободный перевод). См. т. 29.</p>
<p rend="petit left"><hi>2</hi> Бернарден де Сен-Пьер (Bernardin de Saint-Pierre, 1737—1814), французский писатель.</p>
<p rend="petit left"><hi>3</hi> 19 сентября 1891 г. Толстой опубликовал в газете «Русские ведомости» свой отказ от литературной собственности на все произведения, написанные им после 1881 г.</p>
</comments></div></body>
        </text>
        </TEI>