<?xml version='1.0' encoding='UTF-8' standalone='no'?>

<TEI xmlns="http://www.tei-c.org/ns/1.0">
       <teiHeader>
          <fileDesc>
             <titleStmt>
                <title>Письмо №243. NN.</title>
             </titleStmt>
             <publicationStmt>
                <publisher>TolstoyLab</publisher>
                <date when="2015-09-14">14 September 2015</date>
             </publicationStmt>
             <sourceDesc>
                <biblStruct>
                   <analytic>
                      <author>Толстой Л.Н.</author>
                   </analytic>
                   <monogr>
                      <title level="m">Полное собрание сочинений. Том 78</title>
                      <imprint>
                         <pubPlace>Москва</pubPlace>
                         <publisher>Государственное издательство "Художественная литература"</publisher>
                         <date when="1956"/>
                      </imprint>
                   </monogr>
                   <series>
                      <title level="s">Л.Н. Толстой. Полное собрание сочинений</title>
                      <biblScope unit="vol">78</biblScope>
                   </series>
                </biblStruct>
				<bibl>Печатается по копировальной книге № 8, л. 306. Основание датировки: пометы в копировальной книге и на конверте письма адресата. Впервые опубликовано в «Литературном наследстве», № 37-38, стр. 379.</bibl>
             </sourceDesc>
          </fileDesc>
          <encodingDesc>
             <tagsDecl> </tagsDecl>
          </encodingDesc>
          <profileDesc>
             <correspDesc>
                <correspAction type="sending">
                   <persName ref="PersonList.xml#L_N_Tolstoy">Л. Н. Толстой</persName>
                   <placeName ref="PlacesListxml#PLACE">Ясная Поляна</placeName>
                   <date when="1908-09-02">1908 г. Сентября 2.</date>            </correspAction>
                <correspAction type="receiving">
                   <persName ref="PersonList.xml#RECEIVER">NN.</persName>
                </correspAction>
                <correspContext>
                   <ref type="prev"/>
                </correspContext>
             </correspDesc>
          </profileDesc>
       </teiHeader>
       <xenoData><number type="in a volume">243</number></xenoData>

              <text xml:id="NN_243">
	<body><div>
		<opener index="false">
243. NN.
1908 г. Сентября 2. Я. П.</opener>
<p rend="left">Мой совет: отказаться от обвинения и простить, но до тех пор, пока не придет старость или болезнь, не видаться с ним и не иметь личных сношений — свиданий.</p>
<p rend="left">От всей души соболезную вам и желаю утешения, <choice original_editorial_correction='к[отор]ое'><sic>кое</sic><corr>которое</corr></choice> можно найти только в исполнении христианского учения любви.</p>
<p rend="right">Лев Толстой.</p>
<comments><p rend="Textpetit_otstup left">Печатается по копировальной книге № 8, л. 306. Основание датировки: пометы в копировальной книге и на конверте письма адресата. Впервые опубликовано в «Литературном наследстве», № 37-38, стр. 379.</p>
<p rend="petit left">NN (р. 1889) — дочь полковника, помещика, земского начальника. Училась в гимназии, но не <hi style="opdelimiter">кончила.</hi><hi style="opnumber">220</hi></p>
<p rend="petit left"><hi style="npnumber">221</hi><hi style="npdelimiter">Ответ</hi> на письмо NN от 30 августа 1908 г. Она писала о своей тяжелой жизни. Когда ей было двенадцать лет, вдовый отец изнасиловал ее. Связь продолжалась шесть лет. В 1907 г., достигнув совершеннолетия, она решила оставить отца. Отец не согласился, она пыталась покончить самоубийством, но неудачно. Она скрылась в монастыре и решила подать в окружной суд. Отцу угрожал арест, и она стала мучиться этим. Отказавшись от обвинения, она могла бы его спасти (в душе она простила его). Спрашивала Толстого, как ей поступить. (Опубликовано в «Литературном наследстве», № 37-38, стр. 378—379.)</p>
</comments></div></body>
        </text>
        </TEI>