<?xml version='1.0' encoding='UTF-8' standalone='no'?>

<TEI xmlns="http://www.tei-c.org/ns/1.0">
       <teiHeader>
          <fileDesc>
             <titleStmt>
                <title>Письмо №* 12. И. А. Бори (Joseph Alemany Воri) и Ф. Г. Рюицу (Fréderic<lb/>Gimenez Ruiz). Черновое.</title>
             </titleStmt>
             <publicationStmt>
                <publisher>TolstoyLab</publisher>
                <date when="2015-09-14">14 September 2015</date>
             </publicationStmt>
             <sourceDesc>
                <biblStruct>
                   <analytic>
                      <author>Толстой Л.Н.</author>
                   </analytic>
                   <monogr>
                      <title level="m">Полное собрание сочинений. Том 82</title>
                      <imprint>
                         <pubPlace>Москва</pubPlace>
                         <publisher>Государственное издательство "Художественная литература"</publisher>
                         <date when="1956"/>
                      </imprint>
                   </monogr>
                   <series>
                      <title level="s">Л.Н. Толстой. Полное собрание сочинений</title>
                      <biblScope unit="vol">82</biblScope>
                   </series>
                </biblStruct>
				<bibl>Печатается по черновику-автографу, написанному на конверте письма И. А. Бори и Ф. Г. Рюица. Дата определяется почтовым штемпелем дня получения: «Благодатное, 7 мая 1910 г.» и подтверждается копией.</bibl>
             </sourceDesc>
          </fileDesc>
          <encodingDesc>
             <tagsDecl> </tagsDecl>
          </encodingDesc>
          <profileDesc>
             <correspDesc>
                <correspAction type="draft">
                   <persName ref="PersonList.xml#L_N_Tolstoy">Л. Н. Толстой</persName>
                   <placeName ref="PlacesListxml#PLACE">Кочеты</placeName>
                   <date when="1910-05-07">1910 г. Мая 7.</date>            </correspAction>
                <correspAction type="receiving">
                   <persName ref="PersonList.xml#RECEIVER">И. А. Бори (Joseph Alemany Воri) и Ф. Г. Рюицу (Fréderic<lb/>Gimenez Ruiz)</persName>
                </correspAction>
                <correspContext>
                   <ref type="prev"/>
                </correspContext>
             </correspDesc>
          </profileDesc>
       </teiHeader>
       <xenoData><number type="in a volume">12</number></xenoData>

       <text xml:id="I.A.BoriJosephAlemanyVoriiF.G.RyuicuFrédericGimenezRuiz_12">
	<body><div>
		<opener index="false">
* 12. И. А. Бори (Joseph Alemany Воri) и Ф. Г. Рюицу (Fréderic<lb/>Gimenez Ruiz). Черновое.

1910г. Мая 7. Кочеты.</opener>
<p rend="left">Pour remplir autant qu’il est en notre pouvoir d’un vrai crétien, il est tout à fait inutile de changer d’entourage et de lieu. L’idéal d’un Homme éclairé par la vrai réligion du Christ n’est autre chose qu’un perfectionnement moral continuel; c’est à dire de tacher de devenir meilleur, croitre en amour envers Dieu et les hommes. Le perfectionnement est possible dans toutes les conditions.</p>
<p rend="left">Je ne connais pas de colonies chrétiennes en Europe et si mème j’en connaissais, je ne vous aurais pas conseillé de quitter votre genre de vie et d’y entrer.</p>
<p rend="left">Dans tous les cas je yous souhaite le véritable bien de l’âme qui peut être atteint partout et toujours.</p>
<p rend="left">Votre lettre m’a été très agréable.</p>
<p rend="right rightindent">Votre ami et frère</p>
<p rend="right">L. T.</p>
<comments><p rend="Textpetit_otstup left">Чтобы выполнить, насколько в наших силах, долг истинного христианина, совершенно бесполезно менять окружающую обстановку. Идеал человека, просветленного истинным учением Христа, есть не что иное, как постоянное нравственное совершенствование; это значит — стараться стать лучше, растить в себе любовь к богу и людям. Совершенствование возможно при всяких условиях.</p>
<p rend="petit left">Я не знаю никаких христианских колоний в Европе, но, даже если бы и знал таковые, я не посоветовал бы вам оставить ваш образ жизни и вступить в нее.</p>
<p rend="petit left">Во всяком случае желаю вам истинного душевного блага, которое может быть достигнуто везде и всегда.</p>
<p rend="petit left">Ваше письмо было мне очень приятно.</p>
<p rend="petit right rightindent">Ваш друг и брат</p>
<p rend="petit right">Л. Т.</p>
<p rend="Textpetit_otstup left">Печатается по черновику-автографу, написанному на конверте письма И. А. Бори и Ф. Г. Рюица. Дата определяется почтовым штемпелем дня получения: «Благодатное, 7 мая 1910 г.» и подтверждается копией.</p>
<p rend="petit left">Иосиф Алемани Бори и Фредерик Гименец Рюиц — торговые служащие в Барселоне (Испания), писали, что, проникнувшись учением Толстого, они хотели бы уйти из своего города пешком в какую-нибудь христианскую колонию Франции или Швейцарии и просили Толстого указать адрес такой колонии.</p>
<p rend="emptyline left"><hi style="opnumber">18</hi> <hi style="npnumber">19</hi></p>
</comments></div></body>
        </text>
        </TEI>