<?xml version='1.0' encoding='UTF-8' standalone='no'?>

<TEI xmlns="http://www.tei-c.org/ns/1.0">
       <teiHeader>
          <fileDesc>
             <titleStmt>
                <title>Письмо №* 283. Редакции газеты «Обновленный человек».</title>
             </titleStmt>
             <publicationStmt>
                <publisher>TolstoyLab</publisher>
                <date when="2015-09-14">14 September 2015</date>
             </publicationStmt>
             <sourceDesc>
                <biblStruct>
                   <analytic>
                      <author>Толстой Л.Н.</author>
                   </analytic>
                   <monogr>
                      <title level="m">Полное собрание сочинений. Том 77</title>
                      <imprint>
                         <pubPlace>Москва</pubPlace>
                         <publisher>Государственное издательство "Художественная литература"</publisher>
                         <date when="1956"/>
                      </imprint>
                   </monogr>
                   <series>
                      <title level="s">Л.Н. Толстой. Полное собрание сочинений</title>
                      <biblScope unit="vol">77</biblScope>
                   </series>
                </biblStruct>
				<bibl>Печатается по копировальной книге № 7, л. 492, куда вписана копия рукой Ю. И. Игумновой.</bibl>
             </sourceDesc>
          </fileDesc>
          <encodingDesc>
             <tagsDecl> </tagsDecl>
          </encodingDesc>
          <profileDesc>
             <correspDesc>
                <correspAction type="sending">
                   <persName ref="PersonList.xml#L_N_Tolstoy">Л. Н. Толстой</persName>
                   <placeName ref="PlacesListxml#PLACE">Ясная Поляна</placeName>
                   <date when="1907-11-09">1907 г. Ноября 9.</date>            </correspAction>
                <correspAction type="receiving">
                   <persName ref="PersonList.xml#RECEIVER">Редакции газеты «Обновленный человек».</persName>
                </correspAction>
                <correspContext>
                   <ref type="prev"/>
                </correspContext>
             </correspDesc>
          </profileDesc>
       </teiHeader>
       <xenoData><number type="in a volume">283</number></xenoData>

              <text xml:id="RedakciigazetyObnovlennyjchelovek_283">
	<body><div>
		<opener index="false">
* 283. Редакции газеты «Обновленный человек».
1907 г. Ноября 9. Я. П.</opener>
<p rend="left">Благодарю редакцию за присылку 1-го № газеты «Обновленный Человек».<note xml:id="note1" resp="volume_editor" index="false">Еженедельная политическая, общественная и литературная газета «Обновленный человек». Редактор-издатель Н. В. Бурдина. В объявления о подписке сказано: «Орган группы индивидуалистов. Цель газеты — борьба с организованным насилием». Номер первый вышел в Петербурге 4 ноября 1907 г.</note></p>
<p rend="left">Поставив себе за правило просматривать все присылаемые мне издания, стараясь преодолеть скуку, обычную при чтении присылаемых вещей, начал после ненужных и самых обыкновенных стихов читать статью: «Встань и ходи» и не верил своим глазам: так обрадовала меня, умилила эта короткая превосходная статья.<note xml:id="note2" resp="volume_editor" index="false">Основная мысль этой статьи (без подписи): человечество должно идти по пути, указанному Буддой и Христом.</note> Хороша тоже статья: «Суд и осуждение»,<note xml:id="note3" resp="volume_editor" index="false">Основная мысль этой статьи, подписанной Уриель: суд якобы должен удовлетворять оскорбленную «общественную совесть», но в действительности ни один обвинительный приговор по уголовному делу не вызывает сочувствия в обществе, а в политических процессах интересы справедливости еще меньше принимаются во внимание; только оправдательные приговоры встречаются с всеобщим удовлетворением.</note> и особенно последняя <choice original_editorial_correction='ст[атья]'><sic>ст</sic><corr>статья</corr></choice> «Что делается в России».<note xml:id="note4" resp="volume_editor" index="false">Основная мысль статьи, подписанная псевдонимом Голодный: представители правительства и политических партий живут интересами политической борьбы и не видят главного — продолжающегося голода.</note> Очень благодарю за присылку мне 1-го №. Помогай вам бог продолжать это прекрасное и самое нужное дело.</p>
<p rend="right">Лев Толстой.</p>
<p rend="left">9 ноября 1907.</p>
<comments><p rend="Textpetit_otstup left">Печатается по копировальной книге № 7, л. 492, куда вписана копия рукой Ю. И. Игумновой.</p>
<p rend="Textpetit_otstup left"><hi>1 </hi>Еженедельная политическая, общественная и литературная газета «Обновленный человек». Редактор-издатель Н. В. Бурдина. В объявления о подписке сказано: «Орган группы индивидуалистов. Цель газеты — борьба с организованным насилием». Номер первый вышел в Петербурге 4 ноября 1907 г.</p>
<p rend="petit left"><hi>2 </hi>Основная мысль этой статьи (без подписи): человечество должно идти по пути, указанному Буддой и Христом.</p>
<p rend="petit left"><hi>3 </hi>Основная мысль этой статьи, подписанной Уриель: суд якобы должен удовлетворять оскорбленную «общественную совесть», но в действительности ни один обвинительный приговор по уголовному делу не вызывает сочувствия в обществе, а в политических процессах интересы справедливости еще меньше принимаются во внимание; только оправдательные приговоры встречаются с всеобщим удовлетворением.</p>
<p rend="petit left"><hi>4 </hi>Основная мысль статьи, подписанная псевдонимом Голодный: представители правительства и политических партий живут интересами политической борьбы и не видят главного — продолжающегося голода.</p>
<p rend="petit left">В ЯЗ записано 9 ноября, что Толстой был «восхищен» газетой. Он сказал: «Только боюсь, что это издает кто-нибудь из наших друзей. А желал бы, чтобы это был посторонний, самобытный человек». И на другой день Толстой говорил об этой газете, а 17 ноября писал о ней В. Г. Черткову (см. т. 89).</p>
<p rend="petit left">На первом номере издание прекратилось. В архиве имеется ответное благодарственное письмо Н. Бурдиной от 14 ноября, объяснившей причины неудачи издания.</p>
<p rend="left emptyline"><hi style="opnumber">240</hi> <hi style="npnumber">241</hi></p>
</comments></div></body>
        </text>
        </TEI>