<?xml version='1.0' encoding='UTF-8' standalone='no'?>

<TEI xmlns="http://www.tei-c.org/ns/1.0">
       <teiHeader>
          <fileDesc>
             <titleStmt>
                <title>Письмо №* 33. Л. С. Федоровой (?).</title>
             </titleStmt>
             <publicationStmt>
                <publisher>TolstoyLab</publisher>
                <date when="2015-09-14">14 September 2015</date>
             </publicationStmt>
             <sourceDesc>
                <biblStruct>
                   <analytic>
                      <author>Толстой Л.Н.</author>
                   </analytic>
                   <monogr>
                      <title level="m">Полное собрание сочинений. Том 71</title>
                      <imprint>
                         <pubPlace>Москва</pubPlace>
                         <publisher>Государственное издательство "Художественная литература"</publisher>
                         <date when="1954"/>
                      </imprint>
                   </monogr>
                   <series>
                      <title level="s">Л.Н. Толстой. Полное собрание сочинений</title>
                      <biblScope unit="vol">71</biblScope>
                   </series>
                </biblStruct>
				<bibl>Печатается по машинописной копии из AЧ. Дата копии.</bibl>
             </sourceDesc>
          </fileDesc>
          <encodingDesc>
             <tagsDecl> </tagsDecl>
          </encodingDesc>
          <profileDesc>
             <correspDesc>
                <correspAction type="sending">
                   <persName ref="PersonList.xml#L_N_Tolstoy">Л. Н. Толстой</persName>
                   <placeName ref="PlacesListxml#PLACE">Москва</placeName>
                   <date when="1898-02-13">1898 г. Февраля 13.</date>            </correspAction>
                <correspAction type="receiving">
                   <persName ref="PersonList.xml#RECEIVER">Л. С. Федоровой (?).</persName>
                </correspAction>
                <correspContext>
                   <ref type="prev"/>
                </correspContext>
             </correspDesc>
          </profileDesc>
       </teiHeader>
       <xenoData><number type="in a volume">33</number></xenoData>

              <text xml:id="L.S.Fedorovoj_33">
	<body><div>
		<opener index="false">
* 33. Л. С. Федоровой (?).
1898 г. Февраля 13. Москва.</opener>
<p rend="left">Я не могу вам указать такой школы. Советую вам обратиться в Самару к Александру Степановичу Пругавину.<note xml:id="note1" resp="volume_editor" index="false"> Александр Степанович Пругавин (1850—1920) — литератор, исследователь старообрядчества и сектантства. Принимал непосредственное участие в организации школ в Самаре. См. о нем в т. 64.</note></p>
<p rend="right">Лев Толстой.</p>
<comments><p rend="Textpetit_otstup left">Печатается по машинописной копии из AЧ. Дата копии.</p>
<p rend="petit left">На копии имени адресата нет. Среди писем к Толстому за 1898 г. имеется письмо без даты Л. С. Федоровой, соседки по имению И. Л. Толстого, в котором она спрашивала Толстого, не знает ли он школы «для детей преступников», где она могла бы вести занятия. Если не знает сам, не <hi style="opdelimiter">может</hi><hi style="opnumber">274</hi> <hi style="npnumber">275</hi><hi style="npdelimiter">ли</hi> указать кого-нибудь, кто знает такую школу. На письме помета T. Л. Толстой: «<choice original_editorial_correction='отв[ечено]'><sic>отв</sic><corr>отвечено</corr></choice>». Предположительно относим это письмо Толстого к Л. С. Федоровой.</p>
<p rend="Textpetit_otstup left"><hi>1</hi> Александр Степанович Пругавин (1850—1920) — литератор, исследователь старообрядчества и сектантства. Принимал непосредственное участие в организации школ в Самаре. См. о нем в т. 64.</p>
</comments></div></body>
        </text>
        </TEI>