<?xml version='1.0' encoding='UTF-8' standalone='no'?>

<TEI xmlns="http://www.tei-c.org/ns/1.0">
       <teiHeader>
          <fileDesc>
             <titleStmt>
                <title>Письмо №349. Е. M. Сибирякову.</title>
             </titleStmt>
             <publicationStmt>
                <publisher>TolstoyLab</publisher>
                <date when="2015-09-14">14 September 2015</date>
             </publicationStmt>
             <sourceDesc>
                <biblStruct>
                   <analytic>
                      <author>Толстой Л.Н.</author>
                   </analytic>
                   <monogr>
                      <title level="m">Полное собрание сочинений. Том 63</title>
                      <imprint>
                         <pubPlace>Москва</pubPlace>
                         <publisher>Государственное издательство "Художественная литература"</publisher>
                         <date when="1934"/>
                      </imprint>
                   </monogr>
                   <series>
                      <title level="s">Л.Н. Толстой. Полное собрание сочинений</title>
                      <biblScope unit="vol">63</biblScope>
                   </series>
                </biblStruct>
				<bibl>Печатается по рукописной копии в тетради «Письма о журнале для народа» (стр. 44), хранящейся у К. С. Шохор-Троцкого. Впервые опубликовано Ю. О. Якубовским без обращения, первого абзаца и заключительной фразы в «Жизни для всех» 1911, 7, стр. 885. По содержанию оно является первым письмом Толстого к К. М. Сибирякову. Датируется на основании упоминания о нем в письме Толстого к В. Г. Черткову от 16 апреля 1885 г.: «Посылаю вам это [Сибярикова. <hi>Ред.</hi>]<hi>,</hi> полученное мною нынче письмо. Я отвечал ему обещая, что вы побываете у него и расскажете ему наши взгляды на такой журнал» (AЧ). По получении его, В. Г. Чертков писал Толстому 19 апреля 1885 г.: «Получил письмо Сибирякова с вашей припиской. Постараюсь навестить его сегодня же» (AЧ).</bibl>
             </sourceDesc>
          </fileDesc>
          <encodingDesc>
             <tagsDecl> </tagsDecl>
          </encodingDesc>
          <profileDesc>
             <correspDesc>
                <correspAction type="sending">
                   <persName ref="PersonList.xml#L_N_Tolstoy">Л. Н. Толстой</persName>
                   <placeName ref="PlacesListxml#PLACE">Москва</placeName>
                   <date when="1885-04-16">1885 г. Апреля 16.</date>            </correspAction>
                <correspAction type="receiving">
                   <persName ref="PersonList.xml#RECEIVER">Е. M. Сибирякову</persName>
                </correspAction>
                <correspContext>
                   <ref type="prev"/>
                </correspContext>
             </correspDesc>
          </profileDesc>
       </teiHeader>
       <xenoData><number type="in a volume">349</number></xenoData>

              <text xml:id="K__M__Sibiryakovu_349">
	<body><div>
		<opener index="false">
349. Е. M. Сибирякову.
1885 г. Апреля 16. Москва.
</opener>
<p rend="Obrashenie left">Милостивый Государь.</p>
<p rend="Obrashenie1_ left"><choice><reg>Константин</reg><orig>Константинъ</orig></choice> <choice><reg>Михайлович</reg><orig>Михайловичъ</orig></choice>.</p>
<p rend="left">Письмо ваше <choice><reg>мне</reg><orig>мнѣ</orig></choice> было очень радостно. Но <choice><reg>желание</reg><orig>желанiе</orig></choice> ваше я едва ли буду <choice><reg>в</reg><orig>въ</orig></choice> <choice><reg>состоянии</reg><orig>состоянiи</orig></choice> исполнить, <choice><reg>редко</reg><orig>рѣдко</orig></choice> <choice><reg>встречал</reg><orig>встрѣчалъ</orig></choice> я случай, <choice><reg>где</reg><orig>гдѣ</orig></choice> бы, по моему <choice><reg>убеждению</reg><orig>убѣжденiю</orig></choice>, деньгами можно бы было помочь <choice><reg>человеку</reg><orig>человѣку</orig></choice>. И для <choice><reg>этих</reg><orig>этихъ</orig></choice> <choice><reg>случаев</reg><orig>случаевъ</orig></choice> всегда найдутся деньги. Если же <choice><reg>нет</reg><orig>нѣтъ</orig></choice>, то, если позволите, я буду обращаться <choice><reg>к</reg><orig>къ</orig></choice> <choice><reg>вам</reg><orig>вамъ</orig></choice>.</p>
<p rend="left"><choice><reg>Кроме</reg><orig>Кромѣ</orig></choice> того, вы говорите <choice><reg>об</reg><orig>объ</orig></choice> <choice><reg>издании</reg><orig>изданiи</orig></choice> <choice><reg>народного</reg><orig>народнаго</orig></choice> журнала. Писать теперь мои планы было бы длинно, но, <choice><reg>к</reg><orig>къ</orig></choice> счастью, есть <choice><reg>в</reg><orig>въ</orig></choice> <choice original_editorial_correction='Петерб[урге]'><sic>Петерб</sic><corr><choice><reg>Петербурге</reg><orig>Петербургѣ</orig></choice></corr></choice> очень <choice><reg>мне</reg><orig>мнѣ</orig></choice> <choice><reg>близкий</reg><orig>близкiй</orig></choice> <choice><reg>человек</reg><orig>человѣкъ</orig></choice> <choice><reg>Чертков</reg><orig>Чертковъ</orig></choice>, мы <choice><reg>с</reg><orig>съ</orig></choice> <choice><reg>ним-то</reg><orig>нимъ-то</orig></choice> и толковали о <choice><reg>таком</reg><orig>такомъ</orig></choice> <choice><reg>журнале</reg><orig>журналѣ</orig></choice>. Я напишу ему, и <choice><reg>он</reg><orig>онъ</orig></choice>, <choice><reg>вероятно</reg><orig>вѣроятно</orig></choice>, <choice><reg>побывает</reg><orig>побываетъ</orig></choice> у <choice><reg>вас</reg><orig>васъ</orig></choice>. <choice><reg>Адрес</reg><orig>Адресъ</orig></choice> его 32, <choice><reg>Милионная</reg><orig>Милiонная</orig></choice> (<choice><reg>Владимир</reg><orig>Владимiръ</orig></choice> <choice><reg>Григорьевич</reg><orig>Григорьевичъ</orig></choice>). Я <choice><reg>вперед</reg><orig>впередъ</orig></choice> подписываю все то, что <choice><reg>он</reg><orig>онъ</orig></choice> <choice><reg>вам</reg><orig>вамъ</orig></choice> <choice><reg>скажет</reg><orig>скажетъ</orig></choice> о нашей мысли журнала. Мы <choice><reg>с</reg><orig>съ</orig></choice> <choice><reg>ним</reg><orig>нимъ</orig></choice> совершенно <choice><reg>одних</reg><orig>однихъ</orig></choice> <choice><reg>убеждений</reg><orig>убѣжденiй</orig></choice> и <choice><reg>взглядов</reg><orig>взглядовъ</orig></choice>.</p>
<p rend="left">Если вы, <choice><reg>как</reg><orig>какъ</orig></choice> я <choice><reg>надеюсь</reg><orig>надѣюсь</orig></choice>, судя по вашему письму, сойдетесь <choice><reg>с</reg><orig>съ</orig></choice> нами, то <choice><reg>с</reg><orig>съ</orig></choice> Божьей помощью <choice><reg>выйдет</reg><orig>выйдетъ</orig></choice> хорошее и полезное <choice><reg>дело</reg><orig>дѣло</orig></choice>.</p>
<p rend="left"><choice><reg>С</reg><orig>Съ</orig></choice> <choice><reg>искренним</reg><orig>искреннимъ</orig></choice> <choice><reg>уважением</reg><orig>уваженiемъ</orig></choice> и благодарностью за ваше <choice><reg>обращение</reg><orig>обращенiе</orig></choice> ко <choice><reg>мне</reg><orig>мнѣ</orig></choice> остаюсь <choice><reg>ваш</reg><orig>вашъ</orig></choice></p>
<p rend="right"><choice><reg>Лев</reg><orig>Левъ</orig></choice> Толстой.</p>
<comments><p rend="Textpetit_otstup left">Печатается по рукописной копии в тетради «Письма о журнале для народа» (стр. 44), хранящейся у К. С. Шохор-Троцкого. Впервые опубликовано Ю. О. Якубовским без обращения, первого абзаца и заключительной фразы в «Жизни для всех» 1911, 7, стр. 885. По содержанию оно является первым письмом Толстого к К. М. Сибирякову. Датируется на основании упоминания о нем в письме Толстого к В. Г. Черткову от 16 апреля 1885 г.: «Посылаю вам это [Сибярикова. <hi>Ред.</hi>]<hi>,</hi> полученное мною нынче письмо. Я отвечал ему обещая, что вы побываете у него и расскажете ему наши взгляды на такой журнал» (AЧ). По получении его, В. Г. Чертков писал Толстому 19 апреля 1885 г.: «Получил письмо Сибирякова с вашей припиской. Постараюсь навестить его сегодня же» (AЧ).</p>
<p rend="petit left">Константин Михайлович Сибиряков — сын богатого сибирского золотопромышленника. С 1878 по 1881 г. издатель «Слова» (вместе с А. А. Жемчужниковым). Одно время был близок с революционерами и кружком народников, но потом разочаровался в их взглядах. Позднее подпал под влияние идей Толстого; сблизился с «Посредником» и неоднократно оказывал ему материальную помощь. В 1891 г. дал средства на первое издание «Соединения, перевода и исследования 4-х <hi style="opdelimiter">Евангелий»</hi><hi style="opnumber">239</hi> <hi style="npnumber">240</hi><hi style="npdelimiter">3</hi> т., изд. Элпидина, Женева). К Толстому обратился со следующим письмом (письмо без даты): «Милостивый государь Лев Николаевич! Простите, что так бесцеремонно обращаюсь к вам, но чувство глубокого уважения, как к человеку высокой нравственности и честности, дает мне смелость просить у Вас совета и нравственной поддержки. В статье «Так чтож нам делать?» настолько рельефно представлена необходимость и целесообразность пособия бедным, неимеющим средств для более или менее сносного существования, что у меня явилась мысль предложить Вам принять на себя труд раздавать известную сумму, которую я буду присылать каждый месяц — пока, хотя рублей сто; причем право выбора безусловно предоставляю Вам. Вы можете спросить — почему я беспокою Вас подобной просьбой? Отвечая на этот вопрос, позволяю себе выразить еще раз, что чувство уважения к Вашим нравственным качествам дает мне право предполагать, что Вы лучше меня сумеете распределить предлагаемые деньги.... Наш крестьянин так еще мало грамотен и неразвит, что каждый шаг к улучшению образования в этой среде должен принести пользу. Раздумывая об этом, я пришел к мысли о возможности предпринять издание журнала (иллюстрированного), доступного пониманию простолюдина; в нем могли бы помещаться статьи, касающиеся его общественной жизни и правительственные распоряжения; статьи общеобразовательные с целью поднять нравственный уровень его развития; исторические рассказы и повести; статьи о сельском хозяйстве и ремеслах. Стоимость журнала должна быть самая незначительная, — напр, один рубль в год. Не желая никаких выгод, я стремлюсь только прийти на помощь развитию народного образования, возбудить интерес к чтению и привлечь народ к более разумной жизни.... Прежде чем начинать это дело, я решился просить у Вас совета, узнать Ваше мнение о моем проекте и спросить можно ли надеяться принести пользу народу этим путем и, если существование подобного журнала Вы допускаете в России, не откажитесь высказать, какого он должен держаться направления и программы. Если пожелаете ответить на письмо, мой адрес следующий: Петербург, Кабинетская улица, дом № 4. Константину Михайловичу Сибирякову» (AЧ).</p>
</comments></div></body>
        </text>
        </TEI>