<?xml version='1.0' encoding='UTF-8' standalone='no'?>

<TEI xmlns="http://www.tei-c.org/ns/1.0">
       <teiHeader>
          <fileDesc>
             <titleStmt>
                <title>Письмо №91. В редакцию газеты «Русские ведомости».</title>
             </titleStmt>
             <publicationStmt>
                <publisher>TolstoyLab</publisher>
                <date when="2015-09-14">14 September 2015</date>
             </publicationStmt>
             <sourceDesc>
                <biblStruct>
                   <analytic>
                      <author>Толстой Л.Н.</author>
                   </analytic>
                   <monogr>
                      <title level="m">Полное собрание сочинений. Том 76</title>
                      <imprint>
                         <pubPlace>Москва</pubPlace>
                         <publisher>Государственное издательство "Художественная литература"</publisher>
                         <date when="1956"/>
                      </imprint>
                   </monogr>
                   <series>
                      <title level="s">Л.Н. Толстой. Полное собрание сочинений</title>
                      <biblScope unit="vol">76</biblScope>
                   </series>
                </biblStruct>
				<bibl>Печатается по публикации в газете «Русские ведомости» 1905, № 319 от 3 декабря. Черновик письма хранится в ГМТ.</bibl>
             </sourceDesc>
          </fileDesc>
          <encodingDesc>
             <tagsDecl> </tagsDecl>
          </encodingDesc>
          <profileDesc>
             <correspDesc>
                <correspAction type="sending">
                   <persName ref="PersonList.xml#L_N_Tolstoy">Л. Н. Толстой</persName>
                   <placeName ref="PlacesListxml#PLACE">Ясная Поляна</placeName>
                   <date when="1905-12-01">1905 г. Декабрь 1.</date>            </correspAction>
                <correspAction type="receiving">
                   <persName ref="PersonList.xml#RECEIVER">В редакцию газеты «Русские ведомости».</persName>
                </correspAction>
                <correspContext>
                   <ref type="prev"/>
                </correspContext>
             </correspDesc>
          </profileDesc>
       </teiHeader>
       <xenoData><number type="in a volume">91</number></xenoData>

              <text xml:id="VredakciyugazetyRusskievedomosti_91">
	<body><div>
		<opener index="false">
91. В редакцию газеты «Русские ведомости».
1905 г. Декабрь 1. Я. П.</opener>
<p rend="left">Прилагаю два письма двух крестьян, христиан<note xml:id="note1" resp="volume_editor" index="false"> <ref target="file:///Volume_76_A.M.Bodyanskomu_84.xml">См. письмо № 84</ref>.</note>, второй год томящихся в дисциплинарном батальоне за то, что они по своим (думаю, никто не станет спорить против этого) истинно христианским верованиям не могли добровольно поступить в войско и принять запрещенную евангелием присягу.</p>
<p rend="left">Полагаю, что в теперешнее время, когда с одной стороны провозглашена свобода совести,<note xml:id="note2" resp="volume_editor" index="false"> Имеются в виду те уступки, на которые вынуждено было пойти царское правительство, напуганное небывалым размахом революционного движения и стачечной борьбы и издавшее указ от 17 апреля 1905 г. «О внедрении в русскую жизнь начал веротерпимости» и манифест от 17 октября 1905 г., в первом пункте которого значилось: «Даровать населению незыблемые основы гражданской свободы на началах действительной неприкосновенности личности, свободы совести, слова, собраний и союзов», а также широко разрекламированная правительством политическая амнистия 21 октября. На деле не только эта амнистия, но и сам манифест 17 октября носил фиктивный, чисто демагогический характер.</note> с другой стороны освобождены все политические арестанты,<note xml:id="note3" resp="volume_editor" index="false"> В действительности была дана амнистия лишь незначительной части политических <hi style="opdelimiter">заключенных.</hi><hi style="opnumber">61</hi></note> пора бы перестать наказывать людей за то, что они остаются верными своим религиозным, мирным, братолюбивым убеждениям. Пора бы для таких, исключительно высоких по своему нравственному складу, людей найти какой-либо другой выход из того противоречия, в которое они поставлены требованиями правительства и закона Христа, чем жестокое заточение и розги.</p>
<p rend="left">Прежде, недавно еще, такие люди ссылались в Якутскую область. Как ни тяжела была эта ссылка, она все-таки была несравненно легче дисциплинарного батальона.<hi>4</hi> Таких заключенных теперь в дисциплинарных батальонах я знаю еще многих, кроме этих двух.</p>
<p rend="right">Лев Толстой.</p>
<p rend="left">1-го декабря 1905 г.</p>
<p rend="left">Вот эти два письма.</p>
<comments><p rend="Textpetit_otstup left">Печатается по публикации в газете «Русские ведомости» 1905, № 319 от 3 декабря. Черновик письма хранится в ГМТ.</p>
<p rend="Textpetit_otstup left"><hi>1</hi> <ref target="file:///Volume_76_A.M.Bodyanskomu_84.xml">См. письмо № 84</ref>.</p>
<p rend="petit left"><hi>2</hi> Имеются в виду те уступки, на которые вынуждено было пойти царское правительство, напуганное небывалым размахом революционного движения и стачечной борьбы и издавшее указ от 17 апреля 1905 г. «О внедрении в русскую жизнь начал веротерпимости» и манифест от 17 октября 1905 г., в первом пункте которого значилось: «Даровать населению незыблемые основы гражданской свободы на началах действительной неприкосновенности личности, свободы совести, слова, собраний и союзов», а также широко разрекламированная правительством политическая амнистия 21 октября. На деле не только эта амнистия, но и сам манифест 17 октября носил фиктивный, чисто демагогический характер.</p>
<p rend="petit left"><hi>3</hi> В действительности была дана амнистия лишь незначительной части политических <hi style="opdelimiter">заключенных.</hi><hi style="opnumber">61</hi></p>
<p rend="petit left"><hi style="npnumber">62</hi><hi><hi style="npdelimiter">4</hi></hi> Распоряжением от 26 февраля 1905 г. сектанты, сосланные после 1896 г. в Якутскую область, были возвращены и ссылка в Якутскую область лиц, отказывающихся от военной службы, была отменена. С 1905 г. отказывавшихся от военной службы судили на основании 105 ст. военного устава о наказаниях (за неповиновение приказаниям начальства).</p>
<p rend="petit left">Повидимому, письмо Толстого не имело последствий.</p>
</comments></div></body>
        </text>
        </TEI>