<?xml version='1.0' encoding='UTF-8' standalone='no'?>

<TEI xmlns="http://www.tei-c.org/ns/1.0">
       <teiHeader>
          <fileDesc>
             <titleStmt>
                <title>Письмо №* 51. Неизвестной.</title>
             </titleStmt>
             <publicationStmt>
                <publisher>TolstoyLab</publisher>
                <date when="2015-09-14">14 September 2015</date>
             </publicationStmt>
             <sourceDesc>
                <biblStruct>
                   <analytic>
                      <author>Толстой Л.Н.</author>
                   </analytic>
                   <monogr>
                      <title level="m">Полное собрание сочинений. Том 82</title>
                      <imprint>
                         <pubPlace>Москва</pubPlace>
                         <publisher>Государственное издательство "Художественная литература"</publisher>
                         <date when="1956"/>
                      </imprint>
                   </monogr>
                   <series>
                      <title level="s">Л.Н. Толстой. Полное собрание сочинений</title>
                      <biblScope unit="vol">82</biblScope>
                   </series>
                </biblStruct>
				<bibl>Печатается по рукописной копии из AЧ. Дата определяется копией.</bibl>
             </sourceDesc>
          </fileDesc>
          <encodingDesc>
             <tagsDecl> </tagsDecl>
          </encodingDesc>
          <profileDesc>
             <correspDesc>
                <correspAction type="sending">
                   <persName ref="PersonList.xml#L_N_Tolstoy">Л. Н. Толстой</persName>
                   <placeName ref="PlacesListxml#PLACE">Ясная Поляна</placeName>
                   <date when="1910-06-05">1910 г. Июня 5.</date>            </correspAction>
                <correspAction type="receiving">
                   <persName ref="PersonList.xml#RECEIVER">Неизвестной.</persName>
                </correspAction>
                <correspContext>
                   <ref type="prev"/>
                </correspContext>
             </correspDesc>
          </profileDesc>
       </teiHeader>
       <xenoData><number type="in a volume">51</number></xenoData>

       <text xml:id="Neizvestnoj_51">
	<body><div>
		<opener index="false">
* 51. Неизвестной.
1910 г. Июня 5. Я. П.
</opener><p rend="right">Le 5/18 Juin 1910.</p>

<p rend="Obrashenie left">Madame,</p>
<p rend="left">Je suis bien étonné que vous n’ayez jamais reçu le feuillet de l’album que vous m’aviez fait parvenir. Il est possible que j’ai négligé de vous le retourner comme lettre recommandée, et que la poste l’ait égarée. Quoiqu’il en soit, je vous envois ci-joint ce que vous me demandez.</p>
<p rend="left">Excusez ma négligence auprès de la personne intéressée et recevez, <choice original_editorial_correction='M[adame]'><sic>M</sic><corr>Madame</corr></choice>, mes salutations.</p>
<p rend="right">Ясная Поляна.</p>
<p rend="right">5/18 июня 1910.</p>
<lb/>
<p rend="Obrashenie petit">Милостивая государыня,</p>
<comments><p rend="Textpetit_otstup left">Я очень удивлен, что вы вовсе не получили присланный мне вами листок из альбома. Возможно, что по недосмотру я не отправил его вам заказным письмом и почта его затеряла. Как бы то ни было, я посылаю вам то, что вы просите.</p>
<p rend="petit left">Простите мне небрежность по отношению к заинтересованному лицу и примите, милостивая государыня, мой привет.</p>
<p rend="Textpetit_otstup left">Печатается по рукописной копии из AЧ. Дата определяется копией.</p>
<p rend="petit left">Каких-либо сведений о корреспондентке, «даме-итальянке», кроме записи от 4 июня, приводимой В. Ф. Булгаковым в своем Дневнике, не имеется: «Где-то затерялся листок из альбома для автографов одной дамы-итальянки с несколькими автографами каких-то других знаменитостей, который она прислала Льву Николаевичу для подписи. Лев Николаевич очень беспокоился за этот листок. Ввиду того, что поиски его оказались безрезультатными, решил сам написать итальянке извинительное письмо» (Дневник В. Ф. Булгакова, стр. 222).</p>
</comments></div></body>
        </text>
        </TEI>