<?xml version='1.0' encoding='UTF-8' standalone='no'?>

<TEI xmlns="http://www.tei-c.org/ns/1.0">
       <teiHeader>
          <fileDesc>
             <titleStmt>
                <title>Письмо №* 205. Обществу деятелей периодической печати и литературы. Черновое.</title>
             </titleStmt>
             <publicationStmt>
                <publisher>TolstoyLab</publisher>
                <date when="2015-09-14">14 September 2015</date>
             </publicationStmt>
             <sourceDesc>
                <biblStruct>
                   <analytic>
                      <author>Толстой Л.Н.</author>
                   </analytic>
                   <monogr>
                      <title level="m">Полное собрание сочинений. Том 80</title>
                      <imprint>
                         <pubPlace>Москва</pubPlace>
                         <publisher>Государственное издательство "Художественная литература"</publisher>
                         <date when="1955"/>
                      </imprint>
                   </monogr>
                   <series>
                      <title level="s">Л.Н. Толстой. Полное собрание сочинений</title>
                      <biblScope unit="vol">80</biblScope>
                   </series>
                </biblStruct>
             </sourceDesc>
          </fileDesc>
          <encodingDesc>
             <tagsDecl> </tagsDecl>
          </encodingDesc>
          <profileDesc>
             <correspDesc>
                <correspAction type="draft">
                   <persName ref="PersonList.xml#L_N_Tolstoy">Л. Н. Толстой</persName>
                   <placeName ref="PlacesListxml#PLACE">Ясная Поляна</placeName>
                   <date when="1909-10-16">1909 г. Октября 16.</date>            </correspAction>
                <correspAction type="receiving">
                   <persName ref="PersonList.xml#RECEIVER">Обществу деятелей периодической печати и литературы</persName>
                </correspAction>
                <correspContext>
                   <ref type="prev"/>
                </correspContext>
             </correspDesc>
          </profileDesc>
       </teiHeader>
       <xenoData><number type="in a volume">205</number></xenoData>

       <text xml:id="Obshhestvudeyatelejperiodicheskojpechatiiliteratury_205">
	<body><div>
		<opener index="false">
* 205. Обществу деятелей периодической печати и литературы. Черновое.
1909 г. Октября 16. Я. П.</opener>
<p rend="left">Я был <choice original_editorial_correction='действит[ельно]'><sic>действит</sic><corr>действительно</corr></choice> нездоров, когда получил первое письмо и, признаюсь, рад <choice original_editorial_correction='б[ыл]'><sic>б</sic><corr>был</corr></choice> случаю избавиться от <choice original_editorial_correction='оч[ень]'><sic>оч</sic><corr>очень</corr></choice> неприятного мне дела. Если можно, избавьте меня. Очень, очень буду вам <choice original_editorial_correction='благодар[ен]'><sic>благодар</sic><corr>благодарен</corr></choice>. Я необдуманно обещал Семенову<note xml:id="note1" resp="volume_editor" index="false">О Сергее Терентьевиче Семенове (1868—1922) см. т. 64, стр. 67.</note> говорить. &lt;Теперь же&gt;</p>
<comments><p rend="Textpetit_otstup left">Черновик-автограф написан на конверте письма адресата. Письмо не закончено, не было переписано и не было отправлено. Основание датировки см. ниже.</p>
<p rend="petit left">Речь идет о записи голоса Толстого на граммофонные пластинки. В сентябре в Москве Толстой дал на это согласие С. Т. Семенову. Позднее секретарь уведомил Общество деятелей периодической печати и литературы, что ввиду недомогания Толстого сделать это в настоящее время невозможно. В письме от 15 октября правление Общества, напоминая о данном согласии, спрашивало, когда может для записи голоса приехать в Ясную Поляну техник. Письмо это привез 16 октября С. Т. Семенов. На конверте Толстой написал комментируемый черновик ответа, но Семенов потом уговорил Толстого согласиться, и письмо отправлено не было. Голос был записан 18 октября. См. прим. к письму № 215.</p>
<p rend="Textpetit_otstup left"><hi>1 </hi>О Сергее Терентьевиче Семенове (1868—1922) см. т. 64, стр. 67.</p>
</comments></div></body>
        </text>
        </TEI>