<?xml version='1.0' encoding='UTF-8' standalone='no'?>

<TEI xmlns="http://www.tei-c.org/ns/1.0">
       <teiHeader>
          <fileDesc>
             <titleStmt>
                <title>Письмо №* 244. Редактору «British Health Review». Черновое.</title>
             </titleStmt>
             <publicationStmt>
                <publisher>TolstoyLab</publisher>
                <date when="2015-09-14">14 September 2015</date>
             </publicationStmt>
             <sourceDesc>
                <biblStruct>
                   <analytic>
                      <author>Толстой Л.Н.</author>
                   </analytic>
                   <monogr>
                      <title level="m">Полное собрание сочинений. Том 80</title>
                      <imprint>
                         <pubPlace>Москва</pubPlace>
                         <publisher>Государственное издательство "Художественная литература"</publisher>
                         <date when="1955"/>
                      </imprint>
                   </monogr>
                   <series>
                      <title level="s">Л.Н. Толстой. Полное собрание сочинений</title>
                      <biblScope unit="vol">80</biblScope>
                   </series>
                </biblStruct>
             </sourceDesc>
          </fileDesc>
          <encodingDesc>
             <tagsDecl> </tagsDecl>
          </encodingDesc>
          <profileDesc>
             <correspDesc>
                <correspAction type="draft">
                   <persName ref="PersonList.xml#L_N_Tolstoy">Л. Н. Толстой</persName>
                   <placeName ref="PlacesListxml#PLACE">Ясная Поляна</placeName>
                   <date when="1909-11-03">1909 г. Ноября 3</date>            </correspAction>
                <correspAction type="receiving">
                   <persName ref="PersonList.xml#RECEIVER">Редактору «British Health Review»</persName>
                </correspAction>
                <correspContext>
                   <ref type="prev"/>
                </correspContext>
             </correspDesc>
          </profileDesc>
       </teiHeader>
       <xenoData><number type="in a volume">244</number></xenoData>

       <text xml:id="RedaktoruBritishHealthReview_244">
	<body><div>
		<opener index="false">
* 244. Редактору «British Health Review». Черновое.

1909г. Ноября 3/16. Я. П.</opener>
<p rend="left">I thank for your journal. I never <choice original_editorial_correction='abandon[ed]'><sic>abandon</sic><corr>abandoned</corr></choice> vegetarian diet.</p>
<lb/>
<p rend="petit left">Благодарю за ваш журнал. Я никогда не прекращал вегетарианского питания.</p>
<comments><p rend="Textpetit_otstup left">Черновик-автограф, написанный на конверте письма адресата. Конспект для ответа О. К. Толстой.</p>
<p rend="petit left">При письме от 8 ноября н. ст. 1909 г. Лили Ходкинсон (Lily Hodgkinson), редактор издававшегося в Лондоне вегетарианского журнала «The British Health Review», прислала Толстому несколько номеров журнала (в яснополянской библиотеке хранятся четыре номера за апрель — сентябрь 1909 г.). Просила дать хотя бы очень краткий отзыв о нем.</p>
<p rend="petit left">Кроме текста, выше приведенного, Толстой написал на конверте: <hi style="big">Оле</hi>. Пометка О. К. Толстой: «Письмо написано О. Т. 3/16 ноября 09 и подписано Л. H.». В какой редакции послано письмо, неизвестно.</p>
<p rend="emptyline left"><hi style="opnumber">169</hi> <hi style="npnumber">170</hi></p>
</comments></div></body>
        </text>
        </TEI>