<?xml version='1.0' encoding='UTF-8' standalone='no'?>

<TEI xmlns="http://www.tei-c.org/ns/1.0">
       <teiHeader>
          <fileDesc>
             <titleStmt>
                <title>Письмо №99. В редакцию «С.-Петербургских ведомостей».</title>
             </titleStmt>
             <publicationStmt>
                <publisher>TolstoyLab</publisher>
                <date when="2015-09-14">14 September 2015</date>
             </publicationStmt>
             <sourceDesc>
                <biblStruct>
                   <analytic>
                      <author>Толстой Л.Н.</author>
                   </analytic>
                   <monogr>
                      <title level="m">Полное собрание сочинений. Том 70</title>
                      <imprint>
                         <pubPlace>Москва</pubPlace>
                         <publisher>Государственное издательство "Художественная литература"</publisher>
                         <date when="1954"/>
                      </imprint>
                   </monogr>
                   <series>
                      <title level="s">Л.Н. Толстой. Полное собрание сочинений</title>
                      <biblScope unit="vol">70</biblScope>
                   </series>
                </biblStruct>
				<bibl>Впервые опубликовано в «Русском слове» 1911, № 240 от 19 октября. Написано одновременно с письмом к А. С. Суворину и в редакцию «Биржевых ведомостей» (см. № № 97 и 98) на случай отказа напечатать статью П. А. Буланже в их газетах.</bibl>
             </sourceDesc>
          </fileDesc>
          <encodingDesc>
             <tagsDecl> </tagsDecl>
          </encodingDesc>
          <profileDesc>
             <correspDesc>
                <correspAction type="sending">
                   <persName ref="PersonList.xml#L_N_Tolstoy">Л. Н. Толстой</persName>
                   <placeName ref="PlacesListxml#PLACE">Ясная Поляна</placeName>
                   <date when="1897-05-18">1897 г. Мая 18.</date>            </correspAction>
                <correspAction type="receiving">
                   <persName ref="PersonList.xml#RECEIVER">В редакцию «С.-Петербургских ведомостей».</persName>
                </correspAction>
                <correspContext>
                   <ref type="prev"/>
                </correspContext>
             </correspDesc>
          </profileDesc>
       </teiHeader>
       <xenoData><number type="in a volume">99</number></xenoData>

              <text xml:id="VredakciyuS.-Peterburgskixvedomostej_99">
	<body><div>
		<opener index="false">
99. В редакцию «С.-Петербургских ведомостей».
1897 г. Мая 18. Я. П.</opener>
<p rend="left">Очень прошу редакцию Петербургских Ведомостей напечатать прилагаемую статью о духоборах. Кроме значения, которое имеет эта статья как распространение истинных сведений о чрезвычайно важном явлении в русском народе и точных данных о положении людей, страдающих за веру, статья эта имеет еще огромной важности значение практическое, дает возможность обществу помочь страдающим и в смертной опасности находящимся тысячам людей. Пожалуйста, напечатайте.</p>
<p rend="right">Лев Толстой.</p>
<comments><p rend="Textpetit_otstup left">Впервые опубликовано в «Русском слове» 1911, № 240 от 19 октября. Написано одновременно с письмом к А. С. Суворину и в редакцию «Биржевых ведомостей» (см. № № 97 и 98) на случай отказа напечатать статью П. А. Буланже в их газетах.</p>
<p rend="petit left">«С.-Петербургские ведомости» — старейшая петербургская газета, издававшаяся в 1728—1917 гг., с 1875 г. являлась органом Министерства народного просвещения. С 1896 г. редактором был Э. Э. Ухтомский.</p>
<p rend="petit left">Письмо Толстого в редакцию «С.-Петербургских ведомостей» послано не было ввиду того, что статья П. А. Буланже была напечатана в «Биржевых ведомостях».</p>
</comments></div></body>
        </text>
        </TEI>