<?xml version='1.0' encoding='UTF-8' standalone='no'?>

<TEI xmlns="http://www.tei-c.org/ns/1.0">
       <teiHeader>
          <fileDesc>
             <titleStmt>
                <title>Письмо №36. Редакторам газет«Русские ведомости» и «Новое время».</title>
             </titleStmt>
             <publicationStmt>
                <publisher>TolstoyLab</publisher>
                <date when="2015-09-14">14 September 2015</date>
             </publicationStmt>
             <sourceDesc>
                <biblStruct>
                   <analytic>
                      <author>Толстой Л.Н.</author>
                   </analytic>
                   <monogr>
                      <title level="m">Полное собрание сочинений. Том 66</title>
                      <imprint>
                         <pubPlace>Москва</pubPlace>
                         <publisher>Государственное издательство "Художественная литература"</publisher>
                         <date when="1953"/>
                      </imprint>
                   </monogr>
                   <series>
                      <title level="s">Л.Н. Толстой. Полное собрание сочинений</title>
                      <biblScope unit="vol">66</biblScope>
                   </series>
                </biblStruct>
				<bibl>Печатается по публикации в газете «Русские ведомости» 1891, № 258 от 19 сентября. Местонахождение подлинника, посланного в эту газету, так же как и подлинника, по которому была сделана публикация в «Новом времени» 1891, № 5588 от 19 сентября, неизвестно.</bibl>
             </sourceDesc>
          </fileDesc>
          <encodingDesc>
             <tagsDecl> </tagsDecl>
          </encodingDesc>
          <profileDesc>
             <correspDesc>
                <correspAction type="sending">
                   <persName ref="PersonList.xml#L_N_Tolstoy">Л. Н. Толстой</persName>
                   <placeName ref="PlacesListxml#PLACE">Ясная Поляна</placeName>
                   <date when="1891-09-16">1891 г. Сентября 16.</date>            </correspAction>
                <correspAction type="receiving">
                   <persName ref="PersonList.xml#RECEIVER">Редакторам газет«Русские ведомости» и «Новое время».</persName>
                </correspAction>
                <correspContext>
                   <ref type="prev"/>
                </correspContext>
             </correspDesc>
          </profileDesc>
       </teiHeader>
       <xenoData><number type="in a volume">36</number></xenoData>

              <text xml:id="RedaktoramgazetRusskievedomosti_36">
	<body><div>
		<opener index="false">
36. Редакторам газет«Русские ведомости» и «Новое время».
1891 г. Сентября 16. Я. П.</opener>
<p rend="left">М. г. Вследствие часто получаемых мною запросов о разрешении издавать, переводить и ставить на сцене мои сочинения, прошу вас поместить в издаваемой вами газете следующее мое заявление.</p>
<p rend="left">Предоставляю всем желающим право безвозмездно издавать в России и за границей, по-русски и в переводах, а равно и ставить на сценах все те из моих сочинений, которые были написаны мною с <hi>1881 года</hi> и напечатаны в XII томе моих полных сочинений издания 1886 года, и в XIII томе, изданном в нынешнем 1891 году, равно и все мои неизданные в России и могущие вновь появиться после нынешнего дня сочинения.</p>
<p rend="right">Лев Толстой.</p>
<p rend="left">16-го сентября 1891 г.</p>
<comments><p rend="Textpetit_otstup left">Печатается по публикации в газете «Русские ведомости» 1891, № 258 от 19 сентября. Местонахождение подлинника, посланного в эту газету, так же как и подлинника, по которому была сделана публикация в «Новом времени» 1891, № 5588 от 19 сентября, неизвестно.</p>
<p rend="petit left">В АТ сохранилось семь черновиков-автографов этого заявления, написанных в июле — сентябре 1891 г.; один из них, от 11 июля, опубликован в т. 84, стр. 81—82.</p>
<p rend="petit left">Мысль об отказе от литературной собственности назревала у Толстого с 1883 г., но не встречала сочувствия со стороны С. А. Толстой, без согласия которой он не хотел делать заявления. 11 июля 1891 г. он писал ей в. Москву, советуя напечатать от ее имени письмо к редакторам газет о том, что ее муж «отказывается от авторского права на последние сочинения свои, предоставляя желающим безвозмездно печатать и издавать их», причем дал полный текст этого письма с перечислением почти всех произведений, вошедших в тт. XII и XIII «Собрания сочинений» издания 1886 и 1891 гг.; в случае же ее нежелания послать заявление от имени жены, он просил ее послать аналогичный текст от его лица (см. т. 84, № 453). С. А. Толстая не согласилась тогда на эти заявления, и по ее возвращении в Ясную Поляну между нею и Толстым произошел 13 июля тяжелый разговор, отмеченный Толстым в Дневнике того же числа (см. т. 52). Но <hi style="opdelimiter">сознание</hi><hi style="opnumber">47</hi> <hi style="npnumber">48</hi><hi style="npdelimiter">необходимости</hi> сделать заявление не оставляло Толстого, и из Дневника С. А. Толстой выясняется, что к 21 июля он опять возобновил свои попытки к его написанию. После резкой сцены 21 июля Толстой, повидимому, оставил мысль о составлении заявления, но 6 августа вновь за него принялся. Наконец в дни отсутствия С. А. Толстой (в начале сентября) он 5 сентября опять писал ей в Москву, что в числе писем, которые хотел написать, было и письмо в редакцию о праве печатанья; но, «просмотрев оглавление (XII и XIII томов), решил, что не стоит того, особенно без «Ивана Ильича», и он «еще подумает», как поступить. Большим затруднением являлось для Толстого исключение из сочинений, написанных после 1880 г., повести «Смерть Ивана Ильича», которую он подарил С. А. Толстой в день ее именин в 1886 г. для XII тома ее издания. Всё написанное до 1881 г. он оставлял в пользу семьи. 10 сентября он решил составить заявление «без исключения Ивана Ильича», о чем сообщил 12 сентября Софье Андреевне в Москву, посылая ей текст для передачи в газеты. С. А. Толстая этот автограф Толстого привезла назад в Ясную Поляну, но уже не выражала своего несогласия на отсылку заявления, и Толстой, вновь слегка переделав текст, послал его в «Русские ведомости» и «Новое время». См. письма Толстого к С. А. Толстой в т. 84, №№ 453, 456 и 458.</p>
</comments></div></body>
        </text>
        </TEI>