<?xml version='1.0' encoding='UTF-8' standalone='no'?>

<TEI xmlns="http://www.tei-c.org/ns/1.0">
       <teiHeader>
          <fileDesc>
             <titleStmt>
                <title>Письмо №98. В редакцию «Биржевых ведомостей».</title>
             </titleStmt>
             <publicationStmt>
                <publisher>TolstoyLab</publisher>
                <date when="2015-09-14">14 September 2015</date>
             </publicationStmt>
             <sourceDesc>
                <biblStruct>
                   <analytic>
                      <author>Толстой Л.Н.</author>
                   </analytic>
                   <monogr>
                      <title level="m">Полное собрание сочинений. Том 70</title>
                      <imprint>
                         <pubPlace>Москва</pubPlace>
                         <publisher>Государственное издательство "Художественная литература"</publisher>
                         <date when="1954"/>
                      </imprint>
                   </monogr>
                   <series>
                      <title level="s">Л.Н. Толстой. Полное собрание сочинений</title>
                      <biblScope unit="vol">70</biblScope>
                   </series>
                </biblStruct>
             </sourceDesc>
          </fileDesc>
          <encodingDesc>
             <tagsDecl> </tagsDecl>
          </encodingDesc>
          <profileDesc>
             <correspDesc>
                <correspAction type="sending">
                   <persName ref="PersonList.xml#L_N_Tolstoy">Л. Н. Толстой</persName>
                   <placeName ref="PlacesListxml#PLACE">Ясная Поляна</placeName>
                   <date when="1897-05-18">1897 г. Мая 18.</date>            </correspAction>
                <correspAction type="receiving">
                   <persName ref="PersonList.xml#RECEIVER">В редакцию «Биржевых ведомостей».</persName>
                </correspAction>
                <correspContext>
                   <ref type="prev"/>
                </correspContext>
             </correspDesc>
          </profileDesc>
       </teiHeader>
       <xenoData><number type="in a volume">98</number></xenoData>

              <text xml:id="VredakciyuBirzhevyxvedomostej_98">
	<body><div>
		<opener index="false">
98. В редакцию «Биржевых ведомостей».
1897 г. Мая 18. Я. П.</opener>
<p rend="left">Очень прошу редакцию «Биржевых ведомостей» напечатать прилагаемую статью о духоборах. Кроме значения, которое имеет статья, как распространение истинных сведении о чрезвычайно важном явлении в русском народе, статья эта и имеет еще огромной важности и значение практическое, дает возможность обществу помочь страдающим за веру и в смертной опасности находящимся тысячам людей. Пожалуйста, напечатайте.</p>
<p rend="right">Лев Толстой.</p>
<p rend="left">Ясная <hi style="opdelimiter">Поляна.</hi><hi style="opnumber">86</hi></p>
<comments><p rend="Textpetit_otstup left"><hi style="npnumber">87</hi><hi style="npdelimiter">Печатается</hi> по тексту, впервые опубликованному в статье И. Ясинского «Секта, о которой говорят» — «Биржевые ведомости» 1897, № 213 от 6 августа (утренн. выпуск). Письмо было написано одновременно с письмом к А. С. Суворину от того же числа (см. № 97) по поводу статьи П. А. Буланже о духоборах, на случай отказа Суворина напечатать указанную статью, и было переслано Буланже в «Биржевые ведомости» после его возвращения из Петербурга в Москву, 2 июля 1897 г., когда окончательно выяснился отказ Суворина.</p>
<p rend="petit left">«Биржевые ведомости» — петербургская буржуазная газета, издававшаяся в 1880—1917 гг. С. П. Проппером. С 1895 г. выходила в двух изданиях: утром и вечером.</p>
</comments></div></body>
        </text>
        </TEI>