<?xml version='1.0' encoding='UTF-8' standalone='no'?>

<TEI xmlns="http://www.tei-c.org/ns/1.0">
       <teiHeader>
          <fileDesc>
             <titleStmt>
                <title>Письмо №*151. В редакции иностранных газет.</title>
             </titleStmt>
             <publicationStmt>
                <publisher>TolstoyLab</publisher>
                <date when="2015-09-14">14 September 2015</date>
             </publicationStmt>
             <sourceDesc>
                <biblStruct>
                   <analytic>
                      <author>Толстой Л.Н.</author>
                   </analytic>
                   <monogr>
                      <title level="m">Полное собрание сочинений. Том 72</title>
                      <imprint>
                         <pubPlace>Москва</pubPlace>
                         <publisher>Государственное издательство "Художественная литература"</publisher>
                         <date when="1933"/>
                      </imprint>
                   </monogr>
                   <series>
                      <title level="s">Л.Н. Толстой. Полное собрание сочинений</title>
                      <biblScope unit="vol">72</biblScope>
                   </series>
                </biblStruct>
				<bibl>Печатается по подлиннику, хранящемуся в АТБ. Написано В. Г. Чертковым и собственноручно исправлено Толстым. Основания датировки см. ниже. Публикуется впервые.</bibl>
             </sourceDesc>
          </fileDesc>
          <encodingDesc>
             <tagsDecl> </tagsDecl>
          </encodingDesc>
          <profileDesc>
             <correspDesc>
                <correspAction type="draft">
                   <persName ref="PersonList.xml#L_N_Tolstoy">Л. Н. Толстой</persName>
                   <placeName ref="PlacesListxml#PLACE">Ясная Поляна</placeName>
                   <date when="1899-07-26">1899 г. Июля 26.</date>            </correspAction>
                <correspAction type="receiving">
                   <persName ref="PersonList.xml#RECEIVER">В редакции иностранных газет.</persName>
                </correspAction>
                <correspContext>
                   <ref type="prev"/>
                </correspContext>
             </correspDesc>
          </profileDesc>
       </teiHeader>
       <xenoData><number type="in a volume">151</number></xenoData>

              <text xml:id="Vredakciiinostrannyxgazet_151">
	<body><div>
		<opener index="false">
*151. В редакции иностранных газет. Черновое.
1899 г. Июля 26. Я. П.</opener>
<p rend="left"><choice><reg>В</reg><orig>Въ</orig></choice> <choice><reg>начале</reg><orig>началѣ</orig></choice> 1898 года <choice><reg>население</reg><orig>населенiе</orig></choice> <choice><reg>в</reg><orig>въ</orig></choice> 8 <choice original_editorial_correction='т[ысяч]'><sic>т</sic><corr><choice><reg>тысяч</reg><orig>тысячъ</orig></choice></corr></choice> <choice><reg>душ</reg><orig>душъ</orig></choice> <choice><reg>Духоборов</reg><orig>Духоборовъ</orig></choice> находилось <choice><reg>в</reg><orig>въ</orig></choice> отчаянно <choice><reg>бедственном</reg><orig>бѣдственномъ</orig></choice> <choice><reg>положении</reg><orig>положенiи</orig></choice>. За <choice><reg>исполнение</reg><orig>исполненiе</orig></choice> на <choice><reg>деле</reg><orig>дѣлѣ</orig></choice> <choice><reg>учения</reg><orig>ученiя</orig></choice> <choice original_editorial_correction='Хрис[та]'><sic>Хрис</sic><corr>Христа</corr></choice> и потому <choice original_editorial_correction='отказы[вавшиеся]'><sic>отказы</sic><corr><choice><reg>отказывавшиеся</reg><orig>отказывавшiеся</orig></choice></corr></choice> <choice><reg>от</reg><orig>отъ</orig></choice> военной <choice original_editorial_correction='служ[бы]'><sic>служ</sic><corr>службы</corr></choice> <choice original_editorial_correction='Дух[оборы]'><sic>Дух</sic><corr>Духоборы</corr></choice> <choice original_editorial_correction='подверг[ались]'><sic>подверг</sic><corr>подвергались</corr></choice> <choice><reg>жестоким</reg><orig>жестокимъ</orig></choice> <choice><reg>гонениям</reg><orig>гоненiямъ</orig></choice>. <choice><reg>Кроме</reg><orig>Кромѣ</orig></choice> <choice><reg>заточения</reg><orig>заточенiя</orig></choice>, ссылки <choice><reg>в</reg><orig>въ</orig></choice> Сибирь отказавшихся <choice><reg>от</reg><orig>отъ</orig></choice> военной службы, тысячи семей были разорены, выселены <choice><reg>из</reg><orig>изъ</orig></choice> <choice><reg>своих</reg><orig>своихъ</orig></choice> деревень и поселены среди <choice><reg>чуждых</reg><orig>чуждыхъ</orig></choice> по языку и <choice><reg>вере</reg><orig>вѣрѣ</orig></choice> людей <choice><reg>без</reg><orig>безъ</orig></choice> <choice><reg>средств</reg><orig>средствъ</orig></choice> <choice><reg>к</reg><orig>къ</orig></choice> жизни и возможности <choice><reg>заработков</reg><orig>заработковъ</orig></choice>. <choice><reg>Получив</reg><orig>Получивъ</orig></choice> <choice><reg>разрешение</reg><orig>разрѣшенiе</orig></choice> выселяться, <choice original_editorial_correction='духоб[оры]'><sic>духоб</sic><corr>духоборы</corr></choice> начали выселяться, но, <choice><reg>покинув</reg><orig>покинувъ</orig></choice> свои <choice><reg>места</reg><orig>мѣста</orig></choice> и отчасти <choice><reg>переехав</reg><orig>переѣхавъ</orig></choice> на о. <choice><reg>Кипр</reg><orig>Кипръ</orig></choice>, они не <choice><reg>имели</reg><orig>имѣли</orig></choice> достаточно <choice><reg>средств</reg><orig>средствъ</orig></choice>, <choice><reg>чтоб</reg><orig>чтобъ</orig></choice> <choice><reg>переехать</reg><orig>переѣхать</orig></choice> <choice><reg>в</reg><orig>въ</orig></choice> Канаду, <choice><reg>где</reg><orig>гдѣ</orig></choice> <choice><reg>их</reg><orig>ихъ</orig></choice> принимало канадское правительство. Всякое <choice><reg>промедление</reg><orig>промедленiе</orig></choice> только <choice><reg>делало</reg><orig>дѣлало</orig></choice> <choice original_editorial_correction='полож[ение]'><sic>полож</sic><corr><choice><reg>положение</reg><orig>положенiе</orig></choice></corr></choice> <choice original_editorial_correction='Духоб[оров]'><sic>Духоб</sic><corr><choice><reg>Духоборов</reg><orig>Духоборовъ</orig></choice></corr></choice> <choice><reg>более</reg><orig>болѣе</orig></choice> <choice><reg>отчаянным</reg><orig>отчаяннымъ</orig></choice>. Нужны были деньги. И тогда, чтобы помочь <choice original_editorial_correction='Духоб[орам]'><sic>Духоб</sic><corr><choice><reg>Духоборам</reg><orig>Духоборамъ</orig></choice></corr></choice>, я <choice><reg>продал</reg><orig>продалъ</orig></choice> находившуюся у меня <choice><reg>вчерне</reg><orig>вчернѣ</orig></choice> <choice><reg>повесть</reg><orig>повѣсть</orig></choice> Воскресенье <choice><reg>в</reg><orig>въ</orig></choice> Ниву<note xml:id="note1" resp="volume_editor" index="false"> До этого места письмо собственноручно переделано Толстым. Дальше присланный Чертковым текст остался почти без изменений.</note> и <choice><reg>разным</reg><orig>разнымъ</orig></choice> <choice original_editorial_correction='издат[ельствам]'><sic>издат</sic><corr><choice><reg>издательствам</reg><orig>издательствамъ</orig></choice></corr></choice> право <choice><reg>первого</reg><orig>перваго</orig></choice> <choice><reg>печатания</reg><orig>печатанiя</orig></choice> <choice><reg>переводов</reg><orig>переводовъ</orig></choice> <choice><reg>в</reg><orig>въ</orig></choice> <choice><reg>Англии</reg><orig>Англiи</orig></choice>, <choice><reg>Америке</reg><orig>Америкѣ</orig></choice>, <choice><reg>Франции</reg><orig>Францiи</orig></choice> и <choice><reg>Германии</reg><orig>Германiи</orig></choice>. <choice><reg>Гонорар</reg><orig>Гонораръ</orig></choice> за первое право <choice><reg>печатания</reg><orig>печатанiя</orig></choice> и <choice><reg>поступил</reg><orig>поступилъ</orig></choice> <choice><reg>в</reg><orig>въ</orig></choice> <choice><reg>духоборческий</reg><orig>духоборческiй</orig></choice> <choice><reg>фонд</reg><orig>фондъ</orig></choice>, но первое <choice><reg>печатание</reg><orig>печатанiе</orig></choice> <choice><reg>переводов</reg><orig>переводовъ</orig></choice>, которое должно было быть одновременно и, <choice><reg>кроме</reg><orig>кромѣ</orig></choice> того, соображаемо <choice><reg>с</reg><orig>съ</orig></choice> <choice><reg>выходом</reg><orig>выходомъ</orig></choice> частей романа <choice><reg>в</reg><orig>въ</orig></choice> <choice><reg>России</reg><orig>Россiи</orig></choice>, <choice><reg>встретило</reg><orig>встрѣтило</orig></choice> <choice><reg>так</reg><orig>такъ</orig></choice> много <choice><reg>затруднений</reg><orig>затрудненiй</orig></choice> <choice><reg>как</reg><orig>какъ</orig></choice> <choice><reg>вследствие</reg><orig>вслѣдствiе</orig></choice> <choice><reg>исправлений</reg><orig>исправленiй</orig></choice> и <choice><reg>изменений</reg><orig>измѣненiй</orig></choice>, <choice><reg>которые</reg><orig>которыя</orig></choice> я <choice><reg>делал</reg><orig>дѣлалъ</orig></choice> <choice><reg>в</reg><orig>въ</orig></choice> <choice><reg>романе</reg><orig>романѣ</orig></choice>, <choice><reg>так</reg><orig>такъ</orig></choice> и <choice><reg>вследствие</reg><orig>вслѣдствiе</orig></choice> неудобства <choice><reg>частых</reg><orig>частыхъ</orig></choice> <choice><reg>сношений</reg><orig>сношенiй</orig></choice> по <choice><reg>почте</reg><orig>почтѣ</orig></choice> <choice><reg>с</reg><orig>съ</orig></choice> отдаленными странами, что мы вынуждены были лишиться значительной части <choice><reg>предполагаемого</reg><orig>предполагаемаго</orig></choice> гонорара <choice><reg>от</reg><orig>отъ</orig></choice> издателей и <choice><reg>тем</reg><orig>тѣмъ</orig></choice> лишили <choice><reg>Духоборов</reg><orig>Духоборовъ</orig></choice> значительной суммы, на которую мы расчитывали <hi style="opdelimiter">и</hi><hi style="opnumber">161</hi> <hi style="npnumber">162</hi><hi style="npdelimiter">которая</hi> <choice><reg>им</reg><orig>имъ</orig></choice> крайне необходима, <choice><reg>так</reg><orig>такъ</orig></choice> <choice><reg>как</reg><orig>какъ</orig></choice> нужда <choice><reg>их</reg><orig>ихъ</orig></choice> <choice><reg>в</reg><orig>въ</orig></choice> настоящее время не только не прекратилась, но еще усилилась <choice><reg>после</reg><orig>послѣ</orig></choice> <choice><reg>истраченных</reg><orig>истраченныхъ</orig></choice> ими <choice><reg>последних</reg><orig>послѣднихъ</orig></choice> <choice><reg>средств</reg><orig>средствъ</orig></choice> для <choice><reg>переезда</reg><orig>переѣзда</orig></choice> <choice><reg>в</reg><orig>въ</orig></choice> Канаду.</p>
<p rend="left"><choice><reg>В</reg><orig>Въ</orig></choice> виду этого прошу <choice><reg>как</reg><orig>какъ</orig></choice> издателей, которые <choice><reg>будут</reg><orig>будутъ</orig></choice> перепечатывать <choice><reg>роман</reg><orig>романъ</orig></choice> и переводы <choice><reg>с</reg><orig>съ</orig></choice> него, по его <choice><reg>окончании</reg><orig>окончанiи</orig></choice>, <choice><reg>так</reg><orig>такъ</orig></choice> и читателей романа вспомнить <choice><reg>тех</reg><orig>тѣхъ</orig></choice> людей, для <choice><reg>которых</reg><orig>которыхъ</orig></choice> мною начато было это <choice><reg>печатание</reg><orig>печатанiе</orig></choice>, и, по <choice><reg>мере</reg><orig>мѣрѣ</orig></choice> <choice><reg>сил</reg><orig>силъ</orig></choice> и <choice><reg>желания</reg><orig>желанiя</orig></choice>, помочь <choice><reg>духоборам</reg><orig>духоборамъ</orig></choice>, внося свою лепту <choice><reg>в</reg><orig>въ</orig></choice> <choice><reg>Духоборческий</reg><orig>Духоборческiй</orig></choice> <choice><reg>фонд</reg><orig>фондъ</orig></choice> <choice><reg>в</reg><orig>въ</orig></choice> <choice><reg>Англии</reg><orig>Англiи</orig></choice>. (<choice><reg>Адрес</reg><orig>Адресъ</orig></choice>: V. Tchertkoff. Purleigh, Essex. England.)</p>
<comments><p rend="Textpetit_otstup left">Печатается по подлиннику, хранящемуся в АТБ. Написано В. Г. Чертковым и собственноручно исправлено Толстым. Основания датировки см. ниже. Публикуется впервые.</p>
<p rend="petit left">Намерение Толстого напечатать в иностранной прессе заявление об отказе от авторских прав на первую публикацию «Воскресения» было вызвано желанием освободить себя и В. Г. Черткова от тех неприятностей и осложнений, которые сопутствовали параллельному изданию романа в России и за границей. Проект заявления Толстой написал в письме к В. Г. Черткову от 9 июля 1899 г. — «Дела с переводами замучили меня. Воображаю поэтому, как они замучили вас. Нынче я думал вот что: бросить все контракты с переводчиками и написать в газеты следующее: [помещен текст заявления, и после него:] Что-нибудь в этом роде. Как вы думаете?». Переписав с небольшими изменениями этот проект, В. Г. Чертков вернул его Толстому с замечанием: «Здесь непременно следовало бы в нескольких словах упомянуть о том, за что пострадали духоборцы, так как большинство читателей этого письма не будут ничего о них знать». Толстой внес в заявление, главным образом в первую часть, соответствующие изменения, но Черткову обратно его не отослал, согласившись с доводами Черткова, изложенными в письме от 2 августа н. ст.: «[...] Теперь относительно вашего письма от 7 [9] июля с набросками письма и предложением бросить все контракты. Я вполне понимаю это ваше желание, и что касается нас лично, то для нас было бы большим облегчением развязаться с этим делом. Но дело в том, что мы связаны уговором со множеством людей, для некоторых из которых, как например для переводчиков, прекращение контракта с нашей стороны было бы целым бедствием; а другие, из которых, как например, издатели, могли бы прямо начать против нас судебное дело за самопроизвольное нарушение контракта. (От французского издателя часть денег уже получена и израсходована для духоборцев.) Так что я не вижу нравственной возможности нам спокойно взять да объявить, что мы отказываемся от контракта, как бы ни было приятно нам лично это сделать. Мне кажется, что, взявшись за <choice><reg>дело</reg><orig>дѣло</orig></choice> и втянув в него столько лиц, вложивших в него столько, кто личного труда, кто затрат и надежд, мы не можем по своей свободной инициативе нарушить взятое нами на себя обязательство, но вместе с тем мне кажется, что дело теперь значительно упростилось само собою тем, что, вследствие <hi style="opdelimiter">вашей</hi><hi style="opnumber">162</hi> <hi style="npnumber">163</hi><hi style="npdelimiter">обработки</hi> романа по корректурам «Нивы» до последней корректуры, мы оказались не в состоянии доставлять издателям рукопись своевременно, т. е. так, чтобы у них появилось одновременно с «Нивой». Вся суматоха произошла тогда, когда мы еще не отказались от надежды поспеть и своевременно исполнить наш уговор. Но теперь, чтò всем стало очевидно, что поспевать мы не в состоянии, нам остается только спокойно посылать части романа по мере получения их от вас и сообщить издателям, что раньше доставлять мы не в состоянии, так как роман получается и печатается в «Ниве» прямо из-под вашего пера. Таким образом, мы предоставим самим издателям отказаться от контракта, если они того пожелают, и мы будем этого ожидать. Немецкие издатели, как слышно, уже собираются отказаться. Французский, может быть, не откажется. Но, во всяком случае, при этом приеме отказ произойдет по их инициативе, и они, зная, что мы сделали всё, чтò могли, не станут сердиться на нас или судиться с нами. А у нас будет совесть чиста в том, что действительно исполнили со своей стороны всё, чтò было возможно». В ответ Толстой сообщил Черткову 26 июля: «Письмо об издании — уничтожении контракта — не буду писать. Если это вас не освободит, то незачем».</p>
<p rend="petit left">Печатается последняя редакция. Первую редакцию см. в письме к В. Г. Черткову от 9 июля 1899 г., т. 88. Вторая, последняя, редакция была прислана Чертковым в отдельном конверте; почтовый штемпель его: «Ясенки, 26 июля 1899». Очевидно, Толстой получил конверт одновременно с письмом Черткова от 2 августа н. ст. Внеся исправления, он решил письмо в редакции не посылать, о чем в тот же день известил Черткова. Комментируемое письмо датируется по указанному почтовому штемпелю и по письму к В. Г. Черткову от 26 июля 1899 г.</p>
<p rend="Textpetit_otstup left"><hi>1</hi> До этого места письмо собственноручно переделано Толстым. Дальше присланный Чертковым текст остался почти без изменений.</p>
</comments></div></body>
        </text>
        </TEI>