<?xml version='1.0' encoding='UTF-8' standalone='no'?>

<TEI xmlns="http://www.tei-c.org/ns/1.0">
       <teiHeader>
          <fileDesc>
             <titleStmt>
                <title>Письмо №* 456. Неизвестному.</title>
             </titleStmt>
             <publicationStmt>
                <publisher>TolstoyLab</publisher>
                <date when="2015-09-14">14 September 2015</date>
             </publicationStmt>
             <sourceDesc>
                <biblStruct>
                   <analytic>
                      <author>Толстой Л.Н.</author>
                   </analytic>
                   <monogr>
                      <title level="m">Полное собрание сочинений. Том 66</title>
                      <imprint>
                         <pubPlace>Москва</pubPlace>
                         <publisher>Государственное издательство "Художественная литература"</publisher>
                         <date when="1953"/>
                      </imprint>
                   </monogr>
                   <series>
                      <title level="s">Л.Н. Толстой. Полное собрание сочинений</title>
                      <biblScope unit="vol">66</biblScope>
                   </series>
                </biblStruct>
             </sourceDesc>
          </fileDesc>
          <encodingDesc>
             <tagsDecl> </tagsDecl>
          </encodingDesc>
          <profileDesc>
             <correspDesc>
                <correspAction type="draft">
                   <persName ref="PersonList.xml#L_N_Tolstoy">Л. Н. Толстой</persName>
                   <placeName ref="PlacesListxml#PLACE">Ясная Поляна</placeName>
                   <date when="1893-05">1893 г. Мая</date>            </correspAction>
                <correspAction type="receiving">
                   <persName ref="PersonList.xml#RECEIVER">Неизвестному.</persName>
                </correspAction>
                <correspContext>
                   <ref type="prev"/>
                </correspContext>
             </correspDesc>
          </profileDesc>
       </teiHeader>
       <xenoData><number type="in a volume">456</number></xenoData>

              <text xml:id="Neizvestnomu_456">
	<body><div>
		<opener index="false">
* 456. Неизвестному. Черновое. 
1893 г. Мая около 20. Я. П.
</opener>
<p rend="Obrashenie left">&lt;Милостивый государь</p>
<p rend="Obrashenie left">Николай Никитич,</p>
<p rend="left">Очень сожалею, что ничем не могу служить вам: найти место или работу для другого, да еще незнакомого человека не только трудно, но совершенно невозможно. — Стихотворения ваши едва ли будут приняты редакциями, да и я не знаю в них толк и потому&gt;</p>
<comments><p rend="Textpetit_otstup left">Датируется приблизительно, на основании того, что незаполненная часть этого письма была использована Толстым для письма к Шрёдеру (см. № 459).</p>
</comments></div></body>
        </text>
        </TEI>