<?xml version='1.0' encoding='UTF-8' standalone='no'?>

<TEI xmlns="http://www.tei-c.org/ns/1.0">
       <teiHeader>
          <fileDesc>
             <titleStmt>
                <title>Письмо №* 336. В редакцию «Нового времени».</title>
             </titleStmt>
             <publicationStmt>
                <publisher>TolstoyLab</publisher>
                <date when="2015-09-14">14 September 2015</date>
             </publicationStmt>
             <sourceDesc>
                <biblStruct>
                   <analytic>
                      <author>Толстой Л.Н.</author>
                   </analytic>
                   <monogr>
                      <title level="m">Полное собрание сочинений. Том 62</title>
                      <imprint>
                         <pubPlace>Москва</pubPlace>
                         <publisher>Государственное издательство "Художественная литература"</publisher>
                         <date when="1953"/>
                      </imprint>
                   </monogr>
                   <series>
                      <title level="s">Л.Н. Толстой. Полное собрание сочинений</title>
                      <biblScope unit="vol">62</biblScope>
                   </series>
                </biblStruct>
             </sourceDesc>
          </fileDesc>
          <encodingDesc>
             <tagsDecl> </tagsDecl>
          </encodingDesc>
          <profileDesc>
             <correspDesc>
                <correspAction type="sending">
                   <persName ref="PersonList.xml#L_N_Tolstoy">Л. Н. Толстой</persName>
                   <placeName ref="PlacesListxml#PLACE">Ясная Поляна</placeName>
                   <date when="1877-06-10">1877 г. Июня 10.</date>            </correspAction>
                <correspAction type="receiving">
                   <persName ref="PersonList.xml#RECEIVER">В редакцию «Нового времени»</persName>
                </correspAction>
                <correspContext>
                   <ref type="prev"/>
                </correspContext>
             </correspDesc>
          </profileDesc>
       </teiHeader>
       <xenoData><number type="in a volume">336</number></xenoData>

              <text xml:id="VredakciyuNovogovremeni_336">
	<body><div>
		<opener index="false">
* 336. В редакцию «Нового времени».
1877 г. Июня 10. Я. П.
</opener>
<p rend="Obrashenie left">Милостивый государь,</p>
<p rend="left">В майской книжке Русского вестника на странице 472-й совершенно незаметно, в виде выноски, находится заметка относительно непоявления в этой книжке последних глав романа «Анна Каренина». Заметка эта так поразительна своей добросовестностью в отношении к подписчикам Русского вестника, своей деликатностью в отношении к автору романа и мастерством изложения, что я считаю не лишним обратить на нее общее внимание.</p>
<p rend="left">«В предыдущей книжке под романом <hi>Анна Каренина</hi> выставлено: «Окончание следует». Но со смертью героини собственно роман кончился. По плану автора, следовал бы еще небольшой эпилог, листа в два, из коего читатели могли бы узнать, что Вронский в смущении и горе после смерти Анны <hi style="opdelimiter">отправляется</hi><hi style="opnumber">329</hi> <hi style="npnumber">330</hi><hi style="npdelimiter">добровольцем</hi> в Сербию, и что все прочие живы и здоровы, а Левин остается в своей деревне и сердится на славянские комитеты и на добровольцев. Автор быть может разовьет эти главы к особому изданию своего романа».<note xml:id="note1" resp="volume_editor" index="false">По словам С. А. Толстой, прочтя эту заметку, Толстой ответил Каткову телеграммой, в которой просил вернуть оригинал эпилога и извещал, что впредь никакого дела с «Русским вестником» иметь не будет.</note></p>
<p rend="left">Добросовестность к подписчикам выразилась тем, что, отказавшись печатать окончание романа, редакция в заботливости своей об удовлетворении любопытства своих читателей, рассказала им содержание ненапечатанной части и постаралась их уверить, что роман собственно кончен, что дальше нет ничего важного.</p>
<p rend="left">Деликатность относительно автора выразилась тем, что ему не только не дали высказать вредных мыслей, но указали, где ему следует кончить роман и, не напечатавши конца им написанного, искусной рукою извлекли и показали и ему и другим сущность этого конца.</p>
<p rend="left">Это мастерское изложение последней, ненапечатанной части Анны Карениной заставляет пожалеть, зачем редакция Русского вестника в продолжение трех лет занимала так много места в своем журнале этим романом. Она могла бы с такою же грациозностью и лаконичностью рассказать и весь роман не более как в десяти строчках.</p>
<p rend="left">Но есть один недостаток в этой заметке. В ней пропущено, что последняя часть романа была уже набрана и готовилась к печати в майской книжке, но не напечатана только потому, что автор не согласился исключить из нее по желанию редакции некоторые места; редакция же с своей стороны не согласилась печатать без выпуска, хотя автор предлагал редакции сделать всякие оговорки, какие бы она нашла нужным.</p>
<p rend="left">Эти последние главы Анны Карениной печатаются теперь отдельным изданием.</p>
<p rend="left">Имею честь быть ваш покорный слуга</p>
<p rend="right">граф Лев Толстой.</p>
<p rend="left">Ясная Поляна</p>
<p rend="left">Июня 10-го дня.</p>
<p rend="subtitle centerline">
<hi>Первая черновая редакция.</hi>
</p>
<p rend="Obrashenie left">М. Г.</p>
<p rend="left">Я сейчас прочел в майской книжке <choice original_editorial_correction='Р[усского]'><sic>Р</sic><corr>Русского</corr></choice> <choice original_editorial_correction='в[естника]'><sic>в</sic><corr>вестника</corr></choice> заметку, напечатанную мелким шрифтом между <hi style="opdelimiter"><choice original_editorial_correction='военн[ым]'><sic>военн</sic><corr>военным</corr></choice></hi><hi style="opnumber">330</hi> <hi style="npnumber">331</hi><hi style="npdelimiter"><choice original_editorial_correction='обозр[ением]'><sic>обозр</sic><corr>обозрением</corr></choice></hi> и Черной Индией,<note xml:id="note2" resp="volume_editor" index="false">Заметка напечатана петитом, внизу под строкой, на последней странице журнала, за которой следует печатавшийся в виде приложения перевод рассказа Жюля Верна «Черная Индия». В оглавлении журнала о заметке не упомянуто.</note> касающуюся моего романа <choice original_editorial_correction='А[нна]'><sic>А</sic><corr>Анна</corr></choice> <choice original_editorial_correction='Кар[енина]'><sic>Кар</sic><corr>Каренина</corr></choice> и назначенную, вероятно, для того, чтобы объяснить причину непоявления конца <choice original_editorial_correction='Ан[ны]'><sic>Ан</sic><corr>Анны</corr></choice> <choice original_editorial_correction='К[арениной]'><sic>К</sic><corr>Карениной</corr></choice> в Русском <choice original_editorial_correction='вес[тнике]'><sic>вес</sic><corr>вестнике</corr></choice>.</p>
<p rend="left">Не говоря о том интересе, &lt;<choice original_editorial_correction='к[оторый]'><sic>к</sic><corr>который</corr></choice> эта заметка имеет для&gt; меня, давая мне повод объяснить, почему эпилог печатается теперь отдельной книгой, — то, о чем умолчено, — заметка, скромно скрывающаяся в странном месте <choice original_editorial_correction='Р[усского]'><sic>Р</sic><corr>Русского</corr></choice> <choice original_editorial_correction='в[естника]'><sic>в</sic><corr>вестника</corr></choice>, так хороша сама в себе, что заслуживает полного внимания и своей добросовестностью и деликатной и грациозной лаконичностью изложения.</p>
<p rend="left">Вот она.</p>
<p rend="left">———————————————————————————————————</p>
<p rend="left">В заметке этой, несмотря на неупоминание о том, что эпилог этот набран уже в редакции <choice original_editorial_correction='Р[усского]'><sic>Р</sic><corr>Русского</corr></choice> <choice original_editorial_correction='в[естника]'><sic>в</sic><corr>вестника</corr></choice> и не напечатан потому, что автор не согласен на исключение из эпилога тех мест, <choice original_editorial_correction='к[оторые]'><sic>к</sic><corr>которые</corr></choice> желал исключить <choice original_editorial_correction='редакт[ор]'><sic>редакт</sic><corr>редактор</corr></choice>, в заметке этой ярко выступают три характерные и очень <choice original_editorial_correction='свойствен[ные]'><sic>свойствен</sic><corr>свойственные</corr></choice> <choice original_editorial_correction='р[едакции]'><sic>р</sic><corr>редакции</corr></choice> <choice original_editorial_correction='М[осковских]'><sic>М</sic><corr>Московских</corr></choice> <choice original_editorial_correction='в[едомостей]'><sic>в</sic><corr>ведомостей</corr></choice> и <choice original_editorial_correction='Р[усского]'><sic>Р</sic><corr>Русского</corr></choice> <choice original_editorial_correction='в[естника]'><sic>в</sic><corr>вестника</corr></choice> качества: добросовестность, деликатность и грациозная лаконичность или развязность изложения.</p>
<p rend="left">Добросовестность в отношении подписчиков, для которых сама редакция потрудилась этой заметкой заменить длинное чтение конца романа, который, по мнению редакции, уже кончился.</p>
<p rend="left">Деликатность относительно автора, доведенная до того, что редакция, не печатая самого текста окончания, что бы она могла сделать, так как редакция имела его в своих руках, весьма развязно изложила, однако, содержание эпилога, <choice original_editorial_correction='к[оторый]'><sic>к</sic><corr>который</corr></choice> она не приняла к печатанию.</p>
<p rend="left">И в особенности грациозная логичность изложения, которая заставляет только сожалеть о том, что <choice original_editorial_correction='редакц[ия]'><sic>редакц</sic><corr>редакция</corr></choice> три года томила своих читателей печатанием длинного романа, когда она так просто могла бы в том же грациозном тоне, в <choice original_editorial_correction='к[отором]'><sic>к</sic><corr>котором</corr></choice> сделана заметка, изложить его примерно так [?]. Была одна дама, которая бросила мужа. Полюбив гр. Вронского, она стала в Москве сердиться на разные вещи и бросилась под вагон.</p>
<comments><p rend="Textpetit_otstup left">Письмо сохранилось в трех черновых и окончательной редакциях. Из черновых печатается первая — автограф Толстого.</p>
<p rend="petit left">Письмо не было <hi style="opdelimiter">послано.</hi><hi style="opnumber">331</hi></p>
<p rend="Textpetit_otstup left"><hi style="npnumber">332</hi><hi style="npdelimiter"><hi>1 </hi>По</hi> словам С. А. Толстой, прочтя эту заметку, Толстой ответил Каткову телеграммой, в которой просил вернуть оригинал эпилога и извещал, что впредь никакого дела с «Русским вестником» иметь не будет.</p>
<p rend="petit left"><hi>2 </hi>Заметка напечатана петитом, внизу под строкой, на последней странице журнала, за которой следует печатавшийся в виде приложения перевод рассказа Жюля Верна «Черная Индия». В оглавлении журнала о заметке не упомянуто.</p>
</comments></div></body>
        </text>
        </TEI>