<?xml version='1.0' encoding='UTF-8' standalone='no'?>

<TEI xmlns="http://www.tei-c.org/ns/1.0">
       <teiHeader>
          <fileDesc>
             <titleStmt>
                <title>Письмо №311. В редакцию «Русского слова».</title>
             </titleStmt>
             <publicationStmt>
                <publisher>TolstoyLab</publisher>
                <date when="2015-09-14">14 September 2015</date>
             </publicationStmt>
             <sourceDesc>
                <biblStruct>
                   <analytic>
                      <author>Толстой Л.Н.</author>
                   </analytic>
                   <monogr>
                      <title level="m">Полное собрание сочинений. Том 78</title>
                      <imprint>
                         <pubPlace>Москва</pubPlace>
                         <publisher>Государственное издательство "Художественная литература"</publisher>
                         <date when="1956"/>
                      </imprint>
                   </monogr>
                   <series>
                      <title level="s">Л.Н. Толстой. Полное собрание сочинений</title>
                      <biblScope unit="vol">78</biblScope>
                   </series>
                </biblStruct>
				<bibl>Печатается по копировальной книге № 8, л. 368, куда вклеен дубликат подлинника, написанного и датированного на машинке (в дубликате подпись не восстановлена; нами воспроизводится по первой публикации). Впервые опубликовано в «Русском слове» 1908, № 288 от 12 декабря. Первая редакция написана по поручению Толстого H. Н. Гусевым (с.м. Г, 1, стр. 226). В ГМТ хранятся: 1) черновик от 29 ноября, написанный и датированный на машинке и собственноручно подписанный, 2) дубликат подлинника от 2 декабря, написанного и датированного на машинке (в дубликате подпись не восстановлена) и 3) черновик от 7 декабря, написанный на машинке и собственноручно исправленный. Все черновики имеют стилистические расхождения с текстом подлинника.</bibl>
             </sourceDesc>
          </fileDesc>
          <encodingDesc>
             <tagsDecl> </tagsDecl>
          </encodingDesc>
          <profileDesc>
             <correspDesc>
                <correspAction type="sending">
                   <persName ref="PersonList.xml#L_N_Tolstoy">Л. Н. Толстой</persName>
                   <placeName ref="PlacesListxml#PLACE">Ясная Поляна</placeName>
                   <date when="1908-12-08">1908 г. Декабря 8.</date>            </correspAction>
                <correspAction type="receiving">
                   <persName ref="PersonList.xml#RECEIVER">В редакцию «Русского слова».</persName>
                </correspAction>
                <correspContext>
                   <ref type="prev"/>
                </correspContext>
             </correspDesc>
          </profileDesc>
       </teiHeader>
       <xenoData><number type="in a volume">311</number></xenoData>

              <text xml:id="VredakciyuRusskogoslova_311">
	<body><div>
		<opener index="false">
311. В редакцию «Русского слова».
1908 г. Декабря 8. Я. П.
</opener>
<p rend="Obrashenie left">Милостивый Государь Господин Редактор,</p>
<p rend="left">За последние два года я часто получаю от незнакомых мне лиц письма, касающиеся книгоиздательства «Ясная Поляна». В письмах этих по большей части выражаются жалобы на неисполнение чего-то этим издательством или же делаются какие-то заказы. А между тем я не только не имею никакого отношения к этой редакции, но не знаю, в чем состоит ее деятельность и кто ее составляет. И потому прошу всех имеющих дело до редакции «Ясной Поляны» обращаться к ней, а не ко мне, со своими требованиями или упреками. Вас же, господин Редактор, прошу напечатать в вашей газете это заявление. Прошу и другие газеты его перепечатать.</p>
<p rend="right">Лев Толстой.</p>
<p rend="left">Ясная Поляна.</p>
<p rend="left">8-го декабря 1908 г.</p>
<comments><p rend="Textpetit_otstup left">Печатается по копировальной книге № 8, л. 368, куда вклеен дубликат подлинника, написанного и датированного на машинке (в дубликате подпись не восстановлена; нами воспроизводится по первой публикации). Впервые опубликовано в «Русском слове» 1908, № 288 от 12 декабря. Первая редакция написана по поручению Толстого H. Н. Гусевым (с.м. Г, 1, стр. 226). В ГМТ хранятся: 1) черновик от 29 ноября, написанный и датированный на машинке и собственноручно подписанный, 2) дубликат подлинника от 2 декабря, написанного и датированного на машинке (в дубликате подпись не восстановлена) и 3) черновик от 7 декабря, написанный на машинке и собственноручно исправленный. Все черновики имеют стилистические расхождения с текстом подлинника.</p>
<p rend="left">С начала 1906 г. в Петербурге стало функционировать издательство под названием «Ясная Поляна». Редактор-издатель В. А. Максимов, с сентября 1908 г. издатель А. А. Цветкова, ответственный редактор В. А. Максимов. В 1906 г. издательство издавало еженедельный журнал «Ясная Поляна», в котором печатались произведения Толстого, преимущественно перепечатки с английского издательства «Свободное слово» и женевского издательства Элпидина. С 1907 г. журнал выходил ежемесячно, и в нем перепечатывались произведения и других авторов. В августовском номере журнала за 1908 г. была объявлена подписка на следующий, четвертый, год издания (октябрь 1908 — сентябрь 1909). Издательство обещало дать в следующем году в качестве приложения восемь книг «Полного собрания сочинений гр. Л. Н. Толстого» («Всё, что будет написано в текущий период нашим великим писателем, будет включено в его полное собрание сочинений»), а также 64 (!) различные книги. Нигде не говоря прямо, <hi style="opdelimiter">издатель</hi><hi style="opnumber">278</hi> <hi style="npnumber">279</hi><hi style="npdelimiter">ство</hi> старалось создать впечатление участия Толстого в этом предприятии. Помещая, например, на второй странице обложки журнала краткое пояснение о письме Толстого к читателям журнала «Ясная Поляна» 1862 г. («К публике»), издательство самое письмо печатало в начале третьей страницы (в конце книги) без всяких оговорок и без кавычек (будто бы письмо относится к этому журналу). В рекламах дешевизна издания объяснялась «исключительно благодаря тому, что великий писатель земли русской гр. Л. Н. Толстой не берет гонорар» (именно в этом издательстве). Начав подписку на четвертый год издания в августе 1908 г., издательство приступило к выпуску журнала вместо октября только в январе 1909 г. Самый журнал составлялся обычно из тех произведений, которые были обещаны в качестве приложений (каждое произведение имело свою сквозную нумерацию). Многие из обещанных приложений подписчикам не рассылались. Журнал и отдельные книги издавались небрежно, неграмотно, на плохой бумаге. Все материалы от имени издательства носили пошло-бульварный характер и отличались безграмотностью. В 1910 и 1911 гг. качество журнала и изданий еще больше понизилось. «Ясная Поляна» стала печатать низкопробные произведения. В № 16 от 20 декабря 1910 г. напечатано «Продолжение «Крейцеровой сонаты», приписанное Толстому. Смерть Толстого в этом журнале ни словом не была отмечена. По поводу издательства «Ясная Поляна» Л. Н. Толстой еще раньше напечатал свое письмо в редакцию «Нового времени», аналогичное комментируемому письму. См. «Новое время» 1908, № 11749 от 25 ноября.</p>
</comments></div></body>
        </text>
        </TEI>