<?xml version='1.0' encoding='UTF-8' standalone='no'?>

<TEI xmlns="http://www.tei-c.org/ns/1.0">
       <teiHeader>
          <fileDesc>
             <titleStmt>
                <title>Письмо №300. N.N. (Т-м).</title>
             </titleStmt>
             <publicationStmt>
                <publisher>TolstoyLab</publisher>
                <date when="2015-09-14">14 September 2015</date>
             </publicationStmt>
             <sourceDesc>
                <biblStruct>
                   <analytic>
                      <author>Толстой Л.Н.</author>
                   </analytic>
                   <monogr>
                      <title level="m">Полное собрание сочинений. Том 78</title>
                      <imprint>
                         <pubPlace>Москва</pubPlace>
                         <publisher>Государственное издательство "Художественная литература"</publisher>
                         <date when="1956"/>
                      </imprint>
                   </monogr>
                   <series>
                      <title level="s">Л.Н. Толстой. Полное собрание сочинений</title>
                      <biblScope unit="vol">78</biblScope>
                   </series>
                </biblStruct>
				<bibl>Печатается по копировальной книге № 8, л. 359, куда вклеен дубликат подлинника, написанного и датированного на машинке. В ГМТ хранится черновик-автограф. Очевидно, с этого автографа списан подлинник. Впервые опубликовано в TT, 1, стр. 22—23.</bibl>
             </sourceDesc>
          </fileDesc>
          <encodingDesc>
             <tagsDecl> </tagsDecl>
          </encodingDesc>
          <profileDesc>
             <correspDesc>
                <correspAction type="sending">
                   <persName ref="PersonList.xml#L_N_Tolstoy">Л. Н. Толстой</persName>
                   <placeName ref="PlacesListxml#PLACE">Ясная Поляна</placeName>
                   <date when="1908-11-24">1908 г. Ноября 24.</date>            </correspAction>
                <correspAction type="receiving">
                   <persName ref="PersonList.xml#RECEIVER">N.N. (Т-м).</persName>
                </correspAction>
                <correspContext>
                   <ref type="prev">Ответ на письмо Т-м от 21 ноября 1908 г. Корреспондентка писала об осложнениях в ее личной жизни. «Явились две дороги: одна — муж, чудный, благородный человек, любящий меня, но чужой по душе, готовый все отдать, лишь удержать меня для себя; другая дорога — тоже хороший, благородный человек, любящий, но готовый отдать меня другому для моего счастья, человек одной души, одних мыслей со мной... Что я должна делать, как должна поступить, чтоб остаться ученицей и верной исполнительницей заповедей высокочтимого Льва Николаевича?» — спрашивала она.</ref>
                </correspContext>
             </correspDesc>
          </profileDesc>
       </teiHeader>
       <xenoData><number type="in a volume">300</number></xenoData>

              <text xml:id="NNT-m_300">
	<body><div>
		<opener index="false">
300. N.N. (Т-м).
1908 г. Ноября 24. Я. П.</opener>
<p rend="subtitle centerline">
[2]<note xml:id="note1" resp="volume_editor" index="false"> Имя и отчество выпущены редакцией.</note>
</p>
<p rend="left">Без малейшего колебания на вопрос ваш отвечаю: оставаться с мужем. То, что вам дал тот человек, никто не может отнять от вас. Только вы сами, если бы ушли с ним, лишили бы сами себя всего этого духовного, чистого блага. Те особенные условия, при которых вы живете с мужем, не только не могут побуждать вас к оставлению его, но, напротив, целомудрие для человека, живущего духовной жизнью, есть великое благо, которым надо дорожить всеми силами. Расстанетесь вы с тем человеком, вы удержите это условие, не разрушите духовного общения с ним и, главное, не нарушите любви с любящим вас и, справедливо или несправедливо, но считающим себя вправе ожидать от вас любви мужа. Уйдете от мужа, во-первых, лишитесь условия чистоты, в котором теперь живете с мужем, во-вторых, по всем вероятиям, разочаруетесь и, третье, главное, вместо той любви, которой ожидает от вас ваш муж, причините ему тяжелое горе, которое, не переставая, будет мучить вас.</p>
<p rend="left">Вот мой совет. Очень бы желал для вас, чтобы вы последовали ему.</p>
<p rend="left">24 ноября 1908 г.</p>
<p rend="left">Ясная Поляна.</p>
<comments><p rend="Textpetit_otstup left">Печатается по копировальной книге № 8, л. 359, куда вклеен дубликат подлинника, написанного и датированного на машинке. В ГМТ хранится черновик-автограф. Очевидно, с этого автографа списан подлинник. Впервые опубликовано в TT, 1, стр. 22—23.</p>
<p rend="petit left">Ответ на письмо Т-м от 21 ноября 1908 г. Корреспондентка писала об осложнениях в ее личной жизни. «Явились две дороги: одна — муж, чудный, благородный человек, любящий меня, но чужой по душе, готовый все отдать, лишь удержать меня для себя; другая дорога — тоже хороший, благородный человек, любящий, но готовый отдать меня другому для моего счастья, человек одной души, одних мыслей со мной... Что я должна делать, как должна поступить, чтоб остаться ученицей и верной исполнительницей заповедей высокочтимого Льва Николаевича?» — спрашивала она.</p>
<p rend="Textpetit_otstup left"><hi>1</hi> Имя и отчество выпущены редакцией.</p>
<p rend="left"><hi style="opnumber">269</hi> <hi style="npnumber">270</hi></p>
</comments></div></body>
        </text>
        </TEI>