<?xml version='1.0' encoding='UTF-8' standalone='no'?>

<TEI xmlns="http://www.tei-c.org/ns/1.0">
       <teiHeader>
          <fileDesc>
             <titleStmt>
                <title>Письмо №* 226. Гамильтону <choice original_editorial_correction='Кэмп[беллу]'><sic>Кэмп</sic><corr>Кэмпбеллу</corr></choice> (Hamilton <choice original_editorial_correction='Camp[bell]'><sic>Camp</sic><corr>Campbell</corr></choice>).</title>
             </titleStmt>
             <publicationStmt>
                <publisher>TolstoyLab</publisher>
                <date when="2015-09-14">14 September 2015</date>
             </publicationStmt>
             <sourceDesc>
                <biblStruct>
                   <analytic>
                      <author>Толстой Л.Н.</author>
                   </analytic>
                   <monogr>
                      <title level="m">Полное собрание сочинений. Том 65</title>
                      <imprint>
                         <pubPlace>Москва</pubPlace>
                         <publisher>Государственное издательство "Художественная литература"</publisher>
                         <date when="1953"/>
                      </imprint>
                   </monogr>
                   <series>
                      <title level="s">Л.Н. Толстой. Полное собрание сочинений</title>
                      <biblScope unit="vol">65</biblScope>
                   </series>
                </biblStruct>
				<bibl>Печатается по черновику рукой Т. Л. Толстой. Датируется по почтовому штемпелю: «Москва, 26 января 1891» на конверте письма Кэмпбелла и записи в Дневнике Толстого 6 февраля о происшедшем за время 27 января — 6 февраля (см. т. 52, стр. 6).</bibl>
             </sourceDesc>
          </fileDesc>
          <encodingDesc>
             <tagsDecl> </tagsDecl>
          </encodingDesc>
          <profileDesc>
             <correspDesc>
                <correspAction type="draft">
                   <persName ref="PersonList.xml#L_N_Tolstoy">Л. Н. Толстой</persName>
                   <placeName ref="PlacesListxml#PLACE">Ясная Поляна</placeName>
                   <date from="1891-01-27" to="1891-01">1891 г. Января 27 —</date>            </correspAction>
                <correspAction type="receiving">
                   <persName ref="PersonList.xml#RECEIVER">Гамильтону <choice original_editorial_correction='Кэмп[беллу]'><sic>Кэмп</sic><corr>Кэмпбеллу</corr></choice> (Hamilton <choice original_editorial_correction='Camp[bell]'><sic>Camp</sic><corr>Campbell</corr></choice>).</persName>
                </correspAction>
                <correspContext>
                   <ref type="prev">Ответ на письмо ученика колледжа «Свободной церкви» («Free Church») Гамильтона Кэмпбелла (окончание фамилии в письмах адресата неразборчиво) из Глазго от 28 января нов. ст. 1891 г. на английском языке, сообщавшего, что он «занят в настоящее время приготовлением доклада к митингу теософского общества» на тему: «Религия Толстого», и задававшего в связи с этим ряд вопросов.</ref>
                </correspContext>
             </correspDesc>
          </profileDesc>
       </teiHeader>
       <xenoData><number type="in a volume">226</number></xenoData>

              <text xml:id="GamiltonuKempbelluHamiltonCampbell_226">
	<body><div>
		<opener index="false">
* 226. Гамильтону <choice original_editorial_correction='Кэмп[беллу]'><sic>Кэмп</sic><corr>Кэмпбеллу</corr></choice> (Hamilton <choice original_editorial_correction='Camp[bell]'><sic>Camp</sic><corr>Campbell</corr></choice>). Черновое.

1891г. Января 27 — февраля 6. Я. П.
</opener>
<p rend="Obrashenie left"><choice original_editorial_correction='D[ear]'><sic>D</sic><corr>Dear</corr></choice> <choice original_editorial_correction='S[ir]'><sic>S</sic><corr>Sir</corr></choice>.</p>
<p rend="left">I am very glad to avail myself of the opportunity of answering your questions sensibly.</p>
<p rend="left">1) Do I accept the miraculous element in the gospel narratives?</p>
<p rend="left">I think that to accept or to believe the miracles of the gospel is a complete impossibility for a sane person in our times. We cannot believe the miracles not because we wish, or we do not wish to believe in them, but because such narratives, having a certain meaning for people of the 4-th century, have none for us. If Christ in body ascended the sky, he is ascending it still and never will reach the seat at the right hand of his father. And the same stands for all the miracles of the gospel. I think that the faith in the miracle excludes the faith in the teaching. If Christ could make all men healthy and rich (if he could make wine out of water, he could make all men rich) he should have done it instead of teaching men how to be blessed without health and riches. Those who accept the miracles, accept them only because they do not want to accept the teaching.</p>
<p rend="left">2) The divinity of Christ?</p>
<p rend="left">The chief meaning of the definition of God is that He is a being different from man, above him and therefore if I say that man is God, I say a contradiction, just as if I said: spirit (the definition of which is something that is not matter) — spirit is matter. Christ being God is a belief that can be kept only by people who do not want to accept his teaching. If Christ is man the chief purport of his advent is his teaching and if I accept Christ as teacher I must follow his doctrine, but if he is God his teaching is only a little part of his significance. The chief thing is the story of his relation to the Father, the punishement of innocent people, the atonement, the sacrements, the church, the pope and so on, but not his teaching which cannot be accepted by the clergy, because it destroys at once their position and shows that their vocation is only a pretence to feed at the cost of the people.</p>
<p rend="left">3) About personal immortality?</p>
<p rend="left">I think that in this life internal experience shows us that the less we live our personal life, the more we feel sure of <hi style="opdelimiter">immortality,</hi><hi style="opnumber">237</hi> <hi style="npnumber">238</hi><hi style="npdelimiter">and</hi> the reverse, so that by analogy we must think that immortality must coincide with complete renunciation of self.</p>
<p rend="left">I said all I thought about this matter in the last chapters of my book «On Life».</p>
<p rend="left">4) I not only believe that a life founded on the laws of Jesus, as they are expressed in the sermon on the mount, is to be realized very soon, but I am convinced that it is the sole escape of our Christian humanity from the total destruction, and that we are come just now to such a crisis that we will be obliged to accept those laws as our rule. Moreover I think that as it is plain that if everybody would follow the laws of Jesus, the Kingdom of God would have been come. So it is the duty of all of us to live so now, as if those laws were ruling in our world, and therefore it is said thus: «[The] Kingdom of God is within you».</p>
<p rend="left">My letters get often lost. You would oblige me very much to tell me that you have received my letter.</p>
<p rend="right">Yours truly</p>
<p rend="right">Leo Tolstoy.</p>
<p rend="Obrashenie petit left">Милостивый государь.</p>
<p rend="petit left">Очень рад воспользоваться случаем, чтобы внимательно ответить на ваши вопросы.</p>
<p rend="petit left">1) Допускаю ли я в евангелии чудотворную сторону?</p>
<p rend="petit left">Я думаю, что принять или верить евангельским чудесам здравому человеку в наше время совершенно невозможно. Мы не можем верить чудесам не потому, чтобы желали или не желали верить им, но потому, что подобные повествования, имея некоторое значение для людей 4-го столетия, для нас не имеют никакого значения. Если Христос во плоти вознесся на небеса, то он и до сих пор продолжает возноситься, и никогда не достигнет места одесную отца. То же самое относится ко всем евангельским чудесам. Я думаю, что вера в чудо исключает веру в учение. Если бы Христос имел возможность сделать всех людей здоровыми и богатыми (что было бы ему возможно, если он мог претворять воду в вино), он сделал бы это вместо того, чтобы научить людей тому, как быть блаженными помимо здоровья и богатства. Принимающие чудеса принимают их только потому, что не хотят принимать учения.</p>
<p rend="petit left">2) Божественность Христа?</p>
<p rend="petit left">Главный смысл понятия о боге в том, что он — существо, отличное от человека, выше его; и потому, если скажу, что человек есть бог, то скажу противоречие; всё равно как если бы я сказал, что дух (отличительный признак которого — тот, что он не материя) — дух есть материя. В божественность Христа верят лишь те, кто не хотят принять его учение: если Христос — человек, то главная цель его пришествия есть его учение; если я признаю в Христе учителя, то я должен следовать его учению, но если он — бог, то его учение представляет лишь <hi style="opdelimiter">маленькую</hi><hi style="opnumber">238</hi> <hi style="npnumber">239</hi><hi style="npdelimiter">частичку</hi> его значения. Главное заключается в рассказе об его отношении к отцу, наказании невинных людей, искуплении, таинствах, церкви, папе и т. д., но не в его учении, которое не может быть принято духовенством, потому что оно сразу разрушает их положение, обнаруживая, что профессия их служит только предлогом для того, чтобы кормиться на счет народа.</p>
<p rend="petit left">3) О личном бессмертии?</p>
<p rend="petit left">Я думаю, что в этой жизни наш внутренний опыт показывает нам, что чем меньше мы живем личной жизнью, тем несомненнее мы уверены в бессмертии, и наоборот; так что, судя по аналогии, мы должны думать, что бессмертие должно совпадать с полным отречением от себя. Всё, что я думаю об этом предмете, я высказал в последних главах моей книги «О жизни».</p>
<p rend="petit left">4) Я не только думаю, что жизнь, основанная на законах Христа, как они выражены в нагорной проповеди, должна быть осуществлена очень скоро, но убежден в том, что в этом единственное избавление нашего христианского человечества от полного уничтожения и что мы теперь дошли до такого критического положения, что мы будем вынуждены руководствоваться этими законами. Больше того, я думаю, что вполне ясно, что если бы все следовали законам Христа, то царство божие давно бы наступило. И потому мы все обязаны жить теперь же так, как будто законы эти управляют в мире. Вот почему и сказано: «Царство божие внутри вас есть».</p>
<p rend="petit left">Письма мои часто теряются. Вы сделали бы мне большое одолжение, если бы сообщили мне о получении этого письма.</p>
<p rend="petit right">Искренно ваш</p>
<p rend="right petit">Лев Толстой.</p>
<comments><p rend="Textpetit_otstup left">Печатается по черновику рукой Т. Л. Толстой. Датируется по почтовому штемпелю: «Москва, 26 января 1891» на конверте письма Кэмпбелла и записи в Дневнике Толстого 6 февраля о происшедшем за время 27 января — 6 февраля (см. т. 52, стр. 6).</p>
<p rend="petit left">Ответ на письмо ученика колледжа «Свободной церкви» («Free Church») Гамильтона Кэмпбелла (окончание фамилии в письмах адресата неразборчиво) из Глазго от 28 января нов. ст. 1891 г. на английском языке, сообщавшего, что он «занят в настоящее время приготовлением доклада к митингу теософского общества» на тему: «Религия Толстого», и задававшего в связи с этим ряд вопросов.</p>
<p rend="petit left">Кэмпбелл ответил письмом от 5 марта нов. ст. 1891 г.</p>
</comments></div></body>
        </text>
        </TEI>